order_id,customer_id,order_date,payment_status,model,channel,touch_index,touch_count,path_length,weight,order_revenue,attributed_revenue
ord_1611831e,cust_598cf934,2024-01-01 10:42:11,refunded,last_touch,direct,1,1,1,1.0,69.09,69.09
ord_1611831e,cust_598cf934,2024-01-01 10:42:11,refunded,first_touch,tiktok,1,1,1,1.0,69.09,69.09
ord_1611831e,cust_598cf934,2024-01-01 10:42:11,refunded,linear,tiktok,1,1,1,1.0,69.09,69.09
ord_1611831e,cust_598cf934,2024-01-01 10:42:11,refunded,time_decay,tiktok,1,1,1,1.0,69.09,69.09
ord_24b5b044,cust_ab62893f,2024-01-02 15:07:36,paid,last_touch,direct,1,1,1,1.0,83.82,83.82
ord_24b5b044,cust_ab62893f,2024-01-02 15:07:36,paid,first_touch,google,1,1,1,1.0,83.82,83.82
ord_24b5b044,cust_ab62893f,2024-01-02 15:07:36,paid,linear,google,1,1,1,1.0,83.82,83.82
ord_24b5b044,cust_ab62893f,2024-01-02 15:07:36,paid,time_decay,google,1,1,1,1.0,83.82,83.82
ord_6f5ec0d1,cust_6f832463,2024-01-02 01:17:38,paid,last_touch,google,1,1,1,1.0,85.81,85.81
ord_6f5ec0d1,cust_6f832463,2024-01-02 01:17:38,paid,first_touch,google,1,1,1,1.0,85.81,85.81
ord_6f5ec0d1,cust_6f832463,2024-01-02 01:17:38,paid,linear,google,1,1,1,1.0,85.81,85.81
ord_6f5ec0d1,cust_6f832463,2024-01-02 01:17:38,paid,time_decay,google,1,1,1,1.0,85.81,85.81
ord_691e548d,cust_ad4398f8,2024-01-02 22:18:11,paid,last_touch,direct,1,1,1,1.0,169.44,169.44
ord_691e548d,cust_ad4398f8,2024-01-02 22:18:11,paid,first_touch,email,1,1,1,1.0,169.44,169.44
ord_691e548d,cust_ad4398f8,2024-01-02 22:18:11,paid,linear,email,1,1,1,1.0,169.44,169.44
ord_691e548d,cust_ad4398f8,2024-01-02 22:18:11,paid,time_decay,email,1,1,1,1.0,169.44,169.44
ord_20c92420,cust_d727d665,2024-01-02 11:37:27,paid,last_touch,tiktok,1,1,1,1.0,285.82,285.82
ord_20c92420,cust_d727d665,2024-01-02 11:37:27,paid,first_touch,tiktok,1,1,1,1.0,285.82,285.82
ord_20c92420,cust_d727d665,2024-01-02 11:37:27,paid,linear,tiktok,1,1,1,1.0,285.82,285.82
ord_20c92420,cust_d727d665,2024-01-02 11:37:27,paid,time_decay,tiktok,1,1,1,1.0,285.82,285.82
ord_2ea7c4a7,cust_2a7ed6d2,2024-01-03 08:23:34,paid,last_touch,direct,1,1,1,1.0,37.07,37.07
ord_2ea7c4a7,cust_2a7ed6d2,2024-01-03 08:23:34,paid,first_touch,organic,1,1,1,1.0,37.07,37.07
ord_2ea7c4a7,cust_2a7ed6d2,2024-01-03 08:23:34,paid,linear,organic,1,1,1,1.0,37.07,37.07
ord_2ea7c4a7,cust_2a7ed6d2,2024-01-03 08:23:34,paid,time_decay,organic,1,1,1,1.0,37.07,37.07
ord_e2e721d6,cust_df00ae3d,2024-01-03 08:44:59,paid,last_touch,direct,1,1,1,1.0,115.91,115.91
ord_e2e721d6,cust_df00ae3d,2024-01-03 08:44:59,paid,first_touch,google,1,1,1,1.0,115.91,115.91
ord_e2e721d6,cust_df00ae3d,2024-01-03 08:44:59,paid,linear,google,1,1,1,1.0,115.91,115.91
ord_e2e721d6,cust_df00ae3d,2024-01-03 08:44:59,paid,time_decay,google,1,1,1,1.0,115.91,115.91
ord_54cb8816,cust_9f0798ea,2024-01-03 08:20:58,paid,last_touch,organic,1,1,1,1.0,80.62,80.62
ord_54cb8816,cust_9f0798ea,2024-01-03 08:20:58,paid,first_touch,organic,1,1,1,1.0,80.62,80.62
ord_54cb8816,cust_9f0798ea,2024-01-03 08:20:58,paid,linear,organic,1,1,1,1.0,80.62,80.62
ord_54cb8816,cust_9f0798ea,2024-01-03 08:20:58,paid,time_decay,organic,1,1,1,1.0,80.62,80.62
ord_88daaf95,cust_ed9659e1,2024-01-04 23:30:48,paid,last_touch,meta,1,1,1,1.0,31.2,31.2
ord_88daaf95,cust_ed9659e1,2024-01-04 23:30:48,paid,first_touch,meta,1,1,1,1.0,31.2,31.2
ord_88daaf95,cust_ed9659e1,2024-01-04 23:30:48,paid,linear,meta,1,1,1,1.0,31.2,31.2
ord_88daaf95,cust_ed9659e1,2024-01-04 23:30:48,paid,time_decay,meta,1,1,1,1.0,31.2,31.2
ord_ee916424,cust_2a9cfff9,2024-01-04 19:32:58,refunded,last_touch,direct,1,1,1,1.0,67.08,67.08
ord_ee916424,cust_2a9cfff9,2024-01-04 19:32:58,refunded,first_touch,direct,1,1,1,1.0,67.08,67.08
ord_ee916424,cust_2a9cfff9,2024-01-04 19:32:58,refunded,linear,direct,1,1,1,1.0,67.08,67.08
ord_ee916424,cust_2a9cfff9,2024-01-04 19:32:58,refunded,time_decay,direct,1,1,1,1.0,67.08,67.08
ord_06ec4621,cust_39f8bcd8,2024-01-05 08:46:45,paid,last_touch,direct,1,1,1,1.0,58.49,58.49
ord_06ec4621,cust_39f8bcd8,2024-01-05 08:46:45,paid,first_touch,meta,1,1,1,1.0,58.49,58.49
ord_06ec4621,cust_39f8bcd8,2024-01-05 08:46:45,paid,linear,meta,1,1,1,1.0,58.49,58.49
ord_06ec4621,cust_39f8bcd8,2024-01-05 08:46:45,paid,time_decay,meta,1,1,1,1.0,58.49,58.49
ord_a855e86e,cust_74175d8f,2024-01-05 00:56:57,paid,last_touch,meta,1,1,1,1.0,71.92,71.92
ord_a855e86e,cust_74175d8f,2024-01-05 00:56:57,paid,first_touch,meta,1,1,1,1.0,71.92,71.92
ord_a855e86e,cust_74175d8f,2024-01-05 00:56:57,paid,linear,meta,1,1,1,1.0,71.92,71.92
ord_a855e86e,cust_74175d8f,2024-01-05 00:56:57,paid,time_decay,meta,1,1,1,1.0,71.92,71.92
ord_ed4ed5e6,cust_be246550,2024-01-05 18:05:12,paid,last_touch,tiktok,1,1,1,1.0,123.49,123.49
ord_ed4ed5e6,cust_be246550,2024-01-05 18:05:12,paid,first_touch,tiktok,1,1,1,1.0,123.49,123.49
ord_ed4ed5e6,cust_be246550,2024-01-05 18:05:12,paid,linear,tiktok,1,1,1,1.0,123.49,123.49
ord_ed4ed5e6,cust_be246550,2024-01-05 18:05:12,paid,time_decay,tiktok,1,1,1,1.0,123.49,123.49
ord_a510ed44,cust_0823eff7,2024-01-05 20:30:30,paid,last_touch,google,1,1,1,1.0,104.35,104.35
ord_a510ed44,cust_0823eff7,2024-01-05 20:30:30,paid,first_touch,google,1,1,1,1.0,104.35,104.35
ord_a510ed44,cust_0823eff7,2024-01-05 20:30:30,paid,linear,google,1,1,1,1.0,104.35,104.35
ord_a510ed44,cust_0823eff7,2024-01-05 20:30:30,paid,time_decay,google,1,1,1,1.0,104.35,104.35
ord_0ddd5024,cust_a1776789,2024-01-05 08:58:36,paid,last_touch,direct,1,1,1,1.0,156.61,156.61
ord_0ddd5024,cust_a1776789,2024-01-05 08:58:36,paid,first_touch,tiktok,1,1,1,1.0,156.61,156.61
ord_0ddd5024,cust_a1776789,2024-01-05 08:58:36,paid,linear,tiktok,1,1,1,1.0,156.61,156.61
ord_0ddd5024,cust_a1776789,2024-01-05 08:58:36,paid,time_decay,tiktok,1,1,1,1.0,156.61,156.61
ord_61a42169,cust_5fabef9f,2024-01-05 21:44:58,paid,last_touch,direct,1,1,1,1.0,150.17,150.17
ord_61a42169,cust_5fabef9f,2024-01-05 21:44:58,paid,first_touch,tiktok,1,1,1,1.0,150.17,150.17
ord_61a42169,cust_5fabef9f,2024-01-05 21:44:58,paid,linear,tiktok,1,1,1,1.0,150.17,150.17
ord_61a42169,cust_5fabef9f,2024-01-05 21:44:58,paid,time_decay,tiktok,1,1,1,1.0,150.17,150.17
ord_a75aff1c,cust_92159f87,2024-01-06 12:40:36,paid,last_touch,google,1,1,1,1.0,216.44,216.44
ord_a75aff1c,cust_92159f87,2024-01-06 12:40:36,paid,first_touch,google,1,1,1,1.0,216.44,216.44
ord_a75aff1c,cust_92159f87,2024-01-06 12:40:36,paid,linear,google,1,1,1,1.0,216.44,216.44
ord_a75aff1c,cust_92159f87,2024-01-06 12:40:36,paid,time_decay,google,1,1,1,1.0,216.44,216.44
ord_e34afa7b,cust_c7c31fb5,2024-01-06 19:26:58,paid,last_touch,direct,1,1,1,1.0,73.54,73.54
ord_e34afa7b,cust_c7c31fb5,2024-01-06 19:26:58,paid,first_touch,direct,1,1,1,1.0,73.54,73.54
ord_e34afa7b,cust_c7c31fb5,2024-01-06 19:26:58,paid,linear,direct,1,1,1,1.0,73.54,73.54
ord_e34afa7b,cust_c7c31fb5,2024-01-06 19:26:58,paid,time_decay,direct,1,1,1,1.0,73.54,73.54
ord_69a1b2a0,cust_84934bfc,2024-01-06 20:38:09,paid,last_touch,meta,1,1,1,1.0,19.75,19.75
ord_69a1b2a0,cust_84934bfc,2024-01-06 20:38:09,paid,first_touch,meta,1,1,1,1.0,19.75,19.75
ord_69a1b2a0,cust_84934bfc,2024-01-06 20:38:09,paid,linear,meta,1,1,1,1.0,19.75,19.75
ord_69a1b2a0,cust_84934bfc,2024-01-06 20:38:09,paid,time_decay,meta,1,1,1,1.0,19.75,19.75
ord_3fd8f252,cust_46e216e6,2024-01-07 11:43:41,paid,last_touch,meta,1,1,1,1.0,187.47,187.47
ord_3fd8f252,cust_46e216e6,2024-01-07 11:43:41,paid,first_touch,meta,1,1,1,1.0,187.47,187.47
ord_3fd8f252,cust_46e216e6,2024-01-07 11:43:41,paid,linear,meta,1,1,1,1.0,187.47,187.47
ord_3fd8f252,cust_46e216e6,2024-01-07 11:43:41,paid,time_decay,meta,1,1,1,1.0,187.47,187.47
ord_d8966efd,cust_be46d94b,2024-01-07 14:39:34,paid,last_touch,direct,1,1,1,1.0,74.76,74.76
ord_d8966efd,cust_be46d94b,2024-01-07 14:39:34,paid,first_touch,meta,1,1,1,1.0,74.76,74.76
ord_d8966efd,cust_be46d94b,2024-01-07 14:39:34,paid,linear,meta,1,1,1,1.0,74.76,74.76
ord_d8966efd,cust_be46d94b,2024-01-07 14:39:34,paid,time_decay,meta,1,1,1,1.0,74.76,74.76
ord_68bf136a,cust_9ff84ffb,2024-01-07 10:42:39,paid,last_touch,email,1,1,1,1.0,73.54,73.54
ord_68bf136a,cust_9ff84ffb,2024-01-07 10:42:39,paid,first_touch,email,1,1,1,1.0,73.54,73.54
ord_68bf136a,cust_9ff84ffb,2024-01-07 10:42:39,paid,linear,email,1,1,1,1.0,73.54,73.54
ord_68bf136a,cust_9ff84ffb,2024-01-07 10:42:39,paid,time_decay,email,1,1,1,1.0,73.54,73.54
ord_102e29cc,cust_3a459051,2024-01-07 14:18:11,paid,last_touch,meta,1,1,1,1.0,52.29,52.29
ord_102e29cc,cust_3a459051,2024-01-07 14:18:11,paid,first_touch,meta,1,1,1,1.0,52.29,52.29
ord_102e29cc,cust_3a459051,2024-01-07 14:18:11,paid,linear,meta,1,1,1,1.0,52.29,52.29
ord_102e29cc,cust_3a459051,2024-01-07 14:18:11,paid,time_decay,meta,1,1,1,1.0,52.29,52.29
ord_2d7a070f,cust_94bdc9c6,2024-01-07 10:09:35,paid,last_touch,tiktok,1,1,1,1.0,51.15,51.15
ord_2d7a070f,cust_94bdc9c6,2024-01-07 10:09:35,paid,first_touch,tiktok,1,1,1,1.0,51.15,51.15
ord_2d7a070f,cust_94bdc9c6,2024-01-07 10:09:35,paid,linear,tiktok,1,1,1,1.0,51.15,51.15
ord_2d7a070f,cust_94bdc9c6,2024-01-07 10:09:35,paid,time_decay,tiktok,1,1,1,1.0,51.15,51.15
ord_c566de61,cust_60cfbc95,2024-01-07 13:56:45,paid,last_touch,meta,1,1,1,1.0,52.2,52.2
ord_c566de61,cust_60cfbc95,2024-01-07 13:56:45,paid,first_touch,meta,1,1,1,1.0,52.2,52.2
ord_c566de61,cust_60cfbc95,2024-01-07 13:56:45,paid,linear,meta,1,1,1,1.0,52.2,52.2
ord_c566de61,cust_60cfbc95,2024-01-07 13:56:45,paid,time_decay,meta,1,1,1,1.0,52.2,52.2
ord_88189676,cust_aa320868,2024-01-08 06:51:10,paid,last_touch,tiktok,1,1,1,1.0,252.05,252.05
ord_88189676,cust_aa320868,2024-01-08 06:51:10,paid,first_touch,tiktok,1,1,1,1.0,252.05,252.05
ord_88189676,cust_aa320868,2024-01-08 06:51:10,paid,linear,tiktok,1,1,1,1.0,252.05,252.05
ord_88189676,cust_aa320868,2024-01-08 06:51:10,paid,time_decay,tiktok,1,1,1,1.0,252.05,252.05
ord_c9330413,cust_f48c1272,2024-01-08 14:38:37,paid,last_touch,meta,1,1,1,1.0,91.26,91.26
ord_c9330413,cust_f48c1272,2024-01-08 14:38:37,paid,first_touch,meta,1,1,1,1.0,91.26,91.26
ord_c9330413,cust_f48c1272,2024-01-08 14:38:37,paid,linear,meta,1,1,1,1.0,91.26,91.26
ord_c9330413,cust_f48c1272,2024-01-08 14:38:37,paid,time_decay,meta,1,1,1,1.0,91.26,91.26
ord_35cc5cc1,cust_2225cc4b,2024-01-08 09:10:10,paid,last_touch,meta,1,1,1,1.0,74.7,74.7
ord_35cc5cc1,cust_2225cc4b,2024-01-08 09:10:10,paid,first_touch,meta,1,1,1,1.0,74.7,74.7
ord_35cc5cc1,cust_2225cc4b,2024-01-08 09:10:10,paid,linear,meta,1,1,1,1.0,74.7,74.7
ord_35cc5cc1,cust_2225cc4b,2024-01-08 09:10:10,paid,time_decay,meta,1,1,1,1.0,74.7,74.7
ord_9118df4c,cust_da8ba973,2024-01-08 01:10:38,paid,last_touch,organic,1,1,1,1.0,79.1,79.1
ord_9118df4c,cust_da8ba973,2024-01-08 01:10:38,paid,first_touch,organic,1,1,1,1.0,79.1,79.1
ord_9118df4c,cust_da8ba973,2024-01-08 01:10:38,paid,linear,organic,1,1,1,1.0,79.1,79.1
ord_9118df4c,cust_da8ba973,2024-01-08 01:10:38,paid,time_decay,organic,1,1,1,1.0,79.1,79.1
ord_14aa8b26,cust_de77069e,2024-01-08 23:08:06,paid,last_touch,google,1,1,1,1.0,106.52,106.52
ord_14aa8b26,cust_de77069e,2024-01-08 23:08:06,paid,first_touch,google,1,1,1,1.0,106.52,106.52
ord_14aa8b26,cust_de77069e,2024-01-08 23:08:06,paid,linear,google,1,1,1,1.0,106.52,106.52
ord_14aa8b26,cust_de77069e,2024-01-08 23:08:06,paid,time_decay,google,1,1,1,1.0,106.52,106.52
ord_90faf035,cust_71b8f426,2024-01-08 10:16:42,paid,last_touch,organic,1,1,1,1.0,63.36,63.36
ord_90faf035,cust_71b8f426,2024-01-08 10:16:42,paid,first_touch,organic,1,1,1,1.0,63.36,63.36
ord_90faf035,cust_71b8f426,2024-01-08 10:16:42,paid,linear,organic,1,1,1,1.0,63.36,63.36
ord_90faf035,cust_71b8f426,2024-01-08 10:16:42,paid,time_decay,organic,1,1,1,1.0,63.36,63.36
ord_5b3e7b84,cust_373c6bf8,2024-01-09 20:16:56,paid,last_touch,tiktok,1,1,1,1.0,88.86,88.86
ord_5b3e7b84,cust_373c6bf8,2024-01-09 20:16:56,paid,first_touch,tiktok,1,1,1,1.0,88.86,88.86
ord_5b3e7b84,cust_373c6bf8,2024-01-09 20:16:56,paid,linear,tiktok,1,1,1,1.0,88.86,88.86
ord_5b3e7b84,cust_373c6bf8,2024-01-09 20:16:56,paid,time_decay,tiktok,1,1,1,1.0,88.86,88.86
ord_392f6d98,cust_c5e5d6bc,2024-01-09 10:28:34,paid,last_touch,direct,1,1,1,1.0,94.06,94.06
ord_392f6d98,cust_c5e5d6bc,2024-01-09 10:28:34,paid,first_touch,meta,1,1,1,1.0,94.06,94.06
ord_392f6d98,cust_c5e5d6bc,2024-01-09 10:28:34,paid,linear,meta,1,1,1,1.0,94.06,94.06
ord_392f6d98,cust_c5e5d6bc,2024-01-09 10:28:34,paid,time_decay,meta,1,1,1,1.0,94.06,94.06
ord_1940c280,cust_a85127f9,2024-01-09 11:58:23,paid,last_touch,direct,1,1,1,1.0,28.86,28.86
ord_1940c280,cust_a85127f9,2024-01-09 11:58:23,paid,first_touch,google,1,1,1,1.0,28.86,28.86
ord_1940c280,cust_a85127f9,2024-01-09 11:58:23,paid,linear,google,1,1,1,1.0,28.86,28.86
ord_1940c280,cust_a85127f9,2024-01-09 11:58:23,paid,time_decay,google,1,1,1,1.0,28.86,28.86
ord_b7215cb1,cust_3243219e,2024-01-09 19:53:39,paid,last_touch,direct,1,1,1,1.0,264.77,264.77
ord_b7215cb1,cust_3243219e,2024-01-09 19:53:39,paid,first_touch,organic,1,1,1,1.0,264.77,264.77
ord_b7215cb1,cust_3243219e,2024-01-09 19:53:39,paid,linear,organic,1,1,1,1.0,264.77,264.77
ord_b7215cb1,cust_3243219e,2024-01-09 19:53:39,paid,time_decay,organic,1,1,1,1.0,264.77,264.77
ord_d3a2f0ae,cust_0396257d,2024-01-09 12:07:19,paid,last_touch,google,1,1,1,1.0,130.82,130.82
ord_d3a2f0ae,cust_0396257d,2024-01-09 12:07:19,paid,first_touch,google,1,1,1,1.0,130.82,130.82
ord_d3a2f0ae,cust_0396257d,2024-01-09 12:07:19,paid,linear,google,1,1,1,1.0,130.82,130.82
ord_d3a2f0ae,cust_0396257d,2024-01-09 12:07:19,paid,time_decay,google,1,1,1,1.0,130.82,130.82
ord_20c0e557,cust_dad22ca1,2024-01-10 18:51:03,paid,last_touch,google,1,1,1,1.0,170.18,170.18
ord_20c0e557,cust_dad22ca1,2024-01-10 18:51:03,paid,first_touch,google,1,1,1,1.0,170.18,170.18
ord_20c0e557,cust_dad22ca1,2024-01-10 18:51:03,paid,linear,google,1,1,1,1.0,170.18,170.18
ord_20c0e557,cust_dad22ca1,2024-01-10 18:51:03,paid,time_decay,google,1,1,1,1.0,170.18,170.18
ord_6db0a152,cust_e0aa1729,2024-01-10 19:52:50,paid,last_touch,meta,1,1,1,1.0,255.23,255.23
ord_6db0a152,cust_e0aa1729,2024-01-10 19:52:50,paid,first_touch,meta,1,1,1,1.0,255.23,255.23
ord_6db0a152,cust_e0aa1729,2024-01-10 19:52:50,paid,linear,meta,1,1,1,1.0,255.23,255.23
ord_6db0a152,cust_e0aa1729,2024-01-10 19:52:50,paid,time_decay,meta,1,1,1,1.0,255.23,255.23
ord_fa2ba599,cust_1afc288f,2024-01-10 20:51:30,paid,last_touch,meta,1,1,1,1.0,56.67,56.67
ord_fa2ba599,cust_1afc288f,2024-01-10 20:51:30,paid,first_touch,meta,1,1,1,1.0,56.67,56.67
ord_fa2ba599,cust_1afc288f,2024-01-10 20:51:30,paid,linear,meta,1,1,1,1.0,56.67,56.67
ord_fa2ba599,cust_1afc288f,2024-01-10 20:51:30,paid,time_decay,meta,1,1,1,1.0,56.67,56.67
ord_5a9dd64f,cust_516d5fbd,2024-01-11 20:21:48,paid,last_touch,email,1,1,1,1.0,78.08,78.08
ord_5a9dd64f,cust_516d5fbd,2024-01-11 20:21:48,paid,first_touch,email,1,1,1,1.0,78.08,78.08
ord_5a9dd64f,cust_516d5fbd,2024-01-11 20:21:48,paid,linear,email,1,1,1,1.0,78.08,78.08
ord_5a9dd64f,cust_516d5fbd,2024-01-11 20:21:48,paid,time_decay,email,1,1,1,1.0,78.08,78.08
ord_bf7fe8ad,cust_66f42c6f,2024-01-11 23:44:40,paid,last_touch,direct,1,1,1,1.0,64.63,64.63
ord_bf7fe8ad,cust_66f42c6f,2024-01-11 23:44:40,paid,first_touch,meta,1,1,1,1.0,64.63,64.63
ord_bf7fe8ad,cust_66f42c6f,2024-01-11 23:44:40,paid,linear,meta,1,1,1,1.0,64.63,64.63
ord_bf7fe8ad,cust_66f42c6f,2024-01-11 23:44:40,paid,time_decay,meta,1,1,1,1.0,64.63,64.63
ord_16449ef4,cust_66161b1b,2024-01-11 20:40:39,refunded,last_touch,email,1,1,1,1.0,174.63,174.63
ord_16449ef4,cust_66161b1b,2024-01-11 20:40:39,refunded,first_touch,email,1,1,1,1.0,174.63,174.63
ord_16449ef4,cust_66161b1b,2024-01-11 20:40:39,refunded,linear,email,1,1,1,1.0,174.63,174.63
ord_16449ef4,cust_66161b1b,2024-01-11 20:40:39,refunded,time_decay,email,1,1,1,1.0,174.63,174.63
ord_3bc29412,cust_4812ce8b,2024-01-11 11:31:21,paid,last_touch,direct,1,1,1,1.0,32.48,32.48
ord_3bc29412,cust_4812ce8b,2024-01-11 11:31:21,paid,first_touch,organic,1,1,1,1.0,32.48,32.48
ord_3bc29412,cust_4812ce8b,2024-01-11 11:31:21,paid,linear,organic,1,1,1,1.0,32.48,32.48
ord_3bc29412,cust_4812ce8b,2024-01-11 11:31:21,paid,time_decay,organic,1,1,1,1.0,32.48,32.48
ord_fba987f0,cust_57830286,2024-01-11 09:50:36,paid,last_touch,organic,1,1,1,1.0,141.71,141.71
ord_fba987f0,cust_57830286,2024-01-11 09:50:36,paid,first_touch,organic,1,1,1,1.0,141.71,141.71
ord_fba987f0,cust_57830286,2024-01-11 09:50:36,paid,linear,organic,1,1,1,1.0,141.71,141.71
ord_fba987f0,cust_57830286,2024-01-11 09:50:36,paid,time_decay,organic,1,1,1,1.0,141.71,141.71
ord_24b1424a,cust_a6bc134b,2024-01-12 08:15:09,paid,last_touch,meta,1,1,1,1.0,31.14,31.14
ord_24b1424a,cust_a6bc134b,2024-01-12 08:15:09,paid,first_touch,meta,1,1,1,1.0,31.14,31.14
ord_24b1424a,cust_a6bc134b,2024-01-12 08:15:09,paid,linear,meta,1,1,1,1.0,31.14,31.14
ord_24b1424a,cust_a6bc134b,2024-01-12 08:15:09,paid,time_decay,meta,1,1,1,1.0,31.14,31.14
ord_6042bfe6,cust_8b639e78,2024-01-12 19:04:03,paid,last_touch,meta,1,1,1,1.0,160.03,160.03
ord_6042bfe6,cust_8b639e78,2024-01-12 19:04:03,paid,first_touch,meta,1,1,1,1.0,160.03,160.03
ord_6042bfe6,cust_8b639e78,2024-01-12 19:04:03,paid,linear,meta,1,1,1,1.0,160.03,160.03
ord_6042bfe6,cust_8b639e78,2024-01-12 19:04:03,paid,time_decay,meta,1,1,1,1.0,160.03,160.03
ord_479e147a,cust_68ddac33,2024-01-12 07:08:29,refunded,last_touch,direct,1,1,1,1.0,116.66,116.66
ord_479e147a,cust_68ddac33,2024-01-12 07:08:29,refunded,first_touch,direct,1,1,1,1.0,116.66,116.66
ord_479e147a,cust_68ddac33,2024-01-12 07:08:29,refunded,linear,direct,1,1,1,1.0,116.66,116.66
ord_479e147a,cust_68ddac33,2024-01-12 07:08:29,refunded,time_decay,direct,1,1,1,1.0,116.66,116.66
ord_bff33dc7,cust_3aafdea2,2024-01-12 20:40:45,paid,last_touch,google,1,1,1,1.0,26.9,26.9
ord_bff33dc7,cust_3aafdea2,2024-01-12 20:40:45,paid,first_touch,google,1,1,1,1.0,26.9,26.9
ord_bff33dc7,cust_3aafdea2,2024-01-12 20:40:45,paid,linear,google,1,1,1,1.0,26.9,26.9
ord_bff33dc7,cust_3aafdea2,2024-01-12 20:40:45,paid,time_decay,google,1,1,1,1.0,26.9,26.9
ord_27ed5101,cust_d630a513,2024-01-12 16:39:09,chargeback,last_touch,tiktok,1,1,1,1.0,74.4,74.4
ord_27ed5101,cust_d630a513,2024-01-12 16:39:09,chargeback,first_touch,tiktok,1,1,1,1.0,74.4,74.4
ord_27ed5101,cust_d630a513,2024-01-12 16:39:09,chargeback,linear,tiktok,1,1,1,1.0,74.4,74.4
ord_27ed5101,cust_d630a513,2024-01-12 16:39:09,chargeback,time_decay,tiktok,1,1,1,1.0,74.4,74.4
ord_3b8e6f5d,cust_c99f2bbe,2024-01-13 17:16:28,paid,last_touch,organic,1,1,1,1.0,124.73,124.73
ord_3b8e6f5d,cust_c99f2bbe,2024-01-13 17:16:28,paid,first_touch,organic,1,1,1,1.0,124.73,124.73
ord_3b8e6f5d,cust_c99f2bbe,2024-01-13 17:16:28,paid,linear,organic,1,1,1,1.0,124.73,124.73
ord_3b8e6f5d,cust_c99f2bbe,2024-01-13 17:16:28,paid,time_decay,organic,1,1,1,1.0,124.73,124.73
ord_ab9501bf,cust_b6adf685,2024-01-13 12:44:43,paid,last_touch,email,1,1,1,1.0,78.25,78.25
ord_ab9501bf,cust_b6adf685,2024-01-13 12:44:43,paid,first_touch,email,1,1,1,1.0,78.25,78.25
ord_ab9501bf,cust_b6adf685,2024-01-13 12:44:43,paid,linear,email,1,1,1,1.0,78.25,78.25
ord_ab9501bf,cust_b6adf685,2024-01-13 12:44:43,paid,time_decay,email,1,1,1,1.0,78.25,78.25
ord_df83527d,cust_3f498256,2024-01-13 21:48:30,paid,last_touch,direct,1,1,1,1.0,31.71,31.71
ord_df83527d,cust_3f498256,2024-01-13 21:48:30,paid,first_touch,direct,1,1,1,1.0,31.71,31.71
ord_df83527d,cust_3f498256,2024-01-13 21:48:30,paid,linear,direct,1,1,1,1.0,31.71,31.71
ord_df83527d,cust_3f498256,2024-01-13 21:48:30,paid,time_decay,direct,1,1,1,1.0,31.71,31.71
ord_08b81a67,cust_ebf88823,2024-01-13 11:29:09,paid,last_touch,meta,1,1,1,1.0,75.76,75.76
ord_08b81a67,cust_ebf88823,2024-01-13 11:29:09,paid,first_touch,meta,1,1,1,1.0,75.76,75.76
ord_08b81a67,cust_ebf88823,2024-01-13 11:29:09,paid,linear,meta,1,1,1,1.0,75.76,75.76
ord_08b81a67,cust_ebf88823,2024-01-13 11:29:09,paid,time_decay,meta,1,1,1,1.0,75.76,75.76
ord_fdcb2cec,cust_98f6d62c,2024-01-13 20:49:25,paid,last_touch,organic,1,1,1,1.0,109.64,109.64
ord_fdcb2cec,cust_98f6d62c,2024-01-13 20:49:25,paid,first_touch,organic,1,1,1,1.0,109.64,109.64
ord_fdcb2cec,cust_98f6d62c,2024-01-13 20:49:25,paid,linear,organic,1,1,1,1.0,109.64,109.64
ord_fdcb2cec,cust_98f6d62c,2024-01-13 20:49:25,paid,time_decay,organic,1,1,1,1.0,109.64,109.64
ord_eb20dd19,cust_a96f32eb,2024-01-13 17:13:15,paid,last_touch,google,1,1,1,1.0,79.68,79.68
ord_eb20dd19,cust_a96f32eb,2024-01-13 17:13:15,paid,first_touch,google,1,1,1,1.0,79.68,79.68
ord_eb20dd19,cust_a96f32eb,2024-01-13 17:13:15,paid,linear,google,1,1,1,1.0,79.68,79.68
ord_eb20dd19,cust_a96f32eb,2024-01-13 17:13:15,paid,time_decay,google,1,1,1,1.0,79.68,79.68
ord_ee9f27e1,cust_cb296447,2024-01-13 03:41:29,paid,last_touch,organic,1,1,1,1.0,236.14,236.14
ord_ee9f27e1,cust_cb296447,2024-01-13 03:41:29,paid,first_touch,organic,1,1,1,1.0,236.14,236.14
ord_ee9f27e1,cust_cb296447,2024-01-13 03:41:29,paid,linear,organic,1,1,1,1.0,236.14,236.14
ord_ee9f27e1,cust_cb296447,2024-01-13 03:41:29,paid,time_decay,organic,1,1,1,1.0,236.14,236.14
ord_42b2fe09,cust_c1116daa,2024-01-14 14:04:51,refunded,last_touch,direct,1,1,1,1.0,37.12,37.12
ord_42b2fe09,cust_c1116daa,2024-01-14 14:04:51,refunded,first_touch,organic,1,1,1,1.0,37.12,37.12
ord_42b2fe09,cust_c1116daa,2024-01-14 14:04:51,refunded,linear,organic,1,1,1,1.0,37.12,37.12
ord_42b2fe09,cust_c1116daa,2024-01-14 14:04:51,refunded,time_decay,organic,1,1,1,1.0,37.12,37.12
ord_becc9632,cust_3bae3f15,2024-01-14 09:05:47,paid,last_touch,tiktok,1,1,1,1.0,40.71,40.71
ord_becc9632,cust_3bae3f15,2024-01-14 09:05:47,paid,first_touch,tiktok,1,1,1,1.0,40.71,40.71
ord_becc9632,cust_3bae3f15,2024-01-14 09:05:47,paid,linear,tiktok,1,1,1,1.0,40.71,40.71
ord_becc9632,cust_3bae3f15,2024-01-14 09:05:47,paid,time_decay,tiktok,1,1,1,1.0,40.71,40.71
ord_3ebf4826,cust_134a5d03,2024-01-15 14:28:04,paid,last_touch,direct,1,1,1,1.0,106.18,106.18
ord_3ebf4826,cust_134a5d03,2024-01-15 14:28:04,paid,first_touch,tiktok,1,1,1,1.0,106.18,106.18
ord_3ebf4826,cust_134a5d03,2024-01-15 14:28:04,paid,linear,tiktok,1,1,1,1.0,106.18,106.18
ord_3ebf4826,cust_134a5d03,2024-01-15 14:28:04,paid,time_decay,tiktok,1,1,1,1.0,106.18,106.18
ord_8e0dd0b4,cust_863af950,2024-01-15 20:57:33,paid,last_touch,direct,1,1,1,1.0,31.56,31.56
ord_8e0dd0b4,cust_863af950,2024-01-15 20:57:33,paid,first_touch,google,1,1,1,1.0,31.56,31.56
ord_8e0dd0b4,cust_863af950,2024-01-15 20:57:33,paid,linear,google,1,1,1,1.0,31.56,31.56
ord_8e0dd0b4,cust_863af950,2024-01-15 20:57:33,paid,time_decay,google,1,1,1,1.0,31.56,31.56
ord_361cf5fd,cust_96c9a78b,2024-01-15 07:18:57,refunded,last_touch,google,1,1,1,1.0,84.34,84.34
ord_361cf5fd,cust_96c9a78b,2024-01-15 07:18:57,refunded,first_touch,google,1,1,1,1.0,84.34,84.34
ord_361cf5fd,cust_96c9a78b,2024-01-15 07:18:57,refunded,linear,google,1,1,1,1.0,84.34,84.34
ord_361cf5fd,cust_96c9a78b,2024-01-15 07:18:57,refunded,time_decay,google,1,1,1,1.0,84.34,84.34
ord_20819b87,cust_d3b38a84,2024-01-15 13:18:57,paid,last_touch,tiktok,1,1,1,1.0,71.13,71.13
ord_20819b87,cust_d3b38a84,2024-01-15 13:18:57,paid,first_touch,tiktok,1,1,1,1.0,71.13,71.13
ord_20819b87,cust_d3b38a84,2024-01-15 13:18:57,paid,linear,tiktok,1,1,1,1.0,71.13,71.13
ord_20819b87,cust_d3b38a84,2024-01-15 13:18:57,paid,time_decay,tiktok,1,1,1,1.0,71.13,71.13
ord_98937a9c,cust_03731436,2024-01-15 13:59:52,paid,last_touch,meta,1,1,1,1.0,275.03,275.03
ord_98937a9c,cust_03731436,2024-01-15 13:59:52,paid,first_touch,meta,1,1,1,1.0,275.03,275.03
ord_98937a9c,cust_03731436,2024-01-15 13:59:52,paid,linear,meta,1,1,1,1.0,275.03,275.03
ord_98937a9c,cust_03731436,2024-01-15 13:59:52,paid,time_decay,meta,1,1,1,1.0,275.03,275.03
ord_30f369b2,cust_4ed1769a,2024-01-15 16:29:06,paid,last_touch,google,1,1,1,1.0,41.92,41.92
ord_30f369b2,cust_4ed1769a,2024-01-15 16:29:06,paid,first_touch,google,1,1,1,1.0,41.92,41.92
ord_30f369b2,cust_4ed1769a,2024-01-15 16:29:06,paid,linear,google,1,1,1,1.0,41.92,41.92
ord_30f369b2,cust_4ed1769a,2024-01-15 16:29:06,paid,time_decay,google,1,1,1,1.0,41.92,41.92
ord_377f4cb6,cust_f8532a97,2024-01-15 07:49:55,refunded,last_touch,direct,1,1,1,1.0,141.77,141.77
ord_377f4cb6,cust_f8532a97,2024-01-15 07:49:55,refunded,first_touch,google,1,1,1,1.0,141.77,141.77
ord_377f4cb6,cust_f8532a97,2024-01-15 07:49:55,refunded,linear,google,1,1,1,1.0,141.77,141.77
ord_377f4cb6,cust_f8532a97,2024-01-15 07:49:55,refunded,time_decay,google,1,1,1,1.0,141.77,141.77
ord_56b3ee09,cust_4d3fd6f6,2024-01-15 20:22:54,paid,last_touch,google,1,1,1,1.0,103.86,103.86
ord_56b3ee09,cust_4d3fd6f6,2024-01-15 20:22:54,paid,first_touch,google,1,1,1,1.0,103.86,103.86
ord_56b3ee09,cust_4d3fd6f6,2024-01-15 20:22:54,paid,linear,google,1,1,1,1.0,103.86,103.86
ord_56b3ee09,cust_4d3fd6f6,2024-01-15 20:22:54,paid,time_decay,google,1,1,1,1.0,103.86,103.86
ord_552bd41d,cust_3772c3df,2024-01-15 19:37:05,paid,last_touch,organic,1,1,1,1.0,81.79,81.79
ord_552bd41d,cust_3772c3df,2024-01-15 19:37:05,paid,first_touch,organic,1,1,1,1.0,81.79,81.79
ord_552bd41d,cust_3772c3df,2024-01-15 19:37:05,paid,linear,organic,1,1,1,1.0,81.79,81.79
ord_552bd41d,cust_3772c3df,2024-01-15 19:37:05,paid,time_decay,organic,1,1,1,1.0,81.79,81.79
ord_3a5fcb8f,cust_5aca6197,2024-01-15 10:28:18,paid,last_touch,tiktok,1,1,1,1.0,165.87,165.87
ord_3a5fcb8f,cust_5aca6197,2024-01-15 10:28:18,paid,first_touch,tiktok,1,1,1,1.0,165.87,165.87
ord_3a5fcb8f,cust_5aca6197,2024-01-15 10:28:18,paid,linear,tiktok,1,1,1,1.0,165.87,165.87
ord_3a5fcb8f,cust_5aca6197,2024-01-15 10:28:18,paid,time_decay,tiktok,1,1,1,1.0,165.87,165.87
ord_a05dd651,cust_bb04b4e1,2024-01-16 13:44:45,paid,last_touch,tiktok,1,1,1,1.0,40.82,40.82
ord_a05dd651,cust_bb04b4e1,2024-01-16 13:44:45,paid,first_touch,tiktok,1,1,1,1.0,40.82,40.82
ord_a05dd651,cust_bb04b4e1,2024-01-16 13:44:45,paid,linear,tiktok,1,1,1,1.0,40.82,40.82
ord_a05dd651,cust_bb04b4e1,2024-01-16 13:44:45,paid,time_decay,tiktok,1,1,1,1.0,40.82,40.82
ord_1f6f2d47,cust_3c538b48,2024-01-16 22:05:33,paid,last_touch,google,1,1,1,1.0,68.45,68.45
ord_1f6f2d47,cust_3c538b48,2024-01-16 22:05:33,paid,first_touch,google,1,1,1,1.0,68.45,68.45
ord_1f6f2d47,cust_3c538b48,2024-01-16 22:05:33,paid,linear,google,1,1,1,1.0,68.45,68.45
ord_1f6f2d47,cust_3c538b48,2024-01-16 22:05:33,paid,time_decay,google,1,1,1,1.0,68.45,68.45
ord_785c80a5,cust_b33842fb,2024-01-16 08:14:14,paid,last_touch,direct,1,1,1,1.0,92.01,92.01
ord_785c80a5,cust_b33842fb,2024-01-16 08:14:14,paid,first_touch,meta,1,1,1,1.0,92.01,92.01
ord_785c80a5,cust_b33842fb,2024-01-16 08:14:14,paid,linear,meta,1,1,1,1.0,92.01,92.01
ord_785c80a5,cust_b33842fb,2024-01-16 08:14:14,paid,time_decay,meta,1,1,1,1.0,92.01,92.01
ord_3c24c8ec,cust_ca320d0f,2024-01-16 09:38:55,paid,last_touch,direct,1,1,1,1.0,91.69,91.69
ord_3c24c8ec,cust_ca320d0f,2024-01-16 09:38:55,paid,first_touch,direct,1,1,1,1.0,91.69,91.69
ord_3c24c8ec,cust_ca320d0f,2024-01-16 09:38:55,paid,linear,direct,1,1,1,1.0,91.69,91.69
ord_3c24c8ec,cust_ca320d0f,2024-01-16 09:38:55,paid,time_decay,direct,1,1,1,1.0,91.69,91.69
ord_5b487647,cust_6036201b,2024-01-16 19:54:52,paid,last_touch,direct,1,1,1,1.0,100.36,100.36
ord_5b487647,cust_6036201b,2024-01-16 19:54:52,paid,first_touch,direct,1,1,1,1.0,100.36,100.36
ord_5b487647,cust_6036201b,2024-01-16 19:54:52,paid,linear,direct,1,1,1,1.0,100.36,100.36
ord_5b487647,cust_6036201b,2024-01-16 19:54:52,paid,time_decay,direct,1,1,1,1.0,100.36,100.36
ord_370acaea,cust_aa917822,2024-01-16 10:18:27,refunded,last_touch,direct,1,1,1,1.0,106.6,106.6
ord_370acaea,cust_aa917822,2024-01-16 10:18:27,refunded,first_touch,direct,1,1,1,1.0,106.6,106.6
ord_370acaea,cust_aa917822,2024-01-16 10:18:27,refunded,linear,direct,1,1,1,1.0,106.6,106.6
ord_370acaea,cust_aa917822,2024-01-16 10:18:27,refunded,time_decay,direct,1,1,1,1.0,106.6,106.6
ord_6e01e74e,cust_d859113a,2024-01-16 18:13:41,paid,last_touch,google,1,1,1,1.0,46.85,46.85
ord_6e01e74e,cust_d859113a,2024-01-16 18:13:41,paid,first_touch,google,1,1,1,1.0,46.85,46.85
ord_6e01e74e,cust_d859113a,2024-01-16 18:13:41,paid,linear,google,1,1,1,1.0,46.85,46.85
ord_6e01e74e,cust_d859113a,2024-01-16 18:13:41,paid,time_decay,google,1,1,1,1.0,46.85,46.85
ord_5f5b8926,cust_c3ed97fc,2024-01-16 21:04:13,paid,last_touch,email,1,1,1,1.0,38.16,38.16
ord_5f5b8926,cust_c3ed97fc,2024-01-16 21:04:13,paid,first_touch,email,1,1,1,1.0,38.16,38.16
ord_5f5b8926,cust_c3ed97fc,2024-01-16 21:04:13,paid,linear,email,1,1,1,1.0,38.16,38.16
ord_5f5b8926,cust_c3ed97fc,2024-01-16 21:04:13,paid,time_decay,email,1,1,1,1.0,38.16,38.16
ord_3d680430,cust_eb9437b6,2024-01-17 10:46:54,paid,last_touch,tiktok,1,1,1,1.0,140.77,140.77
ord_3d680430,cust_eb9437b6,2024-01-17 10:46:54,paid,first_touch,tiktok,1,1,1,1.0,140.77,140.77
ord_3d680430,cust_eb9437b6,2024-01-17 10:46:54,paid,linear,tiktok,1,1,1,1.0,140.77,140.77
ord_3d680430,cust_eb9437b6,2024-01-17 10:46:54,paid,time_decay,tiktok,1,1,1,1.0,140.77,140.77
ord_812de762,cust_e76a1107,2024-01-17 11:06:42,refunded,last_touch,tiktok,1,1,1,1.0,288.81,288.81
ord_812de762,cust_e76a1107,2024-01-17 11:06:42,refunded,first_touch,tiktok,1,1,1,1.0,288.81,288.81
ord_812de762,cust_e76a1107,2024-01-17 11:06:42,refunded,linear,tiktok,1,1,1,1.0,288.81,288.81
ord_812de762,cust_e76a1107,2024-01-17 11:06:42,refunded,time_decay,tiktok,1,1,1,1.0,288.81,288.81
ord_0aca4b92,cust_c04ea1a6,2024-01-17 08:14:31,paid,last_touch,email,1,1,1,1.0,124.81,124.81
ord_0aca4b92,cust_c04ea1a6,2024-01-17 08:14:31,paid,first_touch,email,1,1,1,1.0,124.81,124.81
ord_0aca4b92,cust_c04ea1a6,2024-01-17 08:14:31,paid,linear,email,1,1,1,1.0,124.81,124.81
ord_0aca4b92,cust_c04ea1a6,2024-01-17 08:14:31,paid,time_decay,email,1,1,1,1.0,124.81,124.81
ord_878cfe43,cust_723c8964,2024-01-17 21:00:30,paid,last_touch,google,1,1,1,1.0,82.74,82.74
ord_878cfe43,cust_723c8964,2024-01-17 21:00:30,paid,first_touch,google,1,1,1,1.0,82.74,82.74
ord_878cfe43,cust_723c8964,2024-01-17 21:00:30,paid,linear,google,1,1,1,1.0,82.74,82.74
ord_878cfe43,cust_723c8964,2024-01-17 21:00:30,paid,time_decay,google,1,1,1,1.0,82.74,82.74
ord_3c5b3a3e,cust_9782bd21,2024-01-17 20:51:50,paid,last_touch,direct,1,1,1,1.0,113.68,113.68
ord_3c5b3a3e,cust_9782bd21,2024-01-17 20:51:50,paid,first_touch,tiktok,1,1,1,1.0,113.68,113.68
ord_3c5b3a3e,cust_9782bd21,2024-01-17 20:51:50,paid,linear,tiktok,1,1,1,1.0,113.68,113.68
ord_3c5b3a3e,cust_9782bd21,2024-01-17 20:51:50,paid,time_decay,tiktok,1,1,1,1.0,113.68,113.68
ord_fb13bafa,cust_e640240d,2024-01-17 16:02:06,paid,last_touch,meta,1,1,1,1.0,28.01,28.01
ord_fb13bafa,cust_e640240d,2024-01-17 16:02:06,paid,first_touch,meta,1,1,1,1.0,28.01,28.01
ord_fb13bafa,cust_e640240d,2024-01-17 16:02:06,paid,linear,meta,1,1,1,1.0,28.01,28.01
ord_fb13bafa,cust_e640240d,2024-01-17 16:02:06,paid,time_decay,meta,1,1,1,1.0,28.01,28.01
ord_b4b74292,cust_4dba3950,2024-01-18 23:01:06,paid,last_touch,meta,1,1,1,1.0,101.09,101.09
ord_b4b74292,cust_4dba3950,2024-01-18 23:01:06,paid,first_touch,meta,1,1,1,1.0,101.09,101.09
ord_b4b74292,cust_4dba3950,2024-01-18 23:01:06,paid,linear,meta,1,1,1,1.0,101.09,101.09
ord_b4b74292,cust_4dba3950,2024-01-18 23:01:06,paid,time_decay,meta,1,1,1,1.0,101.09,101.09
ord_98a20619,cust_e58eee4b,2024-01-18 18:21:14,paid,last_touch,organic,1,1,1,1.0,101.64,101.64
ord_98a20619,cust_e58eee4b,2024-01-18 18:21:14,paid,first_touch,organic,1,1,1,1.0,101.64,101.64
ord_98a20619,cust_e58eee4b,2024-01-18 18:21:14,paid,linear,organic,1,1,1,1.0,101.64,101.64
ord_98a20619,cust_e58eee4b,2024-01-18 18:21:14,paid,time_decay,organic,1,1,1,1.0,101.64,101.64
ord_0d2ad69a,cust_3985f7d3,2024-01-18 00:16:31,paid,last_touch,meta,1,1,1,1.0,71.42,71.42
ord_0d2ad69a,cust_3985f7d3,2024-01-18 00:16:31,paid,first_touch,meta,1,1,1,1.0,71.42,71.42
ord_0d2ad69a,cust_3985f7d3,2024-01-18 00:16:31,paid,linear,meta,1,1,1,1.0,71.42,71.42
ord_0d2ad69a,cust_3985f7d3,2024-01-18 00:16:31,paid,time_decay,meta,1,1,1,1.0,71.42,71.42
ord_fafe07ff,cust_627b1b27,2024-01-18 20:41:46,paid,last_touch,direct,1,1,1,1.0,83.0,83.0
ord_fafe07ff,cust_627b1b27,2024-01-18 20:41:46,paid,first_touch,meta,1,1,1,1.0,83.0,83.0
ord_fafe07ff,cust_627b1b27,2024-01-18 20:41:46,paid,linear,meta,1,1,1,1.0,83.0,83.0
ord_fafe07ff,cust_627b1b27,2024-01-18 20:41:46,paid,time_decay,meta,1,1,1,1.0,83.0,83.0
ord_51d8d45c,cust_20424fbc,2024-01-19 12:09:12,paid,last_touch,meta,1,1,1,1.0,141.09,141.09
ord_51d8d45c,cust_20424fbc,2024-01-19 12:09:12,paid,first_touch,meta,1,1,1,1.0,141.09,141.09
ord_51d8d45c,cust_20424fbc,2024-01-19 12:09:12,paid,linear,meta,1,1,1,1.0,141.09,141.09
ord_51d8d45c,cust_20424fbc,2024-01-19 12:09:12,paid,time_decay,meta,1,1,1,1.0,141.09,141.09
ord_aa8b6b91,cust_7ef35822,2024-01-20 21:03:32,paid,last_touch,direct,1,1,1,1.0,28.24,28.24
ord_aa8b6b91,cust_7ef35822,2024-01-20 21:03:32,paid,first_touch,direct,1,1,1,1.0,28.24,28.24
ord_aa8b6b91,cust_7ef35822,2024-01-20 21:03:32,paid,linear,direct,1,1,1,1.0,28.24,28.24
ord_aa8b6b91,cust_7ef35822,2024-01-20 21:03:32,paid,time_decay,direct,1,1,1,1.0,28.24,28.24
ord_0f225f46,cust_2cd063d5,2024-01-20 13:48:31,paid,last_touch,direct,1,1,1,1.0,244.83,244.83
ord_0f225f46,cust_2cd063d5,2024-01-20 13:48:31,paid,first_touch,direct,1,1,1,1.0,244.83,244.83
ord_0f225f46,cust_2cd063d5,2024-01-20 13:48:31,paid,linear,direct,1,1,1,1.0,244.83,244.83
ord_0f225f46,cust_2cd063d5,2024-01-20 13:48:31,paid,time_decay,direct,1,1,1,1.0,244.83,244.83
ord_8329fb11,cust_7cc0baa0,2024-01-20 19:47:42,paid,last_touch,direct,1,1,1,1.0,225.54,225.54
ord_8329fb11,cust_7cc0baa0,2024-01-20 19:47:42,paid,first_touch,meta,1,1,1,1.0,225.54,225.54
ord_8329fb11,cust_7cc0baa0,2024-01-20 19:47:42,paid,linear,meta,1,1,1,1.0,225.54,225.54
ord_8329fb11,cust_7cc0baa0,2024-01-20 19:47:42,paid,time_decay,meta,1,1,1,1.0,225.54,225.54
ord_26648398,cust_3ff57d47,2024-01-20 07:34:31,paid,last_touch,tiktok,1,1,1,1.0,64.8,64.8
ord_26648398,cust_3ff57d47,2024-01-20 07:34:31,paid,first_touch,tiktok,1,1,1,1.0,64.8,64.8
ord_26648398,cust_3ff57d47,2024-01-20 07:34:31,paid,linear,tiktok,1,1,1,1.0,64.8,64.8
ord_26648398,cust_3ff57d47,2024-01-20 07:34:31,paid,time_decay,tiktok,1,1,1,1.0,64.8,64.8
ord_208c3f11,cust_03bc294b,2024-01-20 12:24:23,paid,last_touch,tiktok,1,1,1,1.0,43.11,43.11
ord_208c3f11,cust_03bc294b,2024-01-20 12:24:23,paid,first_touch,tiktok,1,1,1,1.0,43.11,43.11
ord_208c3f11,cust_03bc294b,2024-01-20 12:24:23,paid,linear,tiktok,1,1,1,1.0,43.11,43.11
ord_208c3f11,cust_03bc294b,2024-01-20 12:24:23,paid,time_decay,tiktok,1,1,1,1.0,43.11,43.11
ord_09bf6b48,cust_7b7a3989,2024-01-21 17:32:39,paid,last_touch,direct,1,1,1,1.0,38.28,38.28
ord_09bf6b48,cust_7b7a3989,2024-01-21 17:32:39,paid,first_touch,direct,1,1,1,1.0,38.28,38.28
ord_09bf6b48,cust_7b7a3989,2024-01-21 17:32:39,paid,linear,direct,1,1,1,1.0,38.28,38.28
ord_09bf6b48,cust_7b7a3989,2024-01-21 17:32:39,paid,time_decay,direct,1,1,1,1.0,38.28,38.28
ord_02202717,cust_35a53b3c,2024-01-21 19:54:08,paid,last_touch,tiktok,1,1,1,1.0,205.82,205.82
ord_02202717,cust_35a53b3c,2024-01-21 19:54:08,paid,first_touch,tiktok,1,1,1,1.0,205.82,205.82
ord_02202717,cust_35a53b3c,2024-01-21 19:54:08,paid,linear,tiktok,1,1,1,1.0,205.82,205.82
ord_02202717,cust_35a53b3c,2024-01-21 19:54:08,paid,time_decay,tiktok,1,1,1,1.0,205.82,205.82
ord_9a4be3b4,cust_1bcc792e,2024-01-21 07:59:13,paid,last_touch,meta,1,1,1,1.0,81.23,81.23
ord_9a4be3b4,cust_1bcc792e,2024-01-21 07:59:13,paid,first_touch,meta,1,1,1,1.0,81.23,81.23
ord_9a4be3b4,cust_1bcc792e,2024-01-21 07:59:13,paid,linear,meta,1,1,1,1.0,81.23,81.23
ord_9a4be3b4,cust_1bcc792e,2024-01-21 07:59:13,paid,time_decay,meta,1,1,1,1.0,81.23,81.23
ord_3dcd8392,cust_6a8c259c,2024-01-21 10:05:56,paid,last_touch,meta,1,1,1,1.0,111.47,111.47
ord_3dcd8392,cust_6a8c259c,2024-01-21 10:05:56,paid,first_touch,meta,1,1,1,1.0,111.47,111.47
ord_3dcd8392,cust_6a8c259c,2024-01-21 10:05:56,paid,linear,meta,1,1,1,1.0,111.47,111.47
ord_3dcd8392,cust_6a8c259c,2024-01-21 10:05:56,paid,time_decay,meta,1,1,1,1.0,111.47,111.47
ord_565842d2,cust_01155e3f,2024-01-21 20:22:16,refunded,last_touch,direct,1,1,1,1.0,135.87,135.87
ord_565842d2,cust_01155e3f,2024-01-21 20:22:16,refunded,first_touch,tiktok,1,1,1,1.0,135.87,135.87
ord_565842d2,cust_01155e3f,2024-01-21 20:22:16,refunded,linear,tiktok,1,1,1,1.0,135.87,135.87
ord_565842d2,cust_01155e3f,2024-01-21 20:22:16,refunded,time_decay,tiktok,1,1,1,1.0,135.87,135.87
ord_930a7bed,cust_21167a4f,2024-01-21 21:38:29,paid,last_touch,google,1,1,1,1.0,32.87,32.87
ord_930a7bed,cust_21167a4f,2024-01-21 21:38:29,paid,first_touch,google,1,1,1,1.0,32.87,32.87
ord_930a7bed,cust_21167a4f,2024-01-21 21:38:29,paid,linear,google,1,1,1,1.0,32.87,32.87
ord_930a7bed,cust_21167a4f,2024-01-21 21:38:29,paid,time_decay,google,1,1,1,1.0,32.87,32.87
ord_bd3d1ffd,cust_f79e0409,2024-01-22 09:50:29,refunded,last_touch,organic,1,1,1,1.0,92.68,92.68
ord_bd3d1ffd,cust_f79e0409,2024-01-22 09:50:29,refunded,first_touch,organic,1,1,1,1.0,92.68,92.68
ord_bd3d1ffd,cust_f79e0409,2024-01-22 09:50:29,refunded,linear,organic,1,1,1,1.0,92.68,92.68
ord_bd3d1ffd,cust_f79e0409,2024-01-22 09:50:29,refunded,time_decay,organic,1,1,1,1.0,92.68,92.68
ord_c25c025c,cust_fe9e4795,2024-01-22 11:53:45,paid,last_touch,google,1,1,1,1.0,114.58,114.58
ord_c25c025c,cust_fe9e4795,2024-01-22 11:53:45,paid,first_touch,google,1,1,1,1.0,114.58,114.58
ord_c25c025c,cust_fe9e4795,2024-01-22 11:53:45,paid,linear,google,1,1,1,1.0,114.58,114.58
ord_c25c025c,cust_fe9e4795,2024-01-22 11:53:45,paid,time_decay,google,1,1,1,1.0,114.58,114.58
ord_1bde0e82,cust_f8f801bd,2024-01-22 11:33:15,paid,last_touch,direct,1,1,1,1.0,241.52,241.52
ord_1bde0e82,cust_f8f801bd,2024-01-22 11:33:15,paid,first_touch,meta,1,1,1,1.0,241.52,241.52
ord_1bde0e82,cust_f8f801bd,2024-01-22 11:33:15,paid,linear,meta,1,1,1,1.0,241.52,241.52
ord_1bde0e82,cust_f8f801bd,2024-01-22 11:33:15,paid,time_decay,meta,1,1,1,1.0,241.52,241.52
ord_6a382cbe,cust_4e1efdc9,2024-01-22 18:25:02,paid,last_touch,direct,1,1,1,1.0,46.77,46.77
ord_6a382cbe,cust_4e1efdc9,2024-01-22 18:25:02,paid,first_touch,meta,1,1,1,1.0,46.77,46.77
ord_6a382cbe,cust_4e1efdc9,2024-01-22 18:25:02,paid,linear,meta,1,1,1,1.0,46.77,46.77
ord_6a382cbe,cust_4e1efdc9,2024-01-22 18:25:02,paid,time_decay,meta,1,1,1,1.0,46.77,46.77
ord_90a12dbf,cust_3cd9db5b,2024-01-22 15:05:25,paid,last_touch,direct,1,1,1,1.0,35.93,35.93
ord_90a12dbf,cust_3cd9db5b,2024-01-22 15:05:25,paid,first_touch,direct,1,1,1,1.0,35.93,35.93
ord_90a12dbf,cust_3cd9db5b,2024-01-22 15:05:25,paid,linear,direct,1,1,1,1.0,35.93,35.93
ord_90a12dbf,cust_3cd9db5b,2024-01-22 15:05:25,paid,time_decay,direct,1,1,1,1.0,35.93,35.93
ord_7bf973f7,cust_4fea5294,2024-01-23 10:38:27,paid,last_touch,meta,1,1,1,1.0,73.27,73.27
ord_7bf973f7,cust_4fea5294,2024-01-23 10:38:27,paid,first_touch,meta,1,1,1,1.0,73.27,73.27
ord_7bf973f7,cust_4fea5294,2024-01-23 10:38:27,paid,linear,meta,1,1,1,1.0,73.27,73.27
ord_7bf973f7,cust_4fea5294,2024-01-23 10:38:27,paid,time_decay,meta,1,1,1,1.0,73.27,73.27
ord_2f8b8fd1,cust_5ec880d8,2024-01-23 17:00:05,paid,last_touch,meta,1,1,1,1.0,81.91,81.91
ord_2f8b8fd1,cust_5ec880d8,2024-01-23 17:00:05,paid,first_touch,meta,1,1,1,1.0,81.91,81.91
ord_2f8b8fd1,cust_5ec880d8,2024-01-23 17:00:05,paid,linear,meta,1,1,1,1.0,81.91,81.91
ord_2f8b8fd1,cust_5ec880d8,2024-01-23 17:00:05,paid,time_decay,meta,1,1,1,1.0,81.91,81.91
ord_f46d1017,cust_085eb17d,2024-01-23 15:51:02,paid,last_touch,direct,1,1,1,1.0,216.15,216.15
ord_f46d1017,cust_085eb17d,2024-01-23 15:51:02,paid,first_touch,meta,1,1,1,1.0,216.15,216.15
ord_f46d1017,cust_085eb17d,2024-01-23 15:51:02,paid,linear,meta,1,1,1,1.0,216.15,216.15
ord_f46d1017,cust_085eb17d,2024-01-23 15:51:02,paid,time_decay,meta,1,1,1,1.0,216.15,216.15
ord_2fcdffbe,cust_9343e346,2024-01-24 18:34:03,paid,last_touch,direct,1,1,1,1.0,108.21,108.21
ord_2fcdffbe,cust_9343e346,2024-01-24 18:34:03,paid,first_touch,direct,1,1,1,1.0,108.21,108.21
ord_2fcdffbe,cust_9343e346,2024-01-24 18:34:03,paid,linear,direct,1,1,1,1.0,108.21,108.21
ord_2fcdffbe,cust_9343e346,2024-01-24 18:34:03,paid,time_decay,direct,1,1,1,1.0,108.21,108.21
ord_01f0e909,cust_713f236a,2024-01-24 20:37:34,paid,last_touch,google,1,1,1,1.0,56.11,56.11
ord_01f0e909,cust_713f236a,2024-01-24 20:37:34,paid,first_touch,google,1,1,1,1.0,56.11,56.11
ord_01f0e909,cust_713f236a,2024-01-24 20:37:34,paid,linear,google,1,1,1,1.0,56.11,56.11
ord_01f0e909,cust_713f236a,2024-01-24 20:37:34,paid,time_decay,google,1,1,1,1.0,56.11,56.11
ord_207b8173,cust_00735990,2024-01-24 18:42:20,paid,last_touch,direct,1,1,1,1.0,148.53,148.53
ord_207b8173,cust_00735990,2024-01-24 18:42:20,paid,first_touch,tiktok,1,1,1,1.0,148.53,148.53
ord_207b8173,cust_00735990,2024-01-24 18:42:20,paid,linear,tiktok,1,1,1,1.0,148.53,148.53
ord_207b8173,cust_00735990,2024-01-24 18:42:20,paid,time_decay,tiktok,1,1,1,1.0,148.53,148.53
ord_c1c9427c,cust_333825b7,2024-01-24 21:57:13,refunded,last_touch,tiktok,1,1,1,1.0,77.8,77.8
ord_c1c9427c,cust_333825b7,2024-01-24 21:57:13,refunded,first_touch,tiktok,1,1,1,1.0,77.8,77.8
ord_c1c9427c,cust_333825b7,2024-01-24 21:57:13,refunded,linear,tiktok,1,1,1,1.0,77.8,77.8
ord_c1c9427c,cust_333825b7,2024-01-24 21:57:13,refunded,time_decay,tiktok,1,1,1,1.0,77.8,77.8
ord_9b3795e4,cust_213d9be1,2024-01-25 21:47:05,paid,last_touch,direct,1,1,1,1.0,57.18,57.18
ord_9b3795e4,cust_213d9be1,2024-01-25 21:47:05,paid,first_touch,organic,1,1,1,1.0,57.18,57.18
ord_9b3795e4,cust_213d9be1,2024-01-25 21:47:05,paid,linear,organic,1,1,1,1.0,57.18,57.18
ord_9b3795e4,cust_213d9be1,2024-01-25 21:47:05,paid,time_decay,organic,1,1,1,1.0,57.18,57.18
ord_fc24c48c,cust_ee52727f,2024-01-25 09:49:34,paid,last_touch,tiktok,1,1,1,1.0,139.8,139.8
ord_fc24c48c,cust_ee52727f,2024-01-25 09:49:34,paid,first_touch,tiktok,1,1,1,1.0,139.8,139.8
ord_fc24c48c,cust_ee52727f,2024-01-25 09:49:34,paid,linear,tiktok,1,1,1,1.0,139.8,139.8
ord_fc24c48c,cust_ee52727f,2024-01-25 09:49:34,paid,time_decay,tiktok,1,1,1,1.0,139.8,139.8
ord_417a97dd,cust_2b57b4cb,2024-01-25 23:54:10,paid,last_touch,organic,1,1,1,1.0,119.52,119.52
ord_417a97dd,cust_2b57b4cb,2024-01-25 23:54:10,paid,first_touch,organic,1,1,1,1.0,119.52,119.52
ord_417a97dd,cust_2b57b4cb,2024-01-25 23:54:10,paid,linear,organic,1,1,1,1.0,119.52,119.52
ord_417a97dd,cust_2b57b4cb,2024-01-25 23:54:10,paid,time_decay,organic,1,1,1,1.0,119.52,119.52
ord_26450d37,cust_71eb9a2c,2024-01-25 08:35:05,paid,last_touch,direct,1,1,1,1.0,67.07,67.07
ord_26450d37,cust_71eb9a2c,2024-01-25 08:35:05,paid,first_touch,google,1,1,1,1.0,67.07,67.07
ord_26450d37,cust_71eb9a2c,2024-01-25 08:35:05,paid,linear,google,1,1,1,1.0,67.07,67.07
ord_26450d37,cust_71eb9a2c,2024-01-25 08:35:05,paid,time_decay,google,1,1,1,1.0,67.07,67.07
ord_b45cc0d1,cust_82260237,2024-01-25 07:24:39,paid,last_touch,direct,1,1,1,1.0,84.04,84.04
ord_b45cc0d1,cust_82260237,2024-01-25 07:24:39,paid,first_touch,direct,1,1,1,1.0,84.04,84.04
ord_b45cc0d1,cust_82260237,2024-01-25 07:24:39,paid,linear,direct,1,1,1,1.0,84.04,84.04
ord_b45cc0d1,cust_82260237,2024-01-25 07:24:39,paid,time_decay,direct,1,1,1,1.0,84.04,84.04
ord_c858ba74,cust_1f732281,2024-01-25 00:32:55,paid,last_touch,tiktok,1,1,1,1.0,204.86,204.86
ord_c858ba74,cust_1f732281,2024-01-25 00:32:55,paid,first_touch,tiktok,1,1,1,1.0,204.86,204.86
ord_c858ba74,cust_1f732281,2024-01-25 00:32:55,paid,linear,tiktok,1,1,1,1.0,204.86,204.86
ord_c858ba74,cust_1f732281,2024-01-25 00:32:55,paid,time_decay,tiktok,1,1,1,1.0,204.86,204.86
ord_2ed2a7b0,cust_48aeafd3,2024-01-26 23:05:18,paid,last_touch,direct,1,1,1,1.0,54.88,54.88
ord_2ed2a7b0,cust_48aeafd3,2024-01-26 23:05:18,paid,first_touch,meta,1,1,1,1.0,54.88,54.88
ord_2ed2a7b0,cust_48aeafd3,2024-01-26 23:05:18,paid,linear,meta,1,1,1,1.0,54.88,54.88
ord_2ed2a7b0,cust_48aeafd3,2024-01-26 23:05:18,paid,time_decay,meta,1,1,1,1.0,54.88,54.88
ord_9de4bca7,cust_fb7ed4d6,2024-01-27 12:06:29,paid,last_touch,direct,1,1,1,1.0,54.44,54.44
ord_9de4bca7,cust_fb7ed4d6,2024-01-27 12:06:29,paid,first_touch,email,1,1,1,1.0,54.44,54.44
ord_9de4bca7,cust_fb7ed4d6,2024-01-27 12:06:29,paid,linear,email,1,1,1,1.0,54.44,54.44
ord_9de4bca7,cust_fb7ed4d6,2024-01-27 12:06:29,paid,time_decay,email,1,1,1,1.0,54.44,54.44
ord_7cf1c1a6,cust_7305157b,2024-01-27 15:27:04,paid,last_touch,direct,1,1,1,1.0,78.68,78.68
ord_7cf1c1a6,cust_7305157b,2024-01-27 15:27:04,paid,first_touch,google,1,1,1,1.0,78.68,78.68
ord_7cf1c1a6,cust_7305157b,2024-01-27 15:27:04,paid,linear,google,1,1,1,1.0,78.68,78.68
ord_7cf1c1a6,cust_7305157b,2024-01-27 15:27:04,paid,time_decay,google,1,1,1,1.0,78.68,78.68
ord_a7fbb900,cust_c042971a,2024-01-27 13:40:21,paid,last_touch,google,1,1,1,1.0,41.14,41.14
ord_a7fbb900,cust_c042971a,2024-01-27 13:40:21,paid,first_touch,google,1,1,1,1.0,41.14,41.14
ord_a7fbb900,cust_c042971a,2024-01-27 13:40:21,paid,linear,google,1,1,1,1.0,41.14,41.14
ord_a7fbb900,cust_c042971a,2024-01-27 13:40:21,paid,time_decay,google,1,1,1,1.0,41.14,41.14
ord_e6943c77,cust_76ef585a,2024-01-27 21:40:52,paid,last_touch,direct,1,1,1,1.0,172.73,172.73
ord_e6943c77,cust_76ef585a,2024-01-27 21:40:52,paid,first_touch,meta,1,1,1,1.0,172.73,172.73
ord_e6943c77,cust_76ef585a,2024-01-27 21:40:52,paid,linear,meta,1,1,1,1.0,172.73,172.73
ord_e6943c77,cust_76ef585a,2024-01-27 21:40:52,paid,time_decay,meta,1,1,1,1.0,172.73,172.73
ord_9b2d6ba3,cust_986a004d,2024-01-27 18:21:40,paid,last_touch,organic,1,1,1,1.0,406.26,406.26
ord_9b2d6ba3,cust_986a004d,2024-01-27 18:21:40,paid,first_touch,organic,1,1,1,1.0,406.26,406.26
ord_9b2d6ba3,cust_986a004d,2024-01-27 18:21:40,paid,linear,organic,1,1,1,1.0,406.26,406.26
ord_9b2d6ba3,cust_986a004d,2024-01-27 18:21:40,paid,time_decay,organic,1,1,1,1.0,406.26,406.26
ord_f9182176,cust_718f9189,2024-01-27 20:16:01,refunded,last_touch,meta,1,1,1,1.0,121.46,121.46
ord_f9182176,cust_718f9189,2024-01-27 20:16:01,refunded,first_touch,meta,1,1,1,1.0,121.46,121.46
ord_f9182176,cust_718f9189,2024-01-27 20:16:01,refunded,linear,meta,1,1,1,1.0,121.46,121.46
ord_f9182176,cust_718f9189,2024-01-27 20:16:01,refunded,time_decay,meta,1,1,1,1.0,121.46,121.46
ord_2bbba4ae,cust_0b859378,2024-01-28 11:23:05,paid,last_touch,direct,1,1,1,1.0,101.7,101.7
ord_2bbba4ae,cust_0b859378,2024-01-28 11:23:05,paid,first_touch,meta,1,1,1,1.0,101.7,101.7
ord_2bbba4ae,cust_0b859378,2024-01-28 11:23:05,paid,linear,meta,1,1,1,1.0,101.7,101.7
ord_2bbba4ae,cust_0b859378,2024-01-28 11:23:05,paid,time_decay,meta,1,1,1,1.0,101.7,101.7
ord_c4552940,cust_5395703c,2024-01-28 07:40:24,paid,last_touch,meta,1,1,1,1.0,40.74,40.74
ord_c4552940,cust_5395703c,2024-01-28 07:40:24,paid,first_touch,meta,1,1,1,1.0,40.74,40.74
ord_c4552940,cust_5395703c,2024-01-28 07:40:24,paid,linear,meta,1,1,1,1.0,40.74,40.74
ord_c4552940,cust_5395703c,2024-01-28 07:40:24,paid,time_decay,meta,1,1,1,1.0,40.74,40.74
ord_c42baf18,cust_1f420123,2024-01-28 10:51:30,refunded,last_touch,direct,1,1,1,1.0,73.74,73.74
ord_c42baf18,cust_1f420123,2024-01-28 10:51:30,refunded,first_touch,organic,1,1,1,1.0,73.74,73.74
ord_c42baf18,cust_1f420123,2024-01-28 10:51:30,refunded,linear,organic,1,1,1,1.0,73.74,73.74
ord_c42baf18,cust_1f420123,2024-01-28 10:51:30,refunded,time_decay,organic,1,1,1,1.0,73.74,73.74
ord_f53a5607,cust_3ac4f63a,2024-01-29 15:46:42,paid,last_touch,direct,1,1,1,1.0,200.27,200.27
ord_f53a5607,cust_3ac4f63a,2024-01-29 15:46:42,paid,first_touch,meta,1,1,1,1.0,200.27,200.27
ord_f53a5607,cust_3ac4f63a,2024-01-29 15:46:42,paid,linear,meta,1,1,1,1.0,200.27,200.27
ord_f53a5607,cust_3ac4f63a,2024-01-29 15:46:42,paid,time_decay,meta,1,1,1,1.0,200.27,200.27
ord_41489d14,cust_03cd171d,2024-01-29 08:41:00,paid,last_touch,google,1,1,1,1.0,222.57,222.57
ord_41489d14,cust_03cd171d,2024-01-29 08:41:00,paid,first_touch,google,1,1,1,1.0,222.57,222.57
ord_41489d14,cust_03cd171d,2024-01-29 08:41:00,paid,linear,google,1,1,1,1.0,222.57,222.57
ord_41489d14,cust_03cd171d,2024-01-29 08:41:00,paid,time_decay,google,1,1,1,1.0,222.57,222.57
ord_e8426bff,cust_71ff385e,2024-01-29 11:22:28,paid,last_touch,direct,1,1,1,1.0,34.06,34.06
ord_e8426bff,cust_71ff385e,2024-01-29 11:22:28,paid,first_touch,tiktok,1,1,1,1.0,34.06,34.06
ord_e8426bff,cust_71ff385e,2024-01-29 11:22:28,paid,linear,tiktok,1,1,1,1.0,34.06,34.06
ord_e8426bff,cust_71ff385e,2024-01-29 11:22:28,paid,time_decay,tiktok,1,1,1,1.0,34.06,34.06
ord_72a1329d,cust_78ca2de3,2024-01-29 17:09:11,paid,last_touch,direct,1,1,1,1.0,33.13,33.13
ord_72a1329d,cust_78ca2de3,2024-01-29 17:09:11,paid,first_touch,direct,1,1,1,1.0,33.13,33.13
ord_72a1329d,cust_78ca2de3,2024-01-29 17:09:11,paid,linear,direct,1,1,1,1.0,33.13,33.13
ord_72a1329d,cust_78ca2de3,2024-01-29 17:09:11,paid,time_decay,direct,1,1,1,1.0,33.13,33.13
ord_70be162a,cust_772cccca,2024-01-29 07:48:29,paid,last_touch,direct,1,1,1,1.0,224.67,224.67
ord_70be162a,cust_772cccca,2024-01-29 07:48:29,paid,first_touch,direct,1,1,1,1.0,224.67,224.67
ord_70be162a,cust_772cccca,2024-01-29 07:48:29,paid,linear,direct,1,1,1,1.0,224.67,224.67
ord_70be162a,cust_772cccca,2024-01-29 07:48:29,paid,time_decay,direct,1,1,1,1.0,224.67,224.67
ord_9ca2a03f,cust_b0ec0de4,2024-01-30 16:09:39,refunded,last_touch,meta,1,1,1,1.0,137.46,137.46
ord_9ca2a03f,cust_b0ec0de4,2024-01-30 16:09:39,refunded,first_touch,meta,1,1,1,1.0,137.46,137.46
ord_9ca2a03f,cust_b0ec0de4,2024-01-30 16:09:39,refunded,linear,meta,1,1,1,1.0,137.46,137.46
ord_9ca2a03f,cust_b0ec0de4,2024-01-30 16:09:39,refunded,time_decay,meta,1,1,1,1.0,137.46,137.46
ord_df2e274d,cust_03449b09,2024-01-30 08:32:17,refunded,last_touch,direct,1,1,1,1.0,63.46,63.46
ord_df2e274d,cust_03449b09,2024-01-30 08:32:17,refunded,first_touch,direct,1,1,1,1.0,63.46,63.46
ord_df2e274d,cust_03449b09,2024-01-30 08:32:17,refunded,linear,direct,1,1,1,1.0,63.46,63.46
ord_df2e274d,cust_03449b09,2024-01-30 08:32:17,refunded,time_decay,direct,1,1,1,1.0,63.46,63.46
ord_7b6a006c,cust_b495d742,2024-01-30 08:37:25,paid,last_touch,google,1,1,1,1.0,198.03,198.03
ord_7b6a006c,cust_b495d742,2024-01-30 08:37:25,paid,first_touch,google,1,1,1,1.0,198.03,198.03
ord_7b6a006c,cust_b495d742,2024-01-30 08:37:25,paid,linear,google,1,1,1,1.0,198.03,198.03
ord_7b6a006c,cust_b495d742,2024-01-30 08:37:25,paid,time_decay,google,1,1,1,1.0,198.03,198.03
ord_67b1cf64,cust_126b7299,2024-01-30 19:19:28,refunded,last_touch,direct,1,1,1,1.0,27.64,27.64
ord_67b1cf64,cust_126b7299,2024-01-30 19:19:28,refunded,first_touch,email,1,1,1,1.0,27.64,27.64
ord_67b1cf64,cust_126b7299,2024-01-30 19:19:28,refunded,linear,email,1,1,1,1.0,27.64,27.64
ord_67b1cf64,cust_126b7299,2024-01-30 19:19:28,refunded,time_decay,email,1,1,1,1.0,27.64,27.64
ord_54e3112e,cust_71b0c9ef,2024-01-30 05:39:32,refunded,last_touch,google,1,1,1,1.0,168.55,168.55
ord_54e3112e,cust_71b0c9ef,2024-01-30 05:39:32,refunded,first_touch,google,1,1,1,1.0,168.55,168.55
ord_54e3112e,cust_71b0c9ef,2024-01-30 05:39:32,refunded,linear,google,1,1,1,1.0,168.55,168.55
ord_54e3112e,cust_71b0c9ef,2024-01-30 05:39:32,refunded,time_decay,google,1,1,1,1.0,168.55,168.55
ord_21611a7f,cust_5ea27ce9,2024-01-31 19:34:53,paid,last_touch,google,1,1,1,1.0,95.69,95.69
ord_21611a7f,cust_5ea27ce9,2024-01-31 19:34:53,paid,first_touch,google,1,1,1,1.0,95.69,95.69
ord_21611a7f,cust_5ea27ce9,2024-01-31 19:34:53,paid,linear,google,1,1,1,1.0,95.69,95.69
ord_21611a7f,cust_5ea27ce9,2024-01-31 19:34:53,paid,time_decay,google,1,1,1,1.0,95.69,95.69
ord_63686cf5,cust_5a0bf653,2024-01-31 09:33:11,paid,last_touch,email,1,1,1,1.0,192.61,192.61
ord_63686cf5,cust_5a0bf653,2024-01-31 09:33:11,paid,first_touch,email,1,1,1,1.0,192.61,192.61
ord_63686cf5,cust_5a0bf653,2024-01-31 09:33:11,paid,linear,email,1,1,1,1.0,192.61,192.61
ord_63686cf5,cust_5a0bf653,2024-01-31 09:33:11,paid,time_decay,email,1,1,1,1.0,192.61,192.61
ord_179372e5,cust_3180aaff,2024-01-31 13:55:18,refunded,last_touch,email,1,1,1,1.0,94.15,94.15
ord_179372e5,cust_3180aaff,2024-01-31 13:55:18,refunded,first_touch,email,1,1,1,1.0,94.15,94.15
ord_179372e5,cust_3180aaff,2024-01-31 13:55:18,refunded,linear,email,1,1,1,1.0,94.15,94.15
ord_179372e5,cust_3180aaff,2024-01-31 13:55:18,refunded,time_decay,email,1,1,1,1.0,94.15,94.15
ord_f3d26cd3,cust_324781ab,2024-01-31 02:41:26,paid,last_touch,google,1,1,1,1.0,31.22,31.22
ord_f3d26cd3,cust_324781ab,2024-01-31 02:41:26,paid,first_touch,google,1,1,1,1.0,31.22,31.22
ord_f3d26cd3,cust_324781ab,2024-01-31 02:41:26,paid,linear,google,1,1,1,1.0,31.22,31.22
ord_f3d26cd3,cust_324781ab,2024-01-31 02:41:26,paid,time_decay,google,1,1,1,1.0,31.22,31.22
ord_93cb99a8,cust_cf63f7b8,2024-01-31 22:01:16,paid,last_touch,tiktok,1,1,1,1.0,77.96,77.96
ord_93cb99a8,cust_cf63f7b8,2024-01-31 22:01:16,paid,first_touch,tiktok,1,1,1,1.0,77.96,77.96
ord_93cb99a8,cust_cf63f7b8,2024-01-31 22:01:16,paid,linear,tiktok,1,1,1,1.0,77.96,77.96
ord_93cb99a8,cust_cf63f7b8,2024-01-31 22:01:16,paid,time_decay,tiktok,1,1,1,1.0,77.96,77.96
ord_6910b81b,cust_653282fa,2024-01-31 15:35:46,paid,last_touch,google,1,1,1,1.0,59.78,59.78
ord_6910b81b,cust_653282fa,2024-01-31 15:35:46,paid,first_touch,google,1,1,1,1.0,59.78,59.78
ord_6910b81b,cust_653282fa,2024-01-31 15:35:46,paid,linear,google,1,1,1,1.0,59.78,59.78
ord_6910b81b,cust_653282fa,2024-01-31 15:35:46,paid,time_decay,google,1,1,1,1.0,59.78,59.78
ord_597fc66d,cust_ebbc3d19,2024-01-31 11:33:05,paid,last_touch,meta,1,1,1,1.0,248.99,248.99
ord_597fc66d,cust_ebbc3d19,2024-01-31 11:33:05,paid,first_touch,meta,1,1,1,1.0,248.99,248.99
ord_597fc66d,cust_ebbc3d19,2024-01-31 11:33:05,paid,linear,meta,1,1,1,1.0,248.99,248.99
ord_597fc66d,cust_ebbc3d19,2024-01-31 11:33:05,paid,time_decay,meta,1,1,1,1.0,248.99,248.99
ord_8ae5212f,cust_4810036b,2024-02-01 21:31:10,paid,last_touch,direct,1,1,1,1.0,160.31,160.31
ord_8ae5212f,cust_4810036b,2024-02-01 21:31:10,paid,first_touch,tiktok,1,1,1,1.0,160.31,160.31
ord_8ae5212f,cust_4810036b,2024-02-01 21:31:10,paid,linear,tiktok,1,1,1,1.0,160.31,160.31
ord_8ae5212f,cust_4810036b,2024-02-01 21:31:10,paid,time_decay,tiktok,1,1,1,1.0,160.31,160.31
ord_824b226e,cust_28f60767,2024-02-01 13:35:44,paid,last_touch,direct,1,1,1,1.0,45.53,45.53
ord_824b226e,cust_28f60767,2024-02-01 13:35:44,paid,first_touch,organic,1,1,1,1.0,45.53,45.53
ord_824b226e,cust_28f60767,2024-02-01 13:35:44,paid,linear,organic,1,1,1,1.0,45.53,45.53
ord_824b226e,cust_28f60767,2024-02-01 13:35:44,paid,time_decay,organic,1,1,1,1.0,45.53,45.53
ord_22c39b6c,cust_970bcee5,2024-02-01 12:22:37,paid,last_touch,direct,1,1,1,1.0,73.73,73.73
ord_22c39b6c,cust_970bcee5,2024-02-01 12:22:37,paid,first_touch,direct,1,1,1,1.0,73.73,73.73
ord_22c39b6c,cust_970bcee5,2024-02-01 12:22:37,paid,linear,direct,1,1,1,1.0,73.73,73.73
ord_22c39b6c,cust_970bcee5,2024-02-01 12:22:37,paid,time_decay,direct,1,1,1,1.0,73.73,73.73
ord_c08e9033,cust_512529ee,2024-02-01 08:36:17,paid,last_touch,google,1,1,1,1.0,283.36,283.36
ord_c08e9033,cust_512529ee,2024-02-01 08:36:17,paid,first_touch,google,1,1,1,1.0,283.36,283.36
ord_c08e9033,cust_512529ee,2024-02-01 08:36:17,paid,linear,google,1,1,1,1.0,283.36,283.36
ord_c08e9033,cust_512529ee,2024-02-01 08:36:17,paid,time_decay,google,1,1,1,1.0,283.36,283.36
ord_c34917aa,cust_99f1d15b,2024-02-01 08:55:18,paid,last_touch,direct,1,1,1,1.0,81.83,81.83
ord_c34917aa,cust_99f1d15b,2024-02-01 08:55:18,paid,first_touch,organic,1,1,1,1.0,81.83,81.83
ord_c34917aa,cust_99f1d15b,2024-02-01 08:55:18,paid,linear,organic,1,1,1,1.0,81.83,81.83
ord_c34917aa,cust_99f1d15b,2024-02-01 08:55:18,paid,time_decay,organic,1,1,1,1.0,81.83,81.83
ord_3e426226,cust_83d93c8d,2024-02-02 15:44:01,paid,last_touch,direct,1,1,1,1.0,299.18,299.18
ord_3e426226,cust_83d93c8d,2024-02-02 15:44:01,paid,first_touch,direct,1,1,1,1.0,299.18,299.18
ord_3e426226,cust_83d93c8d,2024-02-02 15:44:01,paid,linear,direct,1,1,1,1.0,299.18,299.18
ord_3e426226,cust_83d93c8d,2024-02-02 15:44:01,paid,time_decay,direct,1,1,1,1.0,299.18,299.18
ord_fb34f0fc,cust_54bbd08c,2024-02-02 06:53:13,paid,last_touch,direct,1,1,1,1.0,49.02,49.02
ord_fb34f0fc,cust_54bbd08c,2024-02-02 06:53:13,paid,first_touch,google,1,1,1,1.0,49.02,49.02
ord_fb34f0fc,cust_54bbd08c,2024-02-02 06:53:13,paid,linear,google,1,1,1,1.0,49.02,49.02
ord_fb34f0fc,cust_54bbd08c,2024-02-02 06:53:13,paid,time_decay,google,1,1,1,1.0,49.02,49.02
ord_be6f6e77,cust_c1e49c1b,2024-02-02 02:11:00,paid,last_touch,organic,1,1,1,1.0,20.77,20.77
ord_be6f6e77,cust_c1e49c1b,2024-02-02 02:11:00,paid,first_touch,organic,1,1,1,1.0,20.77,20.77
ord_be6f6e77,cust_c1e49c1b,2024-02-02 02:11:00,paid,linear,organic,1,1,1,1.0,20.77,20.77
ord_be6f6e77,cust_c1e49c1b,2024-02-02 02:11:00,paid,time_decay,organic,1,1,1,1.0,20.77,20.77
ord_6e32c8df,cust_2a91dee4,2024-02-02 10:17:59,paid,last_touch,direct,1,1,1,1.0,90.87,90.87
ord_6e32c8df,cust_2a91dee4,2024-02-02 10:17:59,paid,first_touch,direct,1,1,1,1.0,90.87,90.87
ord_6e32c8df,cust_2a91dee4,2024-02-02 10:17:59,paid,linear,direct,1,1,1,1.0,90.87,90.87
ord_6e32c8df,cust_2a91dee4,2024-02-02 10:17:59,paid,time_decay,direct,1,1,1,1.0,90.87,90.87
ord_80738f26,cust_20928140,2024-02-02 10:39:28,paid,last_touch,meta,1,1,1,1.0,53.26,53.26
ord_80738f26,cust_20928140,2024-02-02 10:39:28,paid,first_touch,meta,1,1,1,1.0,53.26,53.26
ord_80738f26,cust_20928140,2024-02-02 10:39:28,paid,linear,meta,1,1,1,1.0,53.26,53.26
ord_80738f26,cust_20928140,2024-02-02 10:39:28,paid,time_decay,meta,1,1,1,1.0,53.26,53.26
ord_fb40cf6f,cust_c14d873d,2024-02-03 08:36:04,paid,last_touch,tiktok,1,1,1,1.0,79.72,79.72
ord_fb40cf6f,cust_c14d873d,2024-02-03 08:36:04,paid,first_touch,tiktok,1,1,1,1.0,79.72,79.72
ord_fb40cf6f,cust_c14d873d,2024-02-03 08:36:04,paid,linear,tiktok,1,1,1,1.0,79.72,79.72
ord_fb40cf6f,cust_c14d873d,2024-02-03 08:36:04,paid,time_decay,tiktok,1,1,1,1.0,79.72,79.72
ord_fa6c77fc,cust_be1c483a,2024-02-03 21:36:04,paid,last_touch,organic,1,1,1,1.0,142.09,142.09
ord_fa6c77fc,cust_be1c483a,2024-02-03 21:36:04,paid,first_touch,organic,1,1,1,1.0,142.09,142.09
ord_fa6c77fc,cust_be1c483a,2024-02-03 21:36:04,paid,linear,organic,1,1,1,1.0,142.09,142.09
ord_fa6c77fc,cust_be1c483a,2024-02-03 21:36:04,paid,time_decay,organic,1,1,1,1.0,142.09,142.09
ord_acd13bea,cust_e71148dd,2024-02-04 11:50:27,refunded,last_touch,tiktok,1,1,1,1.0,96.31,96.31
ord_acd13bea,cust_e71148dd,2024-02-04 11:50:27,refunded,first_touch,tiktok,1,1,1,1.0,96.31,96.31
ord_acd13bea,cust_e71148dd,2024-02-04 11:50:27,refunded,linear,tiktok,1,1,1,1.0,96.31,96.31
ord_acd13bea,cust_e71148dd,2024-02-04 11:50:27,refunded,time_decay,tiktok,1,1,1,1.0,96.31,96.31
ord_d5271c6b,cust_17f744c9,2024-02-04 19:09:31,paid,last_touch,direct,1,1,1,1.0,203.78,203.78
ord_d5271c6b,cust_17f744c9,2024-02-04 19:09:31,paid,first_touch,organic,1,1,1,1.0,203.78,203.78
ord_d5271c6b,cust_17f744c9,2024-02-04 19:09:31,paid,linear,organic,1,1,1,1.0,203.78,203.78
ord_d5271c6b,cust_17f744c9,2024-02-04 19:09:31,paid,time_decay,organic,1,1,1,1.0,203.78,203.78
ord_251d272f,cust_dff1198c,2024-02-04 18:40:35,paid,last_touch,organic,1,1,1,1.0,39.46,39.46
ord_251d272f,cust_dff1198c,2024-02-04 18:40:35,paid,first_touch,organic,1,1,1,1.0,39.46,39.46
ord_251d272f,cust_dff1198c,2024-02-04 18:40:35,paid,linear,organic,1,1,1,1.0,39.46,39.46
ord_251d272f,cust_dff1198c,2024-02-04 18:40:35,paid,time_decay,organic,1,1,1,1.0,39.46,39.46
ord_186edd0e,cust_7ab2672f,2024-02-04 12:04:38,refunded,last_touch,meta,1,1,1,1.0,49.64,49.64
ord_186edd0e,cust_7ab2672f,2024-02-04 12:04:38,refunded,first_touch,meta,1,1,1,1.0,49.64,49.64
ord_186edd0e,cust_7ab2672f,2024-02-04 12:04:38,refunded,linear,meta,1,1,1,1.0,49.64,49.64
ord_186edd0e,cust_7ab2672f,2024-02-04 12:04:38,refunded,time_decay,meta,1,1,1,1.0,49.64,49.64
ord_cbfe9315,cust_a38c7a42,2024-02-04 15:21:35,paid,last_touch,meta,1,1,1,1.0,51.48,51.48
ord_cbfe9315,cust_a38c7a42,2024-02-04 15:21:35,paid,first_touch,meta,1,1,1,1.0,51.48,51.48
ord_cbfe9315,cust_a38c7a42,2024-02-04 15:21:35,paid,linear,meta,1,1,1,1.0,51.48,51.48
ord_cbfe9315,cust_a38c7a42,2024-02-04 15:21:35,paid,time_decay,meta,1,1,1,1.0,51.48,51.48
ord_cd8d7c9e,cust_45cb4344,2024-02-04 11:45:00,paid,last_touch,direct,1,1,1,1.0,115.5,115.5
ord_cd8d7c9e,cust_45cb4344,2024-02-04 11:45:00,paid,first_touch,google,1,1,1,1.0,115.5,115.5
ord_cd8d7c9e,cust_45cb4344,2024-02-04 11:45:00,paid,linear,google,1,1,1,1.0,115.5,115.5
ord_cd8d7c9e,cust_45cb4344,2024-02-04 11:45:00,paid,time_decay,google,1,1,1,1.0,115.5,115.5
ord_088e30ed,cust_40079784,2024-02-04 07:54:50,paid,last_touch,direct,1,1,1,1.0,95.32,95.32
ord_088e30ed,cust_40079784,2024-02-04 07:54:50,paid,first_touch,tiktok,1,1,1,1.0,95.32,95.32
ord_088e30ed,cust_40079784,2024-02-04 07:54:50,paid,linear,tiktok,1,1,1,1.0,95.32,95.32
ord_088e30ed,cust_40079784,2024-02-04 07:54:50,paid,time_decay,tiktok,1,1,1,1.0,95.32,95.32
ord_046e04c5,cust_ec7e2551,2024-02-04 19:36:56,paid,last_touch,direct,1,1,1,1.0,127.5,127.5
ord_046e04c5,cust_ec7e2551,2024-02-04 19:36:56,paid,first_touch,google,1,1,1,1.0,127.5,127.5
ord_046e04c5,cust_ec7e2551,2024-02-04 19:36:56,paid,linear,google,1,1,1,1.0,127.5,127.5
ord_046e04c5,cust_ec7e2551,2024-02-04 19:36:56,paid,time_decay,google,1,1,1,1.0,127.5,127.5
ord_93902d8b,cust_6ffd9a72,2024-02-05 22:41:15,paid,last_touch,google,1,1,1,1.0,77.1,77.1
ord_93902d8b,cust_6ffd9a72,2024-02-05 22:41:15,paid,first_touch,google,1,1,1,1.0,77.1,77.1
ord_93902d8b,cust_6ffd9a72,2024-02-05 22:41:15,paid,linear,google,1,1,1,1.0,77.1,77.1
ord_93902d8b,cust_6ffd9a72,2024-02-05 22:41:15,paid,time_decay,google,1,1,1,1.0,77.1,77.1
ord_4f032828,cust_7d736f75,2024-02-05 09:44:49,paid,last_touch,direct,1,1,1,1.0,152.96,152.96
ord_4f032828,cust_7d736f75,2024-02-05 09:44:49,paid,first_touch,organic,1,1,1,1.0,152.96,152.96
ord_4f032828,cust_7d736f75,2024-02-05 09:44:49,paid,linear,organic,1,1,1,1.0,152.96,152.96
ord_4f032828,cust_7d736f75,2024-02-05 09:44:49,paid,time_decay,organic,1,1,1,1.0,152.96,152.96
ord_7711a994,cust_33515331,2024-02-05 18:28:00,paid,last_touch,organic,1,1,1,1.0,183.56,183.56
ord_7711a994,cust_33515331,2024-02-05 18:28:00,paid,first_touch,organic,1,1,1,1.0,183.56,183.56
ord_7711a994,cust_33515331,2024-02-05 18:28:00,paid,linear,organic,1,1,1,1.0,183.56,183.56
ord_7711a994,cust_33515331,2024-02-05 18:28:00,paid,time_decay,organic,1,1,1,1.0,183.56,183.56
ord_fc41e0ff,cust_f822c644,2024-02-05 15:30:48,paid,last_touch,email,1,1,1,1.0,131.31,131.31
ord_fc41e0ff,cust_f822c644,2024-02-05 15:30:48,paid,first_touch,email,1,1,1,1.0,131.31,131.31
ord_fc41e0ff,cust_f822c644,2024-02-05 15:30:48,paid,linear,email,1,1,1,1.0,131.31,131.31
ord_fc41e0ff,cust_f822c644,2024-02-05 15:30:48,paid,time_decay,email,1,1,1,1.0,131.31,131.31
ord_696956fa,cust_2f4f147b,2024-02-06 21:44:37,paid,last_touch,direct,1,1,1,1.0,60.56,60.56
ord_696956fa,cust_2f4f147b,2024-02-06 21:44:37,paid,first_touch,direct,1,1,1,1.0,60.56,60.56
ord_696956fa,cust_2f4f147b,2024-02-06 21:44:37,paid,linear,direct,1,1,1,1.0,60.56,60.56
ord_696956fa,cust_2f4f147b,2024-02-06 21:44:37,paid,time_decay,direct,1,1,1,1.0,60.56,60.56
ord_8c0a8ee2,cust_4e65c89e,2024-02-06 16:20:28,paid,last_touch,meta,1,1,1,1.0,190.06,190.06
ord_8c0a8ee2,cust_4e65c89e,2024-02-06 16:20:28,paid,first_touch,meta,1,1,1,1.0,190.06,190.06
ord_8c0a8ee2,cust_4e65c89e,2024-02-06 16:20:28,paid,linear,meta,1,1,1,1.0,190.06,190.06
ord_8c0a8ee2,cust_4e65c89e,2024-02-06 16:20:28,paid,time_decay,meta,1,1,1,1.0,190.06,190.06
ord_1883dffc,cust_044f0a3e,2024-02-06 22:20:15,paid,last_touch,direct,1,1,1,1.0,86.71,86.71
ord_1883dffc,cust_044f0a3e,2024-02-06 22:20:15,paid,first_touch,direct,1,1,1,1.0,86.71,86.71
ord_1883dffc,cust_044f0a3e,2024-02-06 22:20:15,paid,linear,direct,1,1,1,1.0,86.71,86.71
ord_1883dffc,cust_044f0a3e,2024-02-06 22:20:15,paid,time_decay,direct,1,1,1,1.0,86.71,86.71
ord_56f149c2,cust_1bc1c2b3,2024-02-06 02:20:09,paid,last_touch,meta,1,1,1,1.0,90.49,90.49
ord_56f149c2,cust_1bc1c2b3,2024-02-06 02:20:09,paid,first_touch,meta,1,1,1,1.0,90.49,90.49
ord_56f149c2,cust_1bc1c2b3,2024-02-06 02:20:09,paid,linear,meta,1,1,1,1.0,90.49,90.49
ord_56f149c2,cust_1bc1c2b3,2024-02-06 02:20:09,paid,time_decay,meta,1,1,1,1.0,90.49,90.49
ord_dbc09608,cust_ecd81674,2024-02-06 15:49:04,chargeback,last_touch,direct,1,1,1,1.0,206.24,206.24
ord_dbc09608,cust_ecd81674,2024-02-06 15:49:04,chargeback,first_touch,tiktok,1,1,1,1.0,206.24,206.24
ord_dbc09608,cust_ecd81674,2024-02-06 15:49:04,chargeback,linear,tiktok,1,1,1,1.0,206.24,206.24
ord_dbc09608,cust_ecd81674,2024-02-06 15:49:04,chargeback,time_decay,tiktok,1,1,1,1.0,206.24,206.24
ord_8fd24ddf,cust_27416f26,2024-02-07 21:36:35,paid,last_touch,tiktok,1,1,1,1.0,73.17,73.17
ord_8fd24ddf,cust_27416f26,2024-02-07 21:36:35,paid,first_touch,tiktok,1,1,1,1.0,73.17,73.17
ord_8fd24ddf,cust_27416f26,2024-02-07 21:36:35,paid,linear,tiktok,1,1,1,1.0,73.17,73.17
ord_8fd24ddf,cust_27416f26,2024-02-07 21:36:35,paid,time_decay,tiktok,1,1,1,1.0,73.17,73.17
ord_dfa08cba,cust_ec88d812,2024-02-07 17:23:01,paid,last_touch,organic,1,1,1,1.0,81.81,81.81
ord_dfa08cba,cust_ec88d812,2024-02-07 17:23:01,paid,first_touch,organic,1,1,1,1.0,81.81,81.81
ord_dfa08cba,cust_ec88d812,2024-02-07 17:23:01,paid,linear,organic,1,1,1,1.0,81.81,81.81
ord_dfa08cba,cust_ec88d812,2024-02-07 17:23:01,paid,time_decay,organic,1,1,1,1.0,81.81,81.81
ord_04852b85,cust_46f943ee,2024-02-07 15:47:12,paid,last_touch,direct,1,1,1,1.0,81.82,81.82
ord_04852b85,cust_46f943ee,2024-02-07 15:47:12,paid,first_touch,direct,1,1,1,1.0,81.82,81.82
ord_04852b85,cust_46f943ee,2024-02-07 15:47:12,paid,linear,direct,1,1,1,1.0,81.82,81.82
ord_04852b85,cust_46f943ee,2024-02-07 15:47:12,paid,time_decay,direct,1,1,1,1.0,81.82,81.82
ord_1dafd8da,cust_739128f7,2024-02-07 10:03:28,paid,last_touch,direct,1,1,1,1.0,160.83,160.83
ord_1dafd8da,cust_739128f7,2024-02-07 10:03:28,paid,first_touch,tiktok,1,1,1,1.0,160.83,160.83
ord_1dafd8da,cust_739128f7,2024-02-07 10:03:28,paid,linear,tiktok,1,1,1,1.0,160.83,160.83
ord_1dafd8da,cust_739128f7,2024-02-07 10:03:28,paid,time_decay,tiktok,1,1,1,1.0,160.83,160.83
ord_e8babe93,cust_fd19c8fb,2024-02-08 08:25:47,paid,last_touch,email,1,1,1,1.0,208.82,208.82
ord_e8babe93,cust_fd19c8fb,2024-02-08 08:25:47,paid,first_touch,email,1,1,1,1.0,208.82,208.82
ord_e8babe93,cust_fd19c8fb,2024-02-08 08:25:47,paid,linear,email,1,1,1,1.0,208.82,208.82
ord_e8babe93,cust_fd19c8fb,2024-02-08 08:25:47,paid,time_decay,email,1,1,1,1.0,208.82,208.82
ord_e76fda79,cust_eb3cfec4,2024-02-08 21:49:35,paid,last_touch,organic,1,1,1,1.0,42.03,42.03
ord_e76fda79,cust_eb3cfec4,2024-02-08 21:49:35,paid,first_touch,organic,1,1,1,1.0,42.03,42.03
ord_e76fda79,cust_eb3cfec4,2024-02-08 21:49:35,paid,linear,organic,1,1,1,1.0,42.03,42.03
ord_e76fda79,cust_eb3cfec4,2024-02-08 21:49:35,paid,time_decay,organic,1,1,1,1.0,42.03,42.03
ord_88a954e7,cust_631c0a98,2024-02-08 12:13:53,paid,last_touch,direct,1,1,1,1.0,99.98,99.98
ord_88a954e7,cust_631c0a98,2024-02-08 12:13:53,paid,first_touch,tiktok,1,1,1,1.0,99.98,99.98
ord_88a954e7,cust_631c0a98,2024-02-08 12:13:53,paid,linear,tiktok,1,1,1,1.0,99.98,99.98
ord_88a954e7,cust_631c0a98,2024-02-08 12:13:53,paid,time_decay,tiktok,1,1,1,1.0,99.98,99.98
ord_c5144a7a,cust_aff8fa47,2024-02-09 12:49:14,paid,last_touch,google,1,1,1,1.0,67.07,67.07
ord_c5144a7a,cust_aff8fa47,2024-02-09 12:49:14,paid,first_touch,google,1,1,1,1.0,67.07,67.07
ord_c5144a7a,cust_aff8fa47,2024-02-09 12:49:14,paid,linear,google,1,1,1,1.0,67.07,67.07
ord_c5144a7a,cust_aff8fa47,2024-02-09 12:49:14,paid,time_decay,google,1,1,1,1.0,67.07,67.07
ord_fd7bff2c,cust_93292c26,2024-02-09 09:48:28,paid,last_touch,google,1,1,1,1.0,53.66,53.66
ord_fd7bff2c,cust_93292c26,2024-02-09 09:48:28,paid,first_touch,google,1,1,1,1.0,53.66,53.66
ord_fd7bff2c,cust_93292c26,2024-02-09 09:48:28,paid,linear,google,1,1,1,1.0,53.66,53.66
ord_fd7bff2c,cust_93292c26,2024-02-09 09:48:28,paid,time_decay,google,1,1,1,1.0,53.66,53.66
ord_3ade2871,cust_e530b2d0,2024-02-09 07:51:43,paid,last_touch,tiktok,1,1,1,1.0,118.78,118.78
ord_3ade2871,cust_e530b2d0,2024-02-09 07:51:43,paid,first_touch,tiktok,1,1,1,1.0,118.78,118.78
ord_3ade2871,cust_e530b2d0,2024-02-09 07:51:43,paid,linear,tiktok,1,1,1,1.0,118.78,118.78
ord_3ade2871,cust_e530b2d0,2024-02-09 07:51:43,paid,time_decay,tiktok,1,1,1,1.0,118.78,118.78
ord_2c8da221,cust_d842ddb2,2024-02-10 09:19:26,refunded,last_touch,google,1,1,1,1.0,108.22,108.22
ord_2c8da221,cust_d842ddb2,2024-02-10 09:19:26,refunded,first_touch,google,1,1,1,1.0,108.22,108.22
ord_2c8da221,cust_d842ddb2,2024-02-10 09:19:26,refunded,linear,google,1,1,1,1.0,108.22,108.22
ord_2c8da221,cust_d842ddb2,2024-02-10 09:19:26,refunded,time_decay,google,1,1,1,1.0,108.22,108.22
ord_0a67aece,cust_725543b3,2024-02-10 18:35:39,paid,last_touch,tiktok,1,1,1,1.0,147.47,147.47
ord_0a67aece,cust_725543b3,2024-02-10 18:35:39,paid,first_touch,tiktok,1,1,1,1.0,147.47,147.47
ord_0a67aece,cust_725543b3,2024-02-10 18:35:39,paid,linear,tiktok,1,1,1,1.0,147.47,147.47
ord_0a67aece,cust_725543b3,2024-02-10 18:35:39,paid,time_decay,tiktok,1,1,1,1.0,147.47,147.47
ord_eef00cb9,cust_6df0cf50,2024-02-10 17:46:23,paid,last_touch,organic,1,1,1,1.0,140.84,140.84
ord_eef00cb9,cust_6df0cf50,2024-02-10 17:46:23,paid,first_touch,organic,1,1,1,1.0,140.84,140.84
ord_eef00cb9,cust_6df0cf50,2024-02-10 17:46:23,paid,linear,organic,1,1,1,1.0,140.84,140.84
ord_eef00cb9,cust_6df0cf50,2024-02-10 17:46:23,paid,time_decay,organic,1,1,1,1.0,140.84,140.84
ord_015f5961,cust_e3945d49,2024-02-10 08:00:01,paid,last_touch,email,1,1,1,1.0,82.07,82.07
ord_015f5961,cust_e3945d49,2024-02-10 08:00:01,paid,first_touch,email,1,1,1,1.0,82.07,82.07
ord_015f5961,cust_e3945d49,2024-02-10 08:00:01,paid,linear,email,1,1,1,1.0,82.07,82.07
ord_015f5961,cust_e3945d49,2024-02-10 08:00:01,paid,time_decay,email,1,1,1,1.0,82.07,82.07
ord_ee0c0516,cust_9883001c,2024-02-10 08:20:16,paid,last_touch,google,1,1,1,1.0,85.2,85.2
ord_ee0c0516,cust_9883001c,2024-02-10 08:20:16,paid,first_touch,google,1,1,1,1.0,85.2,85.2
ord_ee0c0516,cust_9883001c,2024-02-10 08:20:16,paid,linear,google,1,1,1,1.0,85.2,85.2
ord_ee0c0516,cust_9883001c,2024-02-10 08:20:16,paid,time_decay,google,1,1,1,1.0,85.2,85.2
ord_1854ceb4,cust_f13b0548,2024-02-11 10:43:00,paid,last_touch,direct,1,1,1,1.0,50.95,50.95
ord_1854ceb4,cust_f13b0548,2024-02-11 10:43:00,paid,first_touch,direct,1,1,1,1.0,50.95,50.95
ord_1854ceb4,cust_f13b0548,2024-02-11 10:43:00,paid,linear,direct,1,1,1,1.0,50.95,50.95
ord_1854ceb4,cust_f13b0548,2024-02-11 10:43:00,paid,time_decay,direct,1,1,1,1.0,50.95,50.95
ord_a2182ea2,cust_567ca1a1,2024-02-11 18:30:16,paid,last_touch,google,1,1,1,1.0,46.01,46.01
ord_a2182ea2,cust_567ca1a1,2024-02-11 18:30:16,paid,first_touch,google,1,1,1,1.0,46.01,46.01
ord_a2182ea2,cust_567ca1a1,2024-02-11 18:30:16,paid,linear,google,1,1,1,1.0,46.01,46.01
ord_a2182ea2,cust_567ca1a1,2024-02-11 18:30:16,paid,time_decay,google,1,1,1,1.0,46.01,46.01
ord_fd3623bf,cust_9a94c081,2024-02-11 23:03:07,paid,last_touch,email,1,1,1,1.0,50.2,50.2
ord_fd3623bf,cust_9a94c081,2024-02-11 23:03:07,paid,first_touch,email,1,1,1,1.0,50.2,50.2
ord_fd3623bf,cust_9a94c081,2024-02-11 23:03:07,paid,linear,email,1,1,1,1.0,50.2,50.2
ord_fd3623bf,cust_9a94c081,2024-02-11 23:03:07,paid,time_decay,email,1,1,1,1.0,50.2,50.2
ord_09e1d544,cust_14b9948a,2024-02-12 12:50:14,paid,last_touch,direct,1,1,1,1.0,130.83,130.83
ord_09e1d544,cust_14b9948a,2024-02-12 12:50:14,paid,first_touch,direct,1,1,1,1.0,130.83,130.83
ord_09e1d544,cust_14b9948a,2024-02-12 12:50:14,paid,linear,direct,1,1,1,1.0,130.83,130.83
ord_09e1d544,cust_14b9948a,2024-02-12 12:50:14,paid,time_decay,direct,1,1,1,1.0,130.83,130.83
ord_65f6e80d,cust_2b126e0c,2024-02-12 20:28:00,paid,last_touch,direct,1,1,1,1.0,201.46,201.46
ord_65f6e80d,cust_2b126e0c,2024-02-12 20:28:00,paid,first_touch,organic,1,1,1,1.0,201.46,201.46
ord_65f6e80d,cust_2b126e0c,2024-02-12 20:28:00,paid,linear,organic,1,1,1,1.0,201.46,201.46
ord_65f6e80d,cust_2b126e0c,2024-02-12 20:28:00,paid,time_decay,organic,1,1,1,1.0,201.46,201.46
ord_64f613d9,cust_c58435e5,2024-02-12 19:18:17,paid,last_touch,google,1,1,1,1.0,121.85,121.85
ord_64f613d9,cust_c58435e5,2024-02-12 19:18:17,paid,first_touch,google,1,1,1,1.0,121.85,121.85
ord_64f613d9,cust_c58435e5,2024-02-12 19:18:17,paid,linear,google,1,1,1,1.0,121.85,121.85
ord_64f613d9,cust_c58435e5,2024-02-12 19:18:17,paid,time_decay,google,1,1,1,1.0,121.85,121.85
ord_12ad8478,cust_f235577d,2024-02-12 09:01:10,paid,last_touch,tiktok,1,1,1,1.0,83.97,83.97
ord_12ad8478,cust_f235577d,2024-02-12 09:01:10,paid,first_touch,tiktok,1,1,1,1.0,83.97,83.97
ord_12ad8478,cust_f235577d,2024-02-12 09:01:10,paid,linear,tiktok,1,1,1,1.0,83.97,83.97
ord_12ad8478,cust_f235577d,2024-02-12 09:01:10,paid,time_decay,tiktok,1,1,1,1.0,83.97,83.97
ord_5ea2094b,cust_3dfdfadf,2024-02-12 20:24:51,paid,last_touch,direct,1,1,1,1.0,50.66,50.66
ord_5ea2094b,cust_3dfdfadf,2024-02-12 20:24:51,paid,first_touch,organic,1,1,1,1.0,50.66,50.66
ord_5ea2094b,cust_3dfdfadf,2024-02-12 20:24:51,paid,linear,organic,1,1,1,1.0,50.66,50.66
ord_5ea2094b,cust_3dfdfadf,2024-02-12 20:24:51,paid,time_decay,organic,1,1,1,1.0,50.66,50.66
ord_88c76cae,cust_83f28ab8,2024-02-13 16:04:32,paid,last_touch,direct,1,1,1,1.0,117.92,117.92
ord_88c76cae,cust_83f28ab8,2024-02-13 16:04:32,paid,first_touch,direct,1,1,1,1.0,117.92,117.92
ord_88c76cae,cust_83f28ab8,2024-02-13 16:04:32,paid,linear,direct,1,1,1,1.0,117.92,117.92
ord_88c76cae,cust_83f28ab8,2024-02-13 16:04:32,paid,time_decay,direct,1,1,1,1.0,117.92,117.92
ord_5692af64,cust_f4495334,2024-02-13 10:12:14,paid,last_touch,tiktok,1,1,1,1.0,74.32,74.32
ord_5692af64,cust_f4495334,2024-02-13 10:12:14,paid,first_touch,tiktok,1,1,1,1.0,74.32,74.32
ord_5692af64,cust_f4495334,2024-02-13 10:12:14,paid,linear,tiktok,1,1,1,1.0,74.32,74.32
ord_5692af64,cust_f4495334,2024-02-13 10:12:14,paid,time_decay,tiktok,1,1,1,1.0,74.32,74.32
ord_3717b203,cust_4ffd9b05,2024-02-13 17:57:47,paid,last_touch,email,1,1,1,1.0,227.4,227.4
ord_3717b203,cust_4ffd9b05,2024-02-13 17:57:47,paid,first_touch,email,1,1,1,1.0,227.4,227.4
ord_3717b203,cust_4ffd9b05,2024-02-13 17:57:47,paid,linear,email,1,1,1,1.0,227.4,227.4
ord_3717b203,cust_4ffd9b05,2024-02-13 17:57:47,paid,time_decay,email,1,1,1,1.0,227.4,227.4
ord_2acdcf4f,cust_2925af18,2024-02-14 08:36:05,paid,last_touch,organic,1,1,1,1.0,232.09,232.09
ord_2acdcf4f,cust_2925af18,2024-02-14 08:36:05,paid,first_touch,organic,1,1,1,1.0,232.09,232.09
ord_2acdcf4f,cust_2925af18,2024-02-14 08:36:05,paid,linear,organic,1,1,1,1.0,232.09,232.09
ord_2acdcf4f,cust_2925af18,2024-02-14 08:36:05,paid,time_decay,organic,1,1,1,1.0,232.09,232.09
ord_5cd67269,cust_d5c02e47,2024-02-14 06:38:33,paid,last_touch,meta,1,1,1,1.0,56.05,56.05
ord_5cd67269,cust_d5c02e47,2024-02-14 06:38:33,paid,first_touch,meta,1,1,1,1.0,56.05,56.05
ord_5cd67269,cust_d5c02e47,2024-02-14 06:38:33,paid,linear,meta,1,1,1,1.0,56.05,56.05
ord_5cd67269,cust_d5c02e47,2024-02-14 06:38:33,paid,time_decay,meta,1,1,1,1.0,56.05,56.05
ord_1d2f22f3,cust_651973c0,2024-02-14 21:27:49,paid,last_touch,direct,1,1,1,1.0,167.85,167.85
ord_1d2f22f3,cust_651973c0,2024-02-14 21:27:49,paid,first_touch,direct,1,1,1,1.0,167.85,167.85
ord_1d2f22f3,cust_651973c0,2024-02-14 21:27:49,paid,linear,direct,1,1,1,1.0,167.85,167.85
ord_1d2f22f3,cust_651973c0,2024-02-14 21:27:49,paid,time_decay,direct,1,1,1,1.0,167.85,167.85
ord_e1f26916,cust_a4654993,2024-02-14 21:17:02,paid,last_touch,google,1,1,1,1.0,66.58,66.58
ord_e1f26916,cust_a4654993,2024-02-14 21:17:02,paid,first_touch,google,1,1,1,1.0,66.58,66.58
ord_e1f26916,cust_a4654993,2024-02-14 21:17:02,paid,linear,google,1,1,1,1.0,66.58,66.58
ord_e1f26916,cust_a4654993,2024-02-14 21:17:02,paid,time_decay,google,1,1,1,1.0,66.58,66.58
ord_4cfeefce,cust_f71b94cd,2024-02-14 17:59:32,paid,last_touch,google,1,1,1,1.0,37.43,37.43
ord_4cfeefce,cust_f71b94cd,2024-02-14 17:59:32,paid,first_touch,google,1,1,1,1.0,37.43,37.43
ord_4cfeefce,cust_f71b94cd,2024-02-14 17:59:32,paid,linear,google,1,1,1,1.0,37.43,37.43
ord_4cfeefce,cust_f71b94cd,2024-02-14 17:59:32,paid,time_decay,google,1,1,1,1.0,37.43,37.43
ord_75d8babd,cust_405c2206,2024-02-14 05:31:06,paid,last_touch,direct,1,1,1,1.0,86.75,86.75
ord_75d8babd,cust_405c2206,2024-02-14 05:31:06,paid,first_touch,tiktok,1,1,1,1.0,86.75,86.75
ord_75d8babd,cust_405c2206,2024-02-14 05:31:06,paid,linear,tiktok,1,1,1,1.0,86.75,86.75
ord_75d8babd,cust_405c2206,2024-02-14 05:31:06,paid,time_decay,tiktok,1,1,1,1.0,86.75,86.75
ord_c7efce44,cust_c86fb05c,2024-02-15 13:36:47,paid,last_touch,google,1,1,1,1.0,32.78,32.78
ord_c7efce44,cust_c86fb05c,2024-02-15 13:36:47,paid,first_touch,google,1,1,1,1.0,32.78,32.78
ord_c7efce44,cust_c86fb05c,2024-02-15 13:36:47,paid,linear,google,1,1,1,1.0,32.78,32.78
ord_c7efce44,cust_c86fb05c,2024-02-15 13:36:47,paid,time_decay,google,1,1,1,1.0,32.78,32.78
ord_c3c83a39,cust_39155d9f,2024-02-15 14:46:19,paid,last_touch,direct,1,1,1,1.0,63.92,63.92
ord_c3c83a39,cust_39155d9f,2024-02-15 14:46:19,paid,first_touch,direct,1,1,1,1.0,63.92,63.92
ord_c3c83a39,cust_39155d9f,2024-02-15 14:46:19,paid,linear,direct,1,1,1,1.0,63.92,63.92
ord_c3c83a39,cust_39155d9f,2024-02-15 14:46:19,paid,time_decay,direct,1,1,1,1.0,63.92,63.92
ord_230f99aa,cust_aceca183,2024-02-15 22:03:47,paid,last_touch,email,1,1,1,1.0,94.94,94.94
ord_230f99aa,cust_aceca183,2024-02-15 22:03:47,paid,first_touch,email,1,1,1,1.0,94.94,94.94
ord_230f99aa,cust_aceca183,2024-02-15 22:03:47,paid,linear,email,1,1,1,1.0,94.94,94.94
ord_230f99aa,cust_aceca183,2024-02-15 22:03:47,paid,time_decay,email,1,1,1,1.0,94.94,94.94
ord_82d77598,cust_c7aa7d0a,2024-02-15 19:18:48,paid,last_touch,google,1,1,1,1.0,42.86,42.86
ord_82d77598,cust_c7aa7d0a,2024-02-15 19:18:48,paid,first_touch,google,1,1,1,1.0,42.86,42.86
ord_82d77598,cust_c7aa7d0a,2024-02-15 19:18:48,paid,linear,google,1,1,1,1.0,42.86,42.86
ord_82d77598,cust_c7aa7d0a,2024-02-15 19:18:48,paid,time_decay,google,1,1,1,1.0,42.86,42.86
ord_b82056e2,cust_4ffe288a,2024-02-15 22:20:55,paid,last_touch,google,1,1,1,1.0,98.1,98.1
ord_b82056e2,cust_4ffe288a,2024-02-15 22:20:55,paid,first_touch,google,1,1,1,1.0,98.1,98.1
ord_b82056e2,cust_4ffe288a,2024-02-15 22:20:55,paid,linear,google,1,1,1,1.0,98.1,98.1
ord_b82056e2,cust_4ffe288a,2024-02-15 22:20:55,paid,time_decay,google,1,1,1,1.0,98.1,98.1
ord_6168352b,cust_78ccdb47,2024-02-15 12:06:31,paid,last_touch,tiktok,1,1,1,1.0,102.28,102.28
ord_6168352b,cust_78ccdb47,2024-02-15 12:06:31,paid,first_touch,tiktok,1,1,1,1.0,102.28,102.28
ord_6168352b,cust_78ccdb47,2024-02-15 12:06:31,paid,linear,tiktok,1,1,1,1.0,102.28,102.28
ord_6168352b,cust_78ccdb47,2024-02-15 12:06:31,paid,time_decay,tiktok,1,1,1,1.0,102.28,102.28
ord_b7589050,cust_2b55600f,2024-02-16 10:41:09,paid,last_touch,google,1,1,1,1.0,45.49,45.49
ord_b7589050,cust_2b55600f,2024-02-16 10:41:09,paid,first_touch,google,1,1,1,1.0,45.49,45.49
ord_b7589050,cust_2b55600f,2024-02-16 10:41:09,paid,linear,google,1,1,1,1.0,45.49,45.49
ord_b7589050,cust_2b55600f,2024-02-16 10:41:09,paid,time_decay,google,1,1,1,1.0,45.49,45.49
ord_399ce6a7,cust_5dd2dac6,2024-02-16 15:27:10,paid,last_touch,organic,1,1,1,1.0,68.93,68.93
ord_399ce6a7,cust_5dd2dac6,2024-02-16 15:27:10,paid,first_touch,organic,1,1,1,1.0,68.93,68.93
ord_399ce6a7,cust_5dd2dac6,2024-02-16 15:27:10,paid,linear,organic,1,1,1,1.0,68.93,68.93
ord_399ce6a7,cust_5dd2dac6,2024-02-16 15:27:10,paid,time_decay,organic,1,1,1,1.0,68.93,68.93
ord_1659e2e4,cust_8ccf3ffb,2024-02-16 10:39:58,paid,last_touch,google,1,1,1,1.0,414.14,414.14
ord_1659e2e4,cust_8ccf3ffb,2024-02-16 10:39:58,paid,first_touch,google,1,1,1,1.0,414.14,414.14
ord_1659e2e4,cust_8ccf3ffb,2024-02-16 10:39:58,paid,linear,google,1,1,1,1.0,414.14,414.14
ord_1659e2e4,cust_8ccf3ffb,2024-02-16 10:39:58,paid,time_decay,google,1,1,1,1.0,414.14,414.14
ord_70939e19,cust_73d5afc4,2024-02-16 15:49:17,paid,last_touch,direct,1,1,1,1.0,46.91,46.91
ord_70939e19,cust_73d5afc4,2024-02-16 15:49:17,paid,first_touch,meta,1,1,1,1.0,46.91,46.91
ord_70939e19,cust_73d5afc4,2024-02-16 15:49:17,paid,linear,meta,1,1,1,1.0,46.91,46.91
ord_70939e19,cust_73d5afc4,2024-02-16 15:49:17,paid,time_decay,meta,1,1,1,1.0,46.91,46.91
ord_d4ecb238,cust_ad03b63a,2024-02-16 11:20:03,paid,last_touch,tiktok,1,1,1,1.0,34.7,34.7
ord_d4ecb238,cust_ad03b63a,2024-02-16 11:20:03,paid,first_touch,tiktok,1,1,1,1.0,34.7,34.7
ord_d4ecb238,cust_ad03b63a,2024-02-16 11:20:03,paid,linear,tiktok,1,1,1,1.0,34.7,34.7
ord_d4ecb238,cust_ad03b63a,2024-02-16 11:20:03,paid,time_decay,tiktok,1,1,1,1.0,34.7,34.7
ord_68cf7a12,cust_d143c6cb,2024-02-17 10:42:35,paid,last_touch,organic,1,1,1,1.0,146.36,146.36
ord_68cf7a12,cust_d143c6cb,2024-02-17 10:42:35,paid,first_touch,organic,1,1,1,1.0,146.36,146.36
ord_68cf7a12,cust_d143c6cb,2024-02-17 10:42:35,paid,linear,organic,1,1,1,1.0,146.36,146.36
ord_68cf7a12,cust_d143c6cb,2024-02-17 10:42:35,paid,time_decay,organic,1,1,1,1.0,146.36,146.36
ord_c97b5d36,cust_91a4d263,2024-02-17 13:19:11,paid,last_touch,email,1,1,1,1.0,240.34,240.34
ord_c97b5d36,cust_91a4d263,2024-02-17 13:19:11,paid,first_touch,email,1,1,1,1.0,240.34,240.34
ord_c97b5d36,cust_91a4d263,2024-02-17 13:19:11,paid,linear,email,1,1,1,1.0,240.34,240.34
ord_c97b5d36,cust_91a4d263,2024-02-17 13:19:11,paid,time_decay,email,1,1,1,1.0,240.34,240.34
ord_bf438128,cust_ea046f93,2024-02-17 08:09:18,paid,last_touch,tiktok,1,1,1,1.0,477.93,477.93
ord_bf438128,cust_ea046f93,2024-02-17 08:09:18,paid,first_touch,tiktok,1,1,1,1.0,477.93,477.93
ord_bf438128,cust_ea046f93,2024-02-17 08:09:18,paid,linear,tiktok,1,1,1,1.0,477.93,477.93
ord_bf438128,cust_ea046f93,2024-02-17 08:09:18,paid,time_decay,tiktok,1,1,1,1.0,477.93,477.93
ord_8f6c178b,cust_e7a20c39,2024-02-18 10:29:24,paid,last_touch,direct,1,1,1,1.0,162.16,162.16
ord_8f6c178b,cust_e7a20c39,2024-02-18 10:29:24,paid,first_touch,organic,1,1,1,1.0,162.16,162.16
ord_8f6c178b,cust_e7a20c39,2024-02-18 10:29:24,paid,linear,organic,1,1,1,1.0,162.16,162.16
ord_8f6c178b,cust_e7a20c39,2024-02-18 10:29:24,paid,time_decay,organic,1,1,1,1.0,162.16,162.16
ord_43b64c83,cust_6281f48c,2024-02-18 21:11:42,paid,last_touch,tiktok,1,1,1,1.0,93.08,93.08
ord_43b64c83,cust_6281f48c,2024-02-18 21:11:42,paid,first_touch,tiktok,1,1,1,1.0,93.08,93.08
ord_43b64c83,cust_6281f48c,2024-02-18 21:11:42,paid,linear,tiktok,1,1,1,1.0,93.08,93.08
ord_43b64c83,cust_6281f48c,2024-02-18 21:11:42,paid,time_decay,tiktok,1,1,1,1.0,93.08,93.08
ord_fd4ef08e,cust_4556c0be,2024-02-18 10:26:09,paid,last_touch,direct,1,1,1,1.0,34.48,34.48
ord_fd4ef08e,cust_4556c0be,2024-02-18 10:26:09,paid,first_touch,meta,1,1,1,1.0,34.48,34.48
ord_fd4ef08e,cust_4556c0be,2024-02-18 10:26:09,paid,linear,meta,1,1,1,1.0,34.48,34.48
ord_fd4ef08e,cust_4556c0be,2024-02-18 10:26:09,paid,time_decay,meta,1,1,1,1.0,34.48,34.48
ord_057901af,cust_9ebc7d72,2024-02-18 12:35:26,paid,last_touch,organic,1,1,1,1.0,77.33,77.33
ord_057901af,cust_9ebc7d72,2024-02-18 12:35:26,paid,first_touch,organic,1,1,1,1.0,77.33,77.33
ord_057901af,cust_9ebc7d72,2024-02-18 12:35:26,paid,linear,organic,1,1,1,1.0,77.33,77.33
ord_057901af,cust_9ebc7d72,2024-02-18 12:35:26,paid,time_decay,organic,1,1,1,1.0,77.33,77.33
ord_b060ecec,cust_a46cc639,2024-02-18 12:04:19,paid,last_touch,email,1,1,1,1.0,158.45,158.45
ord_b060ecec,cust_a46cc639,2024-02-18 12:04:19,paid,first_touch,email,1,1,1,1.0,158.45,158.45
ord_b060ecec,cust_a46cc639,2024-02-18 12:04:19,paid,linear,email,1,1,1,1.0,158.45,158.45
ord_b060ecec,cust_a46cc639,2024-02-18 12:04:19,paid,time_decay,email,1,1,1,1.0,158.45,158.45
ord_eb0f9206,cust_a2c27634,2024-02-19 20:49:06,paid,last_touch,email,1,1,1,1.0,100.74,100.74
ord_eb0f9206,cust_a2c27634,2024-02-19 20:49:06,paid,first_touch,email,1,1,1,1.0,100.74,100.74
ord_eb0f9206,cust_a2c27634,2024-02-19 20:49:06,paid,linear,email,1,1,1,1.0,100.74,100.74
ord_eb0f9206,cust_a2c27634,2024-02-19 20:49:06,paid,time_decay,email,1,1,1,1.0,100.74,100.74
ord_210e8ddc,cust_528354e6,2024-02-19 21:11:00,paid,last_touch,direct,1,1,1,1.0,74.85,74.85
ord_210e8ddc,cust_528354e6,2024-02-19 21:11:00,paid,first_touch,google,1,1,1,1.0,74.85,74.85
ord_210e8ddc,cust_528354e6,2024-02-19 21:11:00,paid,linear,google,1,1,1,1.0,74.85,74.85
ord_210e8ddc,cust_528354e6,2024-02-19 21:11:00,paid,time_decay,google,1,1,1,1.0,74.85,74.85
ord_cee3ad2b,cust_a5d4c6ba,2024-02-19 16:22:13,paid,last_touch,direct,1,1,1,1.0,42.61,42.61
ord_cee3ad2b,cust_a5d4c6ba,2024-02-19 16:22:13,paid,first_touch,direct,1,1,1,1.0,42.61,42.61
ord_cee3ad2b,cust_a5d4c6ba,2024-02-19 16:22:13,paid,linear,direct,1,1,1,1.0,42.61,42.61
ord_cee3ad2b,cust_a5d4c6ba,2024-02-19 16:22:13,paid,time_decay,direct,1,1,1,1.0,42.61,42.61
ord_2ef05b75,cust_0c95ecdc,2024-02-20 22:31:49,paid,last_touch,direct,1,1,1,1.0,125.52,125.52
ord_2ef05b75,cust_0c95ecdc,2024-02-20 22:31:49,paid,first_touch,tiktok,1,1,1,1.0,125.52,125.52
ord_2ef05b75,cust_0c95ecdc,2024-02-20 22:31:49,paid,linear,tiktok,1,1,1,1.0,125.52,125.52
ord_2ef05b75,cust_0c95ecdc,2024-02-20 22:31:49,paid,time_decay,tiktok,1,1,1,1.0,125.52,125.52
ord_d2baddb9,cust_224fa71d,2024-02-20 13:29:01,paid,last_touch,email,1,1,1,1.0,198.88,198.88
ord_d2baddb9,cust_224fa71d,2024-02-20 13:29:01,paid,first_touch,email,1,1,1,1.0,198.88,198.88
ord_d2baddb9,cust_224fa71d,2024-02-20 13:29:01,paid,linear,email,1,1,1,1.0,198.88,198.88
ord_d2baddb9,cust_224fa71d,2024-02-20 13:29:01,paid,time_decay,email,1,1,1,1.0,198.88,198.88
ord_ae7275bc,cust_2e741b2e,2024-02-21 07:53:51,paid,last_touch,meta,1,1,1,1.0,54.42,54.42
ord_ae7275bc,cust_2e741b2e,2024-02-21 07:53:51,paid,first_touch,meta,1,1,1,1.0,54.42,54.42
ord_ae7275bc,cust_2e741b2e,2024-02-21 07:53:51,paid,linear,meta,1,1,1,1.0,54.42,54.42
ord_ae7275bc,cust_2e741b2e,2024-02-21 07:53:51,paid,time_decay,meta,1,1,1,1.0,54.42,54.42
ord_01f0527a,cust_9e7bc599,2024-02-21 18:59:37,refunded,last_touch,google,1,1,1,1.0,35.24,35.24
ord_01f0527a,cust_9e7bc599,2024-02-21 18:59:37,refunded,first_touch,google,1,1,1,1.0,35.24,35.24
ord_01f0527a,cust_9e7bc599,2024-02-21 18:59:37,refunded,linear,google,1,1,1,1.0,35.24,35.24
ord_01f0527a,cust_9e7bc599,2024-02-21 18:59:37,refunded,time_decay,google,1,1,1,1.0,35.24,35.24
ord_c74713f5,cust_0723977a,2024-02-21 22:48:29,paid,last_touch,direct,1,1,1,1.0,97.76,97.76
ord_c74713f5,cust_0723977a,2024-02-21 22:48:29,paid,first_touch,tiktok,1,1,1,1.0,97.76,97.76
ord_c74713f5,cust_0723977a,2024-02-21 22:48:29,paid,linear,tiktok,1,1,1,1.0,97.76,97.76
ord_c74713f5,cust_0723977a,2024-02-21 22:48:29,paid,time_decay,tiktok,1,1,1,1.0,97.76,97.76
ord_4793baa6,cust_f4347260,2024-02-22 14:00:16,paid,last_touch,direct,1,1,1,1.0,203.02,203.02
ord_4793baa6,cust_f4347260,2024-02-22 14:00:16,paid,first_touch,meta,1,1,1,1.0,203.02,203.02
ord_4793baa6,cust_f4347260,2024-02-22 14:00:16,paid,linear,meta,1,1,1,1.0,203.02,203.02
ord_4793baa6,cust_f4347260,2024-02-22 14:00:16,paid,time_decay,meta,1,1,1,1.0,203.02,203.02
ord_9750d697,cust_b0521e6b,2024-02-22 12:51:43,refunded,last_touch,organic,1,1,1,1.0,102.78,102.78
ord_9750d697,cust_b0521e6b,2024-02-22 12:51:43,refunded,first_touch,organic,1,1,1,1.0,102.78,102.78
ord_9750d697,cust_b0521e6b,2024-02-22 12:51:43,refunded,linear,organic,1,1,1,1.0,102.78,102.78
ord_9750d697,cust_b0521e6b,2024-02-22 12:51:43,refunded,time_decay,organic,1,1,1,1.0,102.78,102.78
ord_0e1dd21d,cust_452d0a1f,2024-02-22 21:54:07,paid,last_touch,direct,1,1,1,1.0,414.23,414.23
ord_0e1dd21d,cust_452d0a1f,2024-02-22 21:54:07,paid,first_touch,direct,1,1,1,1.0,414.23,414.23
ord_0e1dd21d,cust_452d0a1f,2024-02-22 21:54:07,paid,linear,direct,1,1,1,1.0,414.23,414.23
ord_0e1dd21d,cust_452d0a1f,2024-02-22 21:54:07,paid,time_decay,direct,1,1,1,1.0,414.23,414.23
ord_323d5eba,cust_f3c0ad4a,2024-02-22 11:27:49,paid,last_touch,google,1,1,1,1.0,55.57,55.57
ord_323d5eba,cust_f3c0ad4a,2024-02-22 11:27:49,paid,first_touch,google,1,1,1,1.0,55.57,55.57
ord_323d5eba,cust_f3c0ad4a,2024-02-22 11:27:49,paid,linear,google,1,1,1,1.0,55.57,55.57
ord_323d5eba,cust_f3c0ad4a,2024-02-22 11:27:49,paid,time_decay,google,1,1,1,1.0,55.57,55.57
ord_a1af45d9,cust_79cfc6fc,2024-02-22 11:58:48,paid,last_touch,direct,1,1,1,1.0,288.73,288.73
ord_a1af45d9,cust_79cfc6fc,2024-02-22 11:58:48,paid,first_touch,meta,1,1,1,1.0,288.73,288.73
ord_a1af45d9,cust_79cfc6fc,2024-02-22 11:58:48,paid,linear,meta,1,1,1,1.0,288.73,288.73
ord_a1af45d9,cust_79cfc6fc,2024-02-22 11:58:48,paid,time_decay,meta,1,1,1,1.0,288.73,288.73
ord_7c144f7e,cust_8356f97c,2024-02-22 10:25:44,paid,last_touch,meta,1,1,1,1.0,83.5,83.5
ord_7c144f7e,cust_8356f97c,2024-02-22 10:25:44,paid,first_touch,meta,1,1,1,1.0,83.5,83.5
ord_7c144f7e,cust_8356f97c,2024-02-22 10:25:44,paid,linear,meta,1,1,1,1.0,83.5,83.5
ord_7c144f7e,cust_8356f97c,2024-02-22 10:25:44,paid,time_decay,meta,1,1,1,1.0,83.5,83.5
ord_1a2db776,cust_4ca592fa,2024-02-23 20:16:01,paid,last_touch,email,1,1,1,1.0,84.42,84.42
ord_1a2db776,cust_4ca592fa,2024-02-23 20:16:01,paid,first_touch,email,1,1,1,1.0,84.42,84.42
ord_1a2db776,cust_4ca592fa,2024-02-23 20:16:01,paid,linear,email,1,1,1,1.0,84.42,84.42
ord_1a2db776,cust_4ca592fa,2024-02-23 20:16:01,paid,time_decay,email,1,1,1,1.0,84.42,84.42
ord_18727016,cust_dc9b18e0,2024-02-23 09:25:00,paid,last_touch,direct,1,1,1,1.0,46.35,46.35
ord_18727016,cust_dc9b18e0,2024-02-23 09:25:00,paid,first_touch,direct,1,1,1,1.0,46.35,46.35
ord_18727016,cust_dc9b18e0,2024-02-23 09:25:00,paid,linear,direct,1,1,1,1.0,46.35,46.35
ord_18727016,cust_dc9b18e0,2024-02-23 09:25:00,paid,time_decay,direct,1,1,1,1.0,46.35,46.35
ord_14d2498b,cust_90698e80,2024-02-23 20:16:30,paid,last_touch,direct,1,1,1,1.0,36.62,36.62
ord_14d2498b,cust_90698e80,2024-02-23 20:16:30,paid,first_touch,organic,1,1,1,1.0,36.62,36.62
ord_14d2498b,cust_90698e80,2024-02-23 20:16:30,paid,linear,organic,1,1,1,1.0,36.62,36.62
ord_14d2498b,cust_90698e80,2024-02-23 20:16:30,paid,time_decay,organic,1,1,1,1.0,36.62,36.62
ord_90b8c2a0,cust_65deb63c,2024-02-24 09:34:04,paid,last_touch,direct,1,1,1,1.0,84.24,84.24
ord_90b8c2a0,cust_65deb63c,2024-02-24 09:34:04,paid,first_touch,google,1,1,1,1.0,84.24,84.24
ord_90b8c2a0,cust_65deb63c,2024-02-24 09:34:04,paid,linear,google,1,1,1,1.0,84.24,84.24
ord_90b8c2a0,cust_65deb63c,2024-02-24 09:34:04,paid,time_decay,google,1,1,1,1.0,84.24,84.24
ord_ab6636f8,cust_d51c7fd2,2024-02-24 09:29:18,paid,last_touch,direct,1,1,1,1.0,242.26,242.26
ord_ab6636f8,cust_d51c7fd2,2024-02-24 09:29:18,paid,first_touch,google,1,1,1,1.0,242.26,242.26
ord_ab6636f8,cust_d51c7fd2,2024-02-24 09:29:18,paid,linear,google,1,1,1,1.0,242.26,242.26
ord_ab6636f8,cust_d51c7fd2,2024-02-24 09:29:18,paid,time_decay,google,1,1,1,1.0,242.26,242.26
ord_5ba9a42f,cust_58263ded,2024-02-24 23:21:26,paid,last_touch,organic,1,1,1,1.0,102.7,102.7
ord_5ba9a42f,cust_58263ded,2024-02-24 23:21:26,paid,first_touch,organic,1,1,1,1.0,102.7,102.7
ord_5ba9a42f,cust_58263ded,2024-02-24 23:21:26,paid,linear,organic,1,1,1,1.0,102.7,102.7
ord_5ba9a42f,cust_58263ded,2024-02-24 23:21:26,paid,time_decay,organic,1,1,1,1.0,102.7,102.7
ord_bdad898f,cust_b40fa7d0,2024-02-24 09:14:13,paid,last_touch,tiktok,1,1,1,1.0,88.94,88.94
ord_bdad898f,cust_b40fa7d0,2024-02-24 09:14:13,paid,first_touch,tiktok,1,1,1,1.0,88.94,88.94
ord_bdad898f,cust_b40fa7d0,2024-02-24 09:14:13,paid,linear,tiktok,1,1,1,1.0,88.94,88.94
ord_bdad898f,cust_b40fa7d0,2024-02-24 09:14:13,paid,time_decay,tiktok,1,1,1,1.0,88.94,88.94
ord_dc747a7c,cust_ed3bb868,2024-02-24 21:29:04,paid,last_touch,direct,1,1,1,1.0,85.57,85.57
ord_dc747a7c,cust_ed3bb868,2024-02-24 21:29:04,paid,first_touch,email,1,1,1,1.0,85.57,85.57
ord_dc747a7c,cust_ed3bb868,2024-02-24 21:29:04,paid,linear,email,1,1,1,1.0,85.57,85.57
ord_dc747a7c,cust_ed3bb868,2024-02-24 21:29:04,paid,time_decay,email,1,1,1,1.0,85.57,85.57
ord_edb7bffe,cust_ccaffc9b,2024-02-24 20:03:28,paid,last_touch,direct,1,1,1,1.0,371.58,371.58
ord_edb7bffe,cust_ccaffc9b,2024-02-24 20:03:28,paid,first_touch,meta,1,1,1,1.0,371.58,371.58
ord_edb7bffe,cust_ccaffc9b,2024-02-24 20:03:28,paid,linear,meta,1,1,1,1.0,371.58,371.58
ord_edb7bffe,cust_ccaffc9b,2024-02-24 20:03:28,paid,time_decay,meta,1,1,1,1.0,371.58,371.58
ord_45adb629,cust_9e928103,2024-02-24 10:43:18,paid,last_touch,organic,1,1,1,1.0,269.08,269.08
ord_45adb629,cust_9e928103,2024-02-24 10:43:18,paid,first_touch,organic,1,1,1,1.0,269.08,269.08
ord_45adb629,cust_9e928103,2024-02-24 10:43:18,paid,linear,organic,1,1,1,1.0,269.08,269.08
ord_45adb629,cust_9e928103,2024-02-24 10:43:18,paid,time_decay,organic,1,1,1,1.0,269.08,269.08
ord_de710641,cust_c13a237d,2024-02-25 16:08:43,paid,last_touch,meta,1,1,1,1.0,107.73,107.73
ord_de710641,cust_c13a237d,2024-02-25 16:08:43,paid,first_touch,meta,1,1,1,1.0,107.73,107.73
ord_de710641,cust_c13a237d,2024-02-25 16:08:43,paid,linear,meta,1,1,1,1.0,107.73,107.73
ord_de710641,cust_c13a237d,2024-02-25 16:08:43,paid,time_decay,meta,1,1,1,1.0,107.73,107.73
ord_5225a0eb,cust_03f5e56b,2024-02-25 20:15:01,paid,last_touch,direct,1,1,1,1.0,129.12,129.12
ord_5225a0eb,cust_03f5e56b,2024-02-25 20:15:01,paid,first_touch,meta,1,1,1,1.0,129.12,129.12
ord_5225a0eb,cust_03f5e56b,2024-02-25 20:15:01,paid,linear,meta,1,1,1,1.0,129.12,129.12
ord_5225a0eb,cust_03f5e56b,2024-02-25 20:15:01,paid,time_decay,meta,1,1,1,1.0,129.12,129.12
ord_53127f4a,cust_1ba9b111,2024-02-25 23:33:05,paid,last_touch,tiktok,1,1,1,1.0,84.57,84.57
ord_53127f4a,cust_1ba9b111,2024-02-25 23:33:05,paid,first_touch,tiktok,1,1,1,1.0,84.57,84.57
ord_53127f4a,cust_1ba9b111,2024-02-25 23:33:05,paid,linear,tiktok,1,1,1,1.0,84.57,84.57
ord_53127f4a,cust_1ba9b111,2024-02-25 23:33:05,paid,time_decay,tiktok,1,1,1,1.0,84.57,84.57
ord_a24a46bc,cust_0d634881,2024-02-25 10:38:50,paid,last_touch,email,1,1,1,1.0,31.37,31.37
ord_a24a46bc,cust_0d634881,2024-02-25 10:38:50,paid,first_touch,email,1,1,1,1.0,31.37,31.37
ord_a24a46bc,cust_0d634881,2024-02-25 10:38:50,paid,linear,email,1,1,1,1.0,31.37,31.37
ord_a24a46bc,cust_0d634881,2024-02-25 10:38:50,paid,time_decay,email,1,1,1,1.0,31.37,31.37
ord_ef8130a7,cust_f6f779cd,2024-02-25 20:00:04,refunded,last_touch,meta,1,1,1,1.0,84.2,84.2
ord_ef8130a7,cust_f6f779cd,2024-02-25 20:00:04,refunded,first_touch,meta,1,1,1,1.0,84.2,84.2
ord_ef8130a7,cust_f6f779cd,2024-02-25 20:00:04,refunded,linear,meta,1,1,1,1.0,84.2,84.2
ord_ef8130a7,cust_f6f779cd,2024-02-25 20:00:04,refunded,time_decay,meta,1,1,1,1.0,84.2,84.2
ord_a9f80d4a,cust_9740d705,2024-02-25 19:28:22,paid,last_touch,email,1,1,1,1.0,187.44,187.44
ord_a9f80d4a,cust_9740d705,2024-02-25 19:28:22,paid,first_touch,email,1,1,1,1.0,187.44,187.44
ord_a9f80d4a,cust_9740d705,2024-02-25 19:28:22,paid,linear,email,1,1,1,1.0,187.44,187.44
ord_a9f80d4a,cust_9740d705,2024-02-25 19:28:22,paid,time_decay,email,1,1,1,1.0,187.44,187.44
ord_f929cb7f,cust_4278931a,2024-02-25 19:21:32,paid,last_touch,direct,1,1,1,1.0,68.74,68.74
ord_f929cb7f,cust_4278931a,2024-02-25 19:21:32,paid,first_touch,direct,1,1,1,1.0,68.74,68.74
ord_f929cb7f,cust_4278931a,2024-02-25 19:21:32,paid,linear,direct,1,1,1,1.0,68.74,68.74
ord_f929cb7f,cust_4278931a,2024-02-25 19:21:32,paid,time_decay,direct,1,1,1,1.0,68.74,68.74
ord_5414b242,cust_e7d91724,2024-02-26 18:10:34,paid,last_touch,direct,1,1,1,1.0,77.81,77.81
ord_5414b242,cust_e7d91724,2024-02-26 18:10:34,paid,first_touch,organic,1,1,1,1.0,77.81,77.81
ord_5414b242,cust_e7d91724,2024-02-26 18:10:34,paid,linear,organic,1,1,1,1.0,77.81,77.81
ord_5414b242,cust_e7d91724,2024-02-26 18:10:34,paid,time_decay,organic,1,1,1,1.0,77.81,77.81
ord_9bce0cb2,cust_c1a8bd3f,2024-02-27 09:59:10,paid,last_touch,google,1,1,1,1.0,68.19,68.19
ord_9bce0cb2,cust_c1a8bd3f,2024-02-27 09:59:10,paid,first_touch,google,1,1,1,1.0,68.19,68.19
ord_9bce0cb2,cust_c1a8bd3f,2024-02-27 09:59:10,paid,linear,google,1,1,1,1.0,68.19,68.19
ord_9bce0cb2,cust_c1a8bd3f,2024-02-27 09:59:10,paid,time_decay,google,1,1,1,1.0,68.19,68.19
ord_25deedcb,cust_0a754690,2024-02-27 21:42:10,paid,last_touch,organic,1,1,1,1.0,97.28,97.28
ord_25deedcb,cust_0a754690,2024-02-27 21:42:10,paid,first_touch,organic,1,1,1,1.0,97.28,97.28
ord_25deedcb,cust_0a754690,2024-02-27 21:42:10,paid,linear,organic,1,1,1,1.0,97.28,97.28
ord_25deedcb,cust_0a754690,2024-02-27 21:42:10,paid,time_decay,organic,1,1,1,1.0,97.28,97.28
ord_7936140d,cust_d55de4fa,2024-02-27 22:37:46,refunded,last_touch,google,1,1,1,1.0,49.23,49.23
ord_7936140d,cust_d55de4fa,2024-02-27 22:37:46,refunded,first_touch,google,1,1,1,1.0,49.23,49.23
ord_7936140d,cust_d55de4fa,2024-02-27 22:37:46,refunded,linear,google,1,1,1,1.0,49.23,49.23
ord_7936140d,cust_d55de4fa,2024-02-27 22:37:46,refunded,time_decay,google,1,1,1,1.0,49.23,49.23
ord_d5d8a440,cust_c8b305f7,2024-02-27 09:33:46,paid,last_touch,meta,1,1,1,1.0,128.18,128.18
ord_d5d8a440,cust_c8b305f7,2024-02-27 09:33:46,paid,first_touch,meta,1,1,1,1.0,128.18,128.18
ord_d5d8a440,cust_c8b305f7,2024-02-27 09:33:46,paid,linear,meta,1,1,1,1.0,128.18,128.18
ord_d5d8a440,cust_c8b305f7,2024-02-27 09:33:46,paid,time_decay,meta,1,1,1,1.0,128.18,128.18
ord_f8c0f62e,cust_0eb816ac,2024-02-27 08:50:14,paid,last_touch,meta,1,1,1,1.0,275.64,275.64
ord_f8c0f62e,cust_0eb816ac,2024-02-27 08:50:14,paid,first_touch,meta,1,1,1,1.0,275.64,275.64
ord_f8c0f62e,cust_0eb816ac,2024-02-27 08:50:14,paid,linear,meta,1,1,1,1.0,275.64,275.64
ord_f8c0f62e,cust_0eb816ac,2024-02-27 08:50:14,paid,time_decay,meta,1,1,1,1.0,275.64,275.64
ord_17e05783,cust_5ac00160,2024-02-27 20:53:46,paid,last_touch,tiktok,1,1,1,1.0,54.47,54.47
ord_17e05783,cust_5ac00160,2024-02-27 20:53:46,paid,first_touch,tiktok,1,1,1,1.0,54.47,54.47
ord_17e05783,cust_5ac00160,2024-02-27 20:53:46,paid,linear,tiktok,1,1,1,1.0,54.47,54.47
ord_17e05783,cust_5ac00160,2024-02-27 20:53:46,paid,time_decay,tiktok,1,1,1,1.0,54.47,54.47
ord_71274e42,cust_302568c6,2024-02-27 17:28:12,paid,last_touch,direct,1,1,1,1.0,69.33,69.33
ord_71274e42,cust_302568c6,2024-02-27 17:28:12,paid,first_touch,direct,1,1,1,1.0,69.33,69.33
ord_71274e42,cust_302568c6,2024-02-27 17:28:12,paid,linear,direct,1,1,1,1.0,69.33,69.33
ord_71274e42,cust_302568c6,2024-02-27 17:28:12,paid,time_decay,direct,1,1,1,1.0,69.33,69.33
ord_4c049419,cust_c77e2c28,2024-02-28 14:39:23,paid,last_touch,direct,1,1,1,1.0,81.26,81.26
ord_4c049419,cust_c77e2c28,2024-02-28 14:39:23,paid,first_touch,tiktok,1,1,1,1.0,81.26,81.26
ord_4c049419,cust_c77e2c28,2024-02-28 14:39:23,paid,linear,tiktok,1,1,1,1.0,81.26,81.26
ord_4c049419,cust_c77e2c28,2024-02-28 14:39:23,paid,time_decay,tiktok,1,1,1,1.0,81.26,81.26
ord_59b8861a,cust_362ea706,2024-02-28 12:26:02,paid,last_touch,meta,1,1,1,1.0,140.47,140.47
ord_59b8861a,cust_362ea706,2024-02-28 12:26:02,paid,first_touch,meta,1,1,1,1.0,140.47,140.47
ord_59b8861a,cust_362ea706,2024-02-28 12:26:02,paid,linear,meta,1,1,1,1.0,140.47,140.47
ord_59b8861a,cust_362ea706,2024-02-28 12:26:02,paid,time_decay,meta,1,1,1,1.0,140.47,140.47
ord_efe2c34a,cust_ceb8c0e6,2024-02-28 14:56:11,paid,last_touch,tiktok,1,1,1,1.0,69.2,69.2
ord_efe2c34a,cust_ceb8c0e6,2024-02-28 14:56:11,paid,first_touch,tiktok,1,1,1,1.0,69.2,69.2
ord_efe2c34a,cust_ceb8c0e6,2024-02-28 14:56:11,paid,linear,tiktok,1,1,1,1.0,69.2,69.2
ord_efe2c34a,cust_ceb8c0e6,2024-02-28 14:56:11,paid,time_decay,tiktok,1,1,1,1.0,69.2,69.2
ord_273cb233,cust_38403de1,2024-02-28 19:01:22,paid,last_touch,email,1,1,1,1.0,364.66,364.66
ord_273cb233,cust_38403de1,2024-02-28 19:01:22,paid,first_touch,email,1,1,1,1.0,364.66,364.66
ord_273cb233,cust_38403de1,2024-02-28 19:01:22,paid,linear,email,1,1,1,1.0,364.66,364.66
ord_273cb233,cust_38403de1,2024-02-28 19:01:22,paid,time_decay,email,1,1,1,1.0,364.66,364.66
ord_8ec58435,cust_183fa7a8,2024-02-28 22:16:45,paid,last_touch,email,1,1,1,1.0,47.05,47.05
ord_8ec58435,cust_183fa7a8,2024-02-28 22:16:45,paid,first_touch,email,1,1,1,1.0,47.05,47.05
ord_8ec58435,cust_183fa7a8,2024-02-28 22:16:45,paid,linear,email,1,1,1,1.0,47.05,47.05
ord_8ec58435,cust_183fa7a8,2024-02-28 22:16:45,paid,time_decay,email,1,1,1,1.0,47.05,47.05
ord_b7e0fb0e,cust_6c42b69d,2024-02-28 18:40:01,paid,last_touch,tiktok,1,1,1,1.0,154.54,154.54
ord_b7e0fb0e,cust_6c42b69d,2024-02-28 18:40:01,paid,first_touch,tiktok,1,1,1,1.0,154.54,154.54
ord_b7e0fb0e,cust_6c42b69d,2024-02-28 18:40:01,paid,linear,tiktok,1,1,1,1.0,154.54,154.54
ord_b7e0fb0e,cust_6c42b69d,2024-02-28 18:40:01,paid,time_decay,tiktok,1,1,1,1.0,154.54,154.54
ord_78491ad3,cust_dd0aa9e8,2024-02-28 12:03:25,paid,last_touch,google,1,1,1,1.0,67.95,67.95
ord_78491ad3,cust_dd0aa9e8,2024-02-28 12:03:25,paid,first_touch,google,1,1,1,1.0,67.95,67.95
ord_78491ad3,cust_dd0aa9e8,2024-02-28 12:03:25,paid,linear,google,1,1,1,1.0,67.95,67.95
ord_78491ad3,cust_dd0aa9e8,2024-02-28 12:03:25,paid,time_decay,google,1,1,1,1.0,67.95,67.95
ord_e75aa690,cust_008ccc7d,2024-02-29 23:19:33,paid,last_touch,organic,1,1,1,1.0,76.71,76.71
ord_e75aa690,cust_008ccc7d,2024-02-29 23:19:33,paid,first_touch,organic,1,1,1,1.0,76.71,76.71
ord_e75aa690,cust_008ccc7d,2024-02-29 23:19:33,paid,linear,organic,1,1,1,1.0,76.71,76.71
ord_e75aa690,cust_008ccc7d,2024-02-29 23:19:33,paid,time_decay,organic,1,1,1,1.0,76.71,76.71
ord_0e340b99,cust_38d4a8c6,2024-02-29 22:56:13,paid,last_touch,direct,1,1,1,1.0,183.1,183.1
ord_0e340b99,cust_38d4a8c6,2024-02-29 22:56:13,paid,first_touch,organic,1,1,1,1.0,183.1,183.1
ord_0e340b99,cust_38d4a8c6,2024-02-29 22:56:13,paid,linear,organic,1,1,1,1.0,183.1,183.1
ord_0e340b99,cust_38d4a8c6,2024-02-29 22:56:13,paid,time_decay,organic,1,1,1,1.0,183.1,183.1
ord_d3b43b5a,cust_51deff71,2024-03-01 18:51:48,paid,last_touch,google,1,1,1,1.0,29.41,29.41
ord_d3b43b5a,cust_51deff71,2024-03-01 18:51:48,paid,first_touch,google,1,1,1,1.0,29.41,29.41
ord_d3b43b5a,cust_51deff71,2024-03-01 18:51:48,paid,linear,google,1,1,1,1.0,29.41,29.41
ord_d3b43b5a,cust_51deff71,2024-03-01 18:51:48,paid,time_decay,google,1,1,1,1.0,29.41,29.41
ord_ebb3b5c7,cust_acaa76aa,2024-03-01 12:44:52,paid,last_touch,meta,1,1,1,1.0,168.69,168.69
ord_ebb3b5c7,cust_acaa76aa,2024-03-01 12:44:52,paid,first_touch,meta,1,1,1,1.0,168.69,168.69
ord_ebb3b5c7,cust_acaa76aa,2024-03-01 12:44:52,paid,linear,meta,1,1,1,1.0,168.69,168.69
ord_ebb3b5c7,cust_acaa76aa,2024-03-01 12:44:52,paid,time_decay,meta,1,1,1,1.0,168.69,168.69
ord_3acc6a3f,cust_597cc356,2024-03-01 11:44:42,paid,last_touch,direct,1,1,1,1.0,32.1,32.1
ord_3acc6a3f,cust_597cc356,2024-03-01 11:44:42,paid,first_touch,google,1,1,1,1.0,32.1,32.1
ord_3acc6a3f,cust_597cc356,2024-03-01 11:44:42,paid,linear,google,1,1,1,1.0,32.1,32.1
ord_3acc6a3f,cust_597cc356,2024-03-01 11:44:42,paid,time_decay,google,1,1,1,1.0,32.1,32.1
ord_e05b9de5,cust_44434706,2024-03-01 20:10:08,refunded,last_touch,organic,1,1,1,1.0,90.54,90.54
ord_e05b9de5,cust_44434706,2024-03-01 20:10:08,refunded,first_touch,organic,1,1,1,1.0,90.54,90.54
ord_e05b9de5,cust_44434706,2024-03-01 20:10:08,refunded,linear,organic,1,1,1,1.0,90.54,90.54
ord_e05b9de5,cust_44434706,2024-03-01 20:10:08,refunded,time_decay,organic,1,1,1,1.0,90.54,90.54
ord_115cb7ec,cust_42e6ecee,2024-03-01 15:13:00,paid,last_touch,direct,1,1,1,1.0,83.93,83.93
ord_115cb7ec,cust_42e6ecee,2024-03-01 15:13:00,paid,first_touch,organic,1,1,1,1.0,83.93,83.93
ord_115cb7ec,cust_42e6ecee,2024-03-01 15:13:00,paid,linear,organic,1,1,1,1.0,83.93,83.93
ord_115cb7ec,cust_42e6ecee,2024-03-01 15:13:00,paid,time_decay,organic,1,1,1,1.0,83.93,83.93
ord_3c35d4c4,cust_575cf089,2024-03-01 21:06:58,paid,last_touch,meta,1,1,1,1.0,590.4,590.4
ord_3c35d4c4,cust_575cf089,2024-03-01 21:06:58,paid,first_touch,meta,1,1,1,1.0,590.4,590.4
ord_3c35d4c4,cust_575cf089,2024-03-01 21:06:58,paid,linear,meta,1,1,1,1.0,590.4,590.4
ord_3c35d4c4,cust_575cf089,2024-03-01 21:06:58,paid,time_decay,meta,1,1,1,1.0,590.4,590.4
ord_8569acdf,cust_155341bb,2024-03-01 22:12:17,paid,last_touch,direct,1,1,1,1.0,36.99,36.99
ord_8569acdf,cust_155341bb,2024-03-01 22:12:17,paid,first_touch,direct,1,1,1,1.0,36.99,36.99
ord_8569acdf,cust_155341bb,2024-03-01 22:12:17,paid,linear,direct,1,1,1,1.0,36.99,36.99
ord_8569acdf,cust_155341bb,2024-03-01 22:12:17,paid,time_decay,direct,1,1,1,1.0,36.99,36.99
ord_9727ee23,cust_91957e6c,2024-03-01 15:03:23,paid,last_touch,direct,1,1,1,1.0,120.61,120.61
ord_9727ee23,cust_91957e6c,2024-03-01 15:03:23,paid,first_touch,organic,1,1,1,1.0,120.61,120.61
ord_9727ee23,cust_91957e6c,2024-03-01 15:03:23,paid,linear,organic,1,1,1,1.0,120.61,120.61
ord_9727ee23,cust_91957e6c,2024-03-01 15:03:23,paid,time_decay,organic,1,1,1,1.0,120.61,120.61
ord_fb8dcad6,cust_cebb2e54,2024-03-02 18:20:52,paid,last_touch,direct,1,1,1,1.0,85.99,85.99
ord_fb8dcad6,cust_cebb2e54,2024-03-02 18:20:52,paid,first_touch,meta,1,1,1,1.0,85.99,85.99
ord_fb8dcad6,cust_cebb2e54,2024-03-02 18:20:52,paid,linear,meta,1,1,1,1.0,85.99,85.99
ord_fb8dcad6,cust_cebb2e54,2024-03-02 18:20:52,paid,time_decay,meta,1,1,1,1.0,85.99,85.99
ord_eb135947,cust_7fc2cd5a,2024-03-02 08:55:18,paid,last_touch,organic,1,1,1,1.0,282.24,282.24
ord_eb135947,cust_7fc2cd5a,2024-03-02 08:55:18,paid,first_touch,organic,1,1,1,1.0,282.24,282.24
ord_eb135947,cust_7fc2cd5a,2024-03-02 08:55:18,paid,linear,organic,1,1,1,1.0,282.24,282.24
ord_eb135947,cust_7fc2cd5a,2024-03-02 08:55:18,paid,time_decay,organic,1,1,1,1.0,282.24,282.24
ord_27cee4c9,cust_897f7457,2024-03-03 12:10:25,chargeback,last_touch,direct,1,1,1,1.0,152.88,152.88
ord_27cee4c9,cust_897f7457,2024-03-03 12:10:25,chargeback,first_touch,meta,1,1,1,1.0,152.88,152.88
ord_27cee4c9,cust_897f7457,2024-03-03 12:10:25,chargeback,linear,meta,1,1,1,1.0,152.88,152.88
ord_27cee4c9,cust_897f7457,2024-03-03 12:10:25,chargeback,time_decay,meta,1,1,1,1.0,152.88,152.88
ord_7fb23b7f,cust_3e6685ba,2024-03-03 19:47:18,paid,last_touch,tiktok,1,1,1,1.0,55.96,55.96
ord_7fb23b7f,cust_3e6685ba,2024-03-03 19:47:18,paid,first_touch,tiktok,1,1,1,1.0,55.96,55.96
ord_7fb23b7f,cust_3e6685ba,2024-03-03 19:47:18,paid,linear,tiktok,1,1,1,1.0,55.96,55.96
ord_7fb23b7f,cust_3e6685ba,2024-03-03 19:47:18,paid,time_decay,tiktok,1,1,1,1.0,55.96,55.96
ord_2fd07d5f,cust_5650a6c1,2024-03-03 19:04:04,paid,last_touch,direct,1,1,1,1.0,115.91,115.91
ord_2fd07d5f,cust_5650a6c1,2024-03-03 19:04:04,paid,first_touch,organic,1,1,1,1.0,115.91,115.91
ord_2fd07d5f,cust_5650a6c1,2024-03-03 19:04:04,paid,linear,organic,1,1,1,1.0,115.91,115.91
ord_2fd07d5f,cust_5650a6c1,2024-03-03 19:04:04,paid,time_decay,organic,1,1,1,1.0,115.91,115.91
ord_e1475ffb,cust_3554ecaa,2024-03-03 12:22:04,paid,last_touch,email,1,1,1,1.0,59.17,59.17
ord_e1475ffb,cust_3554ecaa,2024-03-03 12:22:04,paid,first_touch,email,1,1,1,1.0,59.17,59.17
ord_e1475ffb,cust_3554ecaa,2024-03-03 12:22:04,paid,linear,email,1,1,1,1.0,59.17,59.17
ord_e1475ffb,cust_3554ecaa,2024-03-03 12:22:04,paid,time_decay,email,1,1,1,1.0,59.17,59.17
ord_81e2c307,cust_1a33366e,2024-03-03 16:44:41,chargeback,last_touch,organic,1,1,1,1.0,63.15,63.15
ord_81e2c307,cust_1a33366e,2024-03-03 16:44:41,chargeback,first_touch,organic,1,1,1,1.0,63.15,63.15
ord_81e2c307,cust_1a33366e,2024-03-03 16:44:41,chargeback,linear,organic,1,1,1,1.0,63.15,63.15
ord_81e2c307,cust_1a33366e,2024-03-03 16:44:41,chargeback,time_decay,organic,1,1,1,1.0,63.15,63.15
ord_2469c57b,cust_36949f72,2024-03-03 12:42:10,paid,last_touch,meta,1,1,1,1.0,37.1,37.1
ord_2469c57b,cust_36949f72,2024-03-03 12:42:10,paid,first_touch,meta,1,1,1,1.0,37.1,37.1
ord_2469c57b,cust_36949f72,2024-03-03 12:42:10,paid,linear,meta,1,1,1,1.0,37.1,37.1
ord_2469c57b,cust_36949f72,2024-03-03 12:42:10,paid,time_decay,meta,1,1,1,1.0,37.1,37.1
ord_22a089b7,cust_045c63b4,2024-03-03 11:39:07,paid,last_touch,direct,1,1,1,1.0,139.79,139.79
ord_22a089b7,cust_045c63b4,2024-03-03 11:39:07,paid,first_touch,organic,1,1,1,1.0,139.79,139.79
ord_22a089b7,cust_045c63b4,2024-03-03 11:39:07,paid,linear,organic,1,1,1,1.0,139.79,139.79
ord_22a089b7,cust_045c63b4,2024-03-03 11:39:07,paid,time_decay,organic,1,1,1,1.0,139.79,139.79
ord_8e335b5f,cust_f99d4317,2024-03-04 18:42:11,paid,last_touch,meta,1,1,1,1.0,93.74,93.74
ord_8e335b5f,cust_f99d4317,2024-03-04 18:42:11,paid,first_touch,meta,1,1,1,1.0,93.74,93.74
ord_8e335b5f,cust_f99d4317,2024-03-04 18:42:11,paid,linear,meta,1,1,1,1.0,93.74,93.74
ord_8e335b5f,cust_f99d4317,2024-03-04 18:42:11,paid,time_decay,meta,1,1,1,1.0,93.74,93.74
ord_6a43299a,cust_3fa2afb9,2024-03-04 20:47:00,paid,last_touch,email,1,1,1,1.0,214.62,214.62
ord_6a43299a,cust_3fa2afb9,2024-03-04 20:47:00,paid,first_touch,email,1,1,1,1.0,214.62,214.62
ord_6a43299a,cust_3fa2afb9,2024-03-04 20:47:00,paid,linear,email,1,1,1,1.0,214.62,214.62
ord_6a43299a,cust_3fa2afb9,2024-03-04 20:47:00,paid,time_decay,email,1,1,1,1.0,214.62,214.62
ord_362068c6,cust_f5c1e989,2024-03-04 08:47:41,paid,last_touch,direct,1,1,1,1.0,269.4,269.4
ord_362068c6,cust_f5c1e989,2024-03-04 08:47:41,paid,first_touch,organic,1,1,1,1.0,269.4,269.4
ord_362068c6,cust_f5c1e989,2024-03-04 08:47:41,paid,linear,organic,1,1,1,1.0,269.4,269.4
ord_362068c6,cust_f5c1e989,2024-03-04 08:47:41,paid,time_decay,organic,1,1,1,1.0,269.4,269.4
ord_697ee742,cust_f0f6b3af,2024-03-04 08:19:15,paid,last_touch,organic,1,1,1,1.0,331.76,331.76
ord_697ee742,cust_f0f6b3af,2024-03-04 08:19:15,paid,first_touch,organic,1,1,1,1.0,331.76,331.76
ord_697ee742,cust_f0f6b3af,2024-03-04 08:19:15,paid,linear,organic,1,1,1,1.0,331.76,331.76
ord_697ee742,cust_f0f6b3af,2024-03-04 08:19:15,paid,time_decay,organic,1,1,1,1.0,331.76,331.76
ord_47e98243,cust_8acd6ce8,2024-03-04 16:11:19,paid,last_touch,organic,1,1,1,1.0,145.05,145.05
ord_47e98243,cust_8acd6ce8,2024-03-04 16:11:19,paid,first_touch,organic,1,1,1,1.0,145.05,145.05
ord_47e98243,cust_8acd6ce8,2024-03-04 16:11:19,paid,linear,organic,1,1,1,1.0,145.05,145.05
ord_47e98243,cust_8acd6ce8,2024-03-04 16:11:19,paid,time_decay,organic,1,1,1,1.0,145.05,145.05
ord_f60c8d50,cust_319948e6,2024-03-04 10:00:31,paid,last_touch,direct,1,1,1,1.0,101.99,101.99
ord_f60c8d50,cust_319948e6,2024-03-04 10:00:31,paid,first_touch,direct,1,1,1,1.0,101.99,101.99
ord_f60c8d50,cust_319948e6,2024-03-04 10:00:31,paid,linear,direct,1,1,1,1.0,101.99,101.99
ord_f60c8d50,cust_319948e6,2024-03-04 10:00:31,paid,time_decay,direct,1,1,1,1.0,101.99,101.99
ord_cbaf7f31,cust_93e8dc97,2024-03-04 15:03:37,refunded,last_touch,direct,1,1,1,1.0,64.89,64.89
ord_cbaf7f31,cust_93e8dc97,2024-03-04 15:03:37,refunded,first_touch,google,1,1,1,1.0,64.89,64.89
ord_cbaf7f31,cust_93e8dc97,2024-03-04 15:03:37,refunded,linear,google,1,1,1,1.0,64.89,64.89
ord_cbaf7f31,cust_93e8dc97,2024-03-04 15:03:37,refunded,time_decay,google,1,1,1,1.0,64.89,64.89
ord_a90363a0,cust_44ac7b60,2024-03-04 11:35:58,paid,last_touch,google,1,1,1,1.0,131.12,131.12
ord_a90363a0,cust_44ac7b60,2024-03-04 11:35:58,paid,first_touch,google,1,1,1,1.0,131.12,131.12
ord_a90363a0,cust_44ac7b60,2024-03-04 11:35:58,paid,linear,google,1,1,1,1.0,131.12,131.12
ord_a90363a0,cust_44ac7b60,2024-03-04 11:35:58,paid,time_decay,google,1,1,1,1.0,131.12,131.12
ord_8477664d,cust_7adc55e0,2024-03-04 14:15:46,refunded,last_touch,direct,1,1,1,1.0,89.0,89.0
ord_8477664d,cust_7adc55e0,2024-03-04 14:15:46,refunded,first_touch,google,1,1,1,1.0,89.0,89.0
ord_8477664d,cust_7adc55e0,2024-03-04 14:15:46,refunded,linear,google,1,1,1,1.0,89.0,89.0
ord_8477664d,cust_7adc55e0,2024-03-04 14:15:46,refunded,time_decay,google,1,1,1,1.0,89.0,89.0
ord_91481bf3,cust_2e046b3a,2024-03-04 21:21:16,paid,last_touch,direct,1,1,1,1.0,336.09,336.09
ord_91481bf3,cust_2e046b3a,2024-03-04 21:21:16,paid,first_touch,google,1,1,1,1.0,336.09,336.09
ord_91481bf3,cust_2e046b3a,2024-03-04 21:21:16,paid,linear,google,1,1,1,1.0,336.09,336.09
ord_91481bf3,cust_2e046b3a,2024-03-04 21:21:16,paid,time_decay,google,1,1,1,1.0,336.09,336.09
ord_bea19d68,cust_6b2f1ee2,2024-03-04 11:23:02,paid,last_touch,direct,1,1,1,1.0,25.77,25.77
ord_bea19d68,cust_6b2f1ee2,2024-03-04 11:23:02,paid,first_touch,direct,1,1,1,1.0,25.77,25.77
ord_bea19d68,cust_6b2f1ee2,2024-03-04 11:23:02,paid,linear,direct,1,1,1,1.0,25.77,25.77
ord_bea19d68,cust_6b2f1ee2,2024-03-04 11:23:02,paid,time_decay,direct,1,1,1,1.0,25.77,25.77
ord_7e2c76e8,cust_d246a145,2024-03-05 14:31:19,paid,last_touch,direct,1,1,1,1.0,182.11,182.11
ord_7e2c76e8,cust_d246a145,2024-03-05 14:31:19,paid,first_touch,direct,1,1,1,1.0,182.11,182.11
ord_7e2c76e8,cust_d246a145,2024-03-05 14:31:19,paid,linear,direct,1,1,1,1.0,182.11,182.11
ord_7e2c76e8,cust_d246a145,2024-03-05 14:31:19,paid,time_decay,direct,1,1,1,1.0,182.11,182.11
ord_57a08b2e,cust_4d703475,2024-03-05 09:40:00,paid,last_touch,meta,1,1,1,1.0,44.59,44.59
ord_57a08b2e,cust_4d703475,2024-03-05 09:40:00,paid,first_touch,meta,1,1,1,1.0,44.59,44.59
ord_57a08b2e,cust_4d703475,2024-03-05 09:40:00,paid,linear,meta,1,1,1,1.0,44.59,44.59
ord_57a08b2e,cust_4d703475,2024-03-05 09:40:00,paid,time_decay,meta,1,1,1,1.0,44.59,44.59
ord_cd31cca0,cust_6a5023a8,2024-03-05 21:28:11,paid,last_touch,direct,1,1,1,1.0,120.78,120.78
ord_cd31cca0,cust_6a5023a8,2024-03-05 21:28:11,paid,first_touch,organic,1,1,1,1.0,120.78,120.78
ord_cd31cca0,cust_6a5023a8,2024-03-05 21:28:11,paid,linear,organic,1,1,1,1.0,120.78,120.78
ord_cd31cca0,cust_6a5023a8,2024-03-05 21:28:11,paid,time_decay,organic,1,1,1,1.0,120.78,120.78
ord_9c5632ee,cust_992f1f03,2024-03-05 18:28:58,paid,last_touch,direct,1,1,1,1.0,136.71,136.71
ord_9c5632ee,cust_992f1f03,2024-03-05 18:28:58,paid,first_touch,google,1,1,1,1.0,136.71,136.71
ord_9c5632ee,cust_992f1f03,2024-03-05 18:28:58,paid,linear,google,1,1,1,1.0,136.71,136.71
ord_9c5632ee,cust_992f1f03,2024-03-05 18:28:58,paid,time_decay,google,1,1,1,1.0,136.71,136.71
ord_0dd0d9cf,cust_107e39f2,2024-03-05 13:19:37,refunded,last_touch,google,1,1,1,1.0,137.02,137.02
ord_0dd0d9cf,cust_107e39f2,2024-03-05 13:19:37,refunded,first_touch,google,1,1,1,1.0,137.02,137.02
ord_0dd0d9cf,cust_107e39f2,2024-03-05 13:19:37,refunded,linear,google,1,1,1,1.0,137.02,137.02
ord_0dd0d9cf,cust_107e39f2,2024-03-05 13:19:37,refunded,time_decay,google,1,1,1,1.0,137.02,137.02
ord_667bde65,cust_df76f4fb,2024-03-06 11:36:00,refunded,last_touch,email,1,1,1,1.0,82.62,82.62
ord_667bde65,cust_df76f4fb,2024-03-06 11:36:00,refunded,first_touch,email,1,1,1,1.0,82.62,82.62
ord_667bde65,cust_df76f4fb,2024-03-06 11:36:00,refunded,linear,email,1,1,1,1.0,82.62,82.62
ord_667bde65,cust_df76f4fb,2024-03-06 11:36:00,refunded,time_decay,email,1,1,1,1.0,82.62,82.62
ord_aba9f4c7,cust_85c3cc75,2024-03-06 10:23:06,paid,last_touch,direct,1,1,1,1.0,348.24,348.24
ord_aba9f4c7,cust_85c3cc75,2024-03-06 10:23:06,paid,first_touch,direct,1,1,1,1.0,348.24,348.24
ord_aba9f4c7,cust_85c3cc75,2024-03-06 10:23:06,paid,linear,direct,1,1,1,1.0,348.24,348.24
ord_aba9f4c7,cust_85c3cc75,2024-03-06 10:23:06,paid,time_decay,direct,1,1,1,1.0,348.24,348.24
ord_32ceb142,cust_8e043fbf,2024-03-06 21:25:15,paid,last_touch,email,1,1,1,1.0,40.07,40.07
ord_32ceb142,cust_8e043fbf,2024-03-06 21:25:15,paid,first_touch,email,1,1,1,1.0,40.07,40.07
ord_32ceb142,cust_8e043fbf,2024-03-06 21:25:15,paid,linear,email,1,1,1,1.0,40.07,40.07
ord_32ceb142,cust_8e043fbf,2024-03-06 21:25:15,paid,time_decay,email,1,1,1,1.0,40.07,40.07
ord_5c6098dc,cust_cffbbeb0,2024-03-06 15:46:07,paid,last_touch,direct,1,1,1,1.0,86.29,86.29
ord_5c6098dc,cust_cffbbeb0,2024-03-06 15:46:07,paid,first_touch,organic,1,1,1,1.0,86.29,86.29
ord_5c6098dc,cust_cffbbeb0,2024-03-06 15:46:07,paid,linear,organic,1,1,1,1.0,86.29,86.29
ord_5c6098dc,cust_cffbbeb0,2024-03-06 15:46:07,paid,time_decay,organic,1,1,1,1.0,86.29,86.29
ord_613fafda,cust_09497cf3,2024-03-06 14:06:19,paid,last_touch,organic,1,1,1,1.0,122.21,122.21
ord_613fafda,cust_09497cf3,2024-03-06 14:06:19,paid,first_touch,organic,1,1,1,1.0,122.21,122.21
ord_613fafda,cust_09497cf3,2024-03-06 14:06:19,paid,linear,organic,1,1,1,1.0,122.21,122.21
ord_613fafda,cust_09497cf3,2024-03-06 14:06:19,paid,time_decay,organic,1,1,1,1.0,122.21,122.21
ord_c985c335,cust_df6f585b,2024-03-06 16:08:16,paid,last_touch,direct,1,1,1,1.0,239.58,239.58
ord_c985c335,cust_df6f585b,2024-03-06 16:08:16,paid,first_touch,direct,1,1,1,1.0,239.58,239.58
ord_c985c335,cust_df6f585b,2024-03-06 16:08:16,paid,linear,direct,1,1,1,1.0,239.58,239.58
ord_c985c335,cust_df6f585b,2024-03-06 16:08:16,paid,time_decay,direct,1,1,1,1.0,239.58,239.58
ord_b3e5fde6,cust_0bd461aa,2024-03-06 08:00:58,paid,last_touch,meta,1,1,1,1.0,163.84,163.84
ord_b3e5fde6,cust_0bd461aa,2024-03-06 08:00:58,paid,first_touch,meta,1,1,1,1.0,163.84,163.84
ord_b3e5fde6,cust_0bd461aa,2024-03-06 08:00:58,paid,linear,meta,1,1,1,1.0,163.84,163.84
ord_b3e5fde6,cust_0bd461aa,2024-03-06 08:00:58,paid,time_decay,meta,1,1,1,1.0,163.84,163.84
ord_3ebcca19,cust_905127e8,2024-03-06 15:09:06,paid,last_touch,google,1,1,1,1.0,94.63,94.63
ord_3ebcca19,cust_905127e8,2024-03-06 15:09:06,paid,first_touch,google,1,1,1,1.0,94.63,94.63
ord_3ebcca19,cust_905127e8,2024-03-06 15:09:06,paid,linear,google,1,1,1,1.0,94.63,94.63
ord_3ebcca19,cust_905127e8,2024-03-06 15:09:06,paid,time_decay,google,1,1,1,1.0,94.63,94.63
ord_67aefb42,cust_35c7f1e7,2024-03-06 11:34:58,paid,last_touch,direct,1,1,1,1.0,173.32,173.32
ord_67aefb42,cust_35c7f1e7,2024-03-06 11:34:58,paid,first_touch,google,1,1,1,1.0,173.32,173.32
ord_67aefb42,cust_35c7f1e7,2024-03-06 11:34:58,paid,linear,google,1,1,1,1.0,173.32,173.32
ord_67aefb42,cust_35c7f1e7,2024-03-06 11:34:58,paid,time_decay,google,1,1,1,1.0,173.32,173.32
ord_f558f633,cust_d3f462d6,2024-03-06 14:54:35,paid,last_touch,direct,1,1,1,1.0,29.1,29.1
ord_f558f633,cust_d3f462d6,2024-03-06 14:54:35,paid,first_touch,direct,1,1,1,1.0,29.1,29.1
ord_f558f633,cust_d3f462d6,2024-03-06 14:54:35,paid,linear,direct,1,1,1,1.0,29.1,29.1
ord_f558f633,cust_d3f462d6,2024-03-06 14:54:35,paid,time_decay,direct,1,1,1,1.0,29.1,29.1
ord_51b6fbc8,cust_f7115d74,2024-03-06 07:48:11,paid,last_touch,direct,1,1,1,1.0,38.41,38.41
ord_51b6fbc8,cust_f7115d74,2024-03-06 07:48:11,paid,first_touch,meta,1,1,1,1.0,38.41,38.41
ord_51b6fbc8,cust_f7115d74,2024-03-06 07:48:11,paid,linear,meta,1,1,1,1.0,38.41,38.41
ord_51b6fbc8,cust_f7115d74,2024-03-06 07:48:11,paid,time_decay,meta,1,1,1,1.0,38.41,38.41
ord_3b5d706a,cust_a2744242,2024-03-07 19:08:31,paid,last_touch,direct,1,1,1,1.0,82.41,82.41
ord_3b5d706a,cust_a2744242,2024-03-07 19:08:31,paid,first_touch,google,1,1,1,1.0,82.41,82.41
ord_3b5d706a,cust_a2744242,2024-03-07 19:08:31,paid,linear,google,1,1,1,1.0,82.41,82.41
ord_3b5d706a,cust_a2744242,2024-03-07 19:08:31,paid,time_decay,google,1,1,1,1.0,82.41,82.41
ord_8136b9fa,cust_898ea69e,2024-03-07 18:27:49,paid,last_touch,email,1,1,1,1.0,50.53,50.53
ord_8136b9fa,cust_898ea69e,2024-03-07 18:27:49,paid,first_touch,email,1,1,1,1.0,50.53,50.53
ord_8136b9fa,cust_898ea69e,2024-03-07 18:27:49,paid,linear,email,1,1,1,1.0,50.53,50.53
ord_8136b9fa,cust_898ea69e,2024-03-07 18:27:49,paid,time_decay,email,1,1,1,1.0,50.53,50.53
ord_520718e0,cust_945bd018,2024-03-08 20:58:21,refunded,last_touch,organic,1,1,1,1.0,147.55,147.55
ord_520718e0,cust_945bd018,2024-03-08 20:58:21,refunded,first_touch,organic,1,1,1,1.0,147.55,147.55
ord_520718e0,cust_945bd018,2024-03-08 20:58:21,refunded,linear,organic,1,1,1,1.0,147.55,147.55
ord_520718e0,cust_945bd018,2024-03-08 20:58:21,refunded,time_decay,organic,1,1,1,1.0,147.55,147.55
ord_58590691,cust_6cb7bb9a,2024-03-08 07:49:03,paid,last_touch,tiktok,1,1,1,1.0,83.65,83.65
ord_58590691,cust_6cb7bb9a,2024-03-08 07:49:03,paid,first_touch,tiktok,1,1,1,1.0,83.65,83.65
ord_58590691,cust_6cb7bb9a,2024-03-08 07:49:03,paid,linear,tiktok,1,1,1,1.0,83.65,83.65
ord_58590691,cust_6cb7bb9a,2024-03-08 07:49:03,paid,time_decay,tiktok,1,1,1,1.0,83.65,83.65
ord_cbbc08d8,cust_72aa67ab,2024-03-08 15:48:42,paid,last_touch,direct,1,1,1,1.0,48.71,48.71
ord_cbbc08d8,cust_72aa67ab,2024-03-08 15:48:42,paid,first_touch,organic,1,1,1,1.0,48.71,48.71
ord_cbbc08d8,cust_72aa67ab,2024-03-08 15:48:42,paid,linear,organic,1,1,1,1.0,48.71,48.71
ord_cbbc08d8,cust_72aa67ab,2024-03-08 15:48:42,paid,time_decay,organic,1,1,1,1.0,48.71,48.71
ord_b3176924,cust_8307795f,2024-03-08 17:19:38,paid,last_touch,direct,1,1,1,1.0,35.75,35.75
ord_b3176924,cust_8307795f,2024-03-08 17:19:38,paid,first_touch,organic,1,1,1,1.0,35.75,35.75
ord_b3176924,cust_8307795f,2024-03-08 17:19:38,paid,linear,organic,1,1,1,1.0,35.75,35.75
ord_b3176924,cust_8307795f,2024-03-08 17:19:38,paid,time_decay,organic,1,1,1,1.0,35.75,35.75
ord_c436d128,cust_d54eeab7,2024-03-08 08:07:04,paid,last_touch,organic,1,1,1,1.0,144.37,144.37
ord_c436d128,cust_d54eeab7,2024-03-08 08:07:04,paid,first_touch,organic,1,1,1,1.0,144.37,144.37
ord_c436d128,cust_d54eeab7,2024-03-08 08:07:04,paid,linear,organic,1,1,1,1.0,144.37,144.37
ord_c436d128,cust_d54eeab7,2024-03-08 08:07:04,paid,time_decay,organic,1,1,1,1.0,144.37,144.37
ord_eb2f0e73,cust_b4e90d38,2024-03-08 17:33:06,paid,last_touch,organic,1,1,1,1.0,30.44,30.44
ord_eb2f0e73,cust_b4e90d38,2024-03-08 17:33:06,paid,first_touch,organic,1,1,1,1.0,30.44,30.44
ord_eb2f0e73,cust_b4e90d38,2024-03-08 17:33:06,paid,linear,organic,1,1,1,1.0,30.44,30.44
ord_eb2f0e73,cust_b4e90d38,2024-03-08 17:33:06,paid,time_decay,organic,1,1,1,1.0,30.44,30.44
ord_5ea93991,cust_f37099ac,2024-03-08 21:25:52,paid,last_touch,direct,1,1,1,1.0,65.47,65.47
ord_5ea93991,cust_f37099ac,2024-03-08 21:25:52,paid,first_touch,meta,1,1,1,1.0,65.47,65.47
ord_5ea93991,cust_f37099ac,2024-03-08 21:25:52,paid,linear,meta,1,1,1,1.0,65.47,65.47
ord_5ea93991,cust_f37099ac,2024-03-08 21:25:52,paid,time_decay,meta,1,1,1,1.0,65.47,65.47
ord_304ecd9e,cust_e9e1a03a,2024-03-08 17:28:51,paid,last_touch,email,1,1,1,1.0,220.4,220.4
ord_304ecd9e,cust_e9e1a03a,2024-03-08 17:28:51,paid,first_touch,email,1,1,1,1.0,220.4,220.4
ord_304ecd9e,cust_e9e1a03a,2024-03-08 17:28:51,paid,linear,email,1,1,1,1.0,220.4,220.4
ord_304ecd9e,cust_e9e1a03a,2024-03-08 17:28:51,paid,time_decay,email,1,1,1,1.0,220.4,220.4
ord_19dd1267,cust_02aafd0f,2024-03-08 09:18:08,paid,last_touch,direct,1,1,1,1.0,92.9,92.9
ord_19dd1267,cust_02aafd0f,2024-03-08 09:18:08,paid,first_touch,google,1,1,1,1.0,92.9,92.9
ord_19dd1267,cust_02aafd0f,2024-03-08 09:18:08,paid,linear,google,1,1,1,1.0,92.9,92.9
ord_19dd1267,cust_02aafd0f,2024-03-08 09:18:08,paid,time_decay,google,1,1,1,1.0,92.9,92.9
ord_bacdd5e1,cust_7cdd3645,2024-03-08 14:23:58,paid,last_touch,email,1,1,1,1.0,46.42,46.42
ord_bacdd5e1,cust_7cdd3645,2024-03-08 14:23:58,paid,first_touch,email,1,1,1,1.0,46.42,46.42
ord_bacdd5e1,cust_7cdd3645,2024-03-08 14:23:58,paid,linear,email,1,1,1,1.0,46.42,46.42
ord_bacdd5e1,cust_7cdd3645,2024-03-08 14:23:58,paid,time_decay,email,1,1,1,1.0,46.42,46.42
ord_c9a72ad4,cust_16627cea,2024-03-08 15:38:30,paid,last_touch,direct,1,1,1,1.0,51.2,51.2
ord_c9a72ad4,cust_16627cea,2024-03-08 15:38:30,paid,first_touch,tiktok,1,1,1,1.0,51.2,51.2
ord_c9a72ad4,cust_16627cea,2024-03-08 15:38:30,paid,linear,tiktok,1,1,1,1.0,51.2,51.2
ord_c9a72ad4,cust_16627cea,2024-03-08 15:38:30,paid,time_decay,tiktok,1,1,1,1.0,51.2,51.2
ord_27e81b6e,cust_4a76773c,2024-03-08 07:35:10,paid,last_touch,direct,1,1,1,1.0,99.54,99.54
ord_27e81b6e,cust_4a76773c,2024-03-08 07:35:10,paid,first_touch,meta,1,1,1,1.0,99.54,99.54
ord_27e81b6e,cust_4a76773c,2024-03-08 07:35:10,paid,linear,meta,1,1,1,1.0,99.54,99.54
ord_27e81b6e,cust_4a76773c,2024-03-08 07:35:10,paid,time_decay,meta,1,1,1,1.0,99.54,99.54
ord_e8a11e34,cust_aa4fdd13,2024-03-08 01:16:51,paid,last_touch,tiktok,1,1,1,1.0,29.47,29.47
ord_e8a11e34,cust_aa4fdd13,2024-03-08 01:16:51,paid,first_touch,tiktok,1,1,1,1.0,29.47,29.47
ord_e8a11e34,cust_aa4fdd13,2024-03-08 01:16:51,paid,linear,tiktok,1,1,1,1.0,29.47,29.47
ord_e8a11e34,cust_aa4fdd13,2024-03-08 01:16:51,paid,time_decay,tiktok,1,1,1,1.0,29.47,29.47
ord_e1d32046,cust_98c79d21,2024-03-09 17:38:20,paid,last_touch,direct,1,1,1,1.0,83.06,83.06
ord_e1d32046,cust_98c79d21,2024-03-09 17:38:20,paid,first_touch,direct,1,1,1,1.0,83.06,83.06
ord_e1d32046,cust_98c79d21,2024-03-09 17:38:20,paid,linear,direct,1,1,1,1.0,83.06,83.06
ord_e1d32046,cust_98c79d21,2024-03-09 17:38:20,paid,time_decay,direct,1,1,1,1.0,83.06,83.06
ord_5801ef78,cust_3c48bd74,2024-03-09 15:11:58,paid,last_touch,meta,1,1,1,1.0,153.72,153.72
ord_5801ef78,cust_3c48bd74,2024-03-09 15:11:58,paid,first_touch,meta,1,1,1,1.0,153.72,153.72
ord_5801ef78,cust_3c48bd74,2024-03-09 15:11:58,paid,linear,meta,1,1,1,1.0,153.72,153.72
ord_5801ef78,cust_3c48bd74,2024-03-09 15:11:58,paid,time_decay,meta,1,1,1,1.0,153.72,153.72
ord_f7a36fe7,cust_43a14cc8,2024-03-09 19:22:29,paid,last_touch,meta,1,1,1,1.0,114.5,114.5
ord_f7a36fe7,cust_43a14cc8,2024-03-09 19:22:29,paid,first_touch,meta,1,1,1,1.0,114.5,114.5
ord_f7a36fe7,cust_43a14cc8,2024-03-09 19:22:29,paid,linear,meta,1,1,1,1.0,114.5,114.5
ord_f7a36fe7,cust_43a14cc8,2024-03-09 19:22:29,paid,time_decay,meta,1,1,1,1.0,114.5,114.5
ord_163acc2b,cust_596b49c0,2024-03-09 09:32:58,paid,last_touch,google,1,1,1,1.0,175.89,175.89
ord_163acc2b,cust_596b49c0,2024-03-09 09:32:58,paid,first_touch,google,1,1,1,1.0,175.89,175.89
ord_163acc2b,cust_596b49c0,2024-03-09 09:32:58,paid,linear,google,1,1,1,1.0,175.89,175.89
ord_163acc2b,cust_596b49c0,2024-03-09 09:32:58,paid,time_decay,google,1,1,1,1.0,175.89,175.89
ord_abab96ec,cust_f70d6d4c,2024-03-10 11:22:55,paid,last_touch,tiktok,1,1,1,1.0,49.29,49.29
ord_abab96ec,cust_f70d6d4c,2024-03-10 11:22:55,paid,first_touch,tiktok,1,1,1,1.0,49.29,49.29
ord_abab96ec,cust_f70d6d4c,2024-03-10 11:22:55,paid,linear,tiktok,1,1,1,1.0,49.29,49.29
ord_abab96ec,cust_f70d6d4c,2024-03-10 11:22:55,paid,time_decay,tiktok,1,1,1,1.0,49.29,49.29
ord_2d071e80,cust_dd1e7735,2024-03-10 19:54:22,paid,last_touch,meta,1,1,1,1.0,86.39,86.39
ord_2d071e80,cust_dd1e7735,2024-03-10 19:54:22,paid,first_touch,meta,1,1,1,1.0,86.39,86.39
ord_2d071e80,cust_dd1e7735,2024-03-10 19:54:22,paid,linear,meta,1,1,1,1.0,86.39,86.39
ord_2d071e80,cust_dd1e7735,2024-03-10 19:54:22,paid,time_decay,meta,1,1,1,1.0,86.39,86.39
ord_5a5def34,cust_ea6bf2e0,2024-03-10 10:19:41,paid,last_touch,direct,1,1,1,1.0,106.14,106.14
ord_5a5def34,cust_ea6bf2e0,2024-03-10 10:19:41,paid,first_touch,organic,1,1,1,1.0,106.14,106.14
ord_5a5def34,cust_ea6bf2e0,2024-03-10 10:19:41,paid,linear,organic,1,1,1,1.0,106.14,106.14
ord_5a5def34,cust_ea6bf2e0,2024-03-10 10:19:41,paid,time_decay,organic,1,1,1,1.0,106.14,106.14
ord_c3994910,cust_ddc9ea68,2024-03-10 00:28:31,paid,last_touch,google,1,1,1,1.0,190.34,190.34
ord_c3994910,cust_ddc9ea68,2024-03-10 00:28:31,paid,first_touch,google,1,1,1,1.0,190.34,190.34
ord_c3994910,cust_ddc9ea68,2024-03-10 00:28:31,paid,linear,google,1,1,1,1.0,190.34,190.34
ord_c3994910,cust_ddc9ea68,2024-03-10 00:28:31,paid,time_decay,google,1,1,1,1.0,190.34,190.34
ord_c041cfc9,cust_183cc26a,2024-03-11 08:21:16,paid,last_touch,direct,1,1,1,1.0,40.15,40.15
ord_c041cfc9,cust_183cc26a,2024-03-11 08:21:16,paid,first_touch,tiktok,1,1,1,1.0,40.15,40.15
ord_c041cfc9,cust_183cc26a,2024-03-11 08:21:16,paid,linear,tiktok,1,1,1,1.0,40.15,40.15
ord_c041cfc9,cust_183cc26a,2024-03-11 08:21:16,paid,time_decay,tiktok,1,1,1,1.0,40.15,40.15
ord_ffd2aeba,cust_95033ebe,2024-03-11 21:36:11,paid,last_touch,direct,1,1,1,1.0,108.24,108.24
ord_ffd2aeba,cust_95033ebe,2024-03-11 21:36:11,paid,first_touch,google,1,1,1,1.0,108.24,108.24
ord_ffd2aeba,cust_95033ebe,2024-03-11 21:36:11,paid,linear,google,1,1,1,1.0,108.24,108.24
ord_ffd2aeba,cust_95033ebe,2024-03-11 21:36:11,paid,time_decay,google,1,1,1,1.0,108.24,108.24
ord_137b6ea0,cust_7aa0f7a7,2024-03-11 12:49:42,paid,last_touch,organic,1,1,1,1.0,142.71,142.71
ord_137b6ea0,cust_7aa0f7a7,2024-03-11 12:49:42,paid,first_touch,organic,1,1,1,1.0,142.71,142.71
ord_137b6ea0,cust_7aa0f7a7,2024-03-11 12:49:42,paid,linear,organic,1,1,1,1.0,142.71,142.71
ord_137b6ea0,cust_7aa0f7a7,2024-03-11 12:49:42,paid,time_decay,organic,1,1,1,1.0,142.71,142.71
ord_a0755350,cust_4bef0a57,2024-03-11 10:10:33,paid,last_touch,direct,1,1,1,1.0,138.84,138.84
ord_a0755350,cust_4bef0a57,2024-03-11 10:10:33,paid,first_touch,direct,1,1,1,1.0,138.84,138.84
ord_a0755350,cust_4bef0a57,2024-03-11 10:10:33,paid,linear,direct,1,1,1,1.0,138.84,138.84
ord_a0755350,cust_4bef0a57,2024-03-11 10:10:33,paid,time_decay,direct,1,1,1,1.0,138.84,138.84
ord_60e6d55f,cust_4e02b520,2024-03-11 21:49:41,paid,last_touch,direct,1,1,1,1.0,38.87,38.87
ord_60e6d55f,cust_4e02b520,2024-03-11 21:49:41,paid,first_touch,google,1,1,1,1.0,38.87,38.87
ord_60e6d55f,cust_4e02b520,2024-03-11 21:49:41,paid,linear,google,1,1,1,1.0,38.87,38.87
ord_60e6d55f,cust_4e02b520,2024-03-11 21:49:41,paid,time_decay,google,1,1,1,1.0,38.87,38.87
ord_96030577,cust_43a752cb,2024-03-11 20:15:20,paid,last_touch,google,1,1,1,1.0,106.76,106.76
ord_96030577,cust_43a752cb,2024-03-11 20:15:20,paid,first_touch,google,1,1,1,1.0,106.76,106.76
ord_96030577,cust_43a752cb,2024-03-11 20:15:20,paid,linear,google,1,1,1,1.0,106.76,106.76
ord_96030577,cust_43a752cb,2024-03-11 20:15:20,paid,time_decay,google,1,1,1,1.0,106.76,106.76
ord_eaba34be,cust_47749a04,2024-03-11 09:42:26,paid,last_touch,google,1,1,1,1.0,73.06,73.06
ord_eaba34be,cust_47749a04,2024-03-11 09:42:26,paid,first_touch,google,1,1,1,1.0,73.06,73.06
ord_eaba34be,cust_47749a04,2024-03-11 09:42:26,paid,linear,google,1,1,1,1.0,73.06,73.06
ord_eaba34be,cust_47749a04,2024-03-11 09:42:26,paid,time_decay,google,1,1,1,1.0,73.06,73.06
ord_b65b07e7,cust_fe98a708,2024-03-11 12:36:57,paid,last_touch,tiktok,1,1,1,1.0,99.23,99.23
ord_b65b07e7,cust_fe98a708,2024-03-11 12:36:57,paid,first_touch,tiktok,1,1,1,1.0,99.23,99.23
ord_b65b07e7,cust_fe98a708,2024-03-11 12:36:57,paid,linear,tiktok,1,1,1,1.0,99.23,99.23
ord_b65b07e7,cust_fe98a708,2024-03-11 12:36:57,paid,time_decay,tiktok,1,1,1,1.0,99.23,99.23
ord_1a025d24,cust_87f4101b,2024-03-12 18:57:55,paid,last_touch,meta,1,1,1,1.0,197.4,197.4
ord_1a025d24,cust_87f4101b,2024-03-12 18:57:55,paid,first_touch,meta,1,1,1,1.0,197.4,197.4
ord_1a025d24,cust_87f4101b,2024-03-12 18:57:55,paid,linear,meta,1,1,1,1.0,197.4,197.4
ord_1a025d24,cust_87f4101b,2024-03-12 18:57:55,paid,time_decay,meta,1,1,1,1.0,197.4,197.4
ord_8937f60d,cust_a5ae39f2,2024-03-12 09:33:37,paid,last_touch,direct,1,1,1,1.0,86.46,86.46
ord_8937f60d,cust_a5ae39f2,2024-03-12 09:33:37,paid,first_touch,direct,1,1,1,1.0,86.46,86.46
ord_8937f60d,cust_a5ae39f2,2024-03-12 09:33:37,paid,linear,direct,1,1,1,1.0,86.46,86.46
ord_8937f60d,cust_a5ae39f2,2024-03-12 09:33:37,paid,time_decay,direct,1,1,1,1.0,86.46,86.46
ord_38aee900,cust_ae88f9fd,2024-03-13 08:38:30,paid,last_touch,direct,1,1,1,1.0,483.38,483.38
ord_38aee900,cust_ae88f9fd,2024-03-13 08:38:30,paid,first_touch,meta,1,1,1,1.0,483.38,483.38
ord_38aee900,cust_ae88f9fd,2024-03-13 08:38:30,paid,linear,meta,1,1,1,1.0,483.38,483.38
ord_38aee900,cust_ae88f9fd,2024-03-13 08:38:30,paid,time_decay,meta,1,1,1,1.0,483.38,483.38
ord_ab46b153,cust_64a71b51,2024-03-14 20:20:13,refunded,last_touch,google,1,1,1,1.0,215.01,215.01
ord_ab46b153,cust_64a71b51,2024-03-14 20:20:13,refunded,first_touch,google,1,1,1,1.0,215.01,215.01
ord_ab46b153,cust_64a71b51,2024-03-14 20:20:13,refunded,linear,google,1,1,1,1.0,215.01,215.01
ord_ab46b153,cust_64a71b51,2024-03-14 20:20:13,refunded,time_decay,google,1,1,1,1.0,215.01,215.01
ord_c259e7c1,cust_b345c77b,2024-03-14 19:50:40,paid,last_touch,direct,1,1,1,1.0,164.33,164.33
ord_c259e7c1,cust_b345c77b,2024-03-14 19:50:40,paid,first_touch,direct,1,1,1,1.0,164.33,164.33
ord_c259e7c1,cust_b345c77b,2024-03-14 19:50:40,paid,linear,direct,1,1,1,1.0,164.33,164.33
ord_c259e7c1,cust_b345c77b,2024-03-14 19:50:40,paid,time_decay,direct,1,1,1,1.0,164.33,164.33
ord_15e1cca2,cust_153cee51,2024-03-14 04:55:52,paid,last_touch,direct,1,1,1,1.0,80.69,80.69
ord_15e1cca2,cust_153cee51,2024-03-14 04:55:52,paid,first_touch,organic,1,1,1,1.0,80.69,80.69
ord_15e1cca2,cust_153cee51,2024-03-14 04:55:52,paid,linear,organic,1,1,1,1.0,80.69,80.69
ord_15e1cca2,cust_153cee51,2024-03-14 04:55:52,paid,time_decay,organic,1,1,1,1.0,80.69,80.69
ord_416c222a,cust_baebfbd6,2024-03-14 20:28:24,refunded,last_touch,organic,1,1,1,1.0,22.7,22.7
ord_416c222a,cust_baebfbd6,2024-03-14 20:28:24,refunded,first_touch,organic,1,1,1,1.0,22.7,22.7
ord_416c222a,cust_baebfbd6,2024-03-14 20:28:24,refunded,linear,organic,1,1,1,1.0,22.7,22.7
ord_416c222a,cust_baebfbd6,2024-03-14 20:28:24,refunded,time_decay,organic,1,1,1,1.0,22.7,22.7
ord_2e7347c7,cust_2f61ec2b,2024-03-14 21:58:29,refunded,last_touch,email,1,1,1,1.0,43.31,43.31
ord_2e7347c7,cust_2f61ec2b,2024-03-14 21:58:29,refunded,first_touch,email,1,1,1,1.0,43.31,43.31
ord_2e7347c7,cust_2f61ec2b,2024-03-14 21:58:29,refunded,linear,email,1,1,1,1.0,43.31,43.31
ord_2e7347c7,cust_2f61ec2b,2024-03-14 21:58:29,refunded,time_decay,email,1,1,1,1.0,43.31,43.31
ord_d9987479,cust_c1e1e62a,2024-03-14 22:32:43,refunded,last_touch,direct,1,1,1,1.0,75.56,75.56
ord_d9987479,cust_c1e1e62a,2024-03-14 22:32:43,refunded,first_touch,google,1,1,1,1.0,75.56,75.56
ord_d9987479,cust_c1e1e62a,2024-03-14 22:32:43,refunded,linear,google,1,1,1,1.0,75.56,75.56
ord_d9987479,cust_c1e1e62a,2024-03-14 22:32:43,refunded,time_decay,google,1,1,1,1.0,75.56,75.56
ord_b5a8d8db,cust_ea08c045,2024-03-14 14:18:48,refunded,last_touch,email,1,1,1,1.0,56.57,56.57
ord_b5a8d8db,cust_ea08c045,2024-03-14 14:18:48,refunded,first_touch,email,1,1,1,1.0,56.57,56.57
ord_b5a8d8db,cust_ea08c045,2024-03-14 14:18:48,refunded,linear,email,1,1,1,1.0,56.57,56.57
ord_b5a8d8db,cust_ea08c045,2024-03-14 14:18:48,refunded,time_decay,email,1,1,1,1.0,56.57,56.57
ord_4ef02039,cust_bf1de200,2024-03-15 21:58:10,paid,last_touch,direct,1,1,1,1.0,58.53,58.53
ord_4ef02039,cust_bf1de200,2024-03-15 21:58:10,paid,first_touch,direct,1,1,1,1.0,58.53,58.53
ord_4ef02039,cust_bf1de200,2024-03-15 21:58:10,paid,linear,direct,1,1,1,1.0,58.53,58.53
ord_4ef02039,cust_bf1de200,2024-03-15 21:58:10,paid,time_decay,direct,1,1,1,1.0,58.53,58.53
ord_85a44e95,cust_e6befadb,2024-03-15 21:23:28,paid,last_touch,meta,1,1,1,1.0,64.54,64.54
ord_85a44e95,cust_e6befadb,2024-03-15 21:23:28,paid,first_touch,meta,1,1,1,1.0,64.54,64.54
ord_85a44e95,cust_e6befadb,2024-03-15 21:23:28,paid,linear,meta,1,1,1,1.0,64.54,64.54
ord_85a44e95,cust_e6befadb,2024-03-15 21:23:28,paid,time_decay,meta,1,1,1,1.0,64.54,64.54
ord_6a5ab1b1,cust_bb44eeb5,2024-03-15 21:05:07,chargeback,last_touch,google,1,1,1,1.0,41.45,41.45
ord_6a5ab1b1,cust_bb44eeb5,2024-03-15 21:05:07,chargeback,first_touch,google,1,1,1,1.0,41.45,41.45
ord_6a5ab1b1,cust_bb44eeb5,2024-03-15 21:05:07,chargeback,linear,google,1,1,1,1.0,41.45,41.45
ord_6a5ab1b1,cust_bb44eeb5,2024-03-15 21:05:07,chargeback,time_decay,google,1,1,1,1.0,41.45,41.45
ord_6f1b4109,cust_9ec210bc,2024-03-15 09:10:45,paid,last_touch,direct,1,1,1,1.0,46.96,46.96
ord_6f1b4109,cust_9ec210bc,2024-03-15 09:10:45,paid,first_touch,direct,1,1,1,1.0,46.96,46.96
ord_6f1b4109,cust_9ec210bc,2024-03-15 09:10:45,paid,linear,direct,1,1,1,1.0,46.96,46.96
ord_6f1b4109,cust_9ec210bc,2024-03-15 09:10:45,paid,time_decay,direct,1,1,1,1.0,46.96,46.96
ord_1a97fba4,cust_7333ac07,2024-03-15 18:48:57,paid,last_touch,direct,1,1,1,1.0,33.21,33.21
ord_1a97fba4,cust_7333ac07,2024-03-15 18:48:57,paid,first_touch,google,1,1,1,1.0,33.21,33.21
ord_1a97fba4,cust_7333ac07,2024-03-15 18:48:57,paid,linear,google,1,1,1,1.0,33.21,33.21
ord_1a97fba4,cust_7333ac07,2024-03-15 18:48:57,paid,time_decay,google,1,1,1,1.0,33.21,33.21
ord_fa2a4b0d,cust_e3519269,2024-03-15 11:01:39,paid,last_touch,google,1,1,1,1.0,80.67,80.67
ord_fa2a4b0d,cust_e3519269,2024-03-15 11:01:39,paid,first_touch,google,1,1,1,1.0,80.67,80.67
ord_fa2a4b0d,cust_e3519269,2024-03-15 11:01:39,paid,linear,google,1,1,1,1.0,80.67,80.67
ord_fa2a4b0d,cust_e3519269,2024-03-15 11:01:39,paid,time_decay,google,1,1,1,1.0,80.67,80.67
ord_e001f7ea,cust_339cddd3,2024-03-15 20:38:30,paid,last_touch,tiktok,1,1,1,1.0,163.92,163.92
ord_e001f7ea,cust_339cddd3,2024-03-15 20:38:30,paid,first_touch,tiktok,1,1,1,1.0,163.92,163.92
ord_e001f7ea,cust_339cddd3,2024-03-15 20:38:30,paid,linear,tiktok,1,1,1,1.0,163.92,163.92
ord_e001f7ea,cust_339cddd3,2024-03-15 20:38:30,paid,time_decay,tiktok,1,1,1,1.0,163.92,163.92
ord_82d3fe3d,cust_91067943,2024-03-15 20:25:09,paid,last_touch,google,1,1,1,1.0,71.37,71.37
ord_82d3fe3d,cust_91067943,2024-03-15 20:25:09,paid,first_touch,google,1,1,1,1.0,71.37,71.37
ord_82d3fe3d,cust_91067943,2024-03-15 20:25:09,paid,linear,google,1,1,1,1.0,71.37,71.37
ord_82d3fe3d,cust_91067943,2024-03-15 20:25:09,paid,time_decay,google,1,1,1,1.0,71.37,71.37
ord_808ef502,cust_5317a98c,2024-03-15 05:04:25,paid,last_touch,google,1,1,1,1.0,83.89,83.89
ord_808ef502,cust_5317a98c,2024-03-15 05:04:25,paid,first_touch,google,1,1,1,1.0,83.89,83.89
ord_808ef502,cust_5317a98c,2024-03-15 05:04:25,paid,linear,google,1,1,1,1.0,83.89,83.89
ord_808ef502,cust_5317a98c,2024-03-15 05:04:25,paid,time_decay,google,1,1,1,1.0,83.89,83.89
ord_0d874713,cust_ef626e9a,2024-03-15 10:38:47,refunded,last_touch,direct,1,1,1,1.0,164.95,164.95
ord_0d874713,cust_ef626e9a,2024-03-15 10:38:47,refunded,first_touch,organic,1,1,1,1.0,164.95,164.95
ord_0d874713,cust_ef626e9a,2024-03-15 10:38:47,refunded,linear,organic,1,1,1,1.0,164.95,164.95
ord_0d874713,cust_ef626e9a,2024-03-15 10:38:47,refunded,time_decay,organic,1,1,1,1.0,164.95,164.95
ord_08bafdfe,cust_26a13bda,2024-03-15 11:31:54,paid,last_touch,direct,1,1,1,1.0,183.69,183.69
ord_08bafdfe,cust_26a13bda,2024-03-15 11:31:54,paid,first_touch,direct,1,1,1,1.0,183.69,183.69
ord_08bafdfe,cust_26a13bda,2024-03-15 11:31:54,paid,linear,direct,1,1,1,1.0,183.69,183.69
ord_08bafdfe,cust_26a13bda,2024-03-15 11:31:54,paid,time_decay,direct,1,1,1,1.0,183.69,183.69
ord_ac2e2d11,cust_683b0350,2024-03-15 20:20:02,paid,last_touch,organic,1,1,1,1.0,116.45,116.45
ord_ac2e2d11,cust_683b0350,2024-03-15 20:20:02,paid,first_touch,organic,1,1,1,1.0,116.45,116.45
ord_ac2e2d11,cust_683b0350,2024-03-15 20:20:02,paid,linear,organic,1,1,1,1.0,116.45,116.45
ord_ac2e2d11,cust_683b0350,2024-03-15 20:20:02,paid,time_decay,organic,1,1,1,1.0,116.45,116.45
ord_fad59e46,cust_3cad6395,2024-03-15 21:43:50,paid,last_touch,organic,1,1,1,1.0,129.66,129.66
ord_fad59e46,cust_3cad6395,2024-03-15 21:43:50,paid,first_touch,organic,1,1,1,1.0,129.66,129.66
ord_fad59e46,cust_3cad6395,2024-03-15 21:43:50,paid,linear,organic,1,1,1,1.0,129.66,129.66
ord_fad59e46,cust_3cad6395,2024-03-15 21:43:50,paid,time_decay,organic,1,1,1,1.0,129.66,129.66
ord_0294e883,cust_03a0b9d2,2024-03-16 23:34:39,paid,last_touch,direct,1,1,1,1.0,88.25,88.25
ord_0294e883,cust_03a0b9d2,2024-03-16 23:34:39,paid,first_touch,direct,1,1,1,1.0,88.25,88.25
ord_0294e883,cust_03a0b9d2,2024-03-16 23:34:39,paid,linear,direct,1,1,1,1.0,88.25,88.25
ord_0294e883,cust_03a0b9d2,2024-03-16 23:34:39,paid,time_decay,direct,1,1,1,1.0,88.25,88.25
ord_9abcedef,cust_24e2d46f,2024-03-16 22:36:09,refunded,last_touch,organic,1,1,1,1.0,65.11,65.11
ord_9abcedef,cust_24e2d46f,2024-03-16 22:36:09,refunded,first_touch,organic,1,1,1,1.0,65.11,65.11
ord_9abcedef,cust_24e2d46f,2024-03-16 22:36:09,refunded,linear,organic,1,1,1,1.0,65.11,65.11
ord_9abcedef,cust_24e2d46f,2024-03-16 22:36:09,refunded,time_decay,organic,1,1,1,1.0,65.11,65.11
ord_8921048f,cust_ca711753,2024-03-16 15:51:19,paid,last_touch,meta,1,1,1,1.0,333.76,333.76
ord_8921048f,cust_ca711753,2024-03-16 15:51:19,paid,first_touch,meta,1,1,1,1.0,333.76,333.76
ord_8921048f,cust_ca711753,2024-03-16 15:51:19,paid,linear,meta,1,1,1,1.0,333.76,333.76
ord_8921048f,cust_ca711753,2024-03-16 15:51:19,paid,time_decay,meta,1,1,1,1.0,333.76,333.76
ord_de3cb08c,cust_63cc596c,2024-03-17 03:14:13,paid,last_touch,organic,1,1,1,1.0,119.12,119.12
ord_de3cb08c,cust_63cc596c,2024-03-17 03:14:13,paid,first_touch,organic,1,1,1,1.0,119.12,119.12
ord_de3cb08c,cust_63cc596c,2024-03-17 03:14:13,paid,linear,organic,1,1,1,1.0,119.12,119.12
ord_de3cb08c,cust_63cc596c,2024-03-17 03:14:13,paid,time_decay,organic,1,1,1,1.0,119.12,119.12
ord_1d85a35c,cust_c15a8023,2024-03-17 21:13:43,paid,last_touch,direct,1,1,1,1.0,142.39,142.39
ord_1d85a35c,cust_c15a8023,2024-03-17 21:13:43,paid,first_touch,direct,1,1,1,1.0,142.39,142.39
ord_1d85a35c,cust_c15a8023,2024-03-17 21:13:43,paid,linear,direct,1,1,1,1.0,142.39,142.39
ord_1d85a35c,cust_c15a8023,2024-03-17 21:13:43,paid,time_decay,direct,1,1,1,1.0,142.39,142.39
ord_e7e8697b,cust_6208a3b1,2024-03-17 15:43:59,paid,last_touch,direct,1,1,1,1.0,78.79,78.79
ord_e7e8697b,cust_6208a3b1,2024-03-17 15:43:59,paid,first_touch,tiktok,1,1,1,1.0,78.79,78.79
ord_e7e8697b,cust_6208a3b1,2024-03-17 15:43:59,paid,linear,tiktok,1,1,1,1.0,78.79,78.79
ord_e7e8697b,cust_6208a3b1,2024-03-17 15:43:59,paid,time_decay,tiktok,1,1,1,1.0,78.79,78.79
ord_dfe95392,cust_e88cbd80,2024-03-17 07:59:48,refunded,last_touch,email,1,1,1,1.0,83.09,83.09
ord_dfe95392,cust_e88cbd80,2024-03-17 07:59:48,refunded,first_touch,email,1,1,1,1.0,83.09,83.09
ord_dfe95392,cust_e88cbd80,2024-03-17 07:59:48,refunded,linear,email,1,1,1,1.0,83.09,83.09
ord_dfe95392,cust_e88cbd80,2024-03-17 07:59:48,refunded,time_decay,email,1,1,1,1.0,83.09,83.09
ord_c6108fce,cust_1819cacc,2024-03-17 08:38:28,paid,last_touch,google,1,1,1,1.0,35.17,35.17
ord_c6108fce,cust_1819cacc,2024-03-17 08:38:28,paid,first_touch,google,1,1,1,1.0,35.17,35.17
ord_c6108fce,cust_1819cacc,2024-03-17 08:38:28,paid,linear,google,1,1,1,1.0,35.17,35.17
ord_c6108fce,cust_1819cacc,2024-03-17 08:38:28,paid,time_decay,google,1,1,1,1.0,35.17,35.17
ord_731c90c1,cust_eca970c1,2024-03-17 20:45:58,paid,last_touch,direct,1,1,1,1.0,46.2,46.2
ord_731c90c1,cust_eca970c1,2024-03-17 20:45:58,paid,first_touch,direct,1,1,1,1.0,46.2,46.2
ord_731c90c1,cust_eca970c1,2024-03-17 20:45:58,paid,linear,direct,1,1,1,1.0,46.2,46.2
ord_731c90c1,cust_eca970c1,2024-03-17 20:45:58,paid,time_decay,direct,1,1,1,1.0,46.2,46.2
ord_05ee29ca,cust_f0f4c944,2024-03-17 18:56:07,paid,last_touch,direct,1,1,1,1.0,40.09,40.09
ord_05ee29ca,cust_f0f4c944,2024-03-17 18:56:07,paid,first_touch,direct,1,1,1,1.0,40.09,40.09
ord_05ee29ca,cust_f0f4c944,2024-03-17 18:56:07,paid,linear,direct,1,1,1,1.0,40.09,40.09
ord_05ee29ca,cust_f0f4c944,2024-03-17 18:56:07,paid,time_decay,direct,1,1,1,1.0,40.09,40.09
ord_54ac3c87,cust_0f461fe1,2024-03-17 02:47:39,paid,last_touch,email,1,1,1,1.0,333.02,333.02
ord_54ac3c87,cust_0f461fe1,2024-03-17 02:47:39,paid,first_touch,email,1,1,1,1.0,333.02,333.02
ord_54ac3c87,cust_0f461fe1,2024-03-17 02:47:39,paid,linear,email,1,1,1,1.0,333.02,333.02
ord_54ac3c87,cust_0f461fe1,2024-03-17 02:47:39,paid,time_decay,email,1,1,1,1.0,333.02,333.02
ord_e1c9c7b6,cust_112a1494,2024-03-18 09:04:28,paid,last_touch,direct,1,1,1,1.0,123.58,123.58
ord_e1c9c7b6,cust_112a1494,2024-03-18 09:04:28,paid,first_touch,tiktok,1,1,1,1.0,123.58,123.58
ord_e1c9c7b6,cust_112a1494,2024-03-18 09:04:28,paid,linear,tiktok,1,1,1,1.0,123.58,123.58
ord_e1c9c7b6,cust_112a1494,2024-03-18 09:04:28,paid,time_decay,tiktok,1,1,1,1.0,123.58,123.58
ord_78a8d57f,cust_22e46f06,2024-03-18 14:05:06,paid,last_touch,direct,1,1,1,1.0,203.77,203.77
ord_78a8d57f,cust_22e46f06,2024-03-18 14:05:06,paid,first_touch,direct,1,1,1,1.0,203.77,203.77
ord_78a8d57f,cust_22e46f06,2024-03-18 14:05:06,paid,linear,direct,1,1,1,1.0,203.77,203.77
ord_78a8d57f,cust_22e46f06,2024-03-18 14:05:06,paid,time_decay,direct,1,1,1,1.0,203.77,203.77
ord_125fe2f2,cust_04b5c24d,2024-03-18 16:24:58,refunded,last_touch,direct,1,1,1,1.0,94.27,94.27
ord_125fe2f2,cust_04b5c24d,2024-03-18 16:24:58,refunded,first_touch,meta,1,1,1,1.0,94.27,94.27
ord_125fe2f2,cust_04b5c24d,2024-03-18 16:24:58,refunded,linear,meta,1,1,1,1.0,94.27,94.27
ord_125fe2f2,cust_04b5c24d,2024-03-18 16:24:58,refunded,time_decay,meta,1,1,1,1.0,94.27,94.27
ord_d413da95,cust_1d1e2476,2024-03-18 13:41:51,paid,last_touch,organic,1,1,1,1.0,277.49,277.49
ord_d413da95,cust_1d1e2476,2024-03-18 13:41:51,paid,first_touch,organic,1,1,1,1.0,277.49,277.49
ord_d413da95,cust_1d1e2476,2024-03-18 13:41:51,paid,linear,organic,1,1,1,1.0,277.49,277.49
ord_d413da95,cust_1d1e2476,2024-03-18 13:41:51,paid,time_decay,organic,1,1,1,1.0,277.49,277.49
ord_a6e0900f,cust_ce2b41fe,2024-03-18 17:49:28,paid,last_touch,organic,1,1,1,1.0,52.46,52.46
ord_a6e0900f,cust_ce2b41fe,2024-03-18 17:49:28,paid,first_touch,organic,1,1,1,1.0,52.46,52.46
ord_a6e0900f,cust_ce2b41fe,2024-03-18 17:49:28,paid,linear,organic,1,1,1,1.0,52.46,52.46
ord_a6e0900f,cust_ce2b41fe,2024-03-18 17:49:28,paid,time_decay,organic,1,1,1,1.0,52.46,52.46
ord_af60dd91,cust_a5f5363a,2024-03-18 18:07:03,refunded,last_touch,meta,1,1,1,1.0,115.6,115.6
ord_af60dd91,cust_a5f5363a,2024-03-18 18:07:03,refunded,first_touch,meta,1,1,1,1.0,115.6,115.6
ord_af60dd91,cust_a5f5363a,2024-03-18 18:07:03,refunded,linear,meta,1,1,1,1.0,115.6,115.6
ord_af60dd91,cust_a5f5363a,2024-03-18 18:07:03,refunded,time_decay,meta,1,1,1,1.0,115.6,115.6
ord_0aff9c46,cust_97c6cd7c,2024-03-19 10:45:22,paid,last_touch,google,1,1,1,1.0,105.25,105.25
ord_0aff9c46,cust_97c6cd7c,2024-03-19 10:45:22,paid,first_touch,google,1,1,1,1.0,105.25,105.25
ord_0aff9c46,cust_97c6cd7c,2024-03-19 10:45:22,paid,linear,google,1,1,1,1.0,105.25,105.25
ord_0aff9c46,cust_97c6cd7c,2024-03-19 10:45:22,paid,time_decay,google,1,1,1,1.0,105.25,105.25
ord_501be54d,cust_d46fb2e1,2024-03-19 23:35:38,paid,last_touch,organic,1,1,1,1.0,103.0,103.0
ord_501be54d,cust_d46fb2e1,2024-03-19 23:35:38,paid,first_touch,organic,1,1,1,1.0,103.0,103.0
ord_501be54d,cust_d46fb2e1,2024-03-19 23:35:38,paid,linear,organic,1,1,1,1.0,103.0,103.0
ord_501be54d,cust_d46fb2e1,2024-03-19 23:35:38,paid,time_decay,organic,1,1,1,1.0,103.0,103.0
ord_cb247392,cust_b5a8ea75,2024-03-20 23:46:31,paid,last_touch,organic,1,1,1,1.0,35.03,35.03
ord_cb247392,cust_b5a8ea75,2024-03-20 23:46:31,paid,first_touch,organic,1,1,1,1.0,35.03,35.03
ord_cb247392,cust_b5a8ea75,2024-03-20 23:46:31,paid,linear,organic,1,1,1,1.0,35.03,35.03
ord_cb247392,cust_b5a8ea75,2024-03-20 23:46:31,paid,time_decay,organic,1,1,1,1.0,35.03,35.03
ord_fff8194a,cust_16f5d3fa,2024-03-20 20:54:25,paid,last_touch,meta,1,1,1,1.0,32.24,32.24
ord_fff8194a,cust_16f5d3fa,2024-03-20 20:54:25,paid,first_touch,meta,1,1,1,1.0,32.24,32.24
ord_fff8194a,cust_16f5d3fa,2024-03-20 20:54:25,paid,linear,meta,1,1,1,1.0,32.24,32.24
ord_fff8194a,cust_16f5d3fa,2024-03-20 20:54:25,paid,time_decay,meta,1,1,1,1.0,32.24,32.24
ord_183582db,cust_14ae6ac0,2024-03-20 10:58:04,paid,last_touch,google,1,1,1,1.0,38.07,38.07
ord_183582db,cust_14ae6ac0,2024-03-20 10:58:04,paid,first_touch,google,1,1,1,1.0,38.07,38.07
ord_183582db,cust_14ae6ac0,2024-03-20 10:58:04,paid,linear,google,1,1,1,1.0,38.07,38.07
ord_183582db,cust_14ae6ac0,2024-03-20 10:58:04,paid,time_decay,google,1,1,1,1.0,38.07,38.07
ord_5c6a329b,cust_3abd6ff2,2024-03-20 11:42:08,paid,last_touch,direct,1,1,1,1.0,89.25,89.25
ord_5c6a329b,cust_3abd6ff2,2024-03-20 11:42:08,paid,first_touch,google,1,1,1,1.0,89.25,89.25
ord_5c6a329b,cust_3abd6ff2,2024-03-20 11:42:08,paid,linear,google,1,1,1,1.0,89.25,89.25
ord_5c6a329b,cust_3abd6ff2,2024-03-20 11:42:08,paid,time_decay,google,1,1,1,1.0,89.25,89.25
ord_8cd2e9e7,cust_20f87cec,2024-03-20 13:34:43,paid,last_touch,google,1,1,1,1.0,87.69,87.69
ord_8cd2e9e7,cust_20f87cec,2024-03-20 13:34:43,paid,first_touch,google,1,1,1,1.0,87.69,87.69
ord_8cd2e9e7,cust_20f87cec,2024-03-20 13:34:43,paid,linear,google,1,1,1,1.0,87.69,87.69
ord_8cd2e9e7,cust_20f87cec,2024-03-20 13:34:43,paid,time_decay,google,1,1,1,1.0,87.69,87.69
ord_c8f4f322,cust_1ca1416a,2024-03-22 15:38:30,paid,last_touch,organic,1,1,1,1.0,51.21,51.21
ord_c8f4f322,cust_1ca1416a,2024-03-22 15:38:30,paid,first_touch,organic,1,1,1,1.0,51.21,51.21
ord_c8f4f322,cust_1ca1416a,2024-03-22 15:38:30,paid,linear,organic,1,1,1,1.0,51.21,51.21
ord_c8f4f322,cust_1ca1416a,2024-03-22 15:38:30,paid,time_decay,organic,1,1,1,1.0,51.21,51.21
ord_a4a5e622,cust_64dce7cc,2024-03-22 08:40:01,paid,last_touch,organic,1,1,1,1.0,93.9,93.9
ord_a4a5e622,cust_64dce7cc,2024-03-22 08:40:01,paid,first_touch,organic,1,1,1,1.0,93.9,93.9
ord_a4a5e622,cust_64dce7cc,2024-03-22 08:40:01,paid,linear,organic,1,1,1,1.0,93.9,93.9
ord_a4a5e622,cust_64dce7cc,2024-03-22 08:40:01,paid,time_decay,organic,1,1,1,1.0,93.9,93.9
ord_d4df356e,cust_2f206a99,2024-03-22 17:30:43,paid,last_touch,organic,1,1,1,1.0,106.67,106.67
ord_d4df356e,cust_2f206a99,2024-03-22 17:30:43,paid,first_touch,organic,1,1,1,1.0,106.67,106.67
ord_d4df356e,cust_2f206a99,2024-03-22 17:30:43,paid,linear,organic,1,1,1,1.0,106.67,106.67
ord_d4df356e,cust_2f206a99,2024-03-22 17:30:43,paid,time_decay,organic,1,1,1,1.0,106.67,106.67
ord_4d0b17dd,cust_03506676,2024-03-22 10:44:24,paid,last_touch,meta,1,1,1,1.0,51.9,51.9
ord_4d0b17dd,cust_03506676,2024-03-22 10:44:24,paid,first_touch,meta,1,1,1,1.0,51.9,51.9
ord_4d0b17dd,cust_03506676,2024-03-22 10:44:24,paid,linear,meta,1,1,1,1.0,51.9,51.9
ord_4d0b17dd,cust_03506676,2024-03-22 10:44:24,paid,time_decay,meta,1,1,1,1.0,51.9,51.9
ord_08213543,cust_748fedba,2024-03-22 21:54:51,paid,last_touch,google,1,1,1,1.0,95.39,95.39
ord_08213543,cust_748fedba,2024-03-22 21:54:51,paid,first_touch,google,1,1,1,1.0,95.39,95.39
ord_08213543,cust_748fedba,2024-03-22 21:54:51,paid,linear,google,1,1,1,1.0,95.39,95.39
ord_08213543,cust_748fedba,2024-03-22 21:54:51,paid,time_decay,google,1,1,1,1.0,95.39,95.39
ord_eba020a3,cust_2415b425,2024-03-22 18:25:02,paid,last_touch,direct,1,1,1,1.0,78.61,78.61
ord_eba020a3,cust_2415b425,2024-03-22 18:25:02,paid,first_touch,google,1,1,1,1.0,78.61,78.61
ord_eba020a3,cust_2415b425,2024-03-22 18:25:02,paid,linear,google,1,1,1,1.0,78.61,78.61
ord_eba020a3,cust_2415b425,2024-03-22 18:25:02,paid,time_decay,google,1,1,1,1.0,78.61,78.61
ord_06999f85,cust_519281cf,2024-03-22 22:30:57,paid,last_touch,google,1,1,1,1.0,213.94,213.94
ord_06999f85,cust_519281cf,2024-03-22 22:30:57,paid,first_touch,google,1,1,1,1.0,213.94,213.94
ord_06999f85,cust_519281cf,2024-03-22 22:30:57,paid,linear,google,1,1,1,1.0,213.94,213.94
ord_06999f85,cust_519281cf,2024-03-22 22:30:57,paid,time_decay,google,1,1,1,1.0,213.94,213.94
ord_42e14f4f,cust_299555cc,2024-03-22 19:15:07,paid,last_touch,meta,1,1,1,1.0,32.87,32.87
ord_42e14f4f,cust_299555cc,2024-03-22 19:15:07,paid,first_touch,meta,1,1,1,1.0,32.87,32.87
ord_42e14f4f,cust_299555cc,2024-03-22 19:15:07,paid,linear,meta,1,1,1,1.0,32.87,32.87
ord_42e14f4f,cust_299555cc,2024-03-22 19:15:07,paid,time_decay,meta,1,1,1,1.0,32.87,32.87
ord_d656cc30,cust_79336b0e,2024-03-22 22:31:04,paid,last_touch,tiktok,1,1,1,1.0,95.17,95.17
ord_d656cc30,cust_79336b0e,2024-03-22 22:31:04,paid,first_touch,tiktok,1,1,1,1.0,95.17,95.17
ord_d656cc30,cust_79336b0e,2024-03-22 22:31:04,paid,linear,tiktok,1,1,1,1.0,95.17,95.17
ord_d656cc30,cust_79336b0e,2024-03-22 22:31:04,paid,time_decay,tiktok,1,1,1,1.0,95.17,95.17
ord_3e04fdfd,cust_1c0ce5d1,2024-03-23 17:56:48,paid,last_touch,organic,1,1,1,1.0,67.23,67.23
ord_3e04fdfd,cust_1c0ce5d1,2024-03-23 17:56:48,paid,first_touch,organic,1,1,1,1.0,67.23,67.23
ord_3e04fdfd,cust_1c0ce5d1,2024-03-23 17:56:48,paid,linear,organic,1,1,1,1.0,67.23,67.23
ord_3e04fdfd,cust_1c0ce5d1,2024-03-23 17:56:48,paid,time_decay,organic,1,1,1,1.0,67.23,67.23
ord_429a62c1,cust_5b1e8751,2024-03-23 18:21:12,paid,last_touch,organic,1,1,1,1.0,176.66,176.66
ord_429a62c1,cust_5b1e8751,2024-03-23 18:21:12,paid,first_touch,organic,1,1,1,1.0,176.66,176.66
ord_429a62c1,cust_5b1e8751,2024-03-23 18:21:12,paid,linear,organic,1,1,1,1.0,176.66,176.66
ord_429a62c1,cust_5b1e8751,2024-03-23 18:21:12,paid,time_decay,organic,1,1,1,1.0,176.66,176.66
ord_b93f97da,cust_a4e56a7b,2024-03-23 06:54:36,paid,last_touch,direct,1,1,1,1.0,115.83,115.83
ord_b93f97da,cust_a4e56a7b,2024-03-23 06:54:36,paid,first_touch,google,1,1,1,1.0,115.83,115.83
ord_b93f97da,cust_a4e56a7b,2024-03-23 06:54:36,paid,linear,google,1,1,1,1.0,115.83,115.83
ord_b93f97da,cust_a4e56a7b,2024-03-23 06:54:36,paid,time_decay,google,1,1,1,1.0,115.83,115.83
ord_787a01e3,cust_d9ea1e1d,2024-03-24 09:26:25,paid,last_touch,organic,1,1,1,1.0,47.64,47.64
ord_787a01e3,cust_d9ea1e1d,2024-03-24 09:26:25,paid,first_touch,organic,1,1,1,1.0,47.64,47.64
ord_787a01e3,cust_d9ea1e1d,2024-03-24 09:26:25,paid,linear,organic,1,1,1,1.0,47.64,47.64
ord_787a01e3,cust_d9ea1e1d,2024-03-24 09:26:25,paid,time_decay,organic,1,1,1,1.0,47.64,47.64
ord_635b4647,cust_d60aa63b,2024-03-24 20:50:52,paid,last_touch,direct,1,1,1,1.0,45.6,45.6
ord_635b4647,cust_d60aa63b,2024-03-24 20:50:52,paid,first_touch,direct,1,1,1,1.0,45.6,45.6
ord_635b4647,cust_d60aa63b,2024-03-24 20:50:52,paid,linear,direct,1,1,1,1.0,45.6,45.6
ord_635b4647,cust_d60aa63b,2024-03-24 20:50:52,paid,time_decay,direct,1,1,1,1.0,45.6,45.6
ord_a67c614c,cust_db61ac13,2024-03-24 08:34:36,paid,last_touch,google,1,1,1,1.0,72.85,72.85
ord_a67c614c,cust_db61ac13,2024-03-24 08:34:36,paid,first_touch,google,1,1,1,1.0,72.85,72.85
ord_a67c614c,cust_db61ac13,2024-03-24 08:34:36,paid,linear,google,1,1,1,1.0,72.85,72.85
ord_a67c614c,cust_db61ac13,2024-03-24 08:34:36,paid,time_decay,google,1,1,1,1.0,72.85,72.85
ord_223e1cb6,cust_72a7f549,2024-03-24 13:58:15,paid,last_touch,direct,1,1,1,1.0,44.79,44.79
ord_223e1cb6,cust_72a7f549,2024-03-24 13:58:15,paid,first_touch,direct,1,1,1,1.0,44.79,44.79
ord_223e1cb6,cust_72a7f549,2024-03-24 13:58:15,paid,linear,direct,1,1,1,1.0,44.79,44.79
ord_223e1cb6,cust_72a7f549,2024-03-24 13:58:15,paid,time_decay,direct,1,1,1,1.0,44.79,44.79
ord_cdf2eea2,cust_cd15c899,2024-03-25 06:11:05,paid,last_touch,google,1,1,1,1.0,152.42,152.42
ord_cdf2eea2,cust_cd15c899,2024-03-25 06:11:05,paid,first_touch,google,1,1,1,1.0,152.42,152.42
ord_cdf2eea2,cust_cd15c899,2024-03-25 06:11:05,paid,linear,google,1,1,1,1.0,152.42,152.42
ord_cdf2eea2,cust_cd15c899,2024-03-25 06:11:05,paid,time_decay,google,1,1,1,1.0,152.42,152.42
ord_78eec331,cust_0d57bf77,2024-03-25 21:14:25,paid,last_touch,direct,1,1,1,1.0,61.35,61.35
ord_78eec331,cust_0d57bf77,2024-03-25 21:14:25,paid,first_touch,direct,1,1,1,1.0,61.35,61.35
ord_78eec331,cust_0d57bf77,2024-03-25 21:14:25,paid,linear,direct,1,1,1,1.0,61.35,61.35
ord_78eec331,cust_0d57bf77,2024-03-25 21:14:25,paid,time_decay,direct,1,1,1,1.0,61.35,61.35
ord_63b3aebe,cust_7ed0598a,2024-03-25 14:06:16,refunded,last_touch,organic,1,1,1,1.0,92.55,92.55
ord_63b3aebe,cust_7ed0598a,2024-03-25 14:06:16,refunded,first_touch,organic,1,1,1,1.0,92.55,92.55
ord_63b3aebe,cust_7ed0598a,2024-03-25 14:06:16,refunded,linear,organic,1,1,1,1.0,92.55,92.55
ord_63b3aebe,cust_7ed0598a,2024-03-25 14:06:16,refunded,time_decay,organic,1,1,1,1.0,92.55,92.55
ord_258a951b,cust_3f0a64ca,2024-03-25 19:53:14,paid,last_touch,direct,1,1,1,1.0,224.36,224.36
ord_258a951b,cust_3f0a64ca,2024-03-25 19:53:14,paid,first_touch,meta,1,1,1,1.0,224.36,224.36
ord_258a951b,cust_3f0a64ca,2024-03-25 19:53:14,paid,linear,meta,1,1,1,1.0,224.36,224.36
ord_258a951b,cust_3f0a64ca,2024-03-25 19:53:14,paid,time_decay,meta,1,1,1,1.0,224.36,224.36
ord_75b65755,cust_a616c5e7,2024-03-25 06:49:20,paid,last_touch,meta,1,1,1,1.0,145.47,145.47
ord_75b65755,cust_a616c5e7,2024-03-25 06:49:20,paid,first_touch,meta,1,1,1,1.0,145.47,145.47
ord_75b65755,cust_a616c5e7,2024-03-25 06:49:20,paid,linear,meta,1,1,1,1.0,145.47,145.47
ord_75b65755,cust_a616c5e7,2024-03-25 06:49:20,paid,time_decay,meta,1,1,1,1.0,145.47,145.47
ord_66e4822d,cust_6ad3fd6e,2024-03-25 21:17:13,paid,last_touch,direct,1,1,1,1.0,113.34,113.34
ord_66e4822d,cust_6ad3fd6e,2024-03-25 21:17:13,paid,first_touch,organic,1,1,1,1.0,113.34,113.34
ord_66e4822d,cust_6ad3fd6e,2024-03-25 21:17:13,paid,linear,organic,1,1,1,1.0,113.34,113.34
ord_66e4822d,cust_6ad3fd6e,2024-03-25 21:17:13,paid,time_decay,organic,1,1,1,1.0,113.34,113.34
ord_c7e9120c,cust_372fafc7,2024-03-25 10:38:18,paid,last_touch,email,1,1,1,1.0,76.3,76.3
ord_c7e9120c,cust_372fafc7,2024-03-25 10:38:18,paid,first_touch,email,1,1,1,1.0,76.3,76.3
ord_c7e9120c,cust_372fafc7,2024-03-25 10:38:18,paid,linear,email,1,1,1,1.0,76.3,76.3
ord_c7e9120c,cust_372fafc7,2024-03-25 10:38:18,paid,time_decay,email,1,1,1,1.0,76.3,76.3
ord_93e74460,cust_d95aea04,2024-03-25 11:01:34,paid,last_touch,google,1,1,1,1.0,60.91,60.91
ord_93e74460,cust_d95aea04,2024-03-25 11:01:34,paid,first_touch,google,1,1,1,1.0,60.91,60.91
ord_93e74460,cust_d95aea04,2024-03-25 11:01:34,paid,linear,google,1,1,1,1.0,60.91,60.91
ord_93e74460,cust_d95aea04,2024-03-25 11:01:34,paid,time_decay,google,1,1,1,1.0,60.91,60.91
ord_e723a79a,cust_eddf92eb,2024-03-26 03:00:40,paid,last_touch,organic,1,1,1,1.0,56.59,56.59
ord_e723a79a,cust_eddf92eb,2024-03-26 03:00:40,paid,first_touch,organic,1,1,1,1.0,56.59,56.59
ord_e723a79a,cust_eddf92eb,2024-03-26 03:00:40,paid,linear,organic,1,1,1,1.0,56.59,56.59
ord_e723a79a,cust_eddf92eb,2024-03-26 03:00:40,paid,time_decay,organic,1,1,1,1.0,56.59,56.59
ord_288c9d68,cust_dd9d8def,2024-03-26 13:26:19,paid,last_touch,meta,1,1,1,1.0,55.86,55.86
ord_288c9d68,cust_dd9d8def,2024-03-26 13:26:19,paid,first_touch,meta,1,1,1,1.0,55.86,55.86
ord_288c9d68,cust_dd9d8def,2024-03-26 13:26:19,paid,linear,meta,1,1,1,1.0,55.86,55.86
ord_288c9d68,cust_dd9d8def,2024-03-26 13:26:19,paid,time_decay,meta,1,1,1,1.0,55.86,55.86
ord_7a1dfece,cust_1ac7fc5a,2024-03-26 16:22:37,refunded,last_touch,direct,1,1,1,1.0,38.83,38.83
ord_7a1dfece,cust_1ac7fc5a,2024-03-26 16:22:37,refunded,first_touch,google,1,1,1,1.0,38.83,38.83
ord_7a1dfece,cust_1ac7fc5a,2024-03-26 16:22:37,refunded,linear,google,1,1,1,1.0,38.83,38.83
ord_7a1dfece,cust_1ac7fc5a,2024-03-26 16:22:37,refunded,time_decay,google,1,1,1,1.0,38.83,38.83
ord_100a2edf,cust_944d2fb9,2024-03-26 12:32:10,paid,last_touch,email,1,1,1,1.0,126.38,126.38
ord_100a2edf,cust_944d2fb9,2024-03-26 12:32:10,paid,first_touch,email,1,1,1,1.0,126.38,126.38
ord_100a2edf,cust_944d2fb9,2024-03-26 12:32:10,paid,linear,email,1,1,1,1.0,126.38,126.38
ord_100a2edf,cust_944d2fb9,2024-03-26 12:32:10,paid,time_decay,email,1,1,1,1.0,126.38,126.38
ord_c2c6486e,cust_aec75b17,2024-03-26 13:45:58,refunded,last_touch,direct,1,1,1,1.0,17.19,17.19
ord_c2c6486e,cust_aec75b17,2024-03-26 13:45:58,refunded,first_touch,organic,1,1,1,1.0,17.19,17.19
ord_c2c6486e,cust_aec75b17,2024-03-26 13:45:58,refunded,linear,organic,1,1,1,1.0,17.19,17.19
ord_c2c6486e,cust_aec75b17,2024-03-26 13:45:58,refunded,time_decay,organic,1,1,1,1.0,17.19,17.19
ord_f8d7538b,cust_db8bf979,2024-03-26 20:45:16,paid,last_touch,tiktok,1,1,1,1.0,83.63,83.63
ord_f8d7538b,cust_db8bf979,2024-03-26 20:45:16,paid,first_touch,tiktok,1,1,1,1.0,83.63,83.63
ord_f8d7538b,cust_db8bf979,2024-03-26 20:45:16,paid,linear,tiktok,1,1,1,1.0,83.63,83.63
ord_f8d7538b,cust_db8bf979,2024-03-26 20:45:16,paid,time_decay,tiktok,1,1,1,1.0,83.63,83.63
ord_89c828f3,cust_ae99a112,2024-03-26 14:27:00,paid,last_touch,direct,1,1,1,1.0,66.68,66.68
ord_89c828f3,cust_ae99a112,2024-03-26 14:27:00,paid,first_touch,meta,1,1,1,1.0,66.68,66.68
ord_89c828f3,cust_ae99a112,2024-03-26 14:27:00,paid,linear,meta,1,1,1,1.0,66.68,66.68
ord_89c828f3,cust_ae99a112,2024-03-26 14:27:00,paid,time_decay,meta,1,1,1,1.0,66.68,66.68
ord_498fe4f8,cust_dda49058,2024-03-26 20:22:47,paid,last_touch,google,1,1,1,1.0,227.86,227.86
ord_498fe4f8,cust_dda49058,2024-03-26 20:22:47,paid,first_touch,google,1,1,1,1.0,227.86,227.86
ord_498fe4f8,cust_dda49058,2024-03-26 20:22:47,paid,linear,google,1,1,1,1.0,227.86,227.86
ord_498fe4f8,cust_dda49058,2024-03-26 20:22:47,paid,time_decay,google,1,1,1,1.0,227.86,227.86
ord_cf7f04d2,cust_ec89f0a3,2024-03-26 17:35:02,paid,last_touch,meta,1,1,1,1.0,34.8,34.8
ord_cf7f04d2,cust_ec89f0a3,2024-03-26 17:35:02,paid,first_touch,meta,1,1,1,1.0,34.8,34.8
ord_cf7f04d2,cust_ec89f0a3,2024-03-26 17:35:02,paid,linear,meta,1,1,1,1.0,34.8,34.8
ord_cf7f04d2,cust_ec89f0a3,2024-03-26 17:35:02,paid,time_decay,meta,1,1,1,1.0,34.8,34.8
ord_07835f62,cust_5f5b5687,2024-03-27 08:41:36,paid,last_touch,google,1,1,1,1.0,94.33,94.33
ord_07835f62,cust_5f5b5687,2024-03-27 08:41:36,paid,first_touch,google,1,1,1,1.0,94.33,94.33
ord_07835f62,cust_5f5b5687,2024-03-27 08:41:36,paid,linear,google,1,1,1,1.0,94.33,94.33
ord_07835f62,cust_5f5b5687,2024-03-27 08:41:36,paid,time_decay,google,1,1,1,1.0,94.33,94.33
ord_3bd87d56,cust_69ff4a99,2024-03-27 05:56:29,paid,last_touch,google,1,1,1,1.0,140.76,140.76
ord_3bd87d56,cust_69ff4a99,2024-03-27 05:56:29,paid,first_touch,google,1,1,1,1.0,140.76,140.76
ord_3bd87d56,cust_69ff4a99,2024-03-27 05:56:29,paid,linear,google,1,1,1,1.0,140.76,140.76
ord_3bd87d56,cust_69ff4a99,2024-03-27 05:56:29,paid,time_decay,google,1,1,1,1.0,140.76,140.76
ord_339e1181,cust_7cfde12d,2024-03-27 10:51:34,paid,last_touch,direct,1,1,1,1.0,108.18,108.18
ord_339e1181,cust_7cfde12d,2024-03-27 10:51:34,paid,first_touch,google,1,1,1,1.0,108.18,108.18
ord_339e1181,cust_7cfde12d,2024-03-27 10:51:34,paid,linear,google,1,1,1,1.0,108.18,108.18
ord_339e1181,cust_7cfde12d,2024-03-27 10:51:34,paid,time_decay,google,1,1,1,1.0,108.18,108.18
ord_935d71e6,cust_4cd0e0ee,2024-03-27 18:39:46,paid,last_touch,email,1,1,1,1.0,43.87,43.87
ord_935d71e6,cust_4cd0e0ee,2024-03-27 18:39:46,paid,first_touch,email,1,1,1,1.0,43.87,43.87
ord_935d71e6,cust_4cd0e0ee,2024-03-27 18:39:46,paid,linear,email,1,1,1,1.0,43.87,43.87
ord_935d71e6,cust_4cd0e0ee,2024-03-27 18:39:46,paid,time_decay,email,1,1,1,1.0,43.87,43.87
ord_8d331daf,cust_2e478d40,2024-03-28 06:07:29,paid,last_touch,meta,1,1,1,1.0,151.26,151.26
ord_8d331daf,cust_2e478d40,2024-03-28 06:07:29,paid,first_touch,meta,1,1,1,1.0,151.26,151.26
ord_8d331daf,cust_2e478d40,2024-03-28 06:07:29,paid,linear,meta,1,1,1,1.0,151.26,151.26
ord_8d331daf,cust_2e478d40,2024-03-28 06:07:29,paid,time_decay,meta,1,1,1,1.0,151.26,151.26
ord_c76b1335,cust_e9c62fb0,2024-03-28 10:32:02,paid,last_touch,google,1,1,1,1.0,265.17,265.17
ord_c76b1335,cust_e9c62fb0,2024-03-28 10:32:02,paid,first_touch,google,1,1,1,1.0,265.17,265.17
ord_c76b1335,cust_e9c62fb0,2024-03-28 10:32:02,paid,linear,google,1,1,1,1.0,265.17,265.17
ord_c76b1335,cust_e9c62fb0,2024-03-28 10:32:02,paid,time_decay,google,1,1,1,1.0,265.17,265.17
ord_92be2fa8,cust_56f06f45,2024-03-28 08:08:11,paid,last_touch,meta,1,1,1,1.0,135.84,135.84
ord_92be2fa8,cust_56f06f45,2024-03-28 08:08:11,paid,first_touch,meta,1,1,1,1.0,135.84,135.84
ord_92be2fa8,cust_56f06f45,2024-03-28 08:08:11,paid,linear,meta,1,1,1,1.0,135.84,135.84
ord_92be2fa8,cust_56f06f45,2024-03-28 08:08:11,paid,time_decay,meta,1,1,1,1.0,135.84,135.84
ord_addaedff,cust_0ae80bdb,2024-03-28 11:20:17,paid,last_touch,direct,1,1,1,1.0,84.75,84.75
ord_addaedff,cust_0ae80bdb,2024-03-28 11:20:17,paid,first_touch,direct,1,1,1,1.0,84.75,84.75
ord_addaedff,cust_0ae80bdb,2024-03-28 11:20:17,paid,linear,direct,1,1,1,1.0,84.75,84.75
ord_addaedff,cust_0ae80bdb,2024-03-28 11:20:17,paid,time_decay,direct,1,1,1,1.0,84.75,84.75
ord_de24bfc3,cust_c8cd974b,2024-03-28 17:38:50,paid,last_touch,google,1,1,1,1.0,84.17,84.17
ord_de24bfc3,cust_c8cd974b,2024-03-28 17:38:50,paid,first_touch,google,1,1,1,1.0,84.17,84.17
ord_de24bfc3,cust_c8cd974b,2024-03-28 17:38:50,paid,linear,google,1,1,1,1.0,84.17,84.17
ord_de24bfc3,cust_c8cd974b,2024-03-28 17:38:50,paid,time_decay,google,1,1,1,1.0,84.17,84.17
ord_bd6171c4,cust_20212d75,2024-03-28 08:38:21,paid,last_touch,direct,1,1,1,1.0,70.54,70.54
ord_bd6171c4,cust_20212d75,2024-03-28 08:38:21,paid,first_touch,email,1,1,1,1.0,70.54,70.54
ord_bd6171c4,cust_20212d75,2024-03-28 08:38:21,paid,linear,email,1,1,1,1.0,70.54,70.54
ord_bd6171c4,cust_20212d75,2024-03-28 08:38:21,paid,time_decay,email,1,1,1,1.0,70.54,70.54
ord_bdef97a7,cust_6913cfc2,2024-03-28 13:37:17,paid,last_touch,direct,1,1,1,1.0,363.66,363.66
ord_bdef97a7,cust_6913cfc2,2024-03-28 13:37:17,paid,first_touch,google,1,1,1,1.0,363.66,363.66
ord_bdef97a7,cust_6913cfc2,2024-03-28 13:37:17,paid,linear,google,1,1,1,1.0,363.66,363.66
ord_bdef97a7,cust_6913cfc2,2024-03-28 13:37:17,paid,time_decay,google,1,1,1,1.0,363.66,363.66
ord_9fdf83e9,cust_872a9e97,2024-03-28 22:49:32,refunded,last_touch,direct,1,1,1,1.0,183.42,183.42
ord_9fdf83e9,cust_872a9e97,2024-03-28 22:49:32,refunded,first_touch,google,1,1,1,1.0,183.42,183.42
ord_9fdf83e9,cust_872a9e97,2024-03-28 22:49:32,refunded,linear,google,1,1,1,1.0,183.42,183.42
ord_9fdf83e9,cust_872a9e97,2024-03-28 22:49:32,refunded,time_decay,google,1,1,1,1.0,183.42,183.42
ord_d19661bc,cust_af4f7223,2024-03-29 19:14:12,paid,last_touch,direct,1,1,1,1.0,123.38,123.38
ord_d19661bc,cust_af4f7223,2024-03-29 19:14:12,paid,first_touch,email,1,1,1,1.0,123.38,123.38
ord_d19661bc,cust_af4f7223,2024-03-29 19:14:12,paid,linear,email,1,1,1,1.0,123.38,123.38
ord_d19661bc,cust_af4f7223,2024-03-29 19:14:12,paid,time_decay,email,1,1,1,1.0,123.38,123.38
ord_290752b4,cust_d68705f7,2024-03-29 05:11:13,paid,last_touch,direct,1,1,1,1.0,270.82,270.82
ord_290752b4,cust_d68705f7,2024-03-29 05:11:13,paid,first_touch,google,1,1,1,1.0,270.82,270.82
ord_290752b4,cust_d68705f7,2024-03-29 05:11:13,paid,linear,google,1,1,1,1.0,270.82,270.82
ord_290752b4,cust_d68705f7,2024-03-29 05:11:13,paid,time_decay,google,1,1,1,1.0,270.82,270.82
ord_d20c3fad,cust_53e71db5,2024-03-29 07:48:56,paid,last_touch,direct,1,1,1,1.0,99.74,99.74
ord_d20c3fad,cust_53e71db5,2024-03-29 07:48:56,paid,first_touch,meta,1,1,1,1.0,99.74,99.74
ord_d20c3fad,cust_53e71db5,2024-03-29 07:48:56,paid,linear,meta,1,1,1,1.0,99.74,99.74
ord_d20c3fad,cust_53e71db5,2024-03-29 07:48:56,paid,time_decay,meta,1,1,1,1.0,99.74,99.74
ord_b899414e,cust_2587c33e,2024-03-29 08:37:32,paid,last_touch,tiktok,1,1,1,1.0,319.49,319.49
ord_b899414e,cust_2587c33e,2024-03-29 08:37:32,paid,first_touch,tiktok,1,1,1,1.0,319.49,319.49
ord_b899414e,cust_2587c33e,2024-03-29 08:37:32,paid,linear,tiktok,1,1,1,1.0,319.49,319.49
ord_b899414e,cust_2587c33e,2024-03-29 08:37:32,paid,time_decay,tiktok,1,1,1,1.0,319.49,319.49
ord_4a60adec,cust_7c85baa4,2024-03-29 09:07:34,paid,last_touch,organic,1,1,1,1.0,250.79,250.79
ord_4a60adec,cust_7c85baa4,2024-03-29 09:07:34,paid,first_touch,organic,1,1,1,1.0,250.79,250.79
ord_4a60adec,cust_7c85baa4,2024-03-29 09:07:34,paid,linear,organic,1,1,1,1.0,250.79,250.79
ord_4a60adec,cust_7c85baa4,2024-03-29 09:07:34,paid,time_decay,organic,1,1,1,1.0,250.79,250.79
ord_6cf885f7,cust_2eefeec4,2024-03-29 00:55:31,paid,last_touch,google,1,1,1,1.0,57.74,57.74
ord_6cf885f7,cust_2eefeec4,2024-03-29 00:55:31,paid,first_touch,google,1,1,1,1.0,57.74,57.74
ord_6cf885f7,cust_2eefeec4,2024-03-29 00:55:31,paid,linear,google,1,1,1,1.0,57.74,57.74
ord_6cf885f7,cust_2eefeec4,2024-03-29 00:55:31,paid,time_decay,google,1,1,1,1.0,57.74,57.74
ord_3b9bad07,cust_2a6fdb80,2024-03-30 17:08:28,paid,last_touch,direct,1,1,1,1.0,136.37,136.37
ord_3b9bad07,cust_2a6fdb80,2024-03-30 17:08:28,paid,first_touch,email,1,1,1,1.0,136.37,136.37
ord_3b9bad07,cust_2a6fdb80,2024-03-30 17:08:28,paid,linear,email,1,1,1,1.0,136.37,136.37
ord_3b9bad07,cust_2a6fdb80,2024-03-30 17:08:28,paid,time_decay,email,1,1,1,1.0,136.37,136.37
ord_93a60649,cust_9e3f56e0,2024-03-30 14:52:38,paid,last_touch,direct,1,1,1,1.0,40.11,40.11
ord_93a60649,cust_9e3f56e0,2024-03-30 14:52:38,paid,first_touch,google,1,1,1,1.0,40.11,40.11
ord_93a60649,cust_9e3f56e0,2024-03-30 14:52:38,paid,linear,google,1,1,1,1.0,40.11,40.11
ord_93a60649,cust_9e3f56e0,2024-03-30 14:52:38,paid,time_decay,google,1,1,1,1.0,40.11,40.11
ord_95d73b30,cust_95dbf9a5,2024-03-30 23:06:57,paid,last_touch,google,1,1,1,1.0,86.07,86.07
ord_95d73b30,cust_95dbf9a5,2024-03-30 23:06:57,paid,first_touch,google,1,1,1,1.0,86.07,86.07
ord_95d73b30,cust_95dbf9a5,2024-03-30 23:06:57,paid,linear,google,1,1,1,1.0,86.07,86.07
ord_95d73b30,cust_95dbf9a5,2024-03-30 23:06:57,paid,time_decay,google,1,1,1,1.0,86.07,86.07
ord_481fe726,cust_14aa30d1,2024-03-30 15:08:27,paid,last_touch,organic,1,1,1,1.0,305.73,305.73
ord_481fe726,cust_14aa30d1,2024-03-30 15:08:27,paid,first_touch,organic,1,1,1,1.0,305.73,305.73
ord_481fe726,cust_14aa30d1,2024-03-30 15:08:27,paid,linear,organic,1,1,1,1.0,305.73,305.73
ord_481fe726,cust_14aa30d1,2024-03-30 15:08:27,paid,time_decay,organic,1,1,1,1.0,305.73,305.73
ord_feff6912,cust_74de1318,2024-03-30 11:00:15,paid,last_touch,direct,1,1,1,1.0,208.38,208.38
ord_feff6912,cust_74de1318,2024-03-30 11:00:15,paid,first_touch,organic,1,1,1,1.0,208.38,208.38
ord_feff6912,cust_74de1318,2024-03-30 11:00:15,paid,linear,organic,1,1,1,1.0,208.38,208.38
ord_feff6912,cust_74de1318,2024-03-30 11:00:15,paid,time_decay,organic,1,1,1,1.0,208.38,208.38
ord_315e1f99,cust_912ebf95,2024-03-31 16:57:39,paid,last_touch,tiktok,1,1,1,1.0,56.25,56.25
ord_315e1f99,cust_912ebf95,2024-03-31 16:57:39,paid,first_touch,tiktok,1,1,1,1.0,56.25,56.25
ord_315e1f99,cust_912ebf95,2024-03-31 16:57:39,paid,linear,tiktok,1,1,1,1.0,56.25,56.25
ord_315e1f99,cust_912ebf95,2024-03-31 16:57:39,paid,time_decay,tiktok,1,1,1,1.0,56.25,56.25
ord_fc85ff05,cust_47207973,2024-03-31 15:02:01,paid,last_touch,direct,1,1,1,1.0,47.63,47.63
ord_fc85ff05,cust_47207973,2024-03-31 15:02:01,paid,first_touch,meta,1,1,1,1.0,47.63,47.63
ord_fc85ff05,cust_47207973,2024-03-31 15:02:01,paid,linear,meta,1,1,1,1.0,47.63,47.63
ord_fc85ff05,cust_47207973,2024-03-31 15:02:01,paid,time_decay,meta,1,1,1,1.0,47.63,47.63
ord_1424a11d,cust_44affb2a,2024-03-31 16:26:41,paid,last_touch,direct,1,1,1,1.0,38.79,38.79
ord_1424a11d,cust_44affb2a,2024-03-31 16:26:41,paid,first_touch,direct,1,1,1,1.0,38.79,38.79
ord_1424a11d,cust_44affb2a,2024-03-31 16:26:41,paid,linear,direct,1,1,1,1.0,38.79,38.79
ord_1424a11d,cust_44affb2a,2024-03-31 16:26:41,paid,time_decay,direct,1,1,1,1.0,38.79,38.79
ord_2e53b778,cust_f4d65686,2024-03-31 18:32:58,refunded,last_touch,direct,1,1,1,1.0,82.0,82.0
ord_2e53b778,cust_f4d65686,2024-03-31 18:32:58,refunded,first_touch,meta,1,1,1,1.0,82.0,82.0
ord_2e53b778,cust_f4d65686,2024-03-31 18:32:58,refunded,linear,meta,1,1,1,1.0,82.0,82.0
ord_2e53b778,cust_f4d65686,2024-03-31 18:32:58,refunded,time_decay,meta,1,1,1,1.0,82.0,82.0
ord_75824c4a,cust_2cec2827,2024-04-01 12:59:52,paid,last_touch,direct,1,1,1,1.0,51.61,51.61
ord_75824c4a,cust_2cec2827,2024-04-01 12:59:52,paid,first_touch,meta,1,1,1,1.0,51.61,51.61
ord_75824c4a,cust_2cec2827,2024-04-01 12:59:52,paid,linear,meta,1,1,1,1.0,51.61,51.61
ord_75824c4a,cust_2cec2827,2024-04-01 12:59:52,paid,time_decay,meta,1,1,1,1.0,51.61,51.61
ord_93907850,cust_b2424b78,2024-04-01 22:51:38,paid,last_touch,google,1,1,1,1.0,79.29,79.29
ord_93907850,cust_b2424b78,2024-04-01 22:51:38,paid,first_touch,google,1,1,1,1.0,79.29,79.29
ord_93907850,cust_b2424b78,2024-04-01 22:51:38,paid,linear,google,1,1,1,1.0,79.29,79.29
ord_93907850,cust_b2424b78,2024-04-01 22:51:38,paid,time_decay,google,1,1,1,1.0,79.29,79.29
ord_7c3587a0,cust_aad5789f,2024-04-01 07:30:56,chargeback,last_touch,tiktok,1,1,1,1.0,33.15,33.15
ord_7c3587a0,cust_aad5789f,2024-04-01 07:30:56,chargeback,first_touch,tiktok,1,1,1,1.0,33.15,33.15
ord_7c3587a0,cust_aad5789f,2024-04-01 07:30:56,chargeback,linear,tiktok,1,1,1,1.0,33.15,33.15
ord_7c3587a0,cust_aad5789f,2024-04-01 07:30:56,chargeback,time_decay,tiktok,1,1,1,1.0,33.15,33.15
ord_39331f88,cust_6fba4f06,2024-04-01 22:21:40,paid,last_touch,direct,1,1,1,1.0,90.41,90.41
ord_39331f88,cust_6fba4f06,2024-04-01 22:21:40,paid,first_touch,direct,1,1,1,1.0,90.41,90.41
ord_39331f88,cust_6fba4f06,2024-04-01 22:21:40,paid,linear,direct,1,1,1,1.0,90.41,90.41
ord_39331f88,cust_6fba4f06,2024-04-01 22:21:40,paid,time_decay,direct,1,1,1,1.0,90.41,90.41
ord_b74ac47e,cust_bb336c34,2024-04-01 21:50:56,paid,last_touch,direct,1,1,1,1.0,122.55,122.55
ord_b74ac47e,cust_bb336c34,2024-04-01 21:50:56,paid,first_touch,meta,1,1,1,1.0,122.55,122.55
ord_b74ac47e,cust_bb336c34,2024-04-01 21:50:56,paid,linear,meta,1,1,1,1.0,122.55,122.55
ord_b74ac47e,cust_bb336c34,2024-04-01 21:50:56,paid,time_decay,meta,1,1,1,1.0,122.55,122.55
ord_bb3f8c89,cust_48cc5362,2024-04-02 18:11:09,paid,last_touch,organic,1,1,1,1.0,56.09,56.09
ord_bb3f8c89,cust_48cc5362,2024-04-02 18:11:09,paid,first_touch,organic,1,1,1,1.0,56.09,56.09
ord_bb3f8c89,cust_48cc5362,2024-04-02 18:11:09,paid,linear,organic,1,1,1,1.0,56.09,56.09
ord_bb3f8c89,cust_48cc5362,2024-04-02 18:11:09,paid,time_decay,organic,1,1,1,1.0,56.09,56.09
ord_b77f5ada,cust_91e28797,2024-04-02 07:49:38,paid,last_touch,google,1,1,1,1.0,78.94,78.94
ord_b77f5ada,cust_91e28797,2024-04-02 07:49:38,paid,first_touch,google,1,1,1,1.0,78.94,78.94
ord_b77f5ada,cust_91e28797,2024-04-02 07:49:38,paid,linear,google,1,1,1,1.0,78.94,78.94
ord_b77f5ada,cust_91e28797,2024-04-02 07:49:38,paid,time_decay,google,1,1,1,1.0,78.94,78.94
ord_833e2f05,cust_0d9612ac,2024-04-02 19:38:29,paid,last_touch,meta,1,1,1,1.0,81.09,81.09
ord_833e2f05,cust_0d9612ac,2024-04-02 19:38:29,paid,first_touch,meta,1,1,1,1.0,81.09,81.09
ord_833e2f05,cust_0d9612ac,2024-04-02 19:38:29,paid,linear,meta,1,1,1,1.0,81.09,81.09
ord_833e2f05,cust_0d9612ac,2024-04-02 19:38:29,paid,time_decay,meta,1,1,1,1.0,81.09,81.09
ord_be8059c8,cust_0668b7a7,2024-04-02 21:27:42,paid,last_touch,direct,1,1,1,1.0,122.71,122.71
ord_be8059c8,cust_0668b7a7,2024-04-02 21:27:42,paid,first_touch,organic,1,1,1,1.0,122.71,122.71
ord_be8059c8,cust_0668b7a7,2024-04-02 21:27:42,paid,linear,organic,1,1,1,1.0,122.71,122.71
ord_be8059c8,cust_0668b7a7,2024-04-02 21:27:42,paid,time_decay,organic,1,1,1,1.0,122.71,122.71
ord_49c594ef,cust_80d0a3d3,2024-04-02 10:06:08,paid,last_touch,email,1,1,1,1.0,46.6,46.6
ord_49c594ef,cust_80d0a3d3,2024-04-02 10:06:08,paid,first_touch,email,1,1,1,1.0,46.6,46.6
ord_49c594ef,cust_80d0a3d3,2024-04-02 10:06:08,paid,linear,email,1,1,1,1.0,46.6,46.6
ord_49c594ef,cust_80d0a3d3,2024-04-02 10:06:08,paid,time_decay,email,1,1,1,1.0,46.6,46.6
ord_33a2607f,cust_d58b2843,2024-04-02 16:06:11,paid,last_touch,direct,1,1,1,1.0,70.14,70.14
ord_33a2607f,cust_d58b2843,2024-04-02 16:06:11,paid,first_touch,google,1,1,1,1.0,70.14,70.14
ord_33a2607f,cust_d58b2843,2024-04-02 16:06:11,paid,linear,google,1,1,1,1.0,70.14,70.14
ord_33a2607f,cust_d58b2843,2024-04-02 16:06:11,paid,time_decay,google,1,1,1,1.0,70.14,70.14
ord_b3ad96c5,cust_8f89cd98,2024-04-03 22:02:25,paid,last_touch,direct,1,1,1,1.0,44.71,44.71
ord_b3ad96c5,cust_8f89cd98,2024-04-03 22:02:25,paid,first_touch,google,1,1,1,1.0,44.71,44.71
ord_b3ad96c5,cust_8f89cd98,2024-04-03 22:02:25,paid,linear,google,1,1,1,1.0,44.71,44.71
ord_b3ad96c5,cust_8f89cd98,2024-04-03 22:02:25,paid,time_decay,google,1,1,1,1.0,44.71,44.71
ord_1a7b7e01,cust_cceb81de,2024-04-03 10:46:56,paid,last_touch,google,1,1,1,1.0,122.25,122.25
ord_1a7b7e01,cust_cceb81de,2024-04-03 10:46:56,paid,first_touch,google,1,1,1,1.0,122.25,122.25
ord_1a7b7e01,cust_cceb81de,2024-04-03 10:46:56,paid,linear,google,1,1,1,1.0,122.25,122.25
ord_1a7b7e01,cust_cceb81de,2024-04-03 10:46:56,paid,time_decay,google,1,1,1,1.0,122.25,122.25
ord_890c52e3,cust_dba36f2f,2024-04-03 16:30:42,paid,last_touch,google,1,1,1,1.0,79.24,79.24
ord_890c52e3,cust_dba36f2f,2024-04-03 16:30:42,paid,first_touch,google,1,1,1,1.0,79.24,79.24
ord_890c52e3,cust_dba36f2f,2024-04-03 16:30:42,paid,linear,google,1,1,1,1.0,79.24,79.24
ord_890c52e3,cust_dba36f2f,2024-04-03 16:30:42,paid,time_decay,google,1,1,1,1.0,79.24,79.24
ord_17341c97,cust_aab3b155,2024-04-04 11:51:51,paid,last_touch,direct,1,1,1,1.0,156.73,156.73
ord_17341c97,cust_aab3b155,2024-04-04 11:51:51,paid,first_touch,google,1,1,1,1.0,156.73,156.73
ord_17341c97,cust_aab3b155,2024-04-04 11:51:51,paid,linear,google,1,1,1,1.0,156.73,156.73
ord_17341c97,cust_aab3b155,2024-04-04 11:51:51,paid,time_decay,google,1,1,1,1.0,156.73,156.73
ord_4ba2546c,cust_f55e5440,2024-04-04 07:48:49,paid,last_touch,tiktok,1,1,1,1.0,82.1,82.1
ord_4ba2546c,cust_f55e5440,2024-04-04 07:48:49,paid,first_touch,tiktok,1,1,1,1.0,82.1,82.1
ord_4ba2546c,cust_f55e5440,2024-04-04 07:48:49,paid,linear,tiktok,1,1,1,1.0,82.1,82.1
ord_4ba2546c,cust_f55e5440,2024-04-04 07:48:49,paid,time_decay,tiktok,1,1,1,1.0,82.1,82.1
ord_a2f4edb6,cust_9fea3413,2024-04-04 21:48:36,refunded,last_touch,google,1,1,1,1.0,73.06,73.06
ord_a2f4edb6,cust_9fea3413,2024-04-04 21:48:36,refunded,first_touch,google,1,1,1,1.0,73.06,73.06
ord_a2f4edb6,cust_9fea3413,2024-04-04 21:48:36,refunded,linear,google,1,1,1,1.0,73.06,73.06
ord_a2f4edb6,cust_9fea3413,2024-04-04 21:48:36,refunded,time_decay,google,1,1,1,1.0,73.06,73.06
ord_2e45d101,cust_4facebbd,2024-04-04 14:31:15,paid,last_touch,google,1,1,1,1.0,39.96,39.96
ord_2e45d101,cust_4facebbd,2024-04-04 14:31:15,paid,first_touch,google,1,1,1,1.0,39.96,39.96
ord_2e45d101,cust_4facebbd,2024-04-04 14:31:15,paid,linear,google,1,1,1,1.0,39.96,39.96
ord_2e45d101,cust_4facebbd,2024-04-04 14:31:15,paid,time_decay,google,1,1,1,1.0,39.96,39.96
ord_e4e090d5,cust_409942e8,2024-04-04 08:51:55,refunded,last_touch,meta,1,1,1,1.0,152.48,152.48
ord_e4e090d5,cust_409942e8,2024-04-04 08:51:55,refunded,first_touch,meta,1,1,1,1.0,152.48,152.48
ord_e4e090d5,cust_409942e8,2024-04-04 08:51:55,refunded,linear,meta,1,1,1,1.0,152.48,152.48
ord_e4e090d5,cust_409942e8,2024-04-04 08:51:55,refunded,time_decay,meta,1,1,1,1.0,152.48,152.48
ord_f4b9e33f,cust_3070b472,2024-04-04 15:34:58,paid,last_touch,direct,1,1,1,1.0,165.49,165.49
ord_f4b9e33f,cust_3070b472,2024-04-04 15:34:58,paid,first_touch,direct,1,1,1,1.0,165.49,165.49
ord_f4b9e33f,cust_3070b472,2024-04-04 15:34:58,paid,linear,direct,1,1,1,1.0,165.49,165.49
ord_f4b9e33f,cust_3070b472,2024-04-04 15:34:58,paid,time_decay,direct,1,1,1,1.0,165.49,165.49
ord_e39d2a17,cust_58f59102,2024-04-05 12:26:58,paid,last_touch,google,1,1,1,1.0,140.99,140.99
ord_e39d2a17,cust_58f59102,2024-04-05 12:26:58,paid,first_touch,google,1,1,1,1.0,140.99,140.99
ord_e39d2a17,cust_58f59102,2024-04-05 12:26:58,paid,linear,google,1,1,1,1.0,140.99,140.99
ord_e39d2a17,cust_58f59102,2024-04-05 12:26:58,paid,time_decay,google,1,1,1,1.0,140.99,140.99
ord_0be07ad2,cust_dd38bca7,2024-04-05 14:42:42,paid,last_touch,direct,1,1,1,1.0,85.13,85.13
ord_0be07ad2,cust_dd38bca7,2024-04-05 14:42:42,paid,first_touch,tiktok,1,1,1,1.0,85.13,85.13
ord_0be07ad2,cust_dd38bca7,2024-04-05 14:42:42,paid,linear,tiktok,1,1,1,1.0,85.13,85.13
ord_0be07ad2,cust_dd38bca7,2024-04-05 14:42:42,paid,time_decay,tiktok,1,1,1,1.0,85.13,85.13
ord_b9f5dc3c,cust_266ee50b,2024-04-06 00:02:36,paid,last_touch,tiktok,1,1,1,1.0,114.18,114.18
ord_b9f5dc3c,cust_266ee50b,2024-04-06 00:02:36,paid,first_touch,tiktok,1,1,1,1.0,114.18,114.18
ord_b9f5dc3c,cust_266ee50b,2024-04-06 00:02:36,paid,linear,tiktok,1,1,1,1.0,114.18,114.18
ord_b9f5dc3c,cust_266ee50b,2024-04-06 00:02:36,paid,time_decay,tiktok,1,1,1,1.0,114.18,114.18
ord_892007c2,cust_75336973,2024-04-05 21:35:14,paid,last_touch,direct,1,1,1,1.0,177.87,177.87
ord_892007c2,cust_75336973,2024-04-05 21:35:14,paid,first_touch,email,1,1,1,1.0,177.87,177.87
ord_892007c2,cust_75336973,2024-04-05 21:35:14,paid,linear,email,1,1,1,1.0,177.87,177.87
ord_892007c2,cust_75336973,2024-04-05 21:35:14,paid,time_decay,email,1,1,1,1.0,177.87,177.87
ord_c8b63c86,cust_877b34be,2024-04-06 20:49:43,paid,last_touch,google,1,1,1,1.0,68.65,68.65
ord_c8b63c86,cust_877b34be,2024-04-06 20:49:43,paid,first_touch,google,1,1,1,1.0,68.65,68.65
ord_c8b63c86,cust_877b34be,2024-04-06 20:49:43,paid,linear,google,1,1,1,1.0,68.65,68.65
ord_c8b63c86,cust_877b34be,2024-04-06 20:49:43,paid,time_decay,google,1,1,1,1.0,68.65,68.65
ord_7df6d3ee,cust_6cddc920,2024-04-06 17:47:25,paid,last_touch,tiktok,1,1,1,1.0,57.3,57.3
ord_7df6d3ee,cust_6cddc920,2024-04-06 17:47:25,paid,first_touch,tiktok,1,1,1,1.0,57.3,57.3
ord_7df6d3ee,cust_6cddc920,2024-04-06 17:47:25,paid,linear,tiktok,1,1,1,1.0,57.3,57.3
ord_7df6d3ee,cust_6cddc920,2024-04-06 17:47:25,paid,time_decay,tiktok,1,1,1,1.0,57.3,57.3
ord_8c3a57bc,cust_5bdfda3a,2024-04-06 08:30:43,paid,last_touch,direct,1,1,1,1.0,89.12,89.12
ord_8c3a57bc,cust_5bdfda3a,2024-04-06 08:30:43,paid,first_touch,direct,1,1,1,1.0,89.12,89.12
ord_8c3a57bc,cust_5bdfda3a,2024-04-06 08:30:43,paid,linear,direct,1,1,1,1.0,89.12,89.12
ord_8c3a57bc,cust_5bdfda3a,2024-04-06 08:30:43,paid,time_decay,direct,1,1,1,1.0,89.12,89.12
ord_12350b57,cust_a2610ce5,2024-04-06 10:42:36,paid,last_touch,organic,1,1,1,1.0,73.11,73.11
ord_12350b57,cust_a2610ce5,2024-04-06 10:42:36,paid,first_touch,organic,1,1,1,1.0,73.11,73.11
ord_12350b57,cust_a2610ce5,2024-04-06 10:42:36,paid,linear,organic,1,1,1,1.0,73.11,73.11
ord_12350b57,cust_a2610ce5,2024-04-06 10:42:36,paid,time_decay,organic,1,1,1,1.0,73.11,73.11
ord_de5dd7d5,cust_e77a1627,2024-04-06 10:38:17,paid,last_touch,direct,1,1,1,1.0,95.2,95.2
ord_de5dd7d5,cust_e77a1627,2024-04-06 10:38:17,paid,first_touch,direct,1,1,1,1.0,95.2,95.2
ord_de5dd7d5,cust_e77a1627,2024-04-06 10:38:17,paid,linear,direct,1,1,1,1.0,95.2,95.2
ord_de5dd7d5,cust_e77a1627,2024-04-06 10:38:17,paid,time_decay,direct,1,1,1,1.0,95.2,95.2
ord_7539f9c4,cust_deafcf85,2024-04-06 01:12:44,paid,last_touch,organic,1,1,1,1.0,96.98,96.98
ord_7539f9c4,cust_deafcf85,2024-04-06 01:12:44,paid,first_touch,organic,1,1,1,1.0,96.98,96.98
ord_7539f9c4,cust_deafcf85,2024-04-06 01:12:44,paid,linear,organic,1,1,1,1.0,96.98,96.98
ord_7539f9c4,cust_deafcf85,2024-04-06 01:12:44,paid,time_decay,organic,1,1,1,1.0,96.98,96.98
ord_d5bf5ad6,cust_e38473df,2024-04-07 17:46:49,paid,last_touch,google,1,1,1,1.0,43.14,43.14
ord_d5bf5ad6,cust_e38473df,2024-04-07 17:46:49,paid,first_touch,google,1,1,1,1.0,43.14,43.14
ord_d5bf5ad6,cust_e38473df,2024-04-07 17:46:49,paid,linear,google,1,1,1,1.0,43.14,43.14
ord_d5bf5ad6,cust_e38473df,2024-04-07 17:46:49,paid,time_decay,google,1,1,1,1.0,43.14,43.14
ord_11674804,cust_180e9670,2024-04-08 10:15:16,paid,last_touch,direct,1,1,1,1.0,112.45,112.45
ord_11674804,cust_180e9670,2024-04-08 10:15:16,paid,first_touch,organic,1,1,1,1.0,112.45,112.45
ord_11674804,cust_180e9670,2024-04-08 10:15:16,paid,linear,organic,1,1,1,1.0,112.45,112.45
ord_11674804,cust_180e9670,2024-04-08 10:15:16,paid,time_decay,organic,1,1,1,1.0,112.45,112.45
ord_5d1a6b77,cust_972502af,2024-04-08 19:08:20,paid,last_touch,meta,1,1,1,1.0,36.15,36.15
ord_5d1a6b77,cust_972502af,2024-04-08 19:08:20,paid,first_touch,meta,1,1,1,1.0,36.15,36.15
ord_5d1a6b77,cust_972502af,2024-04-08 19:08:20,paid,linear,meta,1,1,1,1.0,36.15,36.15
ord_5d1a6b77,cust_972502af,2024-04-08 19:08:20,paid,time_decay,meta,1,1,1,1.0,36.15,36.15
ord_a6380dfe,cust_c4387e25,2024-04-08 12:05:40,paid,last_touch,meta,1,1,1,1.0,192.47,192.47
ord_a6380dfe,cust_c4387e25,2024-04-08 12:05:40,paid,first_touch,meta,1,1,1,1.0,192.47,192.47
ord_a6380dfe,cust_c4387e25,2024-04-08 12:05:40,paid,linear,meta,1,1,1,1.0,192.47,192.47
ord_a6380dfe,cust_c4387e25,2024-04-08 12:05:40,paid,time_decay,meta,1,1,1,1.0,192.47,192.47
ord_0dc74959,cust_d4c38a5e,2024-04-09 18:59:54,paid,last_touch,direct,1,1,1,1.0,81.8,81.8
ord_0dc74959,cust_d4c38a5e,2024-04-09 18:59:54,paid,first_touch,meta,1,1,1,1.0,81.8,81.8
ord_0dc74959,cust_d4c38a5e,2024-04-09 18:59:54,paid,linear,meta,1,1,1,1.0,81.8,81.8
ord_0dc74959,cust_d4c38a5e,2024-04-09 18:59:54,paid,time_decay,meta,1,1,1,1.0,81.8,81.8
ord_5f370a60,cust_94ad9269,2024-04-09 07:55:57,paid,last_touch,direct,1,1,1,1.0,110.14,110.14
ord_5f370a60,cust_94ad9269,2024-04-09 07:55:57,paid,first_touch,direct,1,1,1,1.0,110.14,110.14
ord_5f370a60,cust_94ad9269,2024-04-09 07:55:57,paid,linear,direct,1,1,1,1.0,110.14,110.14
ord_5f370a60,cust_94ad9269,2024-04-09 07:55:57,paid,time_decay,direct,1,1,1,1.0,110.14,110.14
ord_5381b1e8,cust_9cc7ac47,2024-04-09 11:38:41,paid,last_touch,direct,1,1,1,1.0,366.1,366.1
ord_5381b1e8,cust_9cc7ac47,2024-04-09 11:38:41,paid,first_touch,organic,1,1,1,1.0,366.1,366.1
ord_5381b1e8,cust_9cc7ac47,2024-04-09 11:38:41,paid,linear,organic,1,1,1,1.0,366.1,366.1
ord_5381b1e8,cust_9cc7ac47,2024-04-09 11:38:41,paid,time_decay,organic,1,1,1,1.0,366.1,366.1
ord_14234043,cust_c9f979df,2024-04-09 19:16:04,paid,last_touch,direct,1,1,1,1.0,28.15,28.15
ord_14234043,cust_c9f979df,2024-04-09 19:16:04,paid,first_touch,meta,1,1,1,1.0,28.15,28.15
ord_14234043,cust_c9f979df,2024-04-09 19:16:04,paid,linear,meta,1,1,1,1.0,28.15,28.15
ord_14234043,cust_c9f979df,2024-04-09 19:16:04,paid,time_decay,meta,1,1,1,1.0,28.15,28.15
ord_042f057a,cust_deadb70a,2024-04-09 20:26:42,paid,last_touch,meta,1,1,1,1.0,246.44,246.44
ord_042f057a,cust_deadb70a,2024-04-09 20:26:42,paid,first_touch,meta,1,1,1,1.0,246.44,246.44
ord_042f057a,cust_deadb70a,2024-04-09 20:26:42,paid,linear,meta,1,1,1,1.0,246.44,246.44
ord_042f057a,cust_deadb70a,2024-04-09 20:26:42,paid,time_decay,meta,1,1,1,1.0,246.44,246.44
ord_7b2008fa,cust_20278b95,2024-04-09 21:04:32,paid,last_touch,direct,1,1,1,1.0,149.4,149.4
ord_7b2008fa,cust_20278b95,2024-04-09 21:04:32,paid,first_touch,direct,1,1,1,1.0,149.4,149.4
ord_7b2008fa,cust_20278b95,2024-04-09 21:04:32,paid,linear,direct,1,1,1,1.0,149.4,149.4
ord_7b2008fa,cust_20278b95,2024-04-09 21:04:32,paid,time_decay,direct,1,1,1,1.0,149.4,149.4
ord_e0b6a9b0,cust_352cecd6,2024-04-10 14:02:35,paid,last_touch,meta,1,1,1,1.0,68.4,68.4
ord_e0b6a9b0,cust_352cecd6,2024-04-10 14:02:35,paid,first_touch,meta,1,1,1,1.0,68.4,68.4
ord_e0b6a9b0,cust_352cecd6,2024-04-10 14:02:35,paid,linear,meta,1,1,1,1.0,68.4,68.4
ord_e0b6a9b0,cust_352cecd6,2024-04-10 14:02:35,paid,time_decay,meta,1,1,1,1.0,68.4,68.4
ord_db17f59d,cust_ff06b6c8,2024-04-10 20:33:42,paid,last_touch,direct,1,1,1,1.0,92.16,92.16
ord_db17f59d,cust_ff06b6c8,2024-04-10 20:33:42,paid,first_touch,google,1,1,1,1.0,92.16,92.16
ord_db17f59d,cust_ff06b6c8,2024-04-10 20:33:42,paid,linear,google,1,1,1,1.0,92.16,92.16
ord_db17f59d,cust_ff06b6c8,2024-04-10 20:33:42,paid,time_decay,google,1,1,1,1.0,92.16,92.16
ord_717827ab,cust_e132a78b,2024-04-10 11:58:01,paid,last_touch,google,1,1,1,1.0,269.9,269.9
ord_717827ab,cust_e132a78b,2024-04-10 11:58:01,paid,first_touch,google,1,1,1,1.0,269.9,269.9
ord_717827ab,cust_e132a78b,2024-04-10 11:58:01,paid,linear,google,1,1,1,1.0,269.9,269.9
ord_717827ab,cust_e132a78b,2024-04-10 11:58:01,paid,time_decay,google,1,1,1,1.0,269.9,269.9
ord_8d5832d8,cust_54791db5,2024-04-10 23:42:01,paid,last_touch,google,1,1,1,1.0,43.98,43.98
ord_8d5832d8,cust_54791db5,2024-04-10 23:42:01,paid,first_touch,google,1,1,1,1.0,43.98,43.98
ord_8d5832d8,cust_54791db5,2024-04-10 23:42:01,paid,linear,google,1,1,1,1.0,43.98,43.98
ord_8d5832d8,cust_54791db5,2024-04-10 23:42:01,paid,time_decay,google,1,1,1,1.0,43.98,43.98
ord_ccaac5fb,cust_ba1b090d,2024-04-10 11:25:45,paid,last_touch,google,1,1,1,1.0,41.13,41.13
ord_ccaac5fb,cust_ba1b090d,2024-04-10 11:25:45,paid,first_touch,google,1,1,1,1.0,41.13,41.13
ord_ccaac5fb,cust_ba1b090d,2024-04-10 11:25:45,paid,linear,google,1,1,1,1.0,41.13,41.13
ord_ccaac5fb,cust_ba1b090d,2024-04-10 11:25:45,paid,time_decay,google,1,1,1,1.0,41.13,41.13
ord_20345c40,cust_0647d8bf,2024-04-10 18:29:56,paid,last_touch,tiktok,1,1,1,1.0,59.98,59.98
ord_20345c40,cust_0647d8bf,2024-04-10 18:29:56,paid,first_touch,tiktok,1,1,1,1.0,59.98,59.98
ord_20345c40,cust_0647d8bf,2024-04-10 18:29:56,paid,linear,tiktok,1,1,1,1.0,59.98,59.98
ord_20345c40,cust_0647d8bf,2024-04-10 18:29:56,paid,time_decay,tiktok,1,1,1,1.0,59.98,59.98
ord_9fe834a2,cust_803094d3,2024-04-10 09:31:02,paid,last_touch,direct,1,1,1,1.0,133.53,133.53
ord_9fe834a2,cust_803094d3,2024-04-10 09:31:02,paid,first_touch,tiktok,1,1,1,1.0,133.53,133.53
ord_9fe834a2,cust_803094d3,2024-04-10 09:31:02,paid,linear,tiktok,1,1,1,1.0,133.53,133.53
ord_9fe834a2,cust_803094d3,2024-04-10 09:31:02,paid,time_decay,tiktok,1,1,1,1.0,133.53,133.53
ord_435582f1,cust_95607a82,2024-04-10 16:57:44,paid,last_touch,direct,1,1,1,1.0,461.06,461.06
ord_435582f1,cust_95607a82,2024-04-10 16:57:44,paid,first_touch,google,1,1,1,1.0,461.06,461.06
ord_435582f1,cust_95607a82,2024-04-10 16:57:44,paid,linear,google,1,1,1,1.0,461.06,461.06
ord_435582f1,cust_95607a82,2024-04-10 16:57:44,paid,time_decay,google,1,1,1,1.0,461.06,461.06
ord_92118c48,cust_cbd3f3d5,2024-04-10 21:06:07,paid,last_touch,meta,1,1,1,1.0,86.58,86.58
ord_92118c48,cust_cbd3f3d5,2024-04-10 21:06:07,paid,first_touch,meta,1,1,1,1.0,86.58,86.58
ord_92118c48,cust_cbd3f3d5,2024-04-10 21:06:07,paid,linear,meta,1,1,1,1.0,86.58,86.58
ord_92118c48,cust_cbd3f3d5,2024-04-10 21:06:07,paid,time_decay,meta,1,1,1,1.0,86.58,86.58
ord_07148108,cust_fd9e16a1,2024-04-10 16:40:04,paid,last_touch,organic,1,1,1,1.0,140.43,140.43
ord_07148108,cust_fd9e16a1,2024-04-10 16:40:04,paid,first_touch,organic,1,1,1,1.0,140.43,140.43
ord_07148108,cust_fd9e16a1,2024-04-10 16:40:04,paid,linear,organic,1,1,1,1.0,140.43,140.43
ord_07148108,cust_fd9e16a1,2024-04-10 16:40:04,paid,time_decay,organic,1,1,1,1.0,140.43,140.43
ord_507a7da8,cust_2c8e4eaf,2024-04-10 17:24:30,paid,last_touch,direct,1,1,1,1.0,64.91,64.91
ord_507a7da8,cust_2c8e4eaf,2024-04-10 17:24:30,paid,first_touch,organic,1,1,1,1.0,64.91,64.91
ord_507a7da8,cust_2c8e4eaf,2024-04-10 17:24:30,paid,linear,organic,1,1,1,1.0,64.91,64.91
ord_507a7da8,cust_2c8e4eaf,2024-04-10 17:24:30,paid,time_decay,organic,1,1,1,1.0,64.91,64.91
ord_6a91eb67,cust_7fd87f14,2024-04-11 11:20:41,paid,last_touch,organic,1,1,1,1.0,36.05,36.05
ord_6a91eb67,cust_7fd87f14,2024-04-11 11:20:41,paid,first_touch,organic,1,1,1,1.0,36.05,36.05
ord_6a91eb67,cust_7fd87f14,2024-04-11 11:20:41,paid,linear,organic,1,1,1,1.0,36.05,36.05
ord_6a91eb67,cust_7fd87f14,2024-04-11 11:20:41,paid,time_decay,organic,1,1,1,1.0,36.05,36.05
ord_cb8fb317,cust_5b0d9b95,2024-04-11 10:48:32,refunded,last_touch,google,1,1,1,1.0,135.1,135.1
ord_cb8fb317,cust_5b0d9b95,2024-04-11 10:48:32,refunded,first_touch,google,1,1,1,1.0,135.1,135.1
ord_cb8fb317,cust_5b0d9b95,2024-04-11 10:48:32,refunded,linear,google,1,1,1,1.0,135.1,135.1
ord_cb8fb317,cust_5b0d9b95,2024-04-11 10:48:32,refunded,time_decay,google,1,1,1,1.0,135.1,135.1
ord_bfefbd25,cust_503dca58,2024-04-11 19:38:43,paid,last_touch,direct,1,1,1,1.0,85.62,85.62
ord_bfefbd25,cust_503dca58,2024-04-11 19:38:43,paid,first_touch,organic,1,1,1,1.0,85.62,85.62
ord_bfefbd25,cust_503dca58,2024-04-11 19:38:43,paid,linear,organic,1,1,1,1.0,85.62,85.62
ord_bfefbd25,cust_503dca58,2024-04-11 19:38:43,paid,time_decay,organic,1,1,1,1.0,85.62,85.62
ord_5d568b89,cust_489c1d00,2024-04-11 21:15:02,paid,last_touch,direct,1,1,1,1.0,133.27,133.27
ord_5d568b89,cust_489c1d00,2024-04-11 21:15:02,paid,first_touch,direct,1,1,1,1.0,133.27,133.27
ord_5d568b89,cust_489c1d00,2024-04-11 21:15:02,paid,linear,direct,1,1,1,1.0,133.27,133.27
ord_5d568b89,cust_489c1d00,2024-04-11 21:15:02,paid,time_decay,direct,1,1,1,1.0,133.27,133.27
ord_9f56ac88,cust_e96f324e,2024-04-11 23:16:51,paid,last_touch,direct,1,1,1,1.0,170.34,170.34
ord_9f56ac88,cust_e96f324e,2024-04-11 23:16:51,paid,first_touch,meta,1,1,1,1.0,170.34,170.34
ord_9f56ac88,cust_e96f324e,2024-04-11 23:16:51,paid,linear,meta,1,1,1,1.0,170.34,170.34
ord_9f56ac88,cust_e96f324e,2024-04-11 23:16:51,paid,time_decay,meta,1,1,1,1.0,170.34,170.34
ord_2ed5037f,cust_579668cf,2024-04-11 10:49:51,paid,last_touch,direct,1,1,1,1.0,223.86,223.86
ord_2ed5037f,cust_579668cf,2024-04-11 10:49:51,paid,first_touch,tiktok,1,1,1,1.0,223.86,223.86
ord_2ed5037f,cust_579668cf,2024-04-11 10:49:51,paid,linear,tiktok,1,1,1,1.0,223.86,223.86
ord_2ed5037f,cust_579668cf,2024-04-11 10:49:51,paid,time_decay,tiktok,1,1,1,1.0,223.86,223.86
ord_bbe60dd1,cust_e0cafa2f,2024-04-11 09:06:25,paid,last_touch,direct,1,1,1,1.0,69.24,69.24
ord_bbe60dd1,cust_e0cafa2f,2024-04-11 09:06:25,paid,first_touch,tiktok,1,1,1,1.0,69.24,69.24
ord_bbe60dd1,cust_e0cafa2f,2024-04-11 09:06:25,paid,linear,tiktok,1,1,1,1.0,69.24,69.24
ord_bbe60dd1,cust_e0cafa2f,2024-04-11 09:06:25,paid,time_decay,tiktok,1,1,1,1.0,69.24,69.24
ord_4f733ca9,cust_3ac16343,2024-04-12 09:54:22,refunded,last_touch,direct,1,1,1,1.0,140.81,140.81
ord_4f733ca9,cust_3ac16343,2024-04-12 09:54:22,refunded,first_touch,organic,1,1,1,1.0,140.81,140.81
ord_4f733ca9,cust_3ac16343,2024-04-12 09:54:22,refunded,linear,organic,1,1,1,1.0,140.81,140.81
ord_4f733ca9,cust_3ac16343,2024-04-12 09:54:22,refunded,time_decay,organic,1,1,1,1.0,140.81,140.81
ord_0e481c0f,cust_b7a492e4,2024-04-12 13:39:59,paid,last_touch,direct,1,1,1,1.0,35.61,35.61
ord_0e481c0f,cust_b7a492e4,2024-04-12 13:39:59,paid,first_touch,direct,1,1,1,1.0,35.61,35.61
ord_0e481c0f,cust_b7a492e4,2024-04-12 13:39:59,paid,linear,direct,1,1,1,1.0,35.61,35.61
ord_0e481c0f,cust_b7a492e4,2024-04-12 13:39:59,paid,time_decay,direct,1,1,1,1.0,35.61,35.61
ord_316c4d9f,cust_792fe5e5,2024-04-12 19:51:16,paid,last_touch,direct,1,1,1,1.0,51.36,51.36
ord_316c4d9f,cust_792fe5e5,2024-04-12 19:51:16,paid,first_touch,direct,1,1,1,1.0,51.36,51.36
ord_316c4d9f,cust_792fe5e5,2024-04-12 19:51:16,paid,linear,direct,1,1,1,1.0,51.36,51.36
ord_316c4d9f,cust_792fe5e5,2024-04-12 19:51:16,paid,time_decay,direct,1,1,1,1.0,51.36,51.36
ord_9eb52009,cust_6ed6c3c5,2024-04-12 18:42:10,paid,last_touch,google,1,1,1,1.0,89.51,89.51
ord_9eb52009,cust_6ed6c3c5,2024-04-12 18:42:10,paid,first_touch,google,1,1,1,1.0,89.51,89.51
ord_9eb52009,cust_6ed6c3c5,2024-04-12 18:42:10,paid,linear,google,1,1,1,1.0,89.51,89.51
ord_9eb52009,cust_6ed6c3c5,2024-04-12 18:42:10,paid,time_decay,google,1,1,1,1.0,89.51,89.51
ord_30e115b0,cust_39d937d7,2024-04-12 12:17:00,paid,last_touch,google,1,1,1,1.0,286.99,286.99
ord_30e115b0,cust_39d937d7,2024-04-12 12:17:00,paid,first_touch,google,1,1,1,1.0,286.99,286.99
ord_30e115b0,cust_39d937d7,2024-04-12 12:17:00,paid,linear,google,1,1,1,1.0,286.99,286.99
ord_30e115b0,cust_39d937d7,2024-04-12 12:17:00,paid,time_decay,google,1,1,1,1.0,286.99,286.99
ord_15aca1d4,cust_da67d496,2024-04-13 20:24:20,paid,last_touch,organic,1,1,1,1.0,109.13,109.13
ord_15aca1d4,cust_da67d496,2024-04-13 20:24:20,paid,first_touch,organic,1,1,1,1.0,109.13,109.13
ord_15aca1d4,cust_da67d496,2024-04-13 20:24:20,paid,linear,organic,1,1,1,1.0,109.13,109.13
ord_15aca1d4,cust_da67d496,2024-04-13 20:24:20,paid,time_decay,organic,1,1,1,1.0,109.13,109.13
ord_d14888ed,cust_0569a5ad,2024-04-13 08:30:20,paid,last_touch,direct,1,1,1,1.0,135.81,135.81
ord_d14888ed,cust_0569a5ad,2024-04-13 08:30:20,paid,first_touch,email,1,1,1,1.0,135.81,135.81
ord_d14888ed,cust_0569a5ad,2024-04-13 08:30:20,paid,linear,email,1,1,1,1.0,135.81,135.81
ord_d14888ed,cust_0569a5ad,2024-04-13 08:30:20,paid,time_decay,email,1,1,1,1.0,135.81,135.81
ord_d8ae9ce7,cust_8271fe8f,2024-04-13 15:04:28,paid,last_touch,meta,1,1,1,1.0,143.76,143.76
ord_d8ae9ce7,cust_8271fe8f,2024-04-13 15:04:28,paid,first_touch,meta,1,1,1,1.0,143.76,143.76
ord_d8ae9ce7,cust_8271fe8f,2024-04-13 15:04:28,paid,linear,meta,1,1,1,1.0,143.76,143.76
ord_d8ae9ce7,cust_8271fe8f,2024-04-13 15:04:28,paid,time_decay,meta,1,1,1,1.0,143.76,143.76
ord_38bb2188,cust_af5beb78,2024-04-13 17:52:40,chargeback,last_touch,direct,1,1,1,1.0,212.66,212.66
ord_38bb2188,cust_af5beb78,2024-04-13 17:52:40,chargeback,first_touch,meta,1,1,1,1.0,212.66,212.66
ord_38bb2188,cust_af5beb78,2024-04-13 17:52:40,chargeback,linear,meta,1,1,1,1.0,212.66,212.66
ord_38bb2188,cust_af5beb78,2024-04-13 17:52:40,chargeback,time_decay,meta,1,1,1,1.0,212.66,212.66
ord_f6c224e4,cust_a075cf11,2024-04-13 11:37:05,paid,last_touch,google,1,1,1,1.0,45.83,45.83
ord_f6c224e4,cust_a075cf11,2024-04-13 11:37:05,paid,first_touch,google,1,1,1,1.0,45.83,45.83
ord_f6c224e4,cust_a075cf11,2024-04-13 11:37:05,paid,linear,google,1,1,1,1.0,45.83,45.83
ord_f6c224e4,cust_a075cf11,2024-04-13 11:37:05,paid,time_decay,google,1,1,1,1.0,45.83,45.83
ord_f828f1e1,cust_cc72620e,2024-04-13 02:34:34,paid,last_touch,meta,1,1,1,1.0,42.44,42.44
ord_f828f1e1,cust_cc72620e,2024-04-13 02:34:34,paid,first_touch,meta,1,1,1,1.0,42.44,42.44
ord_f828f1e1,cust_cc72620e,2024-04-13 02:34:34,paid,linear,meta,1,1,1,1.0,42.44,42.44
ord_f828f1e1,cust_cc72620e,2024-04-13 02:34:34,paid,time_decay,meta,1,1,1,1.0,42.44,42.44
ord_b350bf95,cust_d11a74e8,2024-04-13 21:08:44,refunded,last_touch,google,1,1,1,1.0,76.77,76.77
ord_b350bf95,cust_d11a74e8,2024-04-13 21:08:44,refunded,first_touch,google,1,1,1,1.0,76.77,76.77
ord_b350bf95,cust_d11a74e8,2024-04-13 21:08:44,refunded,linear,google,1,1,1,1.0,76.77,76.77
ord_b350bf95,cust_d11a74e8,2024-04-13 21:08:44,refunded,time_decay,google,1,1,1,1.0,76.77,76.77
ord_da28a805,cust_5e15b990,2024-04-13 19:23:36,paid,last_touch,organic,1,1,1,1.0,116.94,116.94
ord_da28a805,cust_5e15b990,2024-04-13 19:23:36,paid,first_touch,organic,1,1,1,1.0,116.94,116.94
ord_da28a805,cust_5e15b990,2024-04-13 19:23:36,paid,linear,organic,1,1,1,1.0,116.94,116.94
ord_da28a805,cust_5e15b990,2024-04-13 19:23:36,paid,time_decay,organic,1,1,1,1.0,116.94,116.94
ord_2ac52a3b,cust_f26d7bf8,2024-04-14 20:43:14,paid,last_touch,meta,1,1,1,1.0,140.21,140.21
ord_2ac52a3b,cust_f26d7bf8,2024-04-14 20:43:14,paid,first_touch,meta,1,1,1,1.0,140.21,140.21
ord_2ac52a3b,cust_f26d7bf8,2024-04-14 20:43:14,paid,linear,meta,1,1,1,1.0,140.21,140.21
ord_2ac52a3b,cust_f26d7bf8,2024-04-14 20:43:14,paid,time_decay,meta,1,1,1,1.0,140.21,140.21
ord_1cca0be8,cust_3fc7cc42,2024-04-14 21:11:29,paid,last_touch,direct,1,1,1,1.0,162.76,162.76
ord_1cca0be8,cust_3fc7cc42,2024-04-14 21:11:29,paid,first_touch,direct,1,1,1,1.0,162.76,162.76
ord_1cca0be8,cust_3fc7cc42,2024-04-14 21:11:29,paid,linear,direct,1,1,1,1.0,162.76,162.76
ord_1cca0be8,cust_3fc7cc42,2024-04-14 21:11:29,paid,time_decay,direct,1,1,1,1.0,162.76,162.76
ord_a3ae493a,cust_7b4b12f8,2024-04-14 09:01:03,paid,last_touch,direct,1,1,1,1.0,73.24,73.24
ord_a3ae493a,cust_7b4b12f8,2024-04-14 09:01:03,paid,first_touch,direct,1,1,1,1.0,73.24,73.24
ord_a3ae493a,cust_7b4b12f8,2024-04-14 09:01:03,paid,linear,direct,1,1,1,1.0,73.24,73.24
ord_a3ae493a,cust_7b4b12f8,2024-04-14 09:01:03,paid,time_decay,direct,1,1,1,1.0,73.24,73.24
ord_ca3af839,cust_23fd8ef6,2024-04-14 21:55:07,refunded,last_touch,google,1,1,1,1.0,45.55,45.55
ord_ca3af839,cust_23fd8ef6,2024-04-14 21:55:07,refunded,first_touch,google,1,1,1,1.0,45.55,45.55
ord_ca3af839,cust_23fd8ef6,2024-04-14 21:55:07,refunded,linear,google,1,1,1,1.0,45.55,45.55
ord_ca3af839,cust_23fd8ef6,2024-04-14 21:55:07,refunded,time_decay,google,1,1,1,1.0,45.55,45.55
ord_ab8233ce,cust_02321411,2024-04-14 15:38:52,paid,last_touch,tiktok,1,1,1,1.0,90.76,90.76
ord_ab8233ce,cust_02321411,2024-04-14 15:38:52,paid,first_touch,tiktok,1,1,1,1.0,90.76,90.76
ord_ab8233ce,cust_02321411,2024-04-14 15:38:52,paid,linear,tiktok,1,1,1,1.0,90.76,90.76
ord_ab8233ce,cust_02321411,2024-04-14 15:38:52,paid,time_decay,tiktok,1,1,1,1.0,90.76,90.76
ord_87b84094,cust_50c32218,2024-04-15 20:50:54,paid,last_touch,direct,1,1,1,1.0,40.62,40.62
ord_87b84094,cust_50c32218,2024-04-15 20:50:54,paid,first_touch,meta,1,1,1,1.0,40.62,40.62
ord_87b84094,cust_50c32218,2024-04-15 20:50:54,paid,linear,meta,1,1,1,1.0,40.62,40.62
ord_87b84094,cust_50c32218,2024-04-15 20:50:54,paid,time_decay,meta,1,1,1,1.0,40.62,40.62
ord_d13a9a00,cust_e8f5d0ac,2024-04-15 07:52:39,paid,last_touch,organic,1,1,1,1.0,118.29,118.29
ord_d13a9a00,cust_e8f5d0ac,2024-04-15 07:52:39,paid,first_touch,organic,1,1,1,1.0,118.29,118.29
ord_d13a9a00,cust_e8f5d0ac,2024-04-15 07:52:39,paid,linear,organic,1,1,1,1.0,118.29,118.29
ord_d13a9a00,cust_e8f5d0ac,2024-04-15 07:52:39,paid,time_decay,organic,1,1,1,1.0,118.29,118.29
ord_729e69cd,cust_ee33cd9f,2024-04-15 22:36:57,paid,last_touch,tiktok,1,1,1,1.0,120.01,120.01
ord_729e69cd,cust_ee33cd9f,2024-04-15 22:36:57,paid,first_touch,tiktok,1,1,1,1.0,120.01,120.01
ord_729e69cd,cust_ee33cd9f,2024-04-15 22:36:57,paid,linear,tiktok,1,1,1,1.0,120.01,120.01
ord_729e69cd,cust_ee33cd9f,2024-04-15 22:36:57,paid,time_decay,tiktok,1,1,1,1.0,120.01,120.01
ord_1ebd694c,cust_adce7be5,2024-04-15 11:53:05,paid,last_touch,direct,1,1,1,1.0,155.62,155.62
ord_1ebd694c,cust_adce7be5,2024-04-15 11:53:05,paid,first_touch,direct,1,1,1,1.0,155.62,155.62
ord_1ebd694c,cust_adce7be5,2024-04-15 11:53:05,paid,linear,direct,1,1,1,1.0,155.62,155.62
ord_1ebd694c,cust_adce7be5,2024-04-15 11:53:05,paid,time_decay,direct,1,1,1,1.0,155.62,155.62
ord_31854c5d,cust_3184b789,2024-04-15 11:35:33,refunded,last_touch,google,1,1,1,1.0,100.21,100.21
ord_31854c5d,cust_3184b789,2024-04-15 11:35:33,refunded,first_touch,google,1,1,1,1.0,100.21,100.21
ord_31854c5d,cust_3184b789,2024-04-15 11:35:33,refunded,linear,google,1,1,1,1.0,100.21,100.21
ord_31854c5d,cust_3184b789,2024-04-15 11:35:33,refunded,time_decay,google,1,1,1,1.0,100.21,100.21
ord_c197239d,cust_55f61ace,2024-04-16 11:02:05,refunded,last_touch,direct,1,1,1,1.0,50.44,50.44
ord_c197239d,cust_55f61ace,2024-04-16 11:02:05,refunded,first_touch,meta,1,1,1,1.0,50.44,50.44
ord_c197239d,cust_55f61ace,2024-04-16 11:02:05,refunded,linear,meta,1,1,1,1.0,50.44,50.44
ord_c197239d,cust_55f61ace,2024-04-16 11:02:05,refunded,time_decay,meta,1,1,1,1.0,50.44,50.44
ord_ea097285,cust_df22a46a,2024-04-16 08:52:48,paid,last_touch,meta,1,1,1,1.0,34.26,34.26
ord_ea097285,cust_df22a46a,2024-04-16 08:52:48,paid,first_touch,meta,1,1,1,1.0,34.26,34.26
ord_ea097285,cust_df22a46a,2024-04-16 08:52:48,paid,linear,meta,1,1,1,1.0,34.26,34.26
ord_ea097285,cust_df22a46a,2024-04-16 08:52:48,paid,time_decay,meta,1,1,1,1.0,34.26,34.26
ord_37fda1e0,cust_4ea4becd,2024-04-16 13:39:20,refunded,last_touch,google,1,1,1,1.0,51.13,51.13
ord_37fda1e0,cust_4ea4becd,2024-04-16 13:39:20,refunded,first_touch,google,1,1,1,1.0,51.13,51.13
ord_37fda1e0,cust_4ea4becd,2024-04-16 13:39:20,refunded,linear,google,1,1,1,1.0,51.13,51.13
ord_37fda1e0,cust_4ea4becd,2024-04-16 13:39:20,refunded,time_decay,google,1,1,1,1.0,51.13,51.13
ord_4a421900,cust_2da30d84,2024-04-16 15:46:09,paid,last_touch,direct,1,1,1,1.0,147.04,147.04
ord_4a421900,cust_2da30d84,2024-04-16 15:46:09,paid,first_touch,direct,1,1,1,1.0,147.04,147.04
ord_4a421900,cust_2da30d84,2024-04-16 15:46:09,paid,linear,direct,1,1,1,1.0,147.04,147.04
ord_4a421900,cust_2da30d84,2024-04-16 15:46:09,paid,time_decay,direct,1,1,1,1.0,147.04,147.04
ord_b39a5726,cust_3004b255,2024-04-16 21:37:43,paid,last_touch,google,1,1,1,1.0,41.2,41.2
ord_b39a5726,cust_3004b255,2024-04-16 21:37:43,paid,first_touch,google,1,1,1,1.0,41.2,41.2
ord_b39a5726,cust_3004b255,2024-04-16 21:37:43,paid,linear,google,1,1,1,1.0,41.2,41.2
ord_b39a5726,cust_3004b255,2024-04-16 21:37:43,paid,time_decay,google,1,1,1,1.0,41.2,41.2
ord_647c25bd,cust_fc87c322,2024-04-16 13:07:45,paid,last_touch,direct,1,1,1,1.0,101.72,101.72
ord_647c25bd,cust_fc87c322,2024-04-16 13:07:45,paid,first_touch,organic,1,1,1,1.0,101.72,101.72
ord_647c25bd,cust_fc87c322,2024-04-16 13:07:45,paid,linear,organic,1,1,1,1.0,101.72,101.72
ord_647c25bd,cust_fc87c322,2024-04-16 13:07:45,paid,time_decay,organic,1,1,1,1.0,101.72,101.72
ord_54f1fc36,cust_94ad3d35,2024-04-17 20:01:23,paid,last_touch,direct,1,1,1,1.0,55.04,55.04
ord_54f1fc36,cust_94ad3d35,2024-04-17 20:01:23,paid,first_touch,google,1,1,1,1.0,55.04,55.04
ord_54f1fc36,cust_94ad3d35,2024-04-17 20:01:23,paid,linear,google,1,1,1,1.0,55.04,55.04
ord_54f1fc36,cust_94ad3d35,2024-04-17 20:01:23,paid,time_decay,google,1,1,1,1.0,55.04,55.04
ord_4b8545ad,cust_e08a9c89,2024-04-17 09:10:56,paid,last_touch,meta,1,1,1,1.0,71.54,71.54
ord_4b8545ad,cust_e08a9c89,2024-04-17 09:10:56,paid,first_touch,meta,1,1,1,1.0,71.54,71.54
ord_4b8545ad,cust_e08a9c89,2024-04-17 09:10:56,paid,linear,meta,1,1,1,1.0,71.54,71.54
ord_4b8545ad,cust_e08a9c89,2024-04-17 09:10:56,paid,time_decay,meta,1,1,1,1.0,71.54,71.54
ord_288ca5c9,cust_57100401,2024-04-17 01:25:14,paid,last_touch,organic,1,1,1,1.0,74.49,74.49
ord_288ca5c9,cust_57100401,2024-04-17 01:25:14,paid,first_touch,organic,1,1,1,1.0,74.49,74.49
ord_288ca5c9,cust_57100401,2024-04-17 01:25:14,paid,linear,organic,1,1,1,1.0,74.49,74.49
ord_288ca5c9,cust_57100401,2024-04-17 01:25:14,paid,time_decay,organic,1,1,1,1.0,74.49,74.49
ord_47012afe,cust_3db664e4,2024-04-17 06:33:15,paid,last_touch,direct,1,1,1,1.0,129.23,129.23
ord_47012afe,cust_3db664e4,2024-04-17 06:33:15,paid,first_touch,direct,1,1,1,1.0,129.23,129.23
ord_47012afe,cust_3db664e4,2024-04-17 06:33:15,paid,linear,direct,1,1,1,1.0,129.23,129.23
ord_47012afe,cust_3db664e4,2024-04-17 06:33:15,paid,time_decay,direct,1,1,1,1.0,129.23,129.23
ord_b120b5ad,cust_aa66704e,2024-04-17 18:26:25,paid,last_touch,organic,1,1,1,1.0,103.26,103.26
ord_b120b5ad,cust_aa66704e,2024-04-17 18:26:25,paid,first_touch,organic,1,1,1,1.0,103.26,103.26
ord_b120b5ad,cust_aa66704e,2024-04-17 18:26:25,paid,linear,organic,1,1,1,1.0,103.26,103.26
ord_b120b5ad,cust_aa66704e,2024-04-17 18:26:25,paid,time_decay,organic,1,1,1,1.0,103.26,103.26
ord_a521137e,cust_e83964f6,2024-04-17 17:56:10,paid,last_touch,direct,1,1,1,1.0,88.37,88.37
ord_a521137e,cust_e83964f6,2024-04-17 17:56:10,paid,first_touch,direct,1,1,1,1.0,88.37,88.37
ord_a521137e,cust_e83964f6,2024-04-17 17:56:10,paid,linear,direct,1,1,1,1.0,88.37,88.37
ord_a521137e,cust_e83964f6,2024-04-17 17:56:10,paid,time_decay,direct,1,1,1,1.0,88.37,88.37
ord_9a4ca36e,cust_8e513fbe,2024-04-18 14:38:38,paid,last_touch,direct,1,1,1,1.0,68.71,68.71
ord_9a4ca36e,cust_8e513fbe,2024-04-18 14:38:38,paid,first_touch,direct,1,1,1,1.0,68.71,68.71
ord_9a4ca36e,cust_8e513fbe,2024-04-18 14:38:38,paid,linear,direct,1,1,1,1.0,68.71,68.71
ord_9a4ca36e,cust_8e513fbe,2024-04-18 14:38:38,paid,time_decay,direct,1,1,1,1.0,68.71,68.71
ord_2ac0a4f5,cust_a3e3fc7f,2024-04-18 08:01:03,paid,last_touch,organic,1,1,1,1.0,171.23,171.23
ord_2ac0a4f5,cust_a3e3fc7f,2024-04-18 08:01:03,paid,first_touch,organic,1,1,1,1.0,171.23,171.23
ord_2ac0a4f5,cust_a3e3fc7f,2024-04-18 08:01:03,paid,linear,organic,1,1,1,1.0,171.23,171.23
ord_2ac0a4f5,cust_a3e3fc7f,2024-04-18 08:01:03,paid,time_decay,organic,1,1,1,1.0,171.23,171.23
ord_a0bf211f,cust_606e96d3,2024-04-18 14:27:01,paid,last_touch,direct,1,1,1,1.0,110.67,110.67
ord_a0bf211f,cust_606e96d3,2024-04-18 14:27:01,paid,first_touch,organic,1,1,1,1.0,110.67,110.67
ord_a0bf211f,cust_606e96d3,2024-04-18 14:27:01,paid,linear,organic,1,1,1,1.0,110.67,110.67
ord_a0bf211f,cust_606e96d3,2024-04-18 14:27:01,paid,time_decay,organic,1,1,1,1.0,110.67,110.67
ord_a96495f1,cust_3d68d984,2024-04-18 12:48:18,paid,last_touch,direct,1,1,1,1.0,166.56,166.56
ord_a96495f1,cust_3d68d984,2024-04-18 12:48:18,paid,first_touch,meta,1,1,1,1.0,166.56,166.56
ord_a96495f1,cust_3d68d984,2024-04-18 12:48:18,paid,linear,meta,1,1,1,1.0,166.56,166.56
ord_a96495f1,cust_3d68d984,2024-04-18 12:48:18,paid,time_decay,meta,1,1,1,1.0,166.56,166.56
ord_a37a9c45,cust_a32d2c8e,2024-04-18 13:45:16,refunded,last_touch,meta,1,1,1,1.0,163.93,163.93
ord_a37a9c45,cust_a32d2c8e,2024-04-18 13:45:16,refunded,first_touch,meta,1,1,1,1.0,163.93,163.93
ord_a37a9c45,cust_a32d2c8e,2024-04-18 13:45:16,refunded,linear,meta,1,1,1,1.0,163.93,163.93
ord_a37a9c45,cust_a32d2c8e,2024-04-18 13:45:16,refunded,time_decay,meta,1,1,1,1.0,163.93,163.93
ord_9dd4669d,cust_accb8689,2024-04-18 00:12:01,paid,last_touch,direct,1,1,1,1.0,118.25,118.25
ord_9dd4669d,cust_accb8689,2024-04-18 00:12:01,paid,first_touch,meta,1,1,1,1.0,118.25,118.25
ord_9dd4669d,cust_accb8689,2024-04-18 00:12:01,paid,linear,meta,1,1,1,1.0,118.25,118.25
ord_9dd4669d,cust_accb8689,2024-04-18 00:12:01,paid,time_decay,meta,1,1,1,1.0,118.25,118.25
ord_63c8be14,cust_0483898e,2024-04-18 15:20:03,paid,last_touch,meta,1,1,1,1.0,30.77,30.77
ord_63c8be14,cust_0483898e,2024-04-18 15:20:03,paid,first_touch,meta,1,1,1,1.0,30.77,30.77
ord_63c8be14,cust_0483898e,2024-04-18 15:20:03,paid,linear,meta,1,1,1,1.0,30.77,30.77
ord_63c8be14,cust_0483898e,2024-04-18 15:20:03,paid,time_decay,meta,1,1,1,1.0,30.77,30.77
ord_b069ad73,cust_db4b3c10,2024-04-19 09:38:49,paid,last_touch,organic,1,1,1,1.0,73.17,73.17
ord_b069ad73,cust_db4b3c10,2024-04-19 09:38:49,paid,first_touch,organic,1,1,1,1.0,73.17,73.17
ord_b069ad73,cust_db4b3c10,2024-04-19 09:38:49,paid,linear,organic,1,1,1,1.0,73.17,73.17
ord_b069ad73,cust_db4b3c10,2024-04-19 09:38:49,paid,time_decay,organic,1,1,1,1.0,73.17,73.17
ord_7de745a5,cust_9f0883d4,2024-04-19 14:41:41,paid,last_touch,tiktok,1,1,1,1.0,47.81,47.81
ord_7de745a5,cust_9f0883d4,2024-04-19 14:41:41,paid,first_touch,tiktok,1,1,1,1.0,47.81,47.81
ord_7de745a5,cust_9f0883d4,2024-04-19 14:41:41,paid,linear,tiktok,1,1,1,1.0,47.81,47.81
ord_7de745a5,cust_9f0883d4,2024-04-19 14:41:41,paid,time_decay,tiktok,1,1,1,1.0,47.81,47.81
ord_4d79dab0,cust_3d10f1fe,2024-04-20 09:09:10,paid,last_touch,tiktok,1,1,1,1.0,75.79,75.79
ord_4d79dab0,cust_3d10f1fe,2024-04-20 09:09:10,paid,first_touch,tiktok,1,1,1,1.0,75.79,75.79
ord_4d79dab0,cust_3d10f1fe,2024-04-20 09:09:10,paid,linear,tiktok,1,1,1,1.0,75.79,75.79
ord_4d79dab0,cust_3d10f1fe,2024-04-20 09:09:10,paid,time_decay,tiktok,1,1,1,1.0,75.79,75.79
ord_7ceb660e,cust_ecbd8b98,2024-04-20 12:35:16,paid,last_touch,tiktok,1,1,1,1.0,47.74,47.74
ord_7ceb660e,cust_ecbd8b98,2024-04-20 12:35:16,paid,first_touch,tiktok,1,1,1,1.0,47.74,47.74
ord_7ceb660e,cust_ecbd8b98,2024-04-20 12:35:16,paid,linear,tiktok,1,1,1,1.0,47.74,47.74
ord_7ceb660e,cust_ecbd8b98,2024-04-20 12:35:16,paid,time_decay,tiktok,1,1,1,1.0,47.74,47.74
ord_5ac2c927,cust_5aaad594,2024-04-20 14:45:17,paid,last_touch,direct,1,1,1,1.0,60.94,60.94
ord_5ac2c927,cust_5aaad594,2024-04-20 14:45:17,paid,first_touch,organic,1,1,1,1.0,60.94,60.94
ord_5ac2c927,cust_5aaad594,2024-04-20 14:45:17,paid,linear,organic,1,1,1,1.0,60.94,60.94
ord_5ac2c927,cust_5aaad594,2024-04-20 14:45:17,paid,time_decay,organic,1,1,1,1.0,60.94,60.94
ord_87ba773e,cust_fe18ada7,2024-04-20 21:21:14,paid,last_touch,meta,1,1,1,1.0,81.74,81.74
ord_87ba773e,cust_fe18ada7,2024-04-20 21:21:14,paid,first_touch,meta,1,1,1,1.0,81.74,81.74
ord_87ba773e,cust_fe18ada7,2024-04-20 21:21:14,paid,linear,meta,1,1,1,1.0,81.74,81.74
ord_87ba773e,cust_fe18ada7,2024-04-20 21:21:14,paid,time_decay,meta,1,1,1,1.0,81.74,81.74
ord_c8deebaf,cust_9865a567,2024-04-21 21:05:15,refunded,last_touch,email,1,1,1,1.0,73.04,73.04
ord_c8deebaf,cust_9865a567,2024-04-21 21:05:15,refunded,first_touch,email,1,1,1,1.0,73.04,73.04
ord_c8deebaf,cust_9865a567,2024-04-21 21:05:15,refunded,linear,email,1,1,1,1.0,73.04,73.04
ord_c8deebaf,cust_9865a567,2024-04-21 21:05:15,refunded,time_decay,email,1,1,1,1.0,73.04,73.04
ord_bbf5c8e8,cust_39516c30,2024-04-21 19:49:04,paid,last_touch,direct,1,1,1,1.0,103.14,103.14
ord_bbf5c8e8,cust_39516c30,2024-04-21 19:49:04,paid,first_touch,direct,1,1,1,1.0,103.14,103.14
ord_bbf5c8e8,cust_39516c30,2024-04-21 19:49:04,paid,linear,direct,1,1,1,1.0,103.14,103.14
ord_bbf5c8e8,cust_39516c30,2024-04-21 19:49:04,paid,time_decay,direct,1,1,1,1.0,103.14,103.14
ord_59951d0f,cust_2004d214,2024-04-21 08:08:30,paid,last_touch,organic,1,1,1,1.0,157.56,157.56
ord_59951d0f,cust_2004d214,2024-04-21 08:08:30,paid,first_touch,organic,1,1,1,1.0,157.56,157.56
ord_59951d0f,cust_2004d214,2024-04-21 08:08:30,paid,linear,organic,1,1,1,1.0,157.56,157.56
ord_59951d0f,cust_2004d214,2024-04-21 08:08:30,paid,time_decay,organic,1,1,1,1.0,157.56,157.56
ord_a26202aa,cust_1a3f0738,2024-04-21 12:46:54,refunded,last_touch,direct,1,1,1,1.0,72.85,72.85
ord_a26202aa,cust_1a3f0738,2024-04-21 12:46:54,refunded,first_touch,direct,1,1,1,1.0,72.85,72.85
ord_a26202aa,cust_1a3f0738,2024-04-21 12:46:54,refunded,linear,direct,1,1,1,1.0,72.85,72.85
ord_a26202aa,cust_1a3f0738,2024-04-21 12:46:54,refunded,time_decay,direct,1,1,1,1.0,72.85,72.85
ord_3ed09b8b,cust_5a21cbe2,2024-04-21 22:39:43,paid,last_touch,meta,1,1,1,1.0,186.42,186.42
ord_3ed09b8b,cust_5a21cbe2,2024-04-21 22:39:43,paid,first_touch,meta,1,1,1,1.0,186.42,186.42
ord_3ed09b8b,cust_5a21cbe2,2024-04-21 22:39:43,paid,linear,meta,1,1,1,1.0,186.42,186.42
ord_3ed09b8b,cust_5a21cbe2,2024-04-21 22:39:43,paid,time_decay,meta,1,1,1,1.0,186.42,186.42
ord_aba2ae69,cust_e3ce4bcd,2024-04-21 18:23:11,paid,last_touch,direct,1,1,1,1.0,92.22,92.22
ord_aba2ae69,cust_e3ce4bcd,2024-04-21 18:23:11,paid,first_touch,google,1,1,1,1.0,92.22,92.22
ord_aba2ae69,cust_e3ce4bcd,2024-04-21 18:23:11,paid,linear,google,1,1,1,1.0,92.22,92.22
ord_aba2ae69,cust_e3ce4bcd,2024-04-21 18:23:11,paid,time_decay,google,1,1,1,1.0,92.22,92.22
ord_81b64da8,cust_6e889a49,2024-04-21 18:41:56,paid,last_touch,direct,1,1,1,1.0,80.49,80.49
ord_81b64da8,cust_6e889a49,2024-04-21 18:41:56,paid,first_touch,meta,1,1,1,1.0,80.49,80.49
ord_81b64da8,cust_6e889a49,2024-04-21 18:41:56,paid,linear,meta,1,1,1,1.0,80.49,80.49
ord_81b64da8,cust_6e889a49,2024-04-21 18:41:56,paid,time_decay,meta,1,1,1,1.0,80.49,80.49
ord_bb721d20,cust_b1b79c0d,2024-04-21 22:02:15,paid,last_touch,meta,1,1,1,1.0,42.34,42.34
ord_bb721d20,cust_b1b79c0d,2024-04-21 22:02:15,paid,first_touch,meta,1,1,1,1.0,42.34,42.34
ord_bb721d20,cust_b1b79c0d,2024-04-21 22:02:15,paid,linear,meta,1,1,1,1.0,42.34,42.34
ord_bb721d20,cust_b1b79c0d,2024-04-21 22:02:15,paid,time_decay,meta,1,1,1,1.0,42.34,42.34
ord_9099e4c6,cust_b2f79f5c,2024-04-22 08:02:45,paid,last_touch,google,1,1,1,1.0,329.3,329.3
ord_9099e4c6,cust_b2f79f5c,2024-04-22 08:02:45,paid,first_touch,google,1,1,1,1.0,329.3,329.3
ord_9099e4c6,cust_b2f79f5c,2024-04-22 08:02:45,paid,linear,google,1,1,1,1.0,329.3,329.3
ord_9099e4c6,cust_b2f79f5c,2024-04-22 08:02:45,paid,time_decay,google,1,1,1,1.0,329.3,329.3
ord_3f2402c5,cust_48ce7998,2024-04-22 19:53:52,paid,last_touch,direct,1,1,1,1.0,38.38,38.38
ord_3f2402c5,cust_48ce7998,2024-04-22 19:53:52,paid,first_touch,direct,1,1,1,1.0,38.38,38.38
ord_3f2402c5,cust_48ce7998,2024-04-22 19:53:52,paid,linear,direct,1,1,1,1.0,38.38,38.38
ord_3f2402c5,cust_48ce7998,2024-04-22 19:53:52,paid,time_decay,direct,1,1,1,1.0,38.38,38.38
ord_70de2eaa,cust_2ac1635f,2024-04-22 14:37:06,paid,last_touch,google,1,1,1,1.0,89.32,89.32
ord_70de2eaa,cust_2ac1635f,2024-04-22 14:37:06,paid,first_touch,google,1,1,1,1.0,89.32,89.32
ord_70de2eaa,cust_2ac1635f,2024-04-22 14:37:06,paid,linear,google,1,1,1,1.0,89.32,89.32
ord_70de2eaa,cust_2ac1635f,2024-04-22 14:37:06,paid,time_decay,google,1,1,1,1.0,89.32,89.32
ord_dbba250c,cust_9700d83a,2024-04-22 19:14:25,paid,last_touch,organic,1,1,1,1.0,110.32,110.32
ord_dbba250c,cust_9700d83a,2024-04-22 19:14:25,paid,first_touch,organic,1,1,1,1.0,110.32,110.32
ord_dbba250c,cust_9700d83a,2024-04-22 19:14:25,paid,linear,organic,1,1,1,1.0,110.32,110.32
ord_dbba250c,cust_9700d83a,2024-04-22 19:14:25,paid,time_decay,organic,1,1,1,1.0,110.32,110.32
ord_74709e63,cust_e84f8a8c,2024-04-22 12:26:03,paid,last_touch,email,1,1,1,1.0,231.31,231.31
ord_74709e63,cust_e84f8a8c,2024-04-22 12:26:03,paid,first_touch,email,1,1,1,1.0,231.31,231.31
ord_74709e63,cust_e84f8a8c,2024-04-22 12:26:03,paid,linear,email,1,1,1,1.0,231.31,231.31
ord_74709e63,cust_e84f8a8c,2024-04-22 12:26:03,paid,time_decay,email,1,1,1,1.0,231.31,231.31
ord_93ec758e,cust_2066c772,2024-04-22 12:35:29,paid,last_touch,email,1,1,1,1.0,84.37,84.37
ord_93ec758e,cust_2066c772,2024-04-22 12:35:29,paid,first_touch,email,1,1,1,1.0,84.37,84.37
ord_93ec758e,cust_2066c772,2024-04-22 12:35:29,paid,linear,email,1,1,1,1.0,84.37,84.37
ord_93ec758e,cust_2066c772,2024-04-22 12:35:29,paid,time_decay,email,1,1,1,1.0,84.37,84.37
ord_2c1df01a,cust_538caa8e,2024-04-23 09:43:39,paid,last_touch,direct,1,1,1,1.0,89.08,89.08
ord_2c1df01a,cust_538caa8e,2024-04-23 09:43:39,paid,first_touch,organic,1,1,1,1.0,89.08,89.08
ord_2c1df01a,cust_538caa8e,2024-04-23 09:43:39,paid,linear,organic,1,1,1,1.0,89.08,89.08
ord_2c1df01a,cust_538caa8e,2024-04-23 09:43:39,paid,time_decay,organic,1,1,1,1.0,89.08,89.08
ord_4b47477a,cust_770146c2,2024-04-23 17:35:00,paid,last_touch,direct,1,1,1,1.0,73.65,73.65
ord_4b47477a,cust_770146c2,2024-04-23 17:35:00,paid,first_touch,google,1,1,1,1.0,73.65,73.65
ord_4b47477a,cust_770146c2,2024-04-23 17:35:00,paid,linear,google,1,1,1,1.0,73.65,73.65
ord_4b47477a,cust_770146c2,2024-04-23 17:35:00,paid,time_decay,google,1,1,1,1.0,73.65,73.65
ord_7c4d235f,cust_5fa1bae9,2024-04-23 19:24:29,paid,last_touch,google,1,1,1,1.0,48.11,48.11
ord_7c4d235f,cust_5fa1bae9,2024-04-23 19:24:29,paid,first_touch,google,1,1,1,1.0,48.11,48.11
ord_7c4d235f,cust_5fa1bae9,2024-04-23 19:24:29,paid,linear,google,1,1,1,1.0,48.11,48.11
ord_7c4d235f,cust_5fa1bae9,2024-04-23 19:24:29,paid,time_decay,google,1,1,1,1.0,48.11,48.11
ord_96b7bb67,cust_29fde014,2024-04-23 19:41:07,paid,last_touch,direct,1,1,1,1.0,115.54,115.54
ord_96b7bb67,cust_29fde014,2024-04-23 19:41:07,paid,first_touch,meta,1,1,1,1.0,115.54,115.54
ord_96b7bb67,cust_29fde014,2024-04-23 19:41:07,paid,linear,meta,1,1,1,1.0,115.54,115.54
ord_96b7bb67,cust_29fde014,2024-04-23 19:41:07,paid,time_decay,meta,1,1,1,1.0,115.54,115.54
ord_ff14e87d,cust_595eedd0,2024-04-23 20:09:24,paid,last_touch,organic,1,1,1,1.0,59.09,59.09
ord_ff14e87d,cust_595eedd0,2024-04-23 20:09:24,paid,first_touch,organic,1,1,1,1.0,59.09,59.09
ord_ff14e87d,cust_595eedd0,2024-04-23 20:09:24,paid,linear,organic,1,1,1,1.0,59.09,59.09
ord_ff14e87d,cust_595eedd0,2024-04-23 20:09:24,paid,time_decay,organic,1,1,1,1.0,59.09,59.09
ord_c8528b8c,cust_efaa7391,2024-04-23 12:52:35,refunded,last_touch,meta,1,1,1,1.0,359.63,359.63
ord_c8528b8c,cust_efaa7391,2024-04-23 12:52:35,refunded,first_touch,meta,1,1,1,1.0,359.63,359.63
ord_c8528b8c,cust_efaa7391,2024-04-23 12:52:35,refunded,linear,meta,1,1,1,1.0,359.63,359.63
ord_c8528b8c,cust_efaa7391,2024-04-23 12:52:35,refunded,time_decay,meta,1,1,1,1.0,359.63,359.63
ord_d2ef5212,cust_0400922f,2024-04-23 20:44:33,paid,last_touch,direct,1,1,1,1.0,34.13,34.13
ord_d2ef5212,cust_0400922f,2024-04-23 20:44:33,paid,first_touch,google,1,1,1,1.0,34.13,34.13
ord_d2ef5212,cust_0400922f,2024-04-23 20:44:33,paid,linear,google,1,1,1,1.0,34.13,34.13
ord_d2ef5212,cust_0400922f,2024-04-23 20:44:33,paid,time_decay,google,1,1,1,1.0,34.13,34.13
ord_d2c76735,cust_002d0843,2024-04-23 12:19:56,paid,last_touch,organic,1,1,1,1.0,88.26,88.26
ord_d2c76735,cust_002d0843,2024-04-23 12:19:56,paid,first_touch,organic,1,1,1,1.0,88.26,88.26
ord_d2c76735,cust_002d0843,2024-04-23 12:19:56,paid,linear,organic,1,1,1,1.0,88.26,88.26
ord_d2c76735,cust_002d0843,2024-04-23 12:19:56,paid,time_decay,organic,1,1,1,1.0,88.26,88.26
ord_3a311dee,cust_22dcc3c4,2024-04-24 00:55:53,refunded,last_touch,direct,1,1,1,1.0,81.05,81.05
ord_3a311dee,cust_22dcc3c4,2024-04-24 00:55:53,refunded,first_touch,meta,1,1,1,1.0,81.05,81.05
ord_3a311dee,cust_22dcc3c4,2024-04-24 00:55:53,refunded,linear,meta,1,1,1,1.0,81.05,81.05
ord_3a311dee,cust_22dcc3c4,2024-04-24 00:55:53,refunded,time_decay,meta,1,1,1,1.0,81.05,81.05
ord_987873c5,cust_bc714dc8,2024-04-24 08:46:26,paid,last_touch,google,1,1,1,1.0,146.95,146.95
ord_987873c5,cust_bc714dc8,2024-04-24 08:46:26,paid,first_touch,google,1,1,1,1.0,146.95,146.95
ord_987873c5,cust_bc714dc8,2024-04-24 08:46:26,paid,linear,google,1,1,1,1.0,146.95,146.95
ord_987873c5,cust_bc714dc8,2024-04-24 08:46:26,paid,time_decay,google,1,1,1,1.0,146.95,146.95
ord_9b81dca9,cust_17798d25,2024-04-24 19:17:02,refunded,last_touch,direct,1,1,1,1.0,55.74,55.74
ord_9b81dca9,cust_17798d25,2024-04-24 19:17:02,refunded,first_touch,direct,1,1,1,1.0,55.74,55.74
ord_9b81dca9,cust_17798d25,2024-04-24 19:17:02,refunded,linear,direct,1,1,1,1.0,55.74,55.74
ord_9b81dca9,cust_17798d25,2024-04-24 19:17:02,refunded,time_decay,direct,1,1,1,1.0,55.74,55.74
ord_59513658,cust_e11b4b22,2024-04-25 16:11:45,paid,last_touch,google,1,1,1,1.0,107.06,107.06
ord_59513658,cust_e11b4b22,2024-04-25 16:11:45,paid,first_touch,google,1,1,1,1.0,107.06,107.06
ord_59513658,cust_e11b4b22,2024-04-25 16:11:45,paid,linear,google,1,1,1,1.0,107.06,107.06
ord_59513658,cust_e11b4b22,2024-04-25 16:11:45,paid,time_decay,google,1,1,1,1.0,107.06,107.06
ord_1c690d1e,cust_367b656d,2024-04-25 06:21:18,paid,last_touch,direct,1,1,1,1.0,81.07,81.07
ord_1c690d1e,cust_367b656d,2024-04-25 06:21:18,paid,first_touch,tiktok,1,1,1,1.0,81.07,81.07
ord_1c690d1e,cust_367b656d,2024-04-25 06:21:18,paid,linear,tiktok,1,1,1,1.0,81.07,81.07
ord_1c690d1e,cust_367b656d,2024-04-25 06:21:18,paid,time_decay,tiktok,1,1,1,1.0,81.07,81.07
ord_8bd4fe4b,cust_5b83e26a,2024-04-26 13:15:01,paid,last_touch,direct,1,1,1,1.0,87.25,87.25
ord_8bd4fe4b,cust_5b83e26a,2024-04-26 13:15:01,paid,first_touch,google,1,1,1,1.0,87.25,87.25
ord_8bd4fe4b,cust_5b83e26a,2024-04-26 13:15:01,paid,linear,google,1,1,1,1.0,87.25,87.25
ord_8bd4fe4b,cust_5b83e26a,2024-04-26 13:15:01,paid,time_decay,google,1,1,1,1.0,87.25,87.25
ord_08835b8b,cust_5126f8ea,2024-04-26 11:31:49,paid,last_touch,direct,1,1,1,1.0,133.66,133.66
ord_08835b8b,cust_5126f8ea,2024-04-26 11:31:49,paid,first_touch,tiktok,1,1,1,1.0,133.66,133.66
ord_08835b8b,cust_5126f8ea,2024-04-26 11:31:49,paid,linear,tiktok,1,1,1,1.0,133.66,133.66
ord_08835b8b,cust_5126f8ea,2024-04-26 11:31:49,paid,time_decay,tiktok,1,1,1,1.0,133.66,133.66
ord_815ce29c,cust_a9c9c632,2024-04-26 10:10:18,paid,last_touch,direct,1,1,1,1.0,81.67,81.67
ord_815ce29c,cust_a9c9c632,2024-04-26 10:10:18,paid,first_touch,tiktok,1,1,1,1.0,81.67,81.67
ord_815ce29c,cust_a9c9c632,2024-04-26 10:10:18,paid,linear,tiktok,1,1,1,1.0,81.67,81.67
ord_815ce29c,cust_a9c9c632,2024-04-26 10:10:18,paid,time_decay,tiktok,1,1,1,1.0,81.67,81.67
ord_de13df1c,cust_8aedf8e1,2024-04-26 08:35:48,paid,last_touch,google,1,1,1,1.0,43.49,43.49
ord_de13df1c,cust_8aedf8e1,2024-04-26 08:35:48,paid,first_touch,google,1,1,1,1.0,43.49,43.49
ord_de13df1c,cust_8aedf8e1,2024-04-26 08:35:48,paid,linear,google,1,1,1,1.0,43.49,43.49
ord_de13df1c,cust_8aedf8e1,2024-04-26 08:35:48,paid,time_decay,google,1,1,1,1.0,43.49,43.49
ord_113281a2,cust_030b9c03,2024-04-26 19:53:27,paid,last_touch,direct,1,1,1,1.0,40.64,40.64
ord_113281a2,cust_030b9c03,2024-04-26 19:53:27,paid,first_touch,direct,1,1,1,1.0,40.64,40.64
ord_113281a2,cust_030b9c03,2024-04-26 19:53:27,paid,linear,direct,1,1,1,1.0,40.64,40.64
ord_113281a2,cust_030b9c03,2024-04-26 19:53:27,paid,time_decay,direct,1,1,1,1.0,40.64,40.64
ord_58041a15,cust_38f74949,2024-04-26 21:26:25,paid,last_touch,email,1,1,1,1.0,97.89,97.89
ord_58041a15,cust_38f74949,2024-04-26 21:26:25,paid,first_touch,email,1,1,1,1.0,97.89,97.89
ord_58041a15,cust_38f74949,2024-04-26 21:26:25,paid,linear,email,1,1,1,1.0,97.89,97.89
ord_58041a15,cust_38f74949,2024-04-26 21:26:25,paid,time_decay,email,1,1,1,1.0,97.89,97.89
ord_a1a23636,cust_946daa74,2024-04-26 16:59:21,paid,last_touch,direct,1,1,1,1.0,55.24,55.24
ord_a1a23636,cust_946daa74,2024-04-26 16:59:21,paid,first_touch,organic,1,1,1,1.0,55.24,55.24
ord_a1a23636,cust_946daa74,2024-04-26 16:59:21,paid,linear,organic,1,1,1,1.0,55.24,55.24
ord_a1a23636,cust_946daa74,2024-04-26 16:59:21,paid,time_decay,organic,1,1,1,1.0,55.24,55.24
ord_6c1bb5f1,cust_56c5fd8a,2024-04-26 20:38:38,paid,last_touch,google,1,1,1,1.0,88.14,88.14
ord_6c1bb5f1,cust_56c5fd8a,2024-04-26 20:38:38,paid,first_touch,google,1,1,1,1.0,88.14,88.14
ord_6c1bb5f1,cust_56c5fd8a,2024-04-26 20:38:38,paid,linear,google,1,1,1,1.0,88.14,88.14
ord_6c1bb5f1,cust_56c5fd8a,2024-04-26 20:38:38,paid,time_decay,google,1,1,1,1.0,88.14,88.14
ord_f41b7170,cust_0c12ed29,2024-04-27 12:49:25,paid,last_touch,organic,1,1,1,1.0,150.37,150.37
ord_f41b7170,cust_0c12ed29,2024-04-27 12:49:25,paid,first_touch,organic,1,1,1,1.0,150.37,150.37
ord_f41b7170,cust_0c12ed29,2024-04-27 12:49:25,paid,linear,organic,1,1,1,1.0,150.37,150.37
ord_f41b7170,cust_0c12ed29,2024-04-27 12:49:25,paid,time_decay,organic,1,1,1,1.0,150.37,150.37
ord_d898dd51,cust_85f74630,2024-04-27 19:39:13,paid,last_touch,direct,1,1,1,1.0,90.95,90.95
ord_d898dd51,cust_85f74630,2024-04-27 19:39:13,paid,first_touch,google,1,1,1,1.0,90.95,90.95
ord_d898dd51,cust_85f74630,2024-04-27 19:39:13,paid,linear,google,1,1,1,1.0,90.95,90.95
ord_d898dd51,cust_85f74630,2024-04-27 19:39:13,paid,time_decay,google,1,1,1,1.0,90.95,90.95
ord_3363f191,cust_366b34e7,2024-04-27 13:18:39,refunded,last_touch,direct,1,1,1,1.0,197.6,197.6
ord_3363f191,cust_366b34e7,2024-04-27 13:18:39,refunded,first_touch,tiktok,1,1,1,1.0,197.6,197.6
ord_3363f191,cust_366b34e7,2024-04-27 13:18:39,refunded,linear,tiktok,1,1,1,1.0,197.6,197.6
ord_3363f191,cust_366b34e7,2024-04-27 13:18:39,refunded,time_decay,tiktok,1,1,1,1.0,197.6,197.6
ord_c79b9866,cust_56e3ebb9,2024-04-27 10:02:01,paid,last_touch,direct,1,1,1,1.0,39.49,39.49
ord_c79b9866,cust_56e3ebb9,2024-04-27 10:02:01,paid,first_touch,email,1,1,1,1.0,39.49,39.49
ord_c79b9866,cust_56e3ebb9,2024-04-27 10:02:01,paid,linear,email,1,1,1,1.0,39.49,39.49
ord_c79b9866,cust_56e3ebb9,2024-04-27 10:02:01,paid,time_decay,email,1,1,1,1.0,39.49,39.49
ord_a02e2064,cust_a2b20f9c,2024-04-27 07:43:10,paid,last_touch,direct,1,1,1,1.0,91.8,91.8
ord_a02e2064,cust_a2b20f9c,2024-04-27 07:43:10,paid,first_touch,direct,1,1,1,1.0,91.8,91.8
ord_a02e2064,cust_a2b20f9c,2024-04-27 07:43:10,paid,linear,direct,1,1,1,1.0,91.8,91.8
ord_a02e2064,cust_a2b20f9c,2024-04-27 07:43:10,paid,time_decay,direct,1,1,1,1.0,91.8,91.8
ord_d34ebb4b,cust_5946a0cb,2024-04-27 19:07:39,paid,last_touch,google,1,1,1,1.0,188.19,188.19
ord_d34ebb4b,cust_5946a0cb,2024-04-27 19:07:39,paid,first_touch,google,1,1,1,1.0,188.19,188.19
ord_d34ebb4b,cust_5946a0cb,2024-04-27 19:07:39,paid,linear,google,1,1,1,1.0,188.19,188.19
ord_d34ebb4b,cust_5946a0cb,2024-04-27 19:07:39,paid,time_decay,google,1,1,1,1.0,188.19,188.19
ord_94d77b37,cust_d8fc8bbf,2024-04-28 11:01:14,paid,last_touch,direct,1,1,1,1.0,56.06,56.06
ord_94d77b37,cust_d8fc8bbf,2024-04-28 11:01:14,paid,first_touch,meta,1,1,1,1.0,56.06,56.06
ord_94d77b37,cust_d8fc8bbf,2024-04-28 11:01:14,paid,linear,meta,1,1,1,1.0,56.06,56.06
ord_94d77b37,cust_d8fc8bbf,2024-04-28 11:01:14,paid,time_decay,meta,1,1,1,1.0,56.06,56.06
ord_4f09698e,cust_5705ecbc,2024-04-28 21:38:05,paid,last_touch,google,1,1,1,1.0,45.92,45.92
ord_4f09698e,cust_5705ecbc,2024-04-28 21:38:05,paid,first_touch,google,1,1,1,1.0,45.92,45.92
ord_4f09698e,cust_5705ecbc,2024-04-28 21:38:05,paid,linear,google,1,1,1,1.0,45.92,45.92
ord_4f09698e,cust_5705ecbc,2024-04-28 21:38:05,paid,time_decay,google,1,1,1,1.0,45.92,45.92
ord_97ad6dc5,cust_2d3aa6b0,2024-04-28 09:17:16,paid,last_touch,tiktok,1,1,1,1.0,55.63,55.63
ord_97ad6dc5,cust_2d3aa6b0,2024-04-28 09:17:16,paid,first_touch,tiktok,1,1,1,1.0,55.63,55.63
ord_97ad6dc5,cust_2d3aa6b0,2024-04-28 09:17:16,paid,linear,tiktok,1,1,1,1.0,55.63,55.63
ord_97ad6dc5,cust_2d3aa6b0,2024-04-28 09:17:16,paid,time_decay,tiktok,1,1,1,1.0,55.63,55.63
ord_04b119fa,cust_e8513636,2024-04-28 13:38:32,paid,last_touch,email,1,1,1,1.0,82.97,82.97
ord_04b119fa,cust_e8513636,2024-04-28 13:38:32,paid,first_touch,email,1,1,1,1.0,82.97,82.97
ord_04b119fa,cust_e8513636,2024-04-28 13:38:32,paid,linear,email,1,1,1,1.0,82.97,82.97
ord_04b119fa,cust_e8513636,2024-04-28 13:38:32,paid,time_decay,email,1,1,1,1.0,82.97,82.97
ord_de15da43,cust_182ec3a1,2024-04-28 11:33:40,paid,last_touch,organic,1,1,1,1.0,47.21,47.21
ord_de15da43,cust_182ec3a1,2024-04-28 11:33:40,paid,first_touch,organic,1,1,1,1.0,47.21,47.21
ord_de15da43,cust_182ec3a1,2024-04-28 11:33:40,paid,linear,organic,1,1,1,1.0,47.21,47.21
ord_de15da43,cust_182ec3a1,2024-04-28 11:33:40,paid,time_decay,organic,1,1,1,1.0,47.21,47.21
ord_4ff16b28,cust_319855d1,2024-04-28 11:15:03,paid,last_touch,direct,1,1,1,1.0,96.27,96.27
ord_4ff16b28,cust_319855d1,2024-04-28 11:15:03,paid,first_touch,direct,1,1,1,1.0,96.27,96.27
ord_4ff16b28,cust_319855d1,2024-04-28 11:15:03,paid,linear,direct,1,1,1,1.0,96.27,96.27
ord_4ff16b28,cust_319855d1,2024-04-28 11:15:03,paid,time_decay,direct,1,1,1,1.0,96.27,96.27
ord_6176a061,cust_f8e71147,2024-04-28 23:38:59,paid,last_touch,meta,1,1,1,1.0,225.26,225.26
ord_6176a061,cust_f8e71147,2024-04-28 23:38:59,paid,first_touch,meta,1,1,1,1.0,225.26,225.26
ord_6176a061,cust_f8e71147,2024-04-28 23:38:59,paid,linear,meta,1,1,1,1.0,225.26,225.26
ord_6176a061,cust_f8e71147,2024-04-28 23:38:59,paid,time_decay,meta,1,1,1,1.0,225.26,225.26
ord_d64bf4b0,cust_4a0333f2,2024-04-28 12:55:48,paid,last_touch,direct,1,1,1,1.0,63.99,63.99
ord_d64bf4b0,cust_4a0333f2,2024-04-28 12:55:48,paid,first_touch,google,1,1,1,1.0,63.99,63.99
ord_d64bf4b0,cust_4a0333f2,2024-04-28 12:55:48,paid,linear,google,1,1,1,1.0,63.99,63.99
ord_d64bf4b0,cust_4a0333f2,2024-04-28 12:55:48,paid,time_decay,google,1,1,1,1.0,63.99,63.99
ord_6cff1d5b,cust_cb284211,2024-04-28 13:48:34,paid,last_touch,meta,1,1,1,1.0,43.82,43.82
ord_6cff1d5b,cust_cb284211,2024-04-28 13:48:34,paid,first_touch,meta,1,1,1,1.0,43.82,43.82
ord_6cff1d5b,cust_cb284211,2024-04-28 13:48:34,paid,linear,meta,1,1,1,1.0,43.82,43.82
ord_6cff1d5b,cust_cb284211,2024-04-28 13:48:34,paid,time_decay,meta,1,1,1,1.0,43.82,43.82
ord_03286d31,cust_39341fed,2024-04-28 10:05:15,paid,last_touch,email,1,1,1,1.0,49.83,49.83
ord_03286d31,cust_39341fed,2024-04-28 10:05:15,paid,first_touch,email,1,1,1,1.0,49.83,49.83
ord_03286d31,cust_39341fed,2024-04-28 10:05:15,paid,linear,email,1,1,1,1.0,49.83,49.83
ord_03286d31,cust_39341fed,2024-04-28 10:05:15,paid,time_decay,email,1,1,1,1.0,49.83,49.83
ord_9eb059e6,cust_30e62ada,2024-04-28 07:01:58,paid,last_touch,google,1,1,1,1.0,100.77,100.77
ord_9eb059e6,cust_30e62ada,2024-04-28 07:01:58,paid,first_touch,google,1,1,1,1.0,100.77,100.77
ord_9eb059e6,cust_30e62ada,2024-04-28 07:01:58,paid,linear,google,1,1,1,1.0,100.77,100.77
ord_9eb059e6,cust_30e62ada,2024-04-28 07:01:58,paid,time_decay,google,1,1,1,1.0,100.77,100.77
ord_af2aa712,cust_96979203,2024-04-28 12:09:55,paid,last_touch,email,1,1,1,1.0,79.23,79.23
ord_af2aa712,cust_96979203,2024-04-28 12:09:55,paid,first_touch,email,1,1,1,1.0,79.23,79.23
ord_af2aa712,cust_96979203,2024-04-28 12:09:55,paid,linear,email,1,1,1,1.0,79.23,79.23
ord_af2aa712,cust_96979203,2024-04-28 12:09:55,paid,time_decay,email,1,1,1,1.0,79.23,79.23
ord_ce086248,cust_08c55c74,2024-04-29 09:54:53,paid,last_touch,email,1,1,1,1.0,55.26,55.26
ord_ce086248,cust_08c55c74,2024-04-29 09:54:53,paid,first_touch,email,1,1,1,1.0,55.26,55.26
ord_ce086248,cust_08c55c74,2024-04-29 09:54:53,paid,linear,email,1,1,1,1.0,55.26,55.26
ord_ce086248,cust_08c55c74,2024-04-29 09:54:53,paid,time_decay,email,1,1,1,1.0,55.26,55.26
ord_a791932a,cust_ba3b95e9,2024-04-29 23:05:38,refunded,last_touch,direct,1,1,1,1.0,95.88,95.88
ord_a791932a,cust_ba3b95e9,2024-04-29 23:05:38,refunded,first_touch,tiktok,1,1,1,1.0,95.88,95.88
ord_a791932a,cust_ba3b95e9,2024-04-29 23:05:38,refunded,linear,tiktok,1,1,1,1.0,95.88,95.88
ord_a791932a,cust_ba3b95e9,2024-04-29 23:05:38,refunded,time_decay,tiktok,1,1,1,1.0,95.88,95.88
ord_fe459921,cust_14950f00,2024-04-29 15:10:51,paid,last_touch,google,1,1,1,1.0,84.38,84.38
ord_fe459921,cust_14950f00,2024-04-29 15:10:51,paid,first_touch,google,1,1,1,1.0,84.38,84.38
ord_fe459921,cust_14950f00,2024-04-29 15:10:51,paid,linear,google,1,1,1,1.0,84.38,84.38
ord_fe459921,cust_14950f00,2024-04-29 15:10:51,paid,time_decay,google,1,1,1,1.0,84.38,84.38
ord_39306c43,cust_f4625c57,2024-04-30 22:27:00,paid,last_touch,email,1,1,1,1.0,35.84,35.84
ord_39306c43,cust_f4625c57,2024-04-30 22:27:00,paid,first_touch,email,1,1,1,1.0,35.84,35.84
ord_39306c43,cust_f4625c57,2024-04-30 22:27:00,paid,linear,email,1,1,1,1.0,35.84,35.84
ord_39306c43,cust_f4625c57,2024-04-30 22:27:00,paid,time_decay,email,1,1,1,1.0,35.84,35.84
ord_47f7c3a5,cust_3fcc9b13,2024-04-30 13:14:43,paid,last_touch,direct,1,1,1,1.0,79.34,79.34
ord_47f7c3a5,cust_3fcc9b13,2024-04-30 13:14:43,paid,first_touch,google,1,1,1,1.0,79.34,79.34
ord_47f7c3a5,cust_3fcc9b13,2024-04-30 13:14:43,paid,linear,google,1,1,1,1.0,79.34,79.34
ord_47f7c3a5,cust_3fcc9b13,2024-04-30 13:14:43,paid,time_decay,google,1,1,1,1.0,79.34,79.34
ord_8bfcc57f,cust_8e1bd513,2024-04-30 11:37:34,paid,last_touch,email,1,1,1,1.0,85.9,85.9
ord_8bfcc57f,cust_8e1bd513,2024-04-30 11:37:34,paid,first_touch,email,1,1,1,1.0,85.9,85.9
ord_8bfcc57f,cust_8e1bd513,2024-04-30 11:37:34,paid,linear,email,1,1,1,1.0,85.9,85.9
ord_8bfcc57f,cust_8e1bd513,2024-04-30 11:37:34,paid,time_decay,email,1,1,1,1.0,85.9,85.9
ord_d8cfaedc,cust_60b30a92,2024-04-30 12:49:01,paid,last_touch,direct,1,1,1,1.0,208.49,208.49
ord_d8cfaedc,cust_60b30a92,2024-04-30 12:49:01,paid,first_touch,meta,1,1,1,1.0,208.49,208.49
ord_d8cfaedc,cust_60b30a92,2024-04-30 12:49:01,paid,linear,meta,1,1,1,1.0,208.49,208.49
ord_d8cfaedc,cust_60b30a92,2024-04-30 12:49:01,paid,time_decay,meta,1,1,1,1.0,208.49,208.49
ord_b40f4985,cust_0be60790,2024-04-30 08:41:25,paid,last_touch,direct,1,1,1,1.0,100.23,100.23
ord_b40f4985,cust_0be60790,2024-04-30 08:41:25,paid,first_touch,tiktok,1,1,1,1.0,100.23,100.23
ord_b40f4985,cust_0be60790,2024-04-30 08:41:25,paid,linear,tiktok,1,1,1,1.0,100.23,100.23
ord_b40f4985,cust_0be60790,2024-04-30 08:41:25,paid,time_decay,tiktok,1,1,1,1.0,100.23,100.23
ord_f480e10d,cust_7fee82de,2024-04-30 18:20:44,paid,last_touch,email,1,1,1,1.0,68.87,68.87
ord_f480e10d,cust_7fee82de,2024-04-30 18:20:44,paid,first_touch,email,1,1,1,1.0,68.87,68.87
ord_f480e10d,cust_7fee82de,2024-04-30 18:20:44,paid,linear,email,1,1,1,1.0,68.87,68.87
ord_f480e10d,cust_7fee82de,2024-04-30 18:20:44,paid,time_decay,email,1,1,1,1.0,68.87,68.87
ord_08215b08,cust_6d76eb88,2024-04-30 09:58:00,paid,last_touch,organic,1,1,1,1.0,74.14,74.14
ord_08215b08,cust_6d76eb88,2024-04-30 09:58:00,paid,first_touch,organic,1,1,1,1.0,74.14,74.14
ord_08215b08,cust_6d76eb88,2024-04-30 09:58:00,paid,linear,organic,1,1,1,1.0,74.14,74.14
ord_08215b08,cust_6d76eb88,2024-04-30 09:58:00,paid,time_decay,organic,1,1,1,1.0,74.14,74.14
ord_d097544b,cust_56f106b1,2024-04-30 17:09:13,paid,last_touch,direct,1,1,1,1.0,37.77,37.77
ord_d097544b,cust_56f106b1,2024-04-30 17:09:13,paid,first_touch,organic,1,1,1,1.0,37.77,37.77
ord_d097544b,cust_56f106b1,2024-04-30 17:09:13,paid,linear,organic,1,1,1,1.0,37.77,37.77
ord_d097544b,cust_56f106b1,2024-04-30 17:09:13,paid,time_decay,organic,1,1,1,1.0,37.77,37.77
ord_d62758e8,cust_bcbfbd28,2024-04-30 19:02:30,paid,last_touch,email,1,1,1,1.0,291.03,291.03
ord_d62758e8,cust_bcbfbd28,2024-04-30 19:02:30,paid,first_touch,email,1,1,1,1.0,291.03,291.03
ord_d62758e8,cust_bcbfbd28,2024-04-30 19:02:30,paid,linear,email,1,1,1,1.0,291.03,291.03
ord_d62758e8,cust_bcbfbd28,2024-04-30 19:02:30,paid,time_decay,email,1,1,1,1.0,291.03,291.03
ord_605b1658,cust_a02cff85,2024-04-30 21:23:17,paid,last_touch,google,1,1,1,1.0,80.89,80.89
ord_605b1658,cust_a02cff85,2024-04-30 21:23:17,paid,first_touch,google,1,1,1,1.0,80.89,80.89
ord_605b1658,cust_a02cff85,2024-04-30 21:23:17,paid,linear,google,1,1,1,1.0,80.89,80.89
ord_605b1658,cust_a02cff85,2024-04-30 21:23:17,paid,time_decay,google,1,1,1,1.0,80.89,80.89
ord_0189c22d,cust_00274780,2024-05-01 10:26:18,paid,last_touch,direct,1,1,1,1.0,87.08,87.08
ord_0189c22d,cust_00274780,2024-05-01 10:26:18,paid,first_touch,meta,1,1,1,1.0,87.08,87.08
ord_0189c22d,cust_00274780,2024-05-01 10:26:18,paid,linear,meta,1,1,1,1.0,87.08,87.08
ord_0189c22d,cust_00274780,2024-05-01 10:26:18,paid,time_decay,meta,1,1,1,1.0,87.08,87.08
ord_4b752af7,cust_f4345659,2024-05-01 07:31:38,paid,last_touch,google,1,1,1,1.0,74.69,74.69
ord_4b752af7,cust_f4345659,2024-05-01 07:31:38,paid,first_touch,google,1,1,1,1.0,74.69,74.69
ord_4b752af7,cust_f4345659,2024-05-01 07:31:38,paid,linear,google,1,1,1,1.0,74.69,74.69
ord_4b752af7,cust_f4345659,2024-05-01 07:31:38,paid,time_decay,google,1,1,1,1.0,74.69,74.69
ord_eb90b606,cust_c31f0e21,2024-05-02 20:40:45,paid,last_touch,tiktok,1,1,1,1.0,502.22,502.22
ord_eb90b606,cust_c31f0e21,2024-05-02 20:40:45,paid,first_touch,tiktok,1,1,1,1.0,502.22,502.22
ord_eb90b606,cust_c31f0e21,2024-05-02 20:40:45,paid,linear,tiktok,1,1,1,1.0,502.22,502.22
ord_eb90b606,cust_c31f0e21,2024-05-02 20:40:45,paid,time_decay,tiktok,1,1,1,1.0,502.22,502.22
ord_03bd7644,cust_e8d662f6,2024-05-02 20:11:47,refunded,last_touch,google,1,1,1,1.0,58.87,58.87
ord_03bd7644,cust_e8d662f6,2024-05-02 20:11:47,refunded,first_touch,google,1,1,1,1.0,58.87,58.87
ord_03bd7644,cust_e8d662f6,2024-05-02 20:11:47,refunded,linear,google,1,1,1,1.0,58.87,58.87
ord_03bd7644,cust_e8d662f6,2024-05-02 20:11:47,refunded,time_decay,google,1,1,1,1.0,58.87,58.87
ord_0f598bb5,cust_d17244b8,2024-05-02 22:12:19,paid,last_touch,direct,1,1,1,1.0,55.08,55.08
ord_0f598bb5,cust_d17244b8,2024-05-02 22:12:19,paid,first_touch,google,1,1,1,1.0,55.08,55.08
ord_0f598bb5,cust_d17244b8,2024-05-02 22:12:19,paid,linear,google,1,1,1,1.0,55.08,55.08
ord_0f598bb5,cust_d17244b8,2024-05-02 22:12:19,paid,time_decay,google,1,1,1,1.0,55.08,55.08
ord_30e0c40e,cust_517756ae,2024-05-03 19:43:49,paid,last_touch,direct,1,1,1,1.0,144.55,144.55
ord_30e0c40e,cust_517756ae,2024-05-03 19:43:49,paid,first_touch,tiktok,1,1,1,1.0,144.55,144.55
ord_30e0c40e,cust_517756ae,2024-05-03 19:43:49,paid,linear,tiktok,1,1,1,1.0,144.55,144.55
ord_30e0c40e,cust_517756ae,2024-05-03 19:43:49,paid,time_decay,tiktok,1,1,1,1.0,144.55,144.55
ord_3d423bbd,cust_3302f2a1,2024-05-03 16:38:18,paid,last_touch,organic,1,1,1,1.0,151.28,151.28
ord_3d423bbd,cust_3302f2a1,2024-05-03 16:38:18,paid,first_touch,organic,1,1,1,1.0,151.28,151.28
ord_3d423bbd,cust_3302f2a1,2024-05-03 16:38:18,paid,linear,organic,1,1,1,1.0,151.28,151.28
ord_3d423bbd,cust_3302f2a1,2024-05-03 16:38:18,paid,time_decay,organic,1,1,1,1.0,151.28,151.28
ord_7e9a9f66,cust_7ce65635,2024-05-03 15:51:17,paid,last_touch,google,1,1,1,1.0,287.72,287.72
ord_7e9a9f66,cust_7ce65635,2024-05-03 15:51:17,paid,first_touch,google,1,1,1,1.0,287.72,287.72
ord_7e9a9f66,cust_7ce65635,2024-05-03 15:51:17,paid,linear,google,1,1,1,1.0,287.72,287.72
ord_7e9a9f66,cust_7ce65635,2024-05-03 15:51:17,paid,time_decay,google,1,1,1,1.0,287.72,287.72
ord_b89f5d83,cust_2064f835,2024-05-03 16:21:39,paid,last_touch,organic,1,1,1,1.0,98.67,98.67
ord_b89f5d83,cust_2064f835,2024-05-03 16:21:39,paid,first_touch,organic,1,1,1,1.0,98.67,98.67
ord_b89f5d83,cust_2064f835,2024-05-03 16:21:39,paid,linear,organic,1,1,1,1.0,98.67,98.67
ord_b89f5d83,cust_2064f835,2024-05-03 16:21:39,paid,time_decay,organic,1,1,1,1.0,98.67,98.67
ord_38a299a5,cust_452b93f6,2024-05-03 21:16:45,paid,last_touch,tiktok,1,1,1,1.0,63.32,63.32
ord_38a299a5,cust_452b93f6,2024-05-03 21:16:45,paid,first_touch,tiktok,1,1,1,1.0,63.32,63.32
ord_38a299a5,cust_452b93f6,2024-05-03 21:16:45,paid,linear,tiktok,1,1,1,1.0,63.32,63.32
ord_38a299a5,cust_452b93f6,2024-05-03 21:16:45,paid,time_decay,tiktok,1,1,1,1.0,63.32,63.32
ord_f22dce1f,cust_7bef8539,2024-05-03 10:09:42,paid,last_touch,direct,1,1,1,1.0,115.91,115.91
ord_f22dce1f,cust_7bef8539,2024-05-03 10:09:42,paid,first_touch,organic,1,1,1,1.0,115.91,115.91
ord_f22dce1f,cust_7bef8539,2024-05-03 10:09:42,paid,linear,organic,1,1,1,1.0,115.91,115.91
ord_f22dce1f,cust_7bef8539,2024-05-03 10:09:42,paid,time_decay,organic,1,1,1,1.0,115.91,115.91
ord_24016e8c,cust_2fd0b0ad,2024-05-03 07:31:56,paid,last_touch,organic,1,1,1,1.0,271.51,271.51
ord_24016e8c,cust_2fd0b0ad,2024-05-03 07:31:56,paid,first_touch,organic,1,1,1,1.0,271.51,271.51
ord_24016e8c,cust_2fd0b0ad,2024-05-03 07:31:56,paid,linear,organic,1,1,1,1.0,271.51,271.51
ord_24016e8c,cust_2fd0b0ad,2024-05-03 07:31:56,paid,time_decay,organic,1,1,1,1.0,271.51,271.51
ord_354ef287,cust_ec163b27,2024-05-04 16:59:37,paid,last_touch,tiktok,1,1,1,1.0,87.91,87.91
ord_354ef287,cust_ec163b27,2024-05-04 16:59:37,paid,first_touch,tiktok,1,1,1,1.0,87.91,87.91
ord_354ef287,cust_ec163b27,2024-05-04 16:59:37,paid,linear,tiktok,1,1,1,1.0,87.91,87.91
ord_354ef287,cust_ec163b27,2024-05-04 16:59:37,paid,time_decay,tiktok,1,1,1,1.0,87.91,87.91
ord_9150db49,cust_9d1e2d03,2024-05-04 18:22:05,paid,last_touch,organic,1,1,1,1.0,30.04,30.04
ord_9150db49,cust_9d1e2d03,2024-05-04 18:22:05,paid,first_touch,organic,1,1,1,1.0,30.04,30.04
ord_9150db49,cust_9d1e2d03,2024-05-04 18:22:05,paid,linear,organic,1,1,1,1.0,30.04,30.04
ord_9150db49,cust_9d1e2d03,2024-05-04 18:22:05,paid,time_decay,organic,1,1,1,1.0,30.04,30.04
ord_aa461082,cust_43fbd1d1,2024-05-04 13:12:45,paid,last_touch,organic,1,1,1,1.0,94.22,94.22
ord_aa461082,cust_43fbd1d1,2024-05-04 13:12:45,paid,first_touch,organic,1,1,1,1.0,94.22,94.22
ord_aa461082,cust_43fbd1d1,2024-05-04 13:12:45,paid,linear,organic,1,1,1,1.0,94.22,94.22
ord_aa461082,cust_43fbd1d1,2024-05-04 13:12:45,paid,time_decay,organic,1,1,1,1.0,94.22,94.22
ord_7a72606f,cust_7919cd08,2024-05-04 10:15:01,paid,last_touch,direct,1,1,1,1.0,111.66,111.66
ord_7a72606f,cust_7919cd08,2024-05-04 10:15:01,paid,first_touch,meta,1,1,1,1.0,111.66,111.66
ord_7a72606f,cust_7919cd08,2024-05-04 10:15:01,paid,linear,meta,1,1,1,1.0,111.66,111.66
ord_7a72606f,cust_7919cd08,2024-05-04 10:15:01,paid,time_decay,meta,1,1,1,1.0,111.66,111.66
ord_dee93dd9,cust_3324ded5,2024-05-05 09:06:44,paid,last_touch,google,1,1,1,1.0,42.51,42.51
ord_dee93dd9,cust_3324ded5,2024-05-05 09:06:44,paid,first_touch,google,1,1,1,1.0,42.51,42.51
ord_dee93dd9,cust_3324ded5,2024-05-05 09:06:44,paid,linear,google,1,1,1,1.0,42.51,42.51
ord_dee93dd9,cust_3324ded5,2024-05-05 09:06:44,paid,time_decay,google,1,1,1,1.0,42.51,42.51
ord_183d1227,cust_dcd19351,2024-05-05 10:46:02,refunded,last_touch,google,1,1,1,1.0,41.55,41.55
ord_183d1227,cust_dcd19351,2024-05-05 10:46:02,refunded,first_touch,google,1,1,1,1.0,41.55,41.55
ord_183d1227,cust_dcd19351,2024-05-05 10:46:02,refunded,linear,google,1,1,1,1.0,41.55,41.55
ord_183d1227,cust_dcd19351,2024-05-05 10:46:02,refunded,time_decay,google,1,1,1,1.0,41.55,41.55
ord_575e0ab9,cust_3f51e764,2024-05-05 18:43:25,paid,last_touch,organic,1,1,1,1.0,190.02,190.02
ord_575e0ab9,cust_3f51e764,2024-05-05 18:43:25,paid,first_touch,organic,1,1,1,1.0,190.02,190.02
ord_575e0ab9,cust_3f51e764,2024-05-05 18:43:25,paid,linear,organic,1,1,1,1.0,190.02,190.02
ord_575e0ab9,cust_3f51e764,2024-05-05 18:43:25,paid,time_decay,organic,1,1,1,1.0,190.02,190.02
ord_cf4a591c,cust_76b77278,2024-05-05 18:10:54,paid,last_touch,tiktok,1,1,1,1.0,58.47,58.47
ord_cf4a591c,cust_76b77278,2024-05-05 18:10:54,paid,first_touch,tiktok,1,1,1,1.0,58.47,58.47
ord_cf4a591c,cust_76b77278,2024-05-05 18:10:54,paid,linear,tiktok,1,1,1,1.0,58.47,58.47
ord_cf4a591c,cust_76b77278,2024-05-05 18:10:54,paid,time_decay,tiktok,1,1,1,1.0,58.47,58.47
ord_c711a37a,cust_ab8fd2c2,2024-05-05 11:34:43,paid,last_touch,meta,1,1,1,1.0,93.62,93.62
ord_c711a37a,cust_ab8fd2c2,2024-05-05 11:34:43,paid,first_touch,meta,1,1,1,1.0,93.62,93.62
ord_c711a37a,cust_ab8fd2c2,2024-05-05 11:34:43,paid,linear,meta,1,1,1,1.0,93.62,93.62
ord_c711a37a,cust_ab8fd2c2,2024-05-05 11:34:43,paid,time_decay,meta,1,1,1,1.0,93.62,93.62
ord_6aa5201c,cust_07cf188d,2024-05-05 22:41:14,paid,last_touch,direct,1,1,1,1.0,126.89,126.89
ord_6aa5201c,cust_07cf188d,2024-05-05 22:41:14,paid,first_touch,tiktok,1,1,1,1.0,126.89,126.89
ord_6aa5201c,cust_07cf188d,2024-05-05 22:41:14,paid,linear,tiktok,1,1,1,1.0,126.89,126.89
ord_6aa5201c,cust_07cf188d,2024-05-05 22:41:14,paid,time_decay,tiktok,1,1,1,1.0,126.89,126.89
ord_1399b871,cust_94244bcd,2024-05-06 16:01:21,paid,last_touch,tiktok,1,1,1,1.0,65.25,65.25
ord_1399b871,cust_94244bcd,2024-05-06 16:01:21,paid,first_touch,tiktok,1,1,1,1.0,65.25,65.25
ord_1399b871,cust_94244bcd,2024-05-06 16:01:21,paid,linear,tiktok,1,1,1,1.0,65.25,65.25
ord_1399b871,cust_94244bcd,2024-05-06 16:01:21,paid,time_decay,tiktok,1,1,1,1.0,65.25,65.25
ord_3b85aae2,cust_a6e5848d,2024-05-06 20:03:36,paid,last_touch,organic,1,1,1,1.0,138.54,138.54
ord_3b85aae2,cust_a6e5848d,2024-05-06 20:03:36,paid,first_touch,organic,1,1,1,1.0,138.54,138.54
ord_3b85aae2,cust_a6e5848d,2024-05-06 20:03:36,paid,linear,organic,1,1,1,1.0,138.54,138.54
ord_3b85aae2,cust_a6e5848d,2024-05-06 20:03:36,paid,time_decay,organic,1,1,1,1.0,138.54,138.54
ord_ec6c4afa,cust_8637f495,2024-05-06 03:43:08,paid,last_touch,tiktok,1,1,1,1.0,159.56,159.56
ord_ec6c4afa,cust_8637f495,2024-05-06 03:43:08,paid,first_touch,tiktok,1,1,1,1.0,159.56,159.56
ord_ec6c4afa,cust_8637f495,2024-05-06 03:43:08,paid,linear,tiktok,1,1,1,1.0,159.56,159.56
ord_ec6c4afa,cust_8637f495,2024-05-06 03:43:08,paid,time_decay,tiktok,1,1,1,1.0,159.56,159.56
ord_00f3155a,cust_24966896,2024-05-06 16:05:24,paid,last_touch,google,1,1,1,1.0,87.98,87.98
ord_00f3155a,cust_24966896,2024-05-06 16:05:24,paid,first_touch,google,1,1,1,1.0,87.98,87.98
ord_00f3155a,cust_24966896,2024-05-06 16:05:24,paid,linear,google,1,1,1,1.0,87.98,87.98
ord_00f3155a,cust_24966896,2024-05-06 16:05:24,paid,time_decay,google,1,1,1,1.0,87.98,87.98
ord_9b49be68,cust_07353a1e,2024-05-07 20:20:56,paid,last_touch,direct,1,1,1,1.0,134.18,134.18
ord_9b49be68,cust_07353a1e,2024-05-07 20:20:56,paid,first_touch,direct,1,1,1,1.0,134.18,134.18
ord_9b49be68,cust_07353a1e,2024-05-07 20:20:56,paid,linear,direct,1,1,1,1.0,134.18,134.18
ord_9b49be68,cust_07353a1e,2024-05-07 20:20:56,paid,time_decay,direct,1,1,1,1.0,134.18,134.18
ord_475fc53e,cust_80571014,2024-05-07 08:51:10,paid,last_touch,direct,1,1,1,1.0,94.27,94.27
ord_475fc53e,cust_80571014,2024-05-07 08:51:10,paid,first_touch,organic,1,1,1,1.0,94.27,94.27
ord_475fc53e,cust_80571014,2024-05-07 08:51:10,paid,linear,organic,1,1,1,1.0,94.27,94.27
ord_475fc53e,cust_80571014,2024-05-07 08:51:10,paid,time_decay,organic,1,1,1,1.0,94.27,94.27
ord_f5248c04,cust_e44941a2,2024-05-07 10:22:46,paid,last_touch,direct,1,1,1,1.0,68.24,68.24
ord_f5248c04,cust_e44941a2,2024-05-07 10:22:46,paid,first_touch,meta,1,1,1,1.0,68.24,68.24
ord_f5248c04,cust_e44941a2,2024-05-07 10:22:46,paid,linear,meta,1,1,1,1.0,68.24,68.24
ord_f5248c04,cust_e44941a2,2024-05-07 10:22:46,paid,time_decay,meta,1,1,1,1.0,68.24,68.24
ord_f4fc74fc,cust_89d8b7e8,2024-05-08 23:18:34,paid,last_touch,direct,1,1,1,1.0,66.8,66.8
ord_f4fc74fc,cust_89d8b7e8,2024-05-08 23:18:34,paid,first_touch,tiktok,1,1,1,1.0,66.8,66.8
ord_f4fc74fc,cust_89d8b7e8,2024-05-08 23:18:34,paid,linear,tiktok,1,1,1,1.0,66.8,66.8
ord_f4fc74fc,cust_89d8b7e8,2024-05-08 23:18:34,paid,time_decay,tiktok,1,1,1,1.0,66.8,66.8
ord_0ef52962,cust_84a7f618,2024-05-08 07:15:08,paid,last_touch,organic,1,1,1,1.0,155.06,155.06
ord_0ef52962,cust_84a7f618,2024-05-08 07:15:08,paid,first_touch,organic,1,1,1,1.0,155.06,155.06
ord_0ef52962,cust_84a7f618,2024-05-08 07:15:08,paid,linear,organic,1,1,1,1.0,155.06,155.06
ord_0ef52962,cust_84a7f618,2024-05-08 07:15:08,paid,time_decay,organic,1,1,1,1.0,155.06,155.06
ord_0c3ef742,cust_1b601b8a,2024-05-08 12:38:16,paid,last_touch,organic,1,1,1,1.0,54.91,54.91
ord_0c3ef742,cust_1b601b8a,2024-05-08 12:38:16,paid,first_touch,organic,1,1,1,1.0,54.91,54.91
ord_0c3ef742,cust_1b601b8a,2024-05-08 12:38:16,paid,linear,organic,1,1,1,1.0,54.91,54.91
ord_0c3ef742,cust_1b601b8a,2024-05-08 12:38:16,paid,time_decay,organic,1,1,1,1.0,54.91,54.91
ord_7c345d62,cust_93295c44,2024-05-08 13:55:39,paid,last_touch,tiktok,1,1,1,1.0,64.19,64.19
ord_7c345d62,cust_93295c44,2024-05-08 13:55:39,paid,first_touch,tiktok,1,1,1,1.0,64.19,64.19
ord_7c345d62,cust_93295c44,2024-05-08 13:55:39,paid,linear,tiktok,1,1,1,1.0,64.19,64.19
ord_7c345d62,cust_93295c44,2024-05-08 13:55:39,paid,time_decay,tiktok,1,1,1,1.0,64.19,64.19
ord_b06560b6,cust_5264c625,2024-05-08 05:31:23,paid,last_touch,direct,1,1,1,1.0,81.9,81.9
ord_b06560b6,cust_5264c625,2024-05-08 05:31:23,paid,first_touch,tiktok,1,1,1,1.0,81.9,81.9
ord_b06560b6,cust_5264c625,2024-05-08 05:31:23,paid,linear,tiktok,1,1,1,1.0,81.9,81.9
ord_b06560b6,cust_5264c625,2024-05-08 05:31:23,paid,time_decay,tiktok,1,1,1,1.0,81.9,81.9
ord_01c66fe9,cust_5d64f977,2024-05-08 18:27:26,paid,last_touch,organic,1,1,1,1.0,114.69,114.69
ord_01c66fe9,cust_5d64f977,2024-05-08 18:27:26,paid,first_touch,organic,1,1,1,1.0,114.69,114.69
ord_01c66fe9,cust_5d64f977,2024-05-08 18:27:26,paid,linear,organic,1,1,1,1.0,114.69,114.69
ord_01c66fe9,cust_5d64f977,2024-05-08 18:27:26,paid,time_decay,organic,1,1,1,1.0,114.69,114.69
ord_dd77b4a0,cust_77b7f167,2024-05-09 13:14:30,paid,last_touch,google,1,1,1,1.0,39.25,39.25
ord_dd77b4a0,cust_77b7f167,2024-05-09 13:14:30,paid,first_touch,google,1,1,1,1.0,39.25,39.25
ord_dd77b4a0,cust_77b7f167,2024-05-09 13:14:30,paid,linear,google,1,1,1,1.0,39.25,39.25
ord_dd77b4a0,cust_77b7f167,2024-05-09 13:14:30,paid,time_decay,google,1,1,1,1.0,39.25,39.25
ord_57d3f359,cust_96fce3e5,2024-05-09 08:51:01,refunded,last_touch,tiktok,1,1,1,1.0,170.49,170.49
ord_57d3f359,cust_96fce3e5,2024-05-09 08:51:01,refunded,first_touch,tiktok,1,1,1,1.0,170.49,170.49
ord_57d3f359,cust_96fce3e5,2024-05-09 08:51:01,refunded,linear,tiktok,1,1,1,1.0,170.49,170.49
ord_57d3f359,cust_96fce3e5,2024-05-09 08:51:01,refunded,time_decay,tiktok,1,1,1,1.0,170.49,170.49
ord_ba6026e9,cust_11762ee5,2024-05-09 15:56:40,paid,last_touch,meta,1,1,1,1.0,21.16,21.16
ord_ba6026e9,cust_11762ee5,2024-05-09 15:56:40,paid,first_touch,meta,1,1,1,1.0,21.16,21.16
ord_ba6026e9,cust_11762ee5,2024-05-09 15:56:40,paid,linear,meta,1,1,1,1.0,21.16,21.16
ord_ba6026e9,cust_11762ee5,2024-05-09 15:56:40,paid,time_decay,meta,1,1,1,1.0,21.16,21.16
ord_24f05213,cust_86ee06b0,2024-05-09 12:36:57,paid,last_touch,organic,1,1,1,1.0,90.16,90.16
ord_24f05213,cust_86ee06b0,2024-05-09 12:36:57,paid,first_touch,organic,1,1,1,1.0,90.16,90.16
ord_24f05213,cust_86ee06b0,2024-05-09 12:36:57,paid,linear,organic,1,1,1,1.0,90.16,90.16
ord_24f05213,cust_86ee06b0,2024-05-09 12:36:57,paid,time_decay,organic,1,1,1,1.0,90.16,90.16
ord_755fe7d5,cust_253d38c2,2024-05-09 08:59:09,paid,last_touch,organic,1,1,1,1.0,64.83,64.83
ord_755fe7d5,cust_253d38c2,2024-05-09 08:59:09,paid,first_touch,organic,1,1,1,1.0,64.83,64.83
ord_755fe7d5,cust_253d38c2,2024-05-09 08:59:09,paid,linear,organic,1,1,1,1.0,64.83,64.83
ord_755fe7d5,cust_253d38c2,2024-05-09 08:59:09,paid,time_decay,organic,1,1,1,1.0,64.83,64.83
ord_901c84bc,cust_edf7ecf0,2024-05-10 07:53:39,paid,last_touch,direct,1,1,1,1.0,45.92,45.92
ord_901c84bc,cust_edf7ecf0,2024-05-10 07:53:39,paid,first_touch,email,1,1,1,1.0,45.92,45.92
ord_901c84bc,cust_edf7ecf0,2024-05-10 07:53:39,paid,linear,email,1,1,1,1.0,45.92,45.92
ord_901c84bc,cust_edf7ecf0,2024-05-10 07:53:39,paid,time_decay,email,1,1,1,1.0,45.92,45.92
ord_5725775b,cust_7974311a,2024-05-10 03:05:21,paid,last_touch,direct,1,1,1,1.0,37.48,37.48
ord_5725775b,cust_7974311a,2024-05-10 03:05:21,paid,first_touch,tiktok,1,1,1,1.0,37.48,37.48
ord_5725775b,cust_7974311a,2024-05-10 03:05:21,paid,linear,tiktok,1,1,1,1.0,37.48,37.48
ord_5725775b,cust_7974311a,2024-05-10 03:05:21,paid,time_decay,tiktok,1,1,1,1.0,37.48,37.48
ord_423c4fb4,cust_b3656640,2024-05-10 15:58:36,paid,last_touch,direct,1,1,1,1.0,65.87,65.87
ord_423c4fb4,cust_b3656640,2024-05-10 15:58:36,paid,first_touch,direct,1,1,1,1.0,65.87,65.87
ord_423c4fb4,cust_b3656640,2024-05-10 15:58:36,paid,linear,direct,1,1,1,1.0,65.87,65.87
ord_423c4fb4,cust_b3656640,2024-05-10 15:58:36,paid,time_decay,direct,1,1,1,1.0,65.87,65.87
ord_c3d0d7bc,cust_d180580b,2024-05-11 08:53:41,paid,last_touch,google,1,1,1,1.0,63.21,63.21
ord_c3d0d7bc,cust_d180580b,2024-05-11 08:53:41,paid,first_touch,google,1,1,1,1.0,63.21,63.21
ord_c3d0d7bc,cust_d180580b,2024-05-11 08:53:41,paid,linear,google,1,1,1,1.0,63.21,63.21
ord_c3d0d7bc,cust_d180580b,2024-05-11 08:53:41,paid,time_decay,google,1,1,1,1.0,63.21,63.21
ord_64a75ce9,cust_76066cad,2024-05-11 19:59:00,paid,last_touch,organic,1,1,1,1.0,87.46,87.46
ord_64a75ce9,cust_76066cad,2024-05-11 19:59:00,paid,first_touch,organic,1,1,1,1.0,87.46,87.46
ord_64a75ce9,cust_76066cad,2024-05-11 19:59:00,paid,linear,organic,1,1,1,1.0,87.46,87.46
ord_64a75ce9,cust_76066cad,2024-05-11 19:59:00,paid,time_decay,organic,1,1,1,1.0,87.46,87.46
ord_249adfb4,cust_cd2c4fc7,2024-05-11 14:50:55,paid,last_touch,direct,1,1,1,1.0,40.36,40.36
ord_249adfb4,cust_cd2c4fc7,2024-05-11 14:50:55,paid,first_touch,direct,1,1,1,1.0,40.36,40.36
ord_249adfb4,cust_cd2c4fc7,2024-05-11 14:50:55,paid,linear,direct,1,1,1,1.0,40.36,40.36
ord_249adfb4,cust_cd2c4fc7,2024-05-11 14:50:55,paid,time_decay,direct,1,1,1,1.0,40.36,40.36
ord_7d2a5392,cust_bb0e7be9,2024-05-12 15:37:52,paid,last_touch,meta,1,1,1,1.0,16.64,16.64
ord_7d2a5392,cust_bb0e7be9,2024-05-12 15:37:52,paid,first_touch,meta,1,1,1,1.0,16.64,16.64
ord_7d2a5392,cust_bb0e7be9,2024-05-12 15:37:52,paid,linear,meta,1,1,1,1.0,16.64,16.64
ord_7d2a5392,cust_bb0e7be9,2024-05-12 15:37:52,paid,time_decay,meta,1,1,1,1.0,16.64,16.64
ord_83619c01,cust_8c32f881,2024-05-12 20:24:21,paid,last_touch,direct,1,1,1,1.0,85.15,85.15
ord_83619c01,cust_8c32f881,2024-05-12 20:24:21,paid,first_touch,google,1,1,1,1.0,85.15,85.15
ord_83619c01,cust_8c32f881,2024-05-12 20:24:21,paid,linear,google,1,1,1,1.0,85.15,85.15
ord_83619c01,cust_8c32f881,2024-05-12 20:24:21,paid,time_decay,google,1,1,1,1.0,85.15,85.15
ord_104d7337,cust_4bd7c302,2024-05-12 09:10:31,refunded,last_touch,tiktok,1,1,1,1.0,226.64,226.64
ord_104d7337,cust_4bd7c302,2024-05-12 09:10:31,refunded,first_touch,tiktok,1,1,1,1.0,226.64,226.64
ord_104d7337,cust_4bd7c302,2024-05-12 09:10:31,refunded,linear,tiktok,1,1,1,1.0,226.64,226.64
ord_104d7337,cust_4bd7c302,2024-05-12 09:10:31,refunded,time_decay,tiktok,1,1,1,1.0,226.64,226.64
ord_03f869c2,cust_50290544,2024-05-12 11:35:59,paid,last_touch,direct,1,1,1,1.0,43.55,43.55
ord_03f869c2,cust_50290544,2024-05-12 11:35:59,paid,first_touch,tiktok,1,1,1,1.0,43.55,43.55
ord_03f869c2,cust_50290544,2024-05-12 11:35:59,paid,linear,tiktok,1,1,1,1.0,43.55,43.55
ord_03f869c2,cust_50290544,2024-05-12 11:35:59,paid,time_decay,tiktok,1,1,1,1.0,43.55,43.55
ord_e7d13eee,cust_6fc2becd,2024-05-12 06:05:30,refunded,last_touch,organic,1,1,1,1.0,183.9,183.9
ord_e7d13eee,cust_6fc2becd,2024-05-12 06:05:30,refunded,first_touch,organic,1,1,1,1.0,183.9,183.9
ord_e7d13eee,cust_6fc2becd,2024-05-12 06:05:30,refunded,linear,organic,1,1,1,1.0,183.9,183.9
ord_e7d13eee,cust_6fc2becd,2024-05-12 06:05:30,refunded,time_decay,organic,1,1,1,1.0,183.9,183.9
ord_6dc21008,cust_bdfbfe23,2024-05-13 20:28:21,paid,last_touch,direct,1,1,1,1.0,114.3,114.3
ord_6dc21008,cust_bdfbfe23,2024-05-13 20:28:21,paid,first_touch,direct,1,1,1,1.0,114.3,114.3
ord_6dc21008,cust_bdfbfe23,2024-05-13 20:28:21,paid,linear,direct,1,1,1,1.0,114.3,114.3
ord_6dc21008,cust_bdfbfe23,2024-05-13 20:28:21,paid,time_decay,direct,1,1,1,1.0,114.3,114.3
ord_d725b632,cust_b502bfd2,2024-05-13 00:20:33,paid,last_touch,email,1,1,1,1.0,65.56,65.56
ord_d725b632,cust_b502bfd2,2024-05-13 00:20:33,paid,first_touch,email,1,1,1,1.0,65.56,65.56
ord_d725b632,cust_b502bfd2,2024-05-13 00:20:33,paid,linear,email,1,1,1,1.0,65.56,65.56
ord_d725b632,cust_b502bfd2,2024-05-13 00:20:33,paid,time_decay,email,1,1,1,1.0,65.56,65.56
ord_ff11e0a8,cust_d0170566,2024-05-13 15:22:28,paid,last_touch,direct,1,1,1,1.0,276.64,276.64
ord_ff11e0a8,cust_d0170566,2024-05-13 15:22:28,paid,first_touch,email,1,1,1,1.0,276.64,276.64
ord_ff11e0a8,cust_d0170566,2024-05-13 15:22:28,paid,linear,email,1,1,1,1.0,276.64,276.64
ord_ff11e0a8,cust_d0170566,2024-05-13 15:22:28,paid,time_decay,email,1,1,1,1.0,276.64,276.64
ord_1fe4b340,cust_6a6957da,2024-05-14 10:34:08,paid,last_touch,direct,1,1,1,1.0,81.07,81.07
ord_1fe4b340,cust_6a6957da,2024-05-14 10:34:08,paid,first_touch,organic,1,1,1,1.0,81.07,81.07
ord_1fe4b340,cust_6a6957da,2024-05-14 10:34:08,paid,linear,organic,1,1,1,1.0,81.07,81.07
ord_1fe4b340,cust_6a6957da,2024-05-14 10:34:08,paid,time_decay,organic,1,1,1,1.0,81.07,81.07
ord_5a0dfbc6,cust_1f7bbe6d,2024-05-14 22:52:14,paid,last_touch,organic,1,1,1,1.0,70.11,70.11
ord_5a0dfbc6,cust_1f7bbe6d,2024-05-14 22:52:14,paid,first_touch,organic,1,1,1,1.0,70.11,70.11
ord_5a0dfbc6,cust_1f7bbe6d,2024-05-14 22:52:14,paid,linear,organic,1,1,1,1.0,70.11,70.11
ord_5a0dfbc6,cust_1f7bbe6d,2024-05-14 22:52:14,paid,time_decay,organic,1,1,1,1.0,70.11,70.11
ord_da567fb3,cust_632ba25c,2024-05-14 14:36:57,paid,last_touch,direct,1,1,1,1.0,92.24,92.24
ord_da567fb3,cust_632ba25c,2024-05-14 14:36:57,paid,first_touch,direct,1,1,1,1.0,92.24,92.24
ord_da567fb3,cust_632ba25c,2024-05-14 14:36:57,paid,linear,direct,1,1,1,1.0,92.24,92.24
ord_da567fb3,cust_632ba25c,2024-05-14 14:36:57,paid,time_decay,direct,1,1,1,1.0,92.24,92.24
ord_e6ba76d6,cust_23d81e56,2024-05-14 23:10:09,paid,last_touch,meta,1,1,1,1.0,82.49,82.49
ord_e6ba76d6,cust_23d81e56,2024-05-14 23:10:09,paid,first_touch,meta,1,1,1,1.0,82.49,82.49
ord_e6ba76d6,cust_23d81e56,2024-05-14 23:10:09,paid,linear,meta,1,1,1,1.0,82.49,82.49
ord_e6ba76d6,cust_23d81e56,2024-05-14 23:10:09,paid,time_decay,meta,1,1,1,1.0,82.49,82.49
ord_9c793f2d,cust_57e81c37,2024-05-14 14:28:26,paid,last_touch,direct,1,1,1,1.0,39.43,39.43
ord_9c793f2d,cust_57e81c37,2024-05-14 14:28:26,paid,first_touch,meta,1,1,1,1.0,39.43,39.43
ord_9c793f2d,cust_57e81c37,2024-05-14 14:28:26,paid,linear,meta,1,1,1,1.0,39.43,39.43
ord_9c793f2d,cust_57e81c37,2024-05-14 14:28:26,paid,time_decay,meta,1,1,1,1.0,39.43,39.43
ord_1d0bb0cf,cust_f9d4dcdc,2024-05-14 21:44:48,paid,last_touch,meta,1,1,1,1.0,90.58,90.58
ord_1d0bb0cf,cust_f9d4dcdc,2024-05-14 21:44:48,paid,first_touch,meta,1,1,1,1.0,90.58,90.58
ord_1d0bb0cf,cust_f9d4dcdc,2024-05-14 21:44:48,paid,linear,meta,1,1,1,1.0,90.58,90.58
ord_1d0bb0cf,cust_f9d4dcdc,2024-05-14 21:44:48,paid,time_decay,meta,1,1,1,1.0,90.58,90.58
ord_54f33643,cust_de93e817,2024-05-14 08:44:49,paid,last_touch,google,1,1,1,1.0,78.48,78.48
ord_54f33643,cust_de93e817,2024-05-14 08:44:49,paid,first_touch,google,1,1,1,1.0,78.48,78.48
ord_54f33643,cust_de93e817,2024-05-14 08:44:49,paid,linear,google,1,1,1,1.0,78.48,78.48
ord_54f33643,cust_de93e817,2024-05-14 08:44:49,paid,time_decay,google,1,1,1,1.0,78.48,78.48
ord_f5359175,cust_d4d992a7,2024-05-15 19:15:15,paid,last_touch,direct,1,1,1,1.0,143.85,143.85
ord_f5359175,cust_d4d992a7,2024-05-15 19:15:15,paid,first_touch,direct,1,1,1,1.0,143.85,143.85
ord_f5359175,cust_d4d992a7,2024-05-15 19:15:15,paid,linear,direct,1,1,1,1.0,143.85,143.85
ord_f5359175,cust_d4d992a7,2024-05-15 19:15:15,paid,time_decay,direct,1,1,1,1.0,143.85,143.85
ord_0a970939,cust_fc90bc86,2024-05-15 17:33:02,paid,last_touch,direct,1,1,1,1.0,93.45,93.45
ord_0a970939,cust_fc90bc86,2024-05-15 17:33:02,paid,first_touch,google,1,1,1,1.0,93.45,93.45
ord_0a970939,cust_fc90bc86,2024-05-15 17:33:02,paid,linear,google,1,1,1,1.0,93.45,93.45
ord_0a970939,cust_fc90bc86,2024-05-15 17:33:02,paid,time_decay,google,1,1,1,1.0,93.45,93.45
ord_fe6ffbc4,cust_3af93329,2024-05-15 10:07:58,paid,last_touch,meta,1,1,1,1.0,119.73,119.73
ord_fe6ffbc4,cust_3af93329,2024-05-15 10:07:58,paid,first_touch,meta,1,1,1,1.0,119.73,119.73
ord_fe6ffbc4,cust_3af93329,2024-05-15 10:07:58,paid,linear,meta,1,1,1,1.0,119.73,119.73
ord_fe6ffbc4,cust_3af93329,2024-05-15 10:07:58,paid,time_decay,meta,1,1,1,1.0,119.73,119.73
ord_9a0ba6a5,cust_295285b8,2024-05-15 07:06:43,paid,last_touch,direct,1,1,1,1.0,65.41,65.41
ord_9a0ba6a5,cust_295285b8,2024-05-15 07:06:43,paid,first_touch,direct,1,1,1,1.0,65.41,65.41
ord_9a0ba6a5,cust_295285b8,2024-05-15 07:06:43,paid,linear,direct,1,1,1,1.0,65.41,65.41
ord_9a0ba6a5,cust_295285b8,2024-05-15 07:06:43,paid,time_decay,direct,1,1,1,1.0,65.41,65.41
ord_3c2d0472,cust_d9ec68c1,2024-05-16 13:46:43,paid,last_touch,direct,1,1,1,1.0,94.28,94.28
ord_3c2d0472,cust_d9ec68c1,2024-05-16 13:46:43,paid,first_touch,direct,1,1,1,1.0,94.28,94.28
ord_3c2d0472,cust_d9ec68c1,2024-05-16 13:46:43,paid,linear,direct,1,1,1,1.0,94.28,94.28
ord_3c2d0472,cust_d9ec68c1,2024-05-16 13:46:43,paid,time_decay,direct,1,1,1,1.0,94.28,94.28
ord_c4493720,cust_8e626458,2024-05-17 20:53:19,paid,last_touch,meta,1,1,1,1.0,288.59,288.59
ord_c4493720,cust_8e626458,2024-05-17 20:53:19,paid,first_touch,meta,1,1,1,1.0,288.59,288.59
ord_c4493720,cust_8e626458,2024-05-17 20:53:19,paid,linear,meta,1,1,1,1.0,288.59,288.59
ord_c4493720,cust_8e626458,2024-05-17 20:53:19,paid,time_decay,meta,1,1,1,1.0,288.59,288.59
ord_3ea917db,cust_07e6e4d1,2024-05-17 11:12:54,paid,last_touch,google,1,1,1,1.0,53.07,53.07
ord_3ea917db,cust_07e6e4d1,2024-05-17 11:12:54,paid,first_touch,google,1,1,1,1.0,53.07,53.07
ord_3ea917db,cust_07e6e4d1,2024-05-17 11:12:54,paid,linear,google,1,1,1,1.0,53.07,53.07
ord_3ea917db,cust_07e6e4d1,2024-05-17 11:12:54,paid,time_decay,google,1,1,1,1.0,53.07,53.07
ord_dd484f30,cust_d1e2c0c7,2024-05-17 08:12:52,paid,last_touch,direct,1,1,1,1.0,47.75,47.75
ord_dd484f30,cust_d1e2c0c7,2024-05-17 08:12:52,paid,first_touch,organic,1,1,1,1.0,47.75,47.75
ord_dd484f30,cust_d1e2c0c7,2024-05-17 08:12:52,paid,linear,organic,1,1,1,1.0,47.75,47.75
ord_dd484f30,cust_d1e2c0c7,2024-05-17 08:12:52,paid,time_decay,organic,1,1,1,1.0,47.75,47.75
ord_fc4ef453,cust_e11c681a,2024-05-17 16:49:34,paid,last_touch,google,1,1,1,1.0,51.92,51.92
ord_fc4ef453,cust_e11c681a,2024-05-17 16:49:34,paid,first_touch,google,1,1,1,1.0,51.92,51.92
ord_fc4ef453,cust_e11c681a,2024-05-17 16:49:34,paid,linear,google,1,1,1,1.0,51.92,51.92
ord_fc4ef453,cust_e11c681a,2024-05-17 16:49:34,paid,time_decay,google,1,1,1,1.0,51.92,51.92
ord_bb684ae8,cust_de39a899,2024-05-17 12:30:27,paid,last_touch,direct,1,1,1,1.0,150.46,150.46
ord_bb684ae8,cust_de39a899,2024-05-17 12:30:27,paid,first_touch,direct,1,1,1,1.0,150.46,150.46
ord_bb684ae8,cust_de39a899,2024-05-17 12:30:27,paid,linear,direct,1,1,1,1.0,150.46,150.46
ord_bb684ae8,cust_de39a899,2024-05-17 12:30:27,paid,time_decay,direct,1,1,1,1.0,150.46,150.46
ord_7dfa6482,cust_98ba996e,2024-05-18 15:04:22,paid,last_touch,direct,1,1,1,1.0,28.64,28.64
ord_7dfa6482,cust_98ba996e,2024-05-18 15:04:22,paid,first_touch,google,1,1,1,1.0,28.64,28.64
ord_7dfa6482,cust_98ba996e,2024-05-18 15:04:22,paid,linear,google,1,1,1,1.0,28.64,28.64
ord_7dfa6482,cust_98ba996e,2024-05-18 15:04:22,paid,time_decay,google,1,1,1,1.0,28.64,28.64
ord_15ff26da,cust_2f3ef398,2024-05-18 11:30:05,paid,last_touch,direct,1,1,1,1.0,96.77,96.77
ord_15ff26da,cust_2f3ef398,2024-05-18 11:30:05,paid,first_touch,meta,1,1,1,1.0,96.77,96.77
ord_15ff26da,cust_2f3ef398,2024-05-18 11:30:05,paid,linear,meta,1,1,1,1.0,96.77,96.77
ord_15ff26da,cust_2f3ef398,2024-05-18 11:30:05,paid,time_decay,meta,1,1,1,1.0,96.77,96.77
ord_0b6b7d9a,cust_a1e6f782,2024-05-18 02:44:20,paid,last_touch,direct,1,1,1,1.0,142.96,142.96
ord_0b6b7d9a,cust_a1e6f782,2024-05-18 02:44:20,paid,first_touch,organic,1,1,1,1.0,142.96,142.96
ord_0b6b7d9a,cust_a1e6f782,2024-05-18 02:44:20,paid,linear,organic,1,1,1,1.0,142.96,142.96
ord_0b6b7d9a,cust_a1e6f782,2024-05-18 02:44:20,paid,time_decay,organic,1,1,1,1.0,142.96,142.96
ord_abd1e2be,cust_1efda526,2024-05-18 19:30:27,refunded,last_touch,direct,1,1,1,1.0,93.51,93.51
ord_abd1e2be,cust_1efda526,2024-05-18 19:30:27,refunded,first_touch,google,1,1,1,1.0,93.51,93.51
ord_abd1e2be,cust_1efda526,2024-05-18 19:30:27,refunded,linear,google,1,1,1,1.0,93.51,93.51
ord_abd1e2be,cust_1efda526,2024-05-18 19:30:27,refunded,time_decay,google,1,1,1,1.0,93.51,93.51
ord_bab7a23c,cust_9befc681,2024-05-18 18:21:18,paid,last_touch,google,1,1,1,1.0,17.37,17.37
ord_bab7a23c,cust_9befc681,2024-05-18 18:21:18,paid,first_touch,google,1,1,1,1.0,17.37,17.37
ord_bab7a23c,cust_9befc681,2024-05-18 18:21:18,paid,linear,google,1,1,1,1.0,17.37,17.37
ord_bab7a23c,cust_9befc681,2024-05-18 18:21:18,paid,time_decay,google,1,1,1,1.0,17.37,17.37
ord_069d23b7,cust_2adb6b70,2024-05-19 16:56:18,paid,last_touch,google,1,1,1,1.0,61.97,61.97
ord_069d23b7,cust_2adb6b70,2024-05-19 16:56:18,paid,first_touch,google,1,1,1,1.0,61.97,61.97
ord_069d23b7,cust_2adb6b70,2024-05-19 16:56:18,paid,linear,google,1,1,1,1.0,61.97,61.97
ord_069d23b7,cust_2adb6b70,2024-05-19 16:56:18,paid,time_decay,google,1,1,1,1.0,61.97,61.97
ord_b5a23048,cust_8598b0be,2024-05-19 13:32:36,paid,last_touch,direct,1,1,1,1.0,80.63,80.63
ord_b5a23048,cust_8598b0be,2024-05-19 13:32:36,paid,first_touch,direct,1,1,1,1.0,80.63,80.63
ord_b5a23048,cust_8598b0be,2024-05-19 13:32:36,paid,linear,direct,1,1,1,1.0,80.63,80.63
ord_b5a23048,cust_8598b0be,2024-05-19 13:32:36,paid,time_decay,direct,1,1,1,1.0,80.63,80.63
ord_62b09755,cust_ef20fff8,2024-05-19 16:18:27,paid,last_touch,direct,1,1,1,1.0,86.06,86.06
ord_62b09755,cust_ef20fff8,2024-05-19 16:18:27,paid,first_touch,google,1,1,1,1.0,86.06,86.06
ord_62b09755,cust_ef20fff8,2024-05-19 16:18:27,paid,linear,google,1,1,1,1.0,86.06,86.06
ord_62b09755,cust_ef20fff8,2024-05-19 16:18:27,paid,time_decay,google,1,1,1,1.0,86.06,86.06
ord_3d1a5afe,cust_d6acdfc4,2024-05-19 06:13:35,paid,last_touch,organic,1,1,1,1.0,63.77,63.77
ord_3d1a5afe,cust_d6acdfc4,2024-05-19 06:13:35,paid,first_touch,organic,1,1,1,1.0,63.77,63.77
ord_3d1a5afe,cust_d6acdfc4,2024-05-19 06:13:35,paid,linear,organic,1,1,1,1.0,63.77,63.77
ord_3d1a5afe,cust_d6acdfc4,2024-05-19 06:13:35,paid,time_decay,organic,1,1,1,1.0,63.77,63.77
ord_fb73547d,cust_e8211ff8,2024-05-19 18:06:01,refunded,last_touch,meta,1,1,1,1.0,61.78,61.78
ord_fb73547d,cust_e8211ff8,2024-05-19 18:06:01,refunded,first_touch,meta,1,1,1,1.0,61.78,61.78
ord_fb73547d,cust_e8211ff8,2024-05-19 18:06:01,refunded,linear,meta,1,1,1,1.0,61.78,61.78
ord_fb73547d,cust_e8211ff8,2024-05-19 18:06:01,refunded,time_decay,meta,1,1,1,1.0,61.78,61.78
ord_50c8e74a,cust_4294739f,2024-05-19 17:20:38,paid,last_touch,direct,1,1,1,1.0,115.79,115.79
ord_50c8e74a,cust_4294739f,2024-05-19 17:20:38,paid,first_touch,tiktok,1,1,1,1.0,115.79,115.79
ord_50c8e74a,cust_4294739f,2024-05-19 17:20:38,paid,linear,tiktok,1,1,1,1.0,115.79,115.79
ord_50c8e74a,cust_4294739f,2024-05-19 17:20:38,paid,time_decay,tiktok,1,1,1,1.0,115.79,115.79
ord_c7b31672,cust_f8228440,2024-05-20 13:43:44,paid,last_touch,tiktok,1,1,1,1.0,153.59,153.59
ord_c7b31672,cust_f8228440,2024-05-20 13:43:44,paid,first_touch,tiktok,1,1,1,1.0,153.59,153.59
ord_c7b31672,cust_f8228440,2024-05-20 13:43:44,paid,linear,tiktok,1,1,1,1.0,153.59,153.59
ord_c7b31672,cust_f8228440,2024-05-20 13:43:44,paid,time_decay,tiktok,1,1,1,1.0,153.59,153.59
ord_c90fa63c,cust_0d0891e8,2024-05-20 22:03:42,refunded,last_touch,direct,1,1,1,1.0,79.27,79.27
ord_c90fa63c,cust_0d0891e8,2024-05-20 22:03:42,refunded,first_touch,email,1,1,1,1.0,79.27,79.27
ord_c90fa63c,cust_0d0891e8,2024-05-20 22:03:42,refunded,linear,email,1,1,1,1.0,79.27,79.27
ord_c90fa63c,cust_0d0891e8,2024-05-20 22:03:42,refunded,time_decay,email,1,1,1,1.0,79.27,79.27
ord_9f99c6ff,cust_97783b48,2024-05-20 14:01:55,paid,last_touch,direct,1,1,1,1.0,89.9,89.9
ord_9f99c6ff,cust_97783b48,2024-05-20 14:01:55,paid,first_touch,meta,1,1,1,1.0,89.9,89.9
ord_9f99c6ff,cust_97783b48,2024-05-20 14:01:55,paid,linear,meta,1,1,1,1.0,89.9,89.9
ord_9f99c6ff,cust_97783b48,2024-05-20 14:01:55,paid,time_decay,meta,1,1,1,1.0,89.9,89.9
ord_fdd8c069,cust_65feae77,2024-05-20 21:30:42,paid,last_touch,direct,1,1,1,1.0,83.9,83.9
ord_fdd8c069,cust_65feae77,2024-05-20 21:30:42,paid,first_touch,direct,1,1,1,1.0,83.9,83.9
ord_fdd8c069,cust_65feae77,2024-05-20 21:30:42,paid,linear,direct,1,1,1,1.0,83.9,83.9
ord_fdd8c069,cust_65feae77,2024-05-20 21:30:42,paid,time_decay,direct,1,1,1,1.0,83.9,83.9
ord_f5a4626a,cust_cf3eb1f0,2024-05-20 08:36:27,paid,last_touch,google,1,1,1,1.0,56.29,56.29
ord_f5a4626a,cust_cf3eb1f0,2024-05-20 08:36:27,paid,first_touch,google,1,1,1,1.0,56.29,56.29
ord_f5a4626a,cust_cf3eb1f0,2024-05-20 08:36:27,paid,linear,google,1,1,1,1.0,56.29,56.29
ord_f5a4626a,cust_cf3eb1f0,2024-05-20 08:36:27,paid,time_decay,google,1,1,1,1.0,56.29,56.29
ord_2e92a609,cust_792e6bb1,2024-05-20 11:58:23,paid,last_touch,tiktok,1,1,1,1.0,86.81,86.81
ord_2e92a609,cust_792e6bb1,2024-05-20 11:58:23,paid,first_touch,tiktok,1,1,1,1.0,86.81,86.81
ord_2e92a609,cust_792e6bb1,2024-05-20 11:58:23,paid,linear,tiktok,1,1,1,1.0,86.81,86.81
ord_2e92a609,cust_792e6bb1,2024-05-20 11:58:23,paid,time_decay,tiktok,1,1,1,1.0,86.81,86.81
ord_ba2dc460,cust_62f593aa,2024-05-20 18:28:23,paid,last_touch,google,1,1,1,1.0,41.39,41.39
ord_ba2dc460,cust_62f593aa,2024-05-20 18:28:23,paid,first_touch,google,1,1,1,1.0,41.39,41.39
ord_ba2dc460,cust_62f593aa,2024-05-20 18:28:23,paid,linear,google,1,1,1,1.0,41.39,41.39
ord_ba2dc460,cust_62f593aa,2024-05-20 18:28:23,paid,time_decay,google,1,1,1,1.0,41.39,41.39
ord_5420af62,cust_d0a61de8,2024-05-20 08:12:01,paid,last_touch,organic,1,1,1,1.0,199.6,199.6
ord_5420af62,cust_d0a61de8,2024-05-20 08:12:01,paid,first_touch,organic,1,1,1,1.0,199.6,199.6
ord_5420af62,cust_d0a61de8,2024-05-20 08:12:01,paid,linear,organic,1,1,1,1.0,199.6,199.6
ord_5420af62,cust_d0a61de8,2024-05-20 08:12:01,paid,time_decay,organic,1,1,1,1.0,199.6,199.6
ord_c4595cd1,cust_36120c3a,2024-05-20 19:12:32,paid,last_touch,tiktok,1,1,1,1.0,82.3,82.3
ord_c4595cd1,cust_36120c3a,2024-05-20 19:12:32,paid,first_touch,tiktok,1,1,1,1.0,82.3,82.3
ord_c4595cd1,cust_36120c3a,2024-05-20 19:12:32,paid,linear,tiktok,1,1,1,1.0,82.3,82.3
ord_c4595cd1,cust_36120c3a,2024-05-20 19:12:32,paid,time_decay,tiktok,1,1,1,1.0,82.3,82.3
ord_afc5b9b3,cust_e67bfb37,2024-05-20 19:15:39,paid,last_touch,direct,1,1,1,1.0,77.72,77.72
ord_afc5b9b3,cust_e67bfb37,2024-05-20 19:15:39,paid,first_touch,direct,1,1,1,1.0,77.72,77.72
ord_afc5b9b3,cust_e67bfb37,2024-05-20 19:15:39,paid,linear,direct,1,1,1,1.0,77.72,77.72
ord_afc5b9b3,cust_e67bfb37,2024-05-20 19:15:39,paid,time_decay,direct,1,1,1,1.0,77.72,77.72
ord_f6309988,cust_8890fef7,2024-05-21 22:59:52,paid,last_touch,tiktok,1,1,1,1.0,147.32,147.32
ord_f6309988,cust_8890fef7,2024-05-21 22:59:52,paid,first_touch,tiktok,1,1,1,1.0,147.32,147.32
ord_f6309988,cust_8890fef7,2024-05-21 22:59:52,paid,linear,tiktok,1,1,1,1.0,147.32,147.32
ord_f6309988,cust_8890fef7,2024-05-21 22:59:52,paid,time_decay,tiktok,1,1,1,1.0,147.32,147.32
ord_5230d0a3,cust_89e25b20,2024-05-21 18:22:55,paid,last_touch,google,1,1,1,1.0,116.16,116.16
ord_5230d0a3,cust_89e25b20,2024-05-21 18:22:55,paid,first_touch,google,1,1,1,1.0,116.16,116.16
ord_5230d0a3,cust_89e25b20,2024-05-21 18:22:55,paid,linear,google,1,1,1,1.0,116.16,116.16
ord_5230d0a3,cust_89e25b20,2024-05-21 18:22:55,paid,time_decay,google,1,1,1,1.0,116.16,116.16
ord_1790c411,cust_d89b5820,2024-05-21 09:46:01,paid,last_touch,direct,1,1,1,1.0,100.03,100.03
ord_1790c411,cust_d89b5820,2024-05-21 09:46:01,paid,first_touch,tiktok,1,1,1,1.0,100.03,100.03
ord_1790c411,cust_d89b5820,2024-05-21 09:46:01,paid,linear,tiktok,1,1,1,1.0,100.03,100.03
ord_1790c411,cust_d89b5820,2024-05-21 09:46:01,paid,time_decay,tiktok,1,1,1,1.0,100.03,100.03
ord_0555ac92,cust_fde87f8d,2024-05-21 19:59:37,paid,last_touch,google,1,1,1,1.0,73.37,73.37
ord_0555ac92,cust_fde87f8d,2024-05-21 19:59:37,paid,first_touch,google,1,1,1,1.0,73.37,73.37
ord_0555ac92,cust_fde87f8d,2024-05-21 19:59:37,paid,linear,google,1,1,1,1.0,73.37,73.37
ord_0555ac92,cust_fde87f8d,2024-05-21 19:59:37,paid,time_decay,google,1,1,1,1.0,73.37,73.37
ord_f9687ec0,cust_53885061,2024-05-22 18:26:04,paid,last_touch,tiktok,1,1,1,1.0,75.95,75.95
ord_f9687ec0,cust_53885061,2024-05-22 18:26:04,paid,first_touch,tiktok,1,1,1,1.0,75.95,75.95
ord_f9687ec0,cust_53885061,2024-05-22 18:26:04,paid,linear,tiktok,1,1,1,1.0,75.95,75.95
ord_f9687ec0,cust_53885061,2024-05-22 18:26:04,paid,time_decay,tiktok,1,1,1,1.0,75.95,75.95
ord_813aa986,cust_48bf1096,2024-05-22 15:55:46,paid,last_touch,direct,1,1,1,1.0,87.07,87.07
ord_813aa986,cust_48bf1096,2024-05-22 15:55:46,paid,first_touch,meta,1,1,1,1.0,87.07,87.07
ord_813aa986,cust_48bf1096,2024-05-22 15:55:46,paid,linear,meta,1,1,1,1.0,87.07,87.07
ord_813aa986,cust_48bf1096,2024-05-22 15:55:46,paid,time_decay,meta,1,1,1,1.0,87.07,87.07
ord_2c89a237,cust_433a59ce,2024-05-22 18:26:09,paid,last_touch,google,1,1,1,1.0,252.94,252.94
ord_2c89a237,cust_433a59ce,2024-05-22 18:26:09,paid,first_touch,google,1,1,1,1.0,252.94,252.94
ord_2c89a237,cust_433a59ce,2024-05-22 18:26:09,paid,linear,google,1,1,1,1.0,252.94,252.94
ord_2c89a237,cust_433a59ce,2024-05-22 18:26:09,paid,time_decay,google,1,1,1,1.0,252.94,252.94
ord_52750ae4,cust_0ac01f09,2024-05-22 07:31:13,chargeback,last_touch,google,1,1,1,1.0,27.83,27.83
ord_52750ae4,cust_0ac01f09,2024-05-22 07:31:13,chargeback,first_touch,google,1,1,1,1.0,27.83,27.83
ord_52750ae4,cust_0ac01f09,2024-05-22 07:31:13,chargeback,linear,google,1,1,1,1.0,27.83,27.83
ord_52750ae4,cust_0ac01f09,2024-05-22 07:31:13,chargeback,time_decay,google,1,1,1,1.0,27.83,27.83
ord_900c0db2,cust_14f9ace7,2024-05-23 18:51:26,paid,last_touch,organic,1,1,1,1.0,145.47,145.47
ord_900c0db2,cust_14f9ace7,2024-05-23 18:51:26,paid,first_touch,organic,1,1,1,1.0,145.47,145.47
ord_900c0db2,cust_14f9ace7,2024-05-23 18:51:26,paid,linear,organic,1,1,1,1.0,145.47,145.47
ord_900c0db2,cust_14f9ace7,2024-05-23 18:51:26,paid,time_decay,organic,1,1,1,1.0,145.47,145.47
ord_98e00ab9,cust_ad128f4a,2024-05-23 07:12:47,paid,last_touch,direct,1,1,1,1.0,145.37,145.37
ord_98e00ab9,cust_ad128f4a,2024-05-23 07:12:47,paid,first_touch,direct,1,1,1,1.0,145.37,145.37
ord_98e00ab9,cust_ad128f4a,2024-05-23 07:12:47,paid,linear,direct,1,1,1,1.0,145.37,145.37
ord_98e00ab9,cust_ad128f4a,2024-05-23 07:12:47,paid,time_decay,direct,1,1,1,1.0,145.37,145.37
ord_59d65528,cust_3b7aef7d,2024-05-23 14:51:48,paid,last_touch,meta,1,1,1,1.0,54.11,54.11
ord_59d65528,cust_3b7aef7d,2024-05-23 14:51:48,paid,first_touch,meta,1,1,1,1.0,54.11,54.11
ord_59d65528,cust_3b7aef7d,2024-05-23 14:51:48,paid,linear,meta,1,1,1,1.0,54.11,54.11
ord_59d65528,cust_3b7aef7d,2024-05-23 14:51:48,paid,time_decay,meta,1,1,1,1.0,54.11,54.11
ord_b2004360,cust_d3883054,2024-05-23 19:29:55,paid,last_touch,direct,1,1,1,1.0,134.68,134.68
ord_b2004360,cust_d3883054,2024-05-23 19:29:55,paid,first_touch,organic,1,1,1,1.0,134.68,134.68
ord_b2004360,cust_d3883054,2024-05-23 19:29:55,paid,linear,organic,1,1,1,1.0,134.68,134.68
ord_b2004360,cust_d3883054,2024-05-23 19:29:55,paid,time_decay,organic,1,1,1,1.0,134.68,134.68
ord_4b06e4b5,cust_83305b0b,2024-05-24 09:22:24,paid,last_touch,organic,1,1,1,1.0,99.54,99.54
ord_4b06e4b5,cust_83305b0b,2024-05-24 09:22:24,paid,first_touch,organic,1,1,1,1.0,99.54,99.54
ord_4b06e4b5,cust_83305b0b,2024-05-24 09:22:24,paid,linear,organic,1,1,1,1.0,99.54,99.54
ord_4b06e4b5,cust_83305b0b,2024-05-24 09:22:24,paid,time_decay,organic,1,1,1,1.0,99.54,99.54
ord_cb128297,cust_805d1dc3,2024-05-24 22:26:57,paid,last_touch,organic,1,1,1,1.0,116.69,116.69
ord_cb128297,cust_805d1dc3,2024-05-24 22:26:57,paid,first_touch,organic,1,1,1,1.0,116.69,116.69
ord_cb128297,cust_805d1dc3,2024-05-24 22:26:57,paid,linear,organic,1,1,1,1.0,116.69,116.69
ord_cb128297,cust_805d1dc3,2024-05-24 22:26:57,paid,time_decay,organic,1,1,1,1.0,116.69,116.69
ord_f1520b0b,cust_6cc02baa,2024-05-24 11:23:13,paid,last_touch,direct,1,1,1,1.0,140.03,140.03
ord_f1520b0b,cust_6cc02baa,2024-05-24 11:23:13,paid,first_touch,google,1,1,1,1.0,140.03,140.03
ord_f1520b0b,cust_6cc02baa,2024-05-24 11:23:13,paid,linear,google,1,1,1,1.0,140.03,140.03
ord_f1520b0b,cust_6cc02baa,2024-05-24 11:23:13,paid,time_decay,google,1,1,1,1.0,140.03,140.03
ord_6537d795,cust_ff32de69,2024-05-24 07:29:23,paid,last_touch,direct,1,1,1,1.0,72.85,72.85
ord_6537d795,cust_ff32de69,2024-05-24 07:29:23,paid,first_touch,meta,1,1,1,1.0,72.85,72.85
ord_6537d795,cust_ff32de69,2024-05-24 07:29:23,paid,linear,meta,1,1,1,1.0,72.85,72.85
ord_6537d795,cust_ff32de69,2024-05-24 07:29:23,paid,time_decay,meta,1,1,1,1.0,72.85,72.85
ord_2050a3f3,cust_65ce728c,2024-05-24 23:35:37,paid,last_touch,google,1,1,1,1.0,58.23,58.23
ord_2050a3f3,cust_65ce728c,2024-05-24 23:35:37,paid,first_touch,google,1,1,1,1.0,58.23,58.23
ord_2050a3f3,cust_65ce728c,2024-05-24 23:35:37,paid,linear,google,1,1,1,1.0,58.23,58.23
ord_2050a3f3,cust_65ce728c,2024-05-24 23:35:37,paid,time_decay,google,1,1,1,1.0,58.23,58.23
ord_c0b5525e,cust_625e330c,2024-05-25 12:16:30,paid,last_touch,direct,1,1,1,1.0,101.65,101.65
ord_c0b5525e,cust_625e330c,2024-05-25 12:16:30,paid,first_touch,organic,1,1,1,1.0,101.65,101.65
ord_c0b5525e,cust_625e330c,2024-05-25 12:16:30,paid,linear,organic,1,1,1,1.0,101.65,101.65
ord_c0b5525e,cust_625e330c,2024-05-25 12:16:30,paid,time_decay,organic,1,1,1,1.0,101.65,101.65
ord_3840e126,cust_b64a5b47,2024-05-25 00:21:37,paid,last_touch,direct,1,1,1,1.0,48.32,48.32
ord_3840e126,cust_b64a5b47,2024-05-25 00:21:37,paid,first_touch,direct,1,1,1,1.0,48.32,48.32
ord_3840e126,cust_b64a5b47,2024-05-25 00:21:37,paid,linear,direct,1,1,1,1.0,48.32,48.32
ord_3840e126,cust_b64a5b47,2024-05-25 00:21:37,paid,time_decay,direct,1,1,1,1.0,48.32,48.32
ord_0accfb2b,cust_aebbbecf,2024-05-25 18:00:41,paid,last_touch,meta,1,1,1,1.0,57.86,57.86
ord_0accfb2b,cust_aebbbecf,2024-05-25 18:00:41,paid,first_touch,meta,1,1,1,1.0,57.86,57.86
ord_0accfb2b,cust_aebbbecf,2024-05-25 18:00:41,paid,linear,meta,1,1,1,1.0,57.86,57.86
ord_0accfb2b,cust_aebbbecf,2024-05-25 18:00:41,paid,time_decay,meta,1,1,1,1.0,57.86,57.86
ord_7a6b666c,cust_6aecb4c7,2024-05-25 19:58:39,paid,last_touch,direct,1,1,1,1.0,63.07,63.07
ord_7a6b666c,cust_6aecb4c7,2024-05-25 19:58:39,paid,first_touch,google,1,1,1,1.0,63.07,63.07
ord_7a6b666c,cust_6aecb4c7,2024-05-25 19:58:39,paid,linear,google,1,1,1,1.0,63.07,63.07
ord_7a6b666c,cust_6aecb4c7,2024-05-25 19:58:39,paid,time_decay,google,1,1,1,1.0,63.07,63.07
ord_08b4b79f,cust_63d11874,2024-05-25 09:50:37,paid,last_touch,meta,1,1,1,1.0,109.37,109.37
ord_08b4b79f,cust_63d11874,2024-05-25 09:50:37,paid,first_touch,meta,1,1,1,1.0,109.37,109.37
ord_08b4b79f,cust_63d11874,2024-05-25 09:50:37,paid,linear,meta,1,1,1,1.0,109.37,109.37
ord_08b4b79f,cust_63d11874,2024-05-25 09:50:37,paid,time_decay,meta,1,1,1,1.0,109.37,109.37
ord_6840aef7,cust_1e9bdb89,2024-05-25 21:58:04,paid,last_touch,direct,1,1,1,1.0,94.27,94.27
ord_6840aef7,cust_1e9bdb89,2024-05-25 21:58:04,paid,first_touch,email,1,1,1,1.0,94.27,94.27
ord_6840aef7,cust_1e9bdb89,2024-05-25 21:58:04,paid,linear,email,1,1,1,1.0,94.27,94.27
ord_6840aef7,cust_1e9bdb89,2024-05-25 21:58:04,paid,time_decay,email,1,1,1,1.0,94.27,94.27
ord_27276a91,cust_066bc1ff,2024-05-25 15:41:21,paid,last_touch,meta,1,1,1,1.0,48.07,48.07
ord_27276a91,cust_066bc1ff,2024-05-25 15:41:21,paid,first_touch,meta,1,1,1,1.0,48.07,48.07
ord_27276a91,cust_066bc1ff,2024-05-25 15:41:21,paid,linear,meta,1,1,1,1.0,48.07,48.07
ord_27276a91,cust_066bc1ff,2024-05-25 15:41:21,paid,time_decay,meta,1,1,1,1.0,48.07,48.07
ord_2019f7d3,cust_28982142,2024-05-26 10:07:40,paid,last_touch,direct,1,1,1,1.0,189.07,189.07
ord_2019f7d3,cust_28982142,2024-05-26 10:07:40,paid,first_touch,google,1,1,1,1.0,189.07,189.07
ord_2019f7d3,cust_28982142,2024-05-26 10:07:40,paid,linear,google,1,1,1,1.0,189.07,189.07
ord_2019f7d3,cust_28982142,2024-05-26 10:07:40,paid,time_decay,google,1,1,1,1.0,189.07,189.07
ord_83a81d42,cust_58585dd9,2024-05-26 09:55:54,paid,last_touch,google,1,1,1,1.0,265.43,265.43
ord_83a81d42,cust_58585dd9,2024-05-26 09:55:54,paid,first_touch,google,1,1,1,1.0,265.43,265.43
ord_83a81d42,cust_58585dd9,2024-05-26 09:55:54,paid,linear,google,1,1,1,1.0,265.43,265.43
ord_83a81d42,cust_58585dd9,2024-05-26 09:55:54,paid,time_decay,google,1,1,1,1.0,265.43,265.43
ord_6d18d541,cust_5606f1c7,2024-05-26 11:33:50,paid,last_touch,meta,1,1,1,1.0,50.26,50.26
ord_6d18d541,cust_5606f1c7,2024-05-26 11:33:50,paid,first_touch,meta,1,1,1,1.0,50.26,50.26
ord_6d18d541,cust_5606f1c7,2024-05-26 11:33:50,paid,linear,meta,1,1,1,1.0,50.26,50.26
ord_6d18d541,cust_5606f1c7,2024-05-26 11:33:50,paid,time_decay,meta,1,1,1,1.0,50.26,50.26
ord_65c8b22e,cust_2a8dad39,2024-05-26 21:59:03,refunded,last_touch,google,1,1,1,1.0,86.72,86.72
ord_65c8b22e,cust_2a8dad39,2024-05-26 21:59:03,refunded,first_touch,google,1,1,1,1.0,86.72,86.72
ord_65c8b22e,cust_2a8dad39,2024-05-26 21:59:03,refunded,linear,google,1,1,1,1.0,86.72,86.72
ord_65c8b22e,cust_2a8dad39,2024-05-26 21:59:03,refunded,time_decay,google,1,1,1,1.0,86.72,86.72
ord_9203d6cd,cust_8de1eaca,2024-05-26 19:56:10,paid,last_touch,tiktok,1,1,1,1.0,89.8,89.8
ord_9203d6cd,cust_8de1eaca,2024-05-26 19:56:10,paid,first_touch,tiktok,1,1,1,1.0,89.8,89.8
ord_9203d6cd,cust_8de1eaca,2024-05-26 19:56:10,paid,linear,tiktok,1,1,1,1.0,89.8,89.8
ord_9203d6cd,cust_8de1eaca,2024-05-26 19:56:10,paid,time_decay,tiktok,1,1,1,1.0,89.8,89.8
ord_cd563e45,cust_2b68ebef,2024-05-26 13:33:30,paid,last_touch,direct,1,1,1,1.0,43.18,43.18
ord_cd563e45,cust_2b68ebef,2024-05-26 13:33:30,paid,first_touch,google,1,1,1,1.0,43.18,43.18
ord_cd563e45,cust_2b68ebef,2024-05-26 13:33:30,paid,linear,google,1,1,1,1.0,43.18,43.18
ord_cd563e45,cust_2b68ebef,2024-05-26 13:33:30,paid,time_decay,google,1,1,1,1.0,43.18,43.18
ord_3597a35e,cust_d8a9bb80,2024-05-26 21:28:32,paid,last_touch,organic,1,1,1,1.0,30.33,30.33
ord_3597a35e,cust_d8a9bb80,2024-05-26 21:28:32,paid,first_touch,organic,1,1,1,1.0,30.33,30.33
ord_3597a35e,cust_d8a9bb80,2024-05-26 21:28:32,paid,linear,organic,1,1,1,1.0,30.33,30.33
ord_3597a35e,cust_d8a9bb80,2024-05-26 21:28:32,paid,time_decay,organic,1,1,1,1.0,30.33,30.33
ord_72972433,cust_52d6f352,2024-05-26 21:42:02,paid,last_touch,direct,1,1,1,1.0,210.4,210.4
ord_72972433,cust_52d6f352,2024-05-26 21:42:02,paid,first_touch,google,1,1,1,1.0,210.4,210.4
ord_72972433,cust_52d6f352,2024-05-26 21:42:02,paid,linear,google,1,1,1,1.0,210.4,210.4
ord_72972433,cust_52d6f352,2024-05-26 21:42:02,paid,time_decay,google,1,1,1,1.0,210.4,210.4
ord_9a7cfdf3,cust_5f604b4a,2024-05-27 21:08:43,paid,last_touch,meta,1,1,1,1.0,36.16,36.16
ord_9a7cfdf3,cust_5f604b4a,2024-05-27 21:08:43,paid,first_touch,meta,1,1,1,1.0,36.16,36.16
ord_9a7cfdf3,cust_5f604b4a,2024-05-27 21:08:43,paid,linear,meta,1,1,1,1.0,36.16,36.16
ord_9a7cfdf3,cust_5f604b4a,2024-05-27 21:08:43,paid,time_decay,meta,1,1,1,1.0,36.16,36.16
ord_1d24af31,cust_15fb12fb,2024-05-27 12:06:45,paid,last_touch,direct,1,1,1,1.0,353.13,353.13
ord_1d24af31,cust_15fb12fb,2024-05-27 12:06:45,paid,first_touch,meta,1,1,1,1.0,353.13,353.13
ord_1d24af31,cust_15fb12fb,2024-05-27 12:06:45,paid,linear,meta,1,1,1,1.0,353.13,353.13
ord_1d24af31,cust_15fb12fb,2024-05-27 12:06:45,paid,time_decay,meta,1,1,1,1.0,353.13,353.13
ord_42c6067b,cust_3d6dbb7a,2024-05-27 23:44:37,paid,last_touch,google,1,1,1,1.0,64.21,64.21
ord_42c6067b,cust_3d6dbb7a,2024-05-27 23:44:37,paid,first_touch,google,1,1,1,1.0,64.21,64.21
ord_42c6067b,cust_3d6dbb7a,2024-05-27 23:44:37,paid,linear,google,1,1,1,1.0,64.21,64.21
ord_42c6067b,cust_3d6dbb7a,2024-05-27 23:44:37,paid,time_decay,google,1,1,1,1.0,64.21,64.21
ord_3819504d,cust_d3ee4aea,2024-05-27 17:41:02,paid,last_touch,direct,1,1,1,1.0,211.47,211.47
ord_3819504d,cust_d3ee4aea,2024-05-27 17:41:02,paid,first_touch,meta,1,1,1,1.0,211.47,211.47
ord_3819504d,cust_d3ee4aea,2024-05-27 17:41:02,paid,linear,meta,1,1,1,1.0,211.47,211.47
ord_3819504d,cust_d3ee4aea,2024-05-27 17:41:02,paid,time_decay,meta,1,1,1,1.0,211.47,211.47
ord_06e9f3a2,cust_f256d859,2024-05-27 15:36:14,refunded,last_touch,organic,1,1,1,1.0,129.67,129.67
ord_06e9f3a2,cust_f256d859,2024-05-27 15:36:14,refunded,first_touch,organic,1,1,1,1.0,129.67,129.67
ord_06e9f3a2,cust_f256d859,2024-05-27 15:36:14,refunded,linear,organic,1,1,1,1.0,129.67,129.67
ord_06e9f3a2,cust_f256d859,2024-05-27 15:36:14,refunded,time_decay,organic,1,1,1,1.0,129.67,129.67
ord_5fc60734,cust_1fa12484,2024-05-27 18:05:39,paid,last_touch,google,1,1,1,1.0,97.91,97.91
ord_5fc60734,cust_1fa12484,2024-05-27 18:05:39,paid,first_touch,google,1,1,1,1.0,97.91,97.91
ord_5fc60734,cust_1fa12484,2024-05-27 18:05:39,paid,linear,google,1,1,1,1.0,97.91,97.91
ord_5fc60734,cust_1fa12484,2024-05-27 18:05:39,paid,time_decay,google,1,1,1,1.0,97.91,97.91
ord_6426c803,cust_e0ba17fd,2024-05-27 18:33:27,paid,last_touch,direct,1,1,1,1.0,71.15,71.15
ord_6426c803,cust_e0ba17fd,2024-05-27 18:33:27,paid,first_touch,direct,1,1,1,1.0,71.15,71.15
ord_6426c803,cust_e0ba17fd,2024-05-27 18:33:27,paid,linear,direct,1,1,1,1.0,71.15,71.15
ord_6426c803,cust_e0ba17fd,2024-05-27 18:33:27,paid,time_decay,direct,1,1,1,1.0,71.15,71.15
ord_0498bc9a,cust_8494a04f,2024-05-27 20:38:15,paid,last_touch,direct,1,1,1,1.0,75.11,75.11
ord_0498bc9a,cust_8494a04f,2024-05-27 20:38:15,paid,first_touch,meta,1,1,1,1.0,75.11,75.11
ord_0498bc9a,cust_8494a04f,2024-05-27 20:38:15,paid,linear,meta,1,1,1,1.0,75.11,75.11
ord_0498bc9a,cust_8494a04f,2024-05-27 20:38:15,paid,time_decay,meta,1,1,1,1.0,75.11,75.11
ord_b45f9d78,cust_dad5d39d,2024-05-27 18:52:39,refunded,last_touch,direct,1,1,1,1.0,129.7,129.7
ord_b45f9d78,cust_dad5d39d,2024-05-27 18:52:39,refunded,first_touch,email,1,1,1,1.0,129.7,129.7
ord_b45f9d78,cust_dad5d39d,2024-05-27 18:52:39,refunded,linear,email,1,1,1,1.0,129.7,129.7
ord_b45f9d78,cust_dad5d39d,2024-05-27 18:52:39,refunded,time_decay,email,1,1,1,1.0,129.7,129.7
ord_e632d4af,cust_a9879c20,2024-05-27 20:40:37,paid,last_touch,meta,1,1,1,1.0,72.75,72.75
ord_e632d4af,cust_a9879c20,2024-05-27 20:40:37,paid,first_touch,meta,1,1,1,1.0,72.75,72.75
ord_e632d4af,cust_a9879c20,2024-05-27 20:40:37,paid,linear,meta,1,1,1,1.0,72.75,72.75
ord_e632d4af,cust_a9879c20,2024-05-27 20:40:37,paid,time_decay,meta,1,1,1,1.0,72.75,72.75
ord_339d934a,cust_69e4ae7d,2024-05-28 13:15:58,paid,last_touch,direct,1,1,1,1.0,72.46,72.46
ord_339d934a,cust_69e4ae7d,2024-05-28 13:15:58,paid,first_touch,organic,1,1,1,1.0,72.46,72.46
ord_339d934a,cust_69e4ae7d,2024-05-28 13:15:58,paid,linear,organic,1,1,1,1.0,72.46,72.46
ord_339d934a,cust_69e4ae7d,2024-05-28 13:15:58,paid,time_decay,organic,1,1,1,1.0,72.46,72.46
ord_4fb2b2b3,cust_8e0aafd9,2024-05-28 22:07:33,paid,last_touch,organic,1,1,1,1.0,36.17,36.17
ord_4fb2b2b3,cust_8e0aafd9,2024-05-28 22:07:33,paid,first_touch,organic,1,1,1,1.0,36.17,36.17
ord_4fb2b2b3,cust_8e0aafd9,2024-05-28 22:07:33,paid,linear,organic,1,1,1,1.0,36.17,36.17
ord_4fb2b2b3,cust_8e0aafd9,2024-05-28 22:07:33,paid,time_decay,organic,1,1,1,1.0,36.17,36.17
ord_82adb719,cust_1cf8d106,2024-05-28 14:49:20,paid,last_touch,google,1,1,1,1.0,133.93,133.93
ord_82adb719,cust_1cf8d106,2024-05-28 14:49:20,paid,first_touch,google,1,1,1,1.0,133.93,133.93
ord_82adb719,cust_1cf8d106,2024-05-28 14:49:20,paid,linear,google,1,1,1,1.0,133.93,133.93
ord_82adb719,cust_1cf8d106,2024-05-28 14:49:20,paid,time_decay,google,1,1,1,1.0,133.93,133.93
ord_3b73ac72,cust_fe57713e,2024-05-28 16:16:08,paid,last_touch,organic,1,1,1,1.0,61.42,61.42
ord_3b73ac72,cust_fe57713e,2024-05-28 16:16:08,paid,first_touch,organic,1,1,1,1.0,61.42,61.42
ord_3b73ac72,cust_fe57713e,2024-05-28 16:16:08,paid,linear,organic,1,1,1,1.0,61.42,61.42
ord_3b73ac72,cust_fe57713e,2024-05-28 16:16:08,paid,time_decay,organic,1,1,1,1.0,61.42,61.42
ord_ba65e904,cust_265bd3fd,2024-05-28 22:49:16,paid,last_touch,direct,1,1,1,1.0,116.99,116.99
ord_ba65e904,cust_265bd3fd,2024-05-28 22:49:16,paid,first_touch,google,1,1,1,1.0,116.99,116.99
ord_ba65e904,cust_265bd3fd,2024-05-28 22:49:16,paid,linear,google,1,1,1,1.0,116.99,116.99
ord_ba65e904,cust_265bd3fd,2024-05-28 22:49:16,paid,time_decay,google,1,1,1,1.0,116.99,116.99
ord_658ccf7d,cust_12471efc,2024-05-29 10:04:45,paid,last_touch,direct,1,1,1,1.0,87.39,87.39
ord_658ccf7d,cust_12471efc,2024-05-29 10:04:45,paid,first_touch,tiktok,1,1,1,1.0,87.39,87.39
ord_658ccf7d,cust_12471efc,2024-05-29 10:04:45,paid,linear,tiktok,1,1,1,1.0,87.39,87.39
ord_658ccf7d,cust_12471efc,2024-05-29 10:04:45,paid,time_decay,tiktok,1,1,1,1.0,87.39,87.39
ord_ac024f5e,cust_d97d4d73,2024-05-29 09:11:05,paid,last_touch,direct,1,1,1,1.0,135.86,135.86
ord_ac024f5e,cust_d97d4d73,2024-05-29 09:11:05,paid,first_touch,email,1,1,1,1.0,135.86,135.86
ord_ac024f5e,cust_d97d4d73,2024-05-29 09:11:05,paid,linear,email,1,1,1,1.0,135.86,135.86
ord_ac024f5e,cust_d97d4d73,2024-05-29 09:11:05,paid,time_decay,email,1,1,1,1.0,135.86,135.86
ord_5696bc3c,cust_0f41b25c,2024-05-29 19:08:54,paid,last_touch,google,1,1,1,1.0,167.23,167.23
ord_5696bc3c,cust_0f41b25c,2024-05-29 19:08:54,paid,first_touch,google,1,1,1,1.0,167.23,167.23
ord_5696bc3c,cust_0f41b25c,2024-05-29 19:08:54,paid,linear,google,1,1,1,1.0,167.23,167.23
ord_5696bc3c,cust_0f41b25c,2024-05-29 19:08:54,paid,time_decay,google,1,1,1,1.0,167.23,167.23
ord_1302fb72,cust_ae8ba1c7,2024-05-30 18:29:33,paid,last_touch,direct,1,1,1,1.0,194.41,194.41
ord_1302fb72,cust_ae8ba1c7,2024-05-30 18:29:33,paid,first_touch,direct,1,1,1,1.0,194.41,194.41
ord_1302fb72,cust_ae8ba1c7,2024-05-30 18:29:33,paid,linear,direct,1,1,1,1.0,194.41,194.41
ord_1302fb72,cust_ae8ba1c7,2024-05-30 18:29:33,paid,time_decay,direct,1,1,1,1.0,194.41,194.41
ord_cc6d91db,cust_1696c000,2024-05-30 22:30:58,paid,last_touch,direct,1,1,1,1.0,228.74,228.74
ord_cc6d91db,cust_1696c000,2024-05-30 22:30:58,paid,first_touch,organic,1,1,1,1.0,228.74,228.74
ord_cc6d91db,cust_1696c000,2024-05-30 22:30:58,paid,linear,organic,1,1,1,1.0,228.74,228.74
ord_cc6d91db,cust_1696c000,2024-05-30 22:30:58,paid,time_decay,organic,1,1,1,1.0,228.74,228.74
ord_f1c3c05c,cust_b1f2a3c2,2024-05-30 11:18:24,paid,last_touch,email,1,1,1,1.0,125.52,125.52
ord_f1c3c05c,cust_b1f2a3c2,2024-05-30 11:18:24,paid,first_touch,email,1,1,1,1.0,125.52,125.52
ord_f1c3c05c,cust_b1f2a3c2,2024-05-30 11:18:24,paid,linear,email,1,1,1,1.0,125.52,125.52
ord_f1c3c05c,cust_b1f2a3c2,2024-05-30 11:18:24,paid,time_decay,email,1,1,1,1.0,125.52,125.52
ord_11603e59,cust_b7ce7c4d,2024-05-30 06:30:48,paid,last_touch,direct,1,1,1,1.0,70.94,70.94
ord_11603e59,cust_b7ce7c4d,2024-05-30 06:30:48,paid,first_touch,tiktok,1,1,1,1.0,70.94,70.94
ord_11603e59,cust_b7ce7c4d,2024-05-30 06:30:48,paid,linear,tiktok,1,1,1,1.0,70.94,70.94
ord_11603e59,cust_b7ce7c4d,2024-05-30 06:30:48,paid,time_decay,tiktok,1,1,1,1.0,70.94,70.94
ord_09440133,cust_983d0bfd,2024-05-30 19:34:33,paid,last_touch,meta,1,1,1,1.0,84.15,84.15
ord_09440133,cust_983d0bfd,2024-05-30 19:34:33,paid,first_touch,meta,1,1,1,1.0,84.15,84.15
ord_09440133,cust_983d0bfd,2024-05-30 19:34:33,paid,linear,meta,1,1,1,1.0,84.15,84.15
ord_09440133,cust_983d0bfd,2024-05-30 19:34:33,paid,time_decay,meta,1,1,1,1.0,84.15,84.15
ord_739b31ee,cust_581d79bc,2024-05-30 21:33:15,paid,last_touch,meta,1,1,1,1.0,148.52,148.52
ord_739b31ee,cust_581d79bc,2024-05-30 21:33:15,paid,first_touch,meta,1,1,1,1.0,148.52,148.52
ord_739b31ee,cust_581d79bc,2024-05-30 21:33:15,paid,linear,meta,1,1,1,1.0,148.52,148.52
ord_739b31ee,cust_581d79bc,2024-05-30 21:33:15,paid,time_decay,meta,1,1,1,1.0,148.52,148.52
ord_639804f9,cust_ad8c23bc,2024-05-30 19:12:11,paid,last_touch,google,1,1,1,1.0,85.29,85.29
ord_639804f9,cust_ad8c23bc,2024-05-30 19:12:11,paid,first_touch,google,1,1,1,1.0,85.29,85.29
ord_639804f9,cust_ad8c23bc,2024-05-30 19:12:11,paid,linear,google,1,1,1,1.0,85.29,85.29
ord_639804f9,cust_ad8c23bc,2024-05-30 19:12:11,paid,time_decay,google,1,1,1,1.0,85.29,85.29
ord_a1233ca1,cust_6b18601e,2024-05-31 08:59:48,paid,last_touch,google,1,1,1,1.0,176.05,176.05
ord_a1233ca1,cust_6b18601e,2024-05-31 08:59:48,paid,first_touch,google,1,1,1,1.0,176.05,176.05
ord_a1233ca1,cust_6b18601e,2024-05-31 08:59:48,paid,linear,google,1,1,1,1.0,176.05,176.05
ord_a1233ca1,cust_6b18601e,2024-05-31 08:59:48,paid,time_decay,google,1,1,1,1.0,176.05,176.05
ord_097e4b68,cust_ff5fbd14,2024-05-31 22:48:39,paid,last_touch,direct,1,1,1,1.0,244.89,244.89
ord_097e4b68,cust_ff5fbd14,2024-05-31 22:48:39,paid,first_touch,direct,1,1,1,1.0,244.89,244.89
ord_097e4b68,cust_ff5fbd14,2024-05-31 22:48:39,paid,linear,direct,1,1,1,1.0,244.89,244.89
ord_097e4b68,cust_ff5fbd14,2024-05-31 22:48:39,paid,time_decay,direct,1,1,1,1.0,244.89,244.89
ord_24476800,cust_c1b50d22,2024-05-31 10:43:05,paid,last_touch,tiktok,1,1,1,1.0,90.87,90.87
ord_24476800,cust_c1b50d22,2024-05-31 10:43:05,paid,first_touch,tiktok,1,1,1,1.0,90.87,90.87
ord_24476800,cust_c1b50d22,2024-05-31 10:43:05,paid,linear,tiktok,1,1,1,1.0,90.87,90.87
ord_24476800,cust_c1b50d22,2024-05-31 10:43:05,paid,time_decay,tiktok,1,1,1,1.0,90.87,90.87
ord_ae17f91c,cust_f097df50,2024-05-31 20:19:42,paid,last_touch,direct,1,1,1,1.0,121.18,121.18
ord_ae17f91c,cust_f097df50,2024-05-31 20:19:42,paid,first_touch,tiktok,1,1,1,1.0,121.18,121.18
ord_ae17f91c,cust_f097df50,2024-05-31 20:19:42,paid,linear,tiktok,1,1,1,1.0,121.18,121.18
ord_ae17f91c,cust_f097df50,2024-05-31 20:19:42,paid,time_decay,tiktok,1,1,1,1.0,121.18,121.18
ord_00962c30,cust_99c2d65d,2024-06-01 23:00:19,paid,last_touch,direct,1,1,1,1.0,155.29,155.29
ord_00962c30,cust_99c2d65d,2024-06-01 23:00:19,paid,first_touch,tiktok,1,1,1,1.0,155.29,155.29
ord_00962c30,cust_99c2d65d,2024-06-01 23:00:19,paid,linear,tiktok,1,1,1,1.0,155.29,155.29
ord_00962c30,cust_99c2d65d,2024-06-01 23:00:19,paid,time_decay,tiktok,1,1,1,1.0,155.29,155.29
ord_38f070bc,cust_f8d6ddc1,2024-06-01 18:43:20,paid,last_touch,direct,1,1,1,1.0,177.75,177.75
ord_38f070bc,cust_f8d6ddc1,2024-06-01 18:43:20,paid,first_touch,organic,1,1,1,1.0,177.75,177.75
ord_38f070bc,cust_f8d6ddc1,2024-06-01 18:43:20,paid,linear,organic,1,1,1,1.0,177.75,177.75
ord_38f070bc,cust_f8d6ddc1,2024-06-01 18:43:20,paid,time_decay,organic,1,1,1,1.0,177.75,177.75
ord_dc4f842f,cust_f43b2057,2024-06-01 21:38:17,paid,last_touch,google,1,1,1,1.0,206.92,206.92
ord_dc4f842f,cust_f43b2057,2024-06-01 21:38:17,paid,first_touch,google,1,1,1,1.0,206.92,206.92
ord_dc4f842f,cust_f43b2057,2024-06-01 21:38:17,paid,linear,google,1,1,1,1.0,206.92,206.92
ord_dc4f842f,cust_f43b2057,2024-06-01 21:38:17,paid,time_decay,google,1,1,1,1.0,206.92,206.92
ord_e1fc4684,cust_f229ec4b,2024-06-01 17:23:52,paid,last_touch,organic,1,1,1,1.0,217.42,217.42
ord_e1fc4684,cust_f229ec4b,2024-06-01 17:23:52,paid,first_touch,organic,1,1,1,1.0,217.42,217.42
ord_e1fc4684,cust_f229ec4b,2024-06-01 17:23:52,paid,linear,organic,1,1,1,1.0,217.42,217.42
ord_e1fc4684,cust_f229ec4b,2024-06-01 17:23:52,paid,time_decay,organic,1,1,1,1.0,217.42,217.42
ord_effb8a32,cust_65da4cae,2024-06-01 16:25:09,refunded,last_touch,direct,1,1,1,1.0,181.61,181.61
ord_effb8a32,cust_65da4cae,2024-06-01 16:25:09,refunded,first_touch,google,1,1,1,1.0,181.61,181.61
ord_effb8a32,cust_65da4cae,2024-06-01 16:25:09,refunded,linear,google,1,1,1,1.0,181.61,181.61
ord_effb8a32,cust_65da4cae,2024-06-01 16:25:09,refunded,time_decay,google,1,1,1,1.0,181.61,181.61
ord_beb7eca6,cust_566ce6ab,2024-06-02 19:27:05,paid,last_touch,meta,1,1,1,1.0,71.92,71.92
ord_beb7eca6,cust_566ce6ab,2024-06-02 19:27:05,paid,first_touch,meta,1,1,1,1.0,71.92,71.92
ord_beb7eca6,cust_566ce6ab,2024-06-02 19:27:05,paid,linear,meta,1,1,1,1.0,71.92,71.92
ord_beb7eca6,cust_566ce6ab,2024-06-02 19:27:05,paid,time_decay,meta,1,1,1,1.0,71.92,71.92
ord_b9496268,cust_396abae7,2024-06-02 19:30:57,paid,last_touch,google,1,1,1,1.0,405.67,405.67
ord_b9496268,cust_396abae7,2024-06-02 19:30:57,paid,first_touch,google,1,1,1,1.0,405.67,405.67
ord_b9496268,cust_396abae7,2024-06-02 19:30:57,paid,linear,google,1,1,1,1.0,405.67,405.67
ord_b9496268,cust_396abae7,2024-06-02 19:30:57,paid,time_decay,google,1,1,1,1.0,405.67,405.67
ord_5b1413ac,cust_89a65b4b,2024-06-02 07:37:15,refunded,last_touch,direct,1,1,1,1.0,95.16,95.16
ord_5b1413ac,cust_89a65b4b,2024-06-02 07:37:15,refunded,first_touch,meta,1,1,1,1.0,95.16,95.16
ord_5b1413ac,cust_89a65b4b,2024-06-02 07:37:15,refunded,linear,meta,1,1,1,1.0,95.16,95.16
ord_5b1413ac,cust_89a65b4b,2024-06-02 07:37:15,refunded,time_decay,meta,1,1,1,1.0,95.16,95.16
ord_dace9411,cust_0733ef3e,2024-06-02 21:24:56,paid,last_touch,direct,1,1,1,1.0,180.97,180.97
ord_dace9411,cust_0733ef3e,2024-06-02 21:24:56,paid,first_touch,organic,1,1,1,1.0,180.97,180.97
ord_dace9411,cust_0733ef3e,2024-06-02 21:24:56,paid,linear,organic,1,1,1,1.0,180.97,180.97
ord_dace9411,cust_0733ef3e,2024-06-02 21:24:56,paid,time_decay,organic,1,1,1,1.0,180.97,180.97
ord_51613c81,cust_ecac66be,2024-06-02 12:51:56,paid,last_touch,direct,1,1,1,1.0,87.46,87.46
ord_51613c81,cust_ecac66be,2024-06-02 12:51:56,paid,first_touch,google,1,1,1,1.0,87.46,87.46
ord_51613c81,cust_ecac66be,2024-06-02 12:51:56,paid,linear,google,1,1,1,1.0,87.46,87.46
ord_51613c81,cust_ecac66be,2024-06-02 12:51:56,paid,time_decay,google,1,1,1,1.0,87.46,87.46
ord_c61da689,cust_bd0c738a,2024-06-03 20:54:20,paid,last_touch,direct,1,1,1,1.0,69.58,69.58
ord_c61da689,cust_bd0c738a,2024-06-03 20:54:20,paid,first_touch,meta,1,1,1,1.0,69.58,69.58
ord_c61da689,cust_bd0c738a,2024-06-03 20:54:20,paid,linear,meta,1,1,1,1.0,69.58,69.58
ord_c61da689,cust_bd0c738a,2024-06-03 20:54:20,paid,time_decay,meta,1,1,1,1.0,69.58,69.58
ord_16bb6497,cust_b11cbd7e,2024-06-03 21:46:17,refunded,last_touch,meta,1,1,1,1.0,71.24,71.24
ord_16bb6497,cust_b11cbd7e,2024-06-03 21:46:17,refunded,first_touch,meta,1,1,1,1.0,71.24,71.24
ord_16bb6497,cust_b11cbd7e,2024-06-03 21:46:17,refunded,linear,meta,1,1,1,1.0,71.24,71.24
ord_16bb6497,cust_b11cbd7e,2024-06-03 21:46:17,refunded,time_decay,meta,1,1,1,1.0,71.24,71.24
ord_71186dec,cust_9a88dc12,2024-06-03 19:34:37,paid,last_touch,email,1,1,1,1.0,30.66,30.66
ord_71186dec,cust_9a88dc12,2024-06-03 19:34:37,paid,first_touch,email,1,1,1,1.0,30.66,30.66
ord_71186dec,cust_9a88dc12,2024-06-03 19:34:37,paid,linear,email,1,1,1,1.0,30.66,30.66
ord_71186dec,cust_9a88dc12,2024-06-03 19:34:37,paid,time_decay,email,1,1,1,1.0,30.66,30.66
ord_629f63f6,cust_f5556efc,2024-06-04 15:12:48,paid,last_touch,organic,1,1,1,1.0,192.73,192.73
ord_629f63f6,cust_f5556efc,2024-06-04 15:12:48,paid,first_touch,organic,1,1,1,1.0,192.73,192.73
ord_629f63f6,cust_f5556efc,2024-06-04 15:12:48,paid,linear,organic,1,1,1,1.0,192.73,192.73
ord_629f63f6,cust_f5556efc,2024-06-04 15:12:48,paid,time_decay,organic,1,1,1,1.0,192.73,192.73
ord_9296a2c3,cust_88dd54ff,2024-06-04 22:11:50,refunded,last_touch,google,1,1,1,1.0,90.01,90.01
ord_9296a2c3,cust_88dd54ff,2024-06-04 22:11:50,refunded,first_touch,google,1,1,1,1.0,90.01,90.01
ord_9296a2c3,cust_88dd54ff,2024-06-04 22:11:50,refunded,linear,google,1,1,1,1.0,90.01,90.01
ord_9296a2c3,cust_88dd54ff,2024-06-04 22:11:50,refunded,time_decay,google,1,1,1,1.0,90.01,90.01
ord_469f27cf,cust_24f4d553,2024-06-04 14:19:34,paid,last_touch,email,1,1,1,1.0,175.79,175.79
ord_469f27cf,cust_24f4d553,2024-06-04 14:19:34,paid,first_touch,email,1,1,1,1.0,175.79,175.79
ord_469f27cf,cust_24f4d553,2024-06-04 14:19:34,paid,linear,email,1,1,1,1.0,175.79,175.79
ord_469f27cf,cust_24f4d553,2024-06-04 14:19:34,paid,time_decay,email,1,1,1,1.0,175.79,175.79
ord_c6cf6ebf,cust_02b4dbbb,2024-06-04 15:53:15,paid,last_touch,meta,1,1,1,1.0,29.8,29.8
ord_c6cf6ebf,cust_02b4dbbb,2024-06-04 15:53:15,paid,first_touch,meta,1,1,1,1.0,29.8,29.8
ord_c6cf6ebf,cust_02b4dbbb,2024-06-04 15:53:15,paid,linear,meta,1,1,1,1.0,29.8,29.8
ord_c6cf6ebf,cust_02b4dbbb,2024-06-04 15:53:15,paid,time_decay,meta,1,1,1,1.0,29.8,29.8
ord_50037576,cust_f0eec516,2024-06-04 13:00:00,paid,last_touch,direct,1,1,1,1.0,152.51,152.51
ord_50037576,cust_f0eec516,2024-06-04 13:00:00,paid,first_touch,direct,1,1,1,1.0,152.51,152.51
ord_50037576,cust_f0eec516,2024-06-04 13:00:00,paid,linear,direct,1,1,1,1.0,152.51,152.51
ord_50037576,cust_f0eec516,2024-06-04 13:00:00,paid,time_decay,direct,1,1,1,1.0,152.51,152.51
ord_90009e12,cust_69f1f014,2024-06-05 10:20:10,paid,last_touch,organic,1,1,1,1.0,198.58,198.58
ord_90009e12,cust_69f1f014,2024-06-05 10:20:10,paid,first_touch,organic,1,1,1,1.0,198.58,198.58
ord_90009e12,cust_69f1f014,2024-06-05 10:20:10,paid,linear,organic,1,1,1,1.0,198.58,198.58
ord_90009e12,cust_69f1f014,2024-06-05 10:20:10,paid,time_decay,organic,1,1,1,1.0,198.58,198.58
ord_fd955f18,cust_53a482bd,2024-06-05 20:12:29,paid,last_touch,direct,1,1,1,1.0,22.78,22.78
ord_fd955f18,cust_53a482bd,2024-06-05 20:12:29,paid,first_touch,meta,1,1,1,1.0,22.78,22.78
ord_fd955f18,cust_53a482bd,2024-06-05 20:12:29,paid,linear,meta,1,1,1,1.0,22.78,22.78
ord_fd955f18,cust_53a482bd,2024-06-05 20:12:29,paid,time_decay,meta,1,1,1,1.0,22.78,22.78
ord_64be0444,cust_7c2338ea,2024-06-05 06:57:14,paid,last_touch,organic,1,1,1,1.0,362.31,362.31
ord_64be0444,cust_7c2338ea,2024-06-05 06:57:14,paid,first_touch,organic,1,1,1,1.0,362.31,362.31
ord_64be0444,cust_7c2338ea,2024-06-05 06:57:14,paid,linear,organic,1,1,1,1.0,362.31,362.31
ord_64be0444,cust_7c2338ea,2024-06-05 06:57:14,paid,time_decay,organic,1,1,1,1.0,362.31,362.31
ord_cbb7c38f,cust_6e88f4df,2024-06-05 12:48:58,paid,last_touch,direct,1,1,1,1.0,90.99,90.99
ord_cbb7c38f,cust_6e88f4df,2024-06-05 12:48:58,paid,first_touch,direct,1,1,1,1.0,90.99,90.99
ord_cbb7c38f,cust_6e88f4df,2024-06-05 12:48:58,paid,linear,direct,1,1,1,1.0,90.99,90.99
ord_cbb7c38f,cust_6e88f4df,2024-06-05 12:48:58,paid,time_decay,direct,1,1,1,1.0,90.99,90.99
ord_8e587402,cust_3065793f,2024-06-05 20:50:29,paid,last_touch,direct,1,1,1,1.0,123.67,123.67
ord_8e587402,cust_3065793f,2024-06-05 20:50:29,paid,first_touch,organic,1,1,1,1.0,123.67,123.67
ord_8e587402,cust_3065793f,2024-06-05 20:50:29,paid,linear,organic,1,1,1,1.0,123.67,123.67
ord_8e587402,cust_3065793f,2024-06-05 20:50:29,paid,time_decay,organic,1,1,1,1.0,123.67,123.67
ord_270b412b,cust_e2217215,2024-06-05 20:46:25,paid,last_touch,direct,1,1,1,1.0,71.18,71.18
ord_270b412b,cust_e2217215,2024-06-05 20:46:25,paid,first_touch,direct,1,1,1,1.0,71.18,71.18
ord_270b412b,cust_e2217215,2024-06-05 20:46:25,paid,linear,direct,1,1,1,1.0,71.18,71.18
ord_270b412b,cust_e2217215,2024-06-05 20:46:25,paid,time_decay,direct,1,1,1,1.0,71.18,71.18
ord_1855a552,cust_789924f6,2024-06-05 12:53:21,paid,last_touch,direct,1,1,1,1.0,64.94,64.94
ord_1855a552,cust_789924f6,2024-06-05 12:53:21,paid,first_touch,meta,1,1,1,1.0,64.94,64.94
ord_1855a552,cust_789924f6,2024-06-05 12:53:21,paid,linear,meta,1,1,1,1.0,64.94,64.94
ord_1855a552,cust_789924f6,2024-06-05 12:53:21,paid,time_decay,meta,1,1,1,1.0,64.94,64.94
ord_1a561822,cust_034c2eda,2024-06-06 15:02:05,paid,last_touch,direct,1,1,1,1.0,85.5,85.5
ord_1a561822,cust_034c2eda,2024-06-06 15:02:05,paid,first_touch,direct,1,1,1,1.0,85.5,85.5
ord_1a561822,cust_034c2eda,2024-06-06 15:02:05,paid,linear,direct,1,1,1,1.0,85.5,85.5
ord_1a561822,cust_034c2eda,2024-06-06 15:02:05,paid,time_decay,direct,1,1,1,1.0,85.5,85.5
ord_c9870315,cust_08096668,2024-06-06 21:05:16,paid,last_touch,direct,1,1,1,1.0,81.97,81.97
ord_c9870315,cust_08096668,2024-06-06 21:05:16,paid,first_touch,direct,1,1,1,1.0,81.97,81.97
ord_c9870315,cust_08096668,2024-06-06 21:05:16,paid,linear,direct,1,1,1,1.0,81.97,81.97
ord_c9870315,cust_08096668,2024-06-06 21:05:16,paid,time_decay,direct,1,1,1,1.0,81.97,81.97
ord_674837c2,cust_7a27fe8b,2024-06-06 13:21:23,paid,last_touch,email,1,1,1,1.0,75.33,75.33
ord_674837c2,cust_7a27fe8b,2024-06-06 13:21:23,paid,first_touch,email,1,1,1,1.0,75.33,75.33
ord_674837c2,cust_7a27fe8b,2024-06-06 13:21:23,paid,linear,email,1,1,1,1.0,75.33,75.33
ord_674837c2,cust_7a27fe8b,2024-06-06 13:21:23,paid,time_decay,email,1,1,1,1.0,75.33,75.33
ord_a8b3c67f,cust_bebf3f4a,2024-06-06 11:38:03,paid,last_touch,google,1,1,1,1.0,154.45,154.45
ord_a8b3c67f,cust_bebf3f4a,2024-06-06 11:38:03,paid,first_touch,google,1,1,1,1.0,154.45,154.45
ord_a8b3c67f,cust_bebf3f4a,2024-06-06 11:38:03,paid,linear,google,1,1,1,1.0,154.45,154.45
ord_a8b3c67f,cust_bebf3f4a,2024-06-06 11:38:03,paid,time_decay,google,1,1,1,1.0,154.45,154.45
ord_44c76163,cust_f733fd75,2024-06-06 22:36:32,paid,last_touch,tiktok,1,1,1,1.0,84.9,84.9
ord_44c76163,cust_f733fd75,2024-06-06 22:36:32,paid,first_touch,tiktok,1,1,1,1.0,84.9,84.9
ord_44c76163,cust_f733fd75,2024-06-06 22:36:32,paid,linear,tiktok,1,1,1,1.0,84.9,84.9
ord_44c76163,cust_f733fd75,2024-06-06 22:36:32,paid,time_decay,tiktok,1,1,1,1.0,84.9,84.9
ord_75a0226e,cust_efc798f0,2024-06-06 09:41:38,paid,last_touch,direct,1,1,1,1.0,180.43,180.43
ord_75a0226e,cust_efc798f0,2024-06-06 09:41:38,paid,first_touch,direct,1,1,1,1.0,180.43,180.43
ord_75a0226e,cust_efc798f0,2024-06-06 09:41:38,paid,linear,direct,1,1,1,1.0,180.43,180.43
ord_75a0226e,cust_efc798f0,2024-06-06 09:41:38,paid,time_decay,direct,1,1,1,1.0,180.43,180.43
ord_aae6e5d0,cust_d333e76f,2024-06-07 20:57:28,paid,last_touch,direct,1,1,1,1.0,84.1,84.1
ord_aae6e5d0,cust_d333e76f,2024-06-07 20:57:28,paid,first_touch,meta,1,1,1,1.0,84.1,84.1
ord_aae6e5d0,cust_d333e76f,2024-06-07 20:57:28,paid,linear,meta,1,1,1,1.0,84.1,84.1
ord_aae6e5d0,cust_d333e76f,2024-06-07 20:57:28,paid,time_decay,meta,1,1,1,1.0,84.1,84.1
ord_5f092dcc,cust_f0f4000b,2024-06-07 12:21:13,paid,last_touch,google,1,1,1,1.0,56.78,56.78
ord_5f092dcc,cust_f0f4000b,2024-06-07 12:21:13,paid,first_touch,google,1,1,1,1.0,56.78,56.78
ord_5f092dcc,cust_f0f4000b,2024-06-07 12:21:13,paid,linear,google,1,1,1,1.0,56.78,56.78
ord_5f092dcc,cust_f0f4000b,2024-06-07 12:21:13,paid,time_decay,google,1,1,1,1.0,56.78,56.78
ord_cb6a8141,cust_9b9bb1de,2024-06-07 17:22:13,paid,last_touch,direct,1,1,1,1.0,168.09,168.09
ord_cb6a8141,cust_9b9bb1de,2024-06-07 17:22:13,paid,first_touch,organic,1,1,1,1.0,168.09,168.09
ord_cb6a8141,cust_9b9bb1de,2024-06-07 17:22:13,paid,linear,organic,1,1,1,1.0,168.09,168.09
ord_cb6a8141,cust_9b9bb1de,2024-06-07 17:22:13,paid,time_decay,organic,1,1,1,1.0,168.09,168.09
ord_e8d3b421,cust_3a91347d,2024-06-07 04:37:22,paid,last_touch,direct,1,1,1,1.0,84.56,84.56
ord_e8d3b421,cust_3a91347d,2024-06-07 04:37:22,paid,first_touch,direct,1,1,1,1.0,84.56,84.56
ord_e8d3b421,cust_3a91347d,2024-06-07 04:37:22,paid,linear,direct,1,1,1,1.0,84.56,84.56
ord_e8d3b421,cust_3a91347d,2024-06-07 04:37:22,paid,time_decay,direct,1,1,1,1.0,84.56,84.56
ord_a1c47dc2,cust_f53b1542,2024-06-08 07:57:17,paid,last_touch,direct,1,1,1,1.0,233.64,233.64
ord_a1c47dc2,cust_f53b1542,2024-06-08 07:57:17,paid,first_touch,direct,1,1,1,1.0,233.64,233.64
ord_a1c47dc2,cust_f53b1542,2024-06-08 07:57:17,paid,linear,direct,1,1,1,1.0,233.64,233.64
ord_a1c47dc2,cust_f53b1542,2024-06-08 07:57:17,paid,time_decay,direct,1,1,1,1.0,233.64,233.64
ord_d371aec0,cust_b3d61c08,2024-06-08 08:56:17,paid,last_touch,meta,1,1,1,1.0,78.44,78.44
ord_d371aec0,cust_b3d61c08,2024-06-08 08:56:17,paid,first_touch,meta,1,1,1,1.0,78.44,78.44
ord_d371aec0,cust_b3d61c08,2024-06-08 08:56:17,paid,linear,meta,1,1,1,1.0,78.44,78.44
ord_d371aec0,cust_b3d61c08,2024-06-08 08:56:17,paid,time_decay,meta,1,1,1,1.0,78.44,78.44
ord_66e2b2fb,cust_4c9e0863,2024-06-08 19:09:01,paid,last_touch,direct,1,1,1,1.0,116.43,116.43
ord_66e2b2fb,cust_4c9e0863,2024-06-08 19:09:01,paid,first_touch,direct,1,1,1,1.0,116.43,116.43
ord_66e2b2fb,cust_4c9e0863,2024-06-08 19:09:01,paid,linear,direct,1,1,1,1.0,116.43,116.43
ord_66e2b2fb,cust_4c9e0863,2024-06-08 19:09:01,paid,time_decay,direct,1,1,1,1.0,116.43,116.43
ord_af00dfb7,cust_035b8e2a,2024-06-08 20:35:47,chargeback,last_touch,direct,1,1,1,1.0,59.98,59.98
ord_af00dfb7,cust_035b8e2a,2024-06-08 20:35:47,chargeback,first_touch,meta,1,1,1,1.0,59.98,59.98
ord_af00dfb7,cust_035b8e2a,2024-06-08 20:35:47,chargeback,linear,meta,1,1,1,1.0,59.98,59.98
ord_af00dfb7,cust_035b8e2a,2024-06-08 20:35:47,chargeback,time_decay,meta,1,1,1,1.0,59.98,59.98
ord_e0d63979,cust_d6efa8bb,2024-06-08 07:21:51,paid,last_touch,meta,1,1,1,1.0,101.61,101.61
ord_e0d63979,cust_d6efa8bb,2024-06-08 07:21:51,paid,first_touch,meta,1,1,1,1.0,101.61,101.61
ord_e0d63979,cust_d6efa8bb,2024-06-08 07:21:51,paid,linear,meta,1,1,1,1.0,101.61,101.61
ord_e0d63979,cust_d6efa8bb,2024-06-08 07:21:51,paid,time_decay,meta,1,1,1,1.0,101.61,101.61
ord_36d20e01,cust_7b987f22,2024-06-08 23:09:49,paid,last_touch,direct,1,1,1,1.0,213.71,213.71
ord_36d20e01,cust_7b987f22,2024-06-08 23:09:49,paid,first_touch,organic,1,1,1,1.0,213.71,213.71
ord_36d20e01,cust_7b987f22,2024-06-08 23:09:49,paid,linear,organic,1,1,1,1.0,213.71,213.71
ord_36d20e01,cust_7b987f22,2024-06-08 23:09:49,paid,time_decay,organic,1,1,1,1.0,213.71,213.71
ord_c9c89132,cust_f03196e5,2024-06-08 19:08:11,paid,last_touch,direct,1,1,1,1.0,32.42,32.42
ord_c9c89132,cust_f03196e5,2024-06-08 19:08:11,paid,first_touch,direct,1,1,1,1.0,32.42,32.42
ord_c9c89132,cust_f03196e5,2024-06-08 19:08:11,paid,linear,direct,1,1,1,1.0,32.42,32.42
ord_c9c89132,cust_f03196e5,2024-06-08 19:08:11,paid,time_decay,direct,1,1,1,1.0,32.42,32.42
ord_8238ac4c,cust_abe46a13,2024-06-08 19:09:55,paid,last_touch,direct,1,1,1,1.0,105.48,105.48
ord_8238ac4c,cust_abe46a13,2024-06-08 19:09:55,paid,first_touch,direct,1,1,1,1.0,105.48,105.48
ord_8238ac4c,cust_abe46a13,2024-06-08 19:09:55,paid,linear,direct,1,1,1,1.0,105.48,105.48
ord_8238ac4c,cust_abe46a13,2024-06-08 19:09:55,paid,time_decay,direct,1,1,1,1.0,105.48,105.48
ord_b0b12a7b,cust_8cb2c7e9,2024-06-08 20:43:54,paid,last_touch,direct,1,1,1,1.0,176.88,176.88
ord_b0b12a7b,cust_8cb2c7e9,2024-06-08 20:43:54,paid,first_touch,meta,1,1,1,1.0,176.88,176.88
ord_b0b12a7b,cust_8cb2c7e9,2024-06-08 20:43:54,paid,linear,meta,1,1,1,1.0,176.88,176.88
ord_b0b12a7b,cust_8cb2c7e9,2024-06-08 20:43:54,paid,time_decay,meta,1,1,1,1.0,176.88,176.88
ord_abb71710,cust_897231c6,2024-06-08 14:22:30,paid,last_touch,direct,1,1,1,1.0,103.79,103.79
ord_abb71710,cust_897231c6,2024-06-08 14:22:30,paid,first_touch,organic,1,1,1,1.0,103.79,103.79
ord_abb71710,cust_897231c6,2024-06-08 14:22:30,paid,linear,organic,1,1,1,1.0,103.79,103.79
ord_abb71710,cust_897231c6,2024-06-08 14:22:30,paid,time_decay,organic,1,1,1,1.0,103.79,103.79
ord_6951d117,cust_256c7079,2024-06-09 19:47:12,paid,last_touch,direct,1,1,1,1.0,189.48,189.48
ord_6951d117,cust_256c7079,2024-06-09 19:47:12,paid,first_touch,email,1,1,1,1.0,189.48,189.48
ord_6951d117,cust_256c7079,2024-06-09 19:47:12,paid,linear,email,1,1,1,1.0,189.48,189.48
ord_6951d117,cust_256c7079,2024-06-09 19:47:12,paid,time_decay,email,1,1,1,1.0,189.48,189.48
ord_9b634eab,cust_5bcf96fa,2024-06-09 18:14:27,paid,last_touch,meta,1,1,1,1.0,83.72,83.72
ord_9b634eab,cust_5bcf96fa,2024-06-09 18:14:27,paid,first_touch,meta,1,1,1,1.0,83.72,83.72
ord_9b634eab,cust_5bcf96fa,2024-06-09 18:14:27,paid,linear,meta,1,1,1,1.0,83.72,83.72
ord_9b634eab,cust_5bcf96fa,2024-06-09 18:14:27,paid,time_decay,meta,1,1,1,1.0,83.72,83.72
ord_8ee9425c,cust_37bd6595,2024-06-09 20:35:02,paid,last_touch,direct,1,1,1,1.0,390.2,390.2
ord_8ee9425c,cust_37bd6595,2024-06-09 20:35:02,paid,first_touch,direct,1,1,1,1.0,390.2,390.2
ord_8ee9425c,cust_37bd6595,2024-06-09 20:35:02,paid,linear,direct,1,1,1,1.0,390.2,390.2
ord_8ee9425c,cust_37bd6595,2024-06-09 20:35:02,paid,time_decay,direct,1,1,1,1.0,390.2,390.2
ord_d0461d38,cust_52979fb8,2024-06-09 10:37:46,paid,last_touch,meta,1,1,1,1.0,48.53,48.53
ord_d0461d38,cust_52979fb8,2024-06-09 10:37:46,paid,first_touch,meta,1,1,1,1.0,48.53,48.53
ord_d0461d38,cust_52979fb8,2024-06-09 10:37:46,paid,linear,meta,1,1,1,1.0,48.53,48.53
ord_d0461d38,cust_52979fb8,2024-06-09 10:37:46,paid,time_decay,meta,1,1,1,1.0,48.53,48.53
ord_d8945eda,cust_98330fa5,2024-06-09 17:02:09,refunded,last_touch,google,1,1,1,1.0,50.39,50.39
ord_d8945eda,cust_98330fa5,2024-06-09 17:02:09,refunded,first_touch,google,1,1,1,1.0,50.39,50.39
ord_d8945eda,cust_98330fa5,2024-06-09 17:02:09,refunded,linear,google,1,1,1,1.0,50.39,50.39
ord_d8945eda,cust_98330fa5,2024-06-09 17:02:09,refunded,time_decay,google,1,1,1,1.0,50.39,50.39
ord_b00a5674,cust_1d1497b7,2024-06-09 10:39:05,paid,last_touch,organic,1,1,1,1.0,275.04,275.04
ord_b00a5674,cust_1d1497b7,2024-06-09 10:39:05,paid,first_touch,organic,1,1,1,1.0,275.04,275.04
ord_b00a5674,cust_1d1497b7,2024-06-09 10:39:05,paid,linear,organic,1,1,1,1.0,275.04,275.04
ord_b00a5674,cust_1d1497b7,2024-06-09 10:39:05,paid,time_decay,organic,1,1,1,1.0,275.04,275.04
ord_b42f1ce6,cust_a51b3ed5,2024-06-10 16:00:27,paid,last_touch,google,1,1,1,1.0,132.3,132.3
ord_b42f1ce6,cust_a51b3ed5,2024-06-10 16:00:27,paid,first_touch,google,1,1,1,1.0,132.3,132.3
ord_b42f1ce6,cust_a51b3ed5,2024-06-10 16:00:27,paid,linear,google,1,1,1,1.0,132.3,132.3
ord_b42f1ce6,cust_a51b3ed5,2024-06-10 16:00:27,paid,time_decay,google,1,1,1,1.0,132.3,132.3
ord_2590eff7,cust_1a1a592d,2024-06-10 07:54:05,paid,last_touch,direct,1,1,1,1.0,159.63,159.63
ord_2590eff7,cust_1a1a592d,2024-06-10 07:54:05,paid,first_touch,google,1,1,1,1.0,159.63,159.63
ord_2590eff7,cust_1a1a592d,2024-06-10 07:54:05,paid,linear,google,1,1,1,1.0,159.63,159.63
ord_2590eff7,cust_1a1a592d,2024-06-10 07:54:05,paid,time_decay,google,1,1,1,1.0,159.63,159.63
ord_fc5c6c2b,cust_9bf470c3,2024-06-10 09:59:06,paid,last_touch,google,1,1,1,1.0,88.14,88.14
ord_fc5c6c2b,cust_9bf470c3,2024-06-10 09:59:06,paid,first_touch,google,1,1,1,1.0,88.14,88.14
ord_fc5c6c2b,cust_9bf470c3,2024-06-10 09:59:06,paid,linear,google,1,1,1,1.0,88.14,88.14
ord_fc5c6c2b,cust_9bf470c3,2024-06-10 09:59:06,paid,time_decay,google,1,1,1,1.0,88.14,88.14
ord_36f517a9,cust_55573c95,2024-06-10 12:06:05,refunded,last_touch,organic,1,1,1,1.0,78.55,78.55
ord_36f517a9,cust_55573c95,2024-06-10 12:06:05,refunded,first_touch,organic,1,1,1,1.0,78.55,78.55
ord_36f517a9,cust_55573c95,2024-06-10 12:06:05,refunded,linear,organic,1,1,1,1.0,78.55,78.55
ord_36f517a9,cust_55573c95,2024-06-10 12:06:05,refunded,time_decay,organic,1,1,1,1.0,78.55,78.55
ord_1e16bf4b,cust_261137a1,2024-06-10 19:32:10,chargeback,last_touch,meta,1,1,1,1.0,42.69,42.69
ord_1e16bf4b,cust_261137a1,2024-06-10 19:32:10,chargeback,first_touch,meta,1,1,1,1.0,42.69,42.69
ord_1e16bf4b,cust_261137a1,2024-06-10 19:32:10,chargeback,linear,meta,1,1,1,1.0,42.69,42.69
ord_1e16bf4b,cust_261137a1,2024-06-10 19:32:10,chargeback,time_decay,meta,1,1,1,1.0,42.69,42.69
ord_8c02a2f3,cust_fd236a69,2024-06-11 16:31:27,paid,last_touch,direct,1,1,1,1.0,159.85,159.85
ord_8c02a2f3,cust_fd236a69,2024-06-11 16:31:27,paid,first_touch,meta,1,1,1,1.0,159.85,159.85
ord_8c02a2f3,cust_fd236a69,2024-06-11 16:31:27,paid,linear,meta,1,1,1,1.0,159.85,159.85
ord_8c02a2f3,cust_fd236a69,2024-06-11 16:31:27,paid,time_decay,meta,1,1,1,1.0,159.85,159.85
ord_52863d66,cust_770a81fd,2024-06-11 09:53:31,paid,last_touch,direct,1,1,1,1.0,119.18,119.18
ord_52863d66,cust_770a81fd,2024-06-11 09:53:31,paid,first_touch,meta,1,1,1,1.0,119.18,119.18
ord_52863d66,cust_770a81fd,2024-06-11 09:53:31,paid,linear,meta,1,1,1,1.0,119.18,119.18
ord_52863d66,cust_770a81fd,2024-06-11 09:53:31,paid,time_decay,meta,1,1,1,1.0,119.18,119.18
ord_a35f8515,cust_b6e9d351,2024-06-11 22:57:14,paid,last_touch,direct,1,1,1,1.0,89.12,89.12
ord_a35f8515,cust_b6e9d351,2024-06-11 22:57:14,paid,first_touch,meta,1,1,1,1.0,89.12,89.12
ord_a35f8515,cust_b6e9d351,2024-06-11 22:57:14,paid,linear,meta,1,1,1,1.0,89.12,89.12
ord_a35f8515,cust_b6e9d351,2024-06-11 22:57:14,paid,time_decay,meta,1,1,1,1.0,89.12,89.12
ord_d98ac459,cust_4b1ca9f2,2024-06-12 19:01:03,paid,last_touch,direct,1,1,1,1.0,44.74,44.74
ord_d98ac459,cust_4b1ca9f2,2024-06-12 19:01:03,paid,first_touch,meta,1,1,1,1.0,44.74,44.74
ord_d98ac459,cust_4b1ca9f2,2024-06-12 19:01:03,paid,linear,meta,1,1,1,1.0,44.74,44.74
ord_d98ac459,cust_4b1ca9f2,2024-06-12 19:01:03,paid,time_decay,meta,1,1,1,1.0,44.74,44.74
ord_fb593abb,cust_a3d14de5,2024-06-12 12:34:06,paid,last_touch,direct,1,1,1,1.0,51.16,51.16
ord_fb593abb,cust_a3d14de5,2024-06-12 12:34:06,paid,first_touch,direct,1,1,1,1.0,51.16,51.16
ord_fb593abb,cust_a3d14de5,2024-06-12 12:34:06,paid,linear,direct,1,1,1,1.0,51.16,51.16
ord_fb593abb,cust_a3d14de5,2024-06-12 12:34:06,paid,time_decay,direct,1,1,1,1.0,51.16,51.16
ord_ccfff2ae,cust_8a0779b0,2024-06-12 13:18:09,paid,last_touch,google,1,1,1,1.0,226.27,226.27
ord_ccfff2ae,cust_8a0779b0,2024-06-12 13:18:09,paid,first_touch,google,1,1,1,1.0,226.27,226.27
ord_ccfff2ae,cust_8a0779b0,2024-06-12 13:18:09,paid,linear,google,1,1,1,1.0,226.27,226.27
ord_ccfff2ae,cust_8a0779b0,2024-06-12 13:18:09,paid,time_decay,google,1,1,1,1.0,226.27,226.27
ord_8eb6c981,cust_53c003c8,2024-06-12 22:07:19,paid,last_touch,tiktok,1,1,1,1.0,84.29,84.29
ord_8eb6c981,cust_53c003c8,2024-06-12 22:07:19,paid,first_touch,tiktok,1,1,1,1.0,84.29,84.29
ord_8eb6c981,cust_53c003c8,2024-06-12 22:07:19,paid,linear,tiktok,1,1,1,1.0,84.29,84.29
ord_8eb6c981,cust_53c003c8,2024-06-12 22:07:19,paid,time_decay,tiktok,1,1,1,1.0,84.29,84.29
ord_e361ff19,cust_db9e2944,2024-06-12 08:22:02,paid,last_touch,google,1,1,1,1.0,172.18,172.18
ord_e361ff19,cust_db9e2944,2024-06-12 08:22:02,paid,first_touch,google,1,1,1,1.0,172.18,172.18
ord_e361ff19,cust_db9e2944,2024-06-12 08:22:02,paid,linear,google,1,1,1,1.0,172.18,172.18
ord_e361ff19,cust_db9e2944,2024-06-12 08:22:02,paid,time_decay,google,1,1,1,1.0,172.18,172.18
ord_6a0415cb,cust_7ad267bd,2024-06-13 16:39:18,paid,last_touch,organic,1,1,1,1.0,65.48,65.48
ord_6a0415cb,cust_7ad267bd,2024-06-13 16:39:18,paid,first_touch,organic,1,1,1,1.0,65.48,65.48
ord_6a0415cb,cust_7ad267bd,2024-06-13 16:39:18,paid,linear,organic,1,1,1,1.0,65.48,65.48
ord_6a0415cb,cust_7ad267bd,2024-06-13 16:39:18,paid,time_decay,organic,1,1,1,1.0,65.48,65.48
ord_68987fe3,cust_0892e558,2024-06-13 19:17:08,paid,last_touch,organic,1,1,1,1.0,43.76,43.76
ord_68987fe3,cust_0892e558,2024-06-13 19:17:08,paid,first_touch,organic,1,1,1,1.0,43.76,43.76
ord_68987fe3,cust_0892e558,2024-06-13 19:17:08,paid,linear,organic,1,1,1,1.0,43.76,43.76
ord_68987fe3,cust_0892e558,2024-06-13 19:17:08,paid,time_decay,organic,1,1,1,1.0,43.76,43.76
ord_51bba861,cust_bfd94155,2024-06-13 19:31:10,paid,last_touch,organic,1,1,1,1.0,89.62,89.62
ord_51bba861,cust_bfd94155,2024-06-13 19:31:10,paid,first_touch,organic,1,1,1,1.0,89.62,89.62
ord_51bba861,cust_bfd94155,2024-06-13 19:31:10,paid,linear,organic,1,1,1,1.0,89.62,89.62
ord_51bba861,cust_bfd94155,2024-06-13 19:31:10,paid,time_decay,organic,1,1,1,1.0,89.62,89.62
ord_a66fbc04,cust_50bffc89,2024-06-13 20:11:51,paid,last_touch,tiktok,1,1,1,1.0,78.25,78.25
ord_a66fbc04,cust_50bffc89,2024-06-13 20:11:51,paid,first_touch,tiktok,1,1,1,1.0,78.25,78.25
ord_a66fbc04,cust_50bffc89,2024-06-13 20:11:51,paid,linear,tiktok,1,1,1,1.0,78.25,78.25
ord_a66fbc04,cust_50bffc89,2024-06-13 20:11:51,paid,time_decay,tiktok,1,1,1,1.0,78.25,78.25
ord_1c8920e0,cust_f90c05af,2024-06-13 16:38:40,paid,last_touch,direct,1,1,1,1.0,100.21,100.21
ord_1c8920e0,cust_f90c05af,2024-06-13 16:38:40,paid,first_touch,meta,1,1,1,1.0,100.21,100.21
ord_1c8920e0,cust_f90c05af,2024-06-13 16:38:40,paid,linear,meta,1,1,1,1.0,100.21,100.21
ord_1c8920e0,cust_f90c05af,2024-06-13 16:38:40,paid,time_decay,meta,1,1,1,1.0,100.21,100.21
ord_d4ce106b,cust_c2936336,2024-06-14 14:40:23,paid,last_touch,google,1,1,1,1.0,67.27,67.27
ord_d4ce106b,cust_c2936336,2024-06-14 14:40:23,paid,first_touch,google,1,1,1,1.0,67.27,67.27
ord_d4ce106b,cust_c2936336,2024-06-14 14:40:23,paid,linear,google,1,1,1,1.0,67.27,67.27
ord_d4ce106b,cust_c2936336,2024-06-14 14:40:23,paid,time_decay,google,1,1,1,1.0,67.27,67.27
ord_a9cb27e8,cust_56690f31,2024-06-14 08:19:15,refunded,last_touch,google,1,1,1,1.0,50.46,50.46
ord_a9cb27e8,cust_56690f31,2024-06-14 08:19:15,refunded,first_touch,google,1,1,1,1.0,50.46,50.46
ord_a9cb27e8,cust_56690f31,2024-06-14 08:19:15,refunded,linear,google,1,1,1,1.0,50.46,50.46
ord_a9cb27e8,cust_56690f31,2024-06-14 08:19:15,refunded,time_decay,google,1,1,1,1.0,50.46,50.46
ord_82f5486f,cust_84778f78,2024-06-14 09:34:09,paid,last_touch,google,1,1,1,1.0,75.61,75.61
ord_82f5486f,cust_84778f78,2024-06-14 09:34:09,paid,first_touch,google,1,1,1,1.0,75.61,75.61
ord_82f5486f,cust_84778f78,2024-06-14 09:34:09,paid,linear,google,1,1,1,1.0,75.61,75.61
ord_82f5486f,cust_84778f78,2024-06-14 09:34:09,paid,time_decay,google,1,1,1,1.0,75.61,75.61
ord_ee58e670,cust_c0236856,2024-06-14 08:59:48,paid,last_touch,google,1,1,1,1.0,40.23,40.23
ord_ee58e670,cust_c0236856,2024-06-14 08:59:48,paid,first_touch,google,1,1,1,1.0,40.23,40.23
ord_ee58e670,cust_c0236856,2024-06-14 08:59:48,paid,linear,google,1,1,1,1.0,40.23,40.23
ord_ee58e670,cust_c0236856,2024-06-14 08:59:48,paid,time_decay,google,1,1,1,1.0,40.23,40.23
ord_7339f7b4,cust_b9d4f3c4,2024-06-14 18:47:05,paid,last_touch,meta,1,1,1,1.0,37.13,37.13
ord_7339f7b4,cust_b9d4f3c4,2024-06-14 18:47:05,paid,first_touch,meta,1,1,1,1.0,37.13,37.13
ord_7339f7b4,cust_b9d4f3c4,2024-06-14 18:47:05,paid,linear,meta,1,1,1,1.0,37.13,37.13
ord_7339f7b4,cust_b9d4f3c4,2024-06-14 18:47:05,paid,time_decay,meta,1,1,1,1.0,37.13,37.13
ord_4c2c0152,cust_cc3c8cd3,2024-06-14 21:22:11,refunded,last_touch,meta,1,1,1,1.0,40.68,40.68
ord_4c2c0152,cust_cc3c8cd3,2024-06-14 21:22:11,refunded,first_touch,meta,1,1,1,1.0,40.68,40.68
ord_4c2c0152,cust_cc3c8cd3,2024-06-14 21:22:11,refunded,linear,meta,1,1,1,1.0,40.68,40.68
ord_4c2c0152,cust_cc3c8cd3,2024-06-14 21:22:11,refunded,time_decay,meta,1,1,1,1.0,40.68,40.68
ord_f7f4d13a,cust_7203a736,2024-06-15 09:19:13,paid,last_touch,direct,1,1,1,1.0,28.34,28.34
ord_f7f4d13a,cust_7203a736,2024-06-15 09:19:13,paid,first_touch,google,1,1,1,1.0,28.34,28.34
ord_f7f4d13a,cust_7203a736,2024-06-15 09:19:13,paid,linear,google,1,1,1,1.0,28.34,28.34
ord_f7f4d13a,cust_7203a736,2024-06-15 09:19:13,paid,time_decay,google,1,1,1,1.0,28.34,28.34
ord_4d7b1f89,cust_20e1aa2e,2024-06-15 21:55:32,paid,last_touch,direct,1,1,1,1.0,106.18,106.18
ord_4d7b1f89,cust_20e1aa2e,2024-06-15 21:55:32,paid,first_touch,google,1,1,1,1.0,106.18,106.18
ord_4d7b1f89,cust_20e1aa2e,2024-06-15 21:55:32,paid,linear,google,1,1,1,1.0,106.18,106.18
ord_4d7b1f89,cust_20e1aa2e,2024-06-15 21:55:32,paid,time_decay,google,1,1,1,1.0,106.18,106.18
ord_82cdce73,cust_35101b36,2024-06-15 16:12:58,refunded,last_touch,direct,1,1,1,1.0,317.07,317.07
ord_82cdce73,cust_35101b36,2024-06-15 16:12:58,refunded,first_touch,direct,1,1,1,1.0,317.07,317.07
ord_82cdce73,cust_35101b36,2024-06-15 16:12:58,refunded,linear,direct,1,1,1,1.0,317.07,317.07
ord_82cdce73,cust_35101b36,2024-06-15 16:12:58,refunded,time_decay,direct,1,1,1,1.0,317.07,317.07
ord_7809c76a,cust_b6ac5443,2024-06-16 08:35:10,paid,last_touch,direct,1,1,1,1.0,142.03,142.03
ord_7809c76a,cust_b6ac5443,2024-06-16 08:35:10,paid,first_touch,google,1,1,1,1.0,142.03,142.03
ord_7809c76a,cust_b6ac5443,2024-06-16 08:35:10,paid,linear,google,1,1,1,1.0,142.03,142.03
ord_7809c76a,cust_b6ac5443,2024-06-16 08:35:10,paid,time_decay,google,1,1,1,1.0,142.03,142.03
ord_b81c6489,cust_15ed0108,2024-06-16 17:06:57,paid,last_touch,google,1,1,1,1.0,42.34,42.34
ord_b81c6489,cust_15ed0108,2024-06-16 17:06:57,paid,first_touch,google,1,1,1,1.0,42.34,42.34
ord_b81c6489,cust_15ed0108,2024-06-16 17:06:57,paid,linear,google,1,1,1,1.0,42.34,42.34
ord_b81c6489,cust_15ed0108,2024-06-16 17:06:57,paid,time_decay,google,1,1,1,1.0,42.34,42.34
ord_40fa1681,cust_c825d256,2024-06-16 19:08:13,refunded,last_touch,meta,1,1,1,1.0,222.78,222.78
ord_40fa1681,cust_c825d256,2024-06-16 19:08:13,refunded,first_touch,meta,1,1,1,1.0,222.78,222.78
ord_40fa1681,cust_c825d256,2024-06-16 19:08:13,refunded,linear,meta,1,1,1,1.0,222.78,222.78
ord_40fa1681,cust_c825d256,2024-06-16 19:08:13,refunded,time_decay,meta,1,1,1,1.0,222.78,222.78
ord_6efad580,cust_8a04fcca,2024-06-16 14:34:00,refunded,last_touch,meta,1,1,1,1.0,185.22,185.22
ord_6efad580,cust_8a04fcca,2024-06-16 14:34:00,refunded,first_touch,meta,1,1,1,1.0,185.22,185.22
ord_6efad580,cust_8a04fcca,2024-06-16 14:34:00,refunded,linear,meta,1,1,1,1.0,185.22,185.22
ord_6efad580,cust_8a04fcca,2024-06-16 14:34:00,refunded,time_decay,meta,1,1,1,1.0,185.22,185.22
ord_48ced428,cust_fa1106ec,2024-06-16 15:11:04,paid,last_touch,meta,1,1,1,1.0,133.46,133.46
ord_48ced428,cust_fa1106ec,2024-06-16 15:11:04,paid,first_touch,meta,1,1,1,1.0,133.46,133.46
ord_48ced428,cust_fa1106ec,2024-06-16 15:11:04,paid,linear,meta,1,1,1,1.0,133.46,133.46
ord_48ced428,cust_fa1106ec,2024-06-16 15:11:04,paid,time_decay,meta,1,1,1,1.0,133.46,133.46
ord_7890834c,cust_bb4c6891,2024-06-16 17:43:38,paid,last_touch,direct,1,1,1,1.0,77.27,77.27
ord_7890834c,cust_bb4c6891,2024-06-16 17:43:38,paid,first_touch,direct,1,1,1,1.0,77.27,77.27
ord_7890834c,cust_bb4c6891,2024-06-16 17:43:38,paid,linear,direct,1,1,1,1.0,77.27,77.27
ord_7890834c,cust_bb4c6891,2024-06-16 17:43:38,paid,time_decay,direct,1,1,1,1.0,77.27,77.27
ord_53f5d304,cust_000a2b55,2024-06-16 08:32:22,paid,last_touch,tiktok,1,1,1,1.0,51.0,51.0
ord_53f5d304,cust_000a2b55,2024-06-16 08:32:22,paid,first_touch,tiktok,1,1,1,1.0,51.0,51.0
ord_53f5d304,cust_000a2b55,2024-06-16 08:32:22,paid,linear,tiktok,1,1,1,1.0,51.0,51.0
ord_53f5d304,cust_000a2b55,2024-06-16 08:32:22,paid,time_decay,tiktok,1,1,1,1.0,51.0,51.0
ord_6464c1f6,cust_65a5d3ea,2024-06-16 11:25:03,paid,last_touch,meta,1,1,1,1.0,97.8,97.8
ord_6464c1f6,cust_65a5d3ea,2024-06-16 11:25:03,paid,first_touch,meta,1,1,1,1.0,97.8,97.8
ord_6464c1f6,cust_65a5d3ea,2024-06-16 11:25:03,paid,linear,meta,1,1,1,1.0,97.8,97.8
ord_6464c1f6,cust_65a5d3ea,2024-06-16 11:25:03,paid,time_decay,meta,1,1,1,1.0,97.8,97.8
ord_e43a164f,cust_f1f790b0,2024-06-16 21:10:56,refunded,last_touch,organic,1,1,1,1.0,60.22,60.22
ord_e43a164f,cust_f1f790b0,2024-06-16 21:10:56,refunded,first_touch,organic,1,1,1,1.0,60.22,60.22
ord_e43a164f,cust_f1f790b0,2024-06-16 21:10:56,refunded,linear,organic,1,1,1,1.0,60.22,60.22
ord_e43a164f,cust_f1f790b0,2024-06-16 21:10:56,refunded,time_decay,organic,1,1,1,1.0,60.22,60.22
ord_75475a1f,cust_d2897687,2024-06-17 11:36:19,paid,last_touch,meta,1,1,1,1.0,62.93,62.93
ord_75475a1f,cust_d2897687,2024-06-17 11:36:19,paid,first_touch,meta,1,1,1,1.0,62.93,62.93
ord_75475a1f,cust_d2897687,2024-06-17 11:36:19,paid,linear,meta,1,1,1,1.0,62.93,62.93
ord_75475a1f,cust_d2897687,2024-06-17 11:36:19,paid,time_decay,meta,1,1,1,1.0,62.93,62.93
ord_4228bc78,cust_2f8158be,2024-06-17 13:19:20,paid,last_touch,direct,1,1,1,1.0,37.08,37.08
ord_4228bc78,cust_2f8158be,2024-06-17 13:19:20,paid,first_touch,direct,1,1,1,1.0,37.08,37.08
ord_4228bc78,cust_2f8158be,2024-06-17 13:19:20,paid,linear,direct,1,1,1,1.0,37.08,37.08
ord_4228bc78,cust_2f8158be,2024-06-17 13:19:20,paid,time_decay,direct,1,1,1,1.0,37.08,37.08
ord_7810efc1,cust_ebd1393c,2024-06-17 19:11:06,refunded,last_touch,direct,1,1,1,1.0,72.14,72.14
ord_7810efc1,cust_ebd1393c,2024-06-17 19:11:06,refunded,first_touch,organic,1,1,1,1.0,72.14,72.14
ord_7810efc1,cust_ebd1393c,2024-06-17 19:11:06,refunded,linear,organic,1,1,1,1.0,72.14,72.14
ord_7810efc1,cust_ebd1393c,2024-06-17 19:11:06,refunded,time_decay,organic,1,1,1,1.0,72.14,72.14
ord_63306a1f,cust_421d0f3a,2024-06-17 13:11:27,paid,last_touch,direct,1,1,1,1.0,38.52,38.52
ord_63306a1f,cust_421d0f3a,2024-06-17 13:11:27,paid,first_touch,tiktok,1,1,1,1.0,38.52,38.52
ord_63306a1f,cust_421d0f3a,2024-06-17 13:11:27,paid,linear,tiktok,1,1,1,1.0,38.52,38.52
ord_63306a1f,cust_421d0f3a,2024-06-17 13:11:27,paid,time_decay,tiktok,1,1,1,1.0,38.52,38.52
ord_425b9bd4,cust_4bee1041,2024-06-17 20:47:46,paid,last_touch,google,1,1,1,1.0,64.57,64.57
ord_425b9bd4,cust_4bee1041,2024-06-17 20:47:46,paid,first_touch,google,1,1,1,1.0,64.57,64.57
ord_425b9bd4,cust_4bee1041,2024-06-17 20:47:46,paid,linear,google,1,1,1,1.0,64.57,64.57
ord_425b9bd4,cust_4bee1041,2024-06-17 20:47:46,paid,time_decay,google,1,1,1,1.0,64.57,64.57
ord_6f024696,cust_e4ee5a86,2024-06-18 17:20:04,paid,last_touch,meta,1,1,1,1.0,57.96,57.96
ord_6f024696,cust_e4ee5a86,2024-06-18 17:20:04,paid,first_touch,meta,1,1,1,1.0,57.96,57.96
ord_6f024696,cust_e4ee5a86,2024-06-18 17:20:04,paid,linear,meta,1,1,1,1.0,57.96,57.96
ord_6f024696,cust_e4ee5a86,2024-06-18 17:20:04,paid,time_decay,meta,1,1,1,1.0,57.96,57.96
ord_40d8abba,cust_3fd68d73,2024-06-18 14:05:58,paid,last_touch,organic,1,1,1,1.0,105.77,105.77
ord_40d8abba,cust_3fd68d73,2024-06-18 14:05:58,paid,first_touch,organic,1,1,1,1.0,105.77,105.77
ord_40d8abba,cust_3fd68d73,2024-06-18 14:05:58,paid,linear,organic,1,1,1,1.0,105.77,105.77
ord_40d8abba,cust_3fd68d73,2024-06-18 14:05:58,paid,time_decay,organic,1,1,1,1.0,105.77,105.77
ord_0f02af81,cust_2ebc2573,2024-06-18 17:27:54,paid,last_touch,direct,1,1,1,1.0,53.79,53.79
ord_0f02af81,cust_2ebc2573,2024-06-18 17:27:54,paid,first_touch,tiktok,1,1,1,1.0,53.79,53.79
ord_0f02af81,cust_2ebc2573,2024-06-18 17:27:54,paid,linear,tiktok,1,1,1,1.0,53.79,53.79
ord_0f02af81,cust_2ebc2573,2024-06-18 17:27:54,paid,time_decay,tiktok,1,1,1,1.0,53.79,53.79
ord_0609794c,cust_12e8e365,2024-06-18 16:41:16,paid,last_touch,meta,1,1,1,1.0,132.63,132.63
ord_0609794c,cust_12e8e365,2024-06-18 16:41:16,paid,first_touch,meta,1,1,1,1.0,132.63,132.63
ord_0609794c,cust_12e8e365,2024-06-18 16:41:16,paid,linear,meta,1,1,1,1.0,132.63,132.63
ord_0609794c,cust_12e8e365,2024-06-18 16:41:16,paid,time_decay,meta,1,1,1,1.0,132.63,132.63
ord_e62c1b9e,cust_71f77ecb,2024-06-18 07:10:07,paid,last_touch,direct,1,1,1,1.0,113.56,113.56
ord_e62c1b9e,cust_71f77ecb,2024-06-18 07:10:07,paid,first_touch,google,1,1,1,1.0,113.56,113.56
ord_e62c1b9e,cust_71f77ecb,2024-06-18 07:10:07,paid,linear,google,1,1,1,1.0,113.56,113.56
ord_e62c1b9e,cust_71f77ecb,2024-06-18 07:10:07,paid,time_decay,google,1,1,1,1.0,113.56,113.56
ord_6da43982,cust_d545c454,2024-06-19 20:25:41,paid,last_touch,meta,1,1,1,1.0,53.91,53.91
ord_6da43982,cust_d545c454,2024-06-19 20:25:41,paid,first_touch,meta,1,1,1,1.0,53.91,53.91
ord_6da43982,cust_d545c454,2024-06-19 20:25:41,paid,linear,meta,1,1,1,1.0,53.91,53.91
ord_6da43982,cust_d545c454,2024-06-19 20:25:41,paid,time_decay,meta,1,1,1,1.0,53.91,53.91
ord_cbb595e2,cust_1b32556f,2024-06-19 07:37:41,paid,last_touch,google,1,1,1,1.0,93.49,93.49
ord_cbb595e2,cust_1b32556f,2024-06-19 07:37:41,paid,first_touch,google,1,1,1,1.0,93.49,93.49
ord_cbb595e2,cust_1b32556f,2024-06-19 07:37:41,paid,linear,google,1,1,1,1.0,93.49,93.49
ord_cbb595e2,cust_1b32556f,2024-06-19 07:37:41,paid,time_decay,google,1,1,1,1.0,93.49,93.49
ord_e0bc880c,cust_9836392e,2024-06-19 14:55:35,paid,last_touch,direct,1,1,1,1.0,303.52,303.52
ord_e0bc880c,cust_9836392e,2024-06-19 14:55:35,paid,first_touch,google,1,1,1,1.0,303.52,303.52
ord_e0bc880c,cust_9836392e,2024-06-19 14:55:35,paid,linear,google,1,1,1,1.0,303.52,303.52
ord_e0bc880c,cust_9836392e,2024-06-19 14:55:35,paid,time_decay,google,1,1,1,1.0,303.52,303.52
ord_2c4ed25a,cust_bc723509,2024-06-19 03:34:52,paid,last_touch,meta,1,1,1,1.0,54.6,54.6
ord_2c4ed25a,cust_bc723509,2024-06-19 03:34:52,paid,first_touch,meta,1,1,1,1.0,54.6,54.6
ord_2c4ed25a,cust_bc723509,2024-06-19 03:34:52,paid,linear,meta,1,1,1,1.0,54.6,54.6
ord_2c4ed25a,cust_bc723509,2024-06-19 03:34:52,paid,time_decay,meta,1,1,1,1.0,54.6,54.6
ord_aa9959fb,cust_0a2e0299,2024-06-19 20:56:33,paid,last_touch,meta,1,1,1,1.0,123.4,123.4
ord_aa9959fb,cust_0a2e0299,2024-06-19 20:56:33,paid,first_touch,meta,1,1,1,1.0,123.4,123.4
ord_aa9959fb,cust_0a2e0299,2024-06-19 20:56:33,paid,linear,meta,1,1,1,1.0,123.4,123.4
ord_aa9959fb,cust_0a2e0299,2024-06-19 20:56:33,paid,time_decay,meta,1,1,1,1.0,123.4,123.4
ord_59ffdd75,cust_30ba036d,2024-06-19 19:52:56,paid,last_touch,google,1,1,1,1.0,337.83,337.83
ord_59ffdd75,cust_30ba036d,2024-06-19 19:52:56,paid,first_touch,google,1,1,1,1.0,337.83,337.83
ord_59ffdd75,cust_30ba036d,2024-06-19 19:52:56,paid,linear,google,1,1,1,1.0,337.83,337.83
ord_59ffdd75,cust_30ba036d,2024-06-19 19:52:56,paid,time_decay,google,1,1,1,1.0,337.83,337.83
ord_235c88e2,cust_61a79b83,2024-06-19 17:34:05,paid,last_touch,direct,1,1,1,1.0,38.09,38.09
ord_235c88e2,cust_61a79b83,2024-06-19 17:34:05,paid,first_touch,tiktok,1,1,1,1.0,38.09,38.09
ord_235c88e2,cust_61a79b83,2024-06-19 17:34:05,paid,linear,tiktok,1,1,1,1.0,38.09,38.09
ord_235c88e2,cust_61a79b83,2024-06-19 17:34:05,paid,time_decay,tiktok,1,1,1,1.0,38.09,38.09
ord_a073ce60,cust_ac9227de,2024-06-20 10:33:18,paid,last_touch,direct,1,1,1,1.0,123.82,123.82
ord_a073ce60,cust_ac9227de,2024-06-20 10:33:18,paid,first_touch,direct,1,1,1,1.0,123.82,123.82
ord_a073ce60,cust_ac9227de,2024-06-20 10:33:18,paid,linear,direct,1,1,1,1.0,123.82,123.82
ord_a073ce60,cust_ac9227de,2024-06-20 10:33:18,paid,time_decay,direct,1,1,1,1.0,123.82,123.82
ord_42f23004,cust_df3da92e,2024-06-20 13:37:37,paid,last_touch,organic,1,1,1,1.0,304.35,304.35
ord_42f23004,cust_df3da92e,2024-06-20 13:37:37,paid,first_touch,organic,1,1,1,1.0,304.35,304.35
ord_42f23004,cust_df3da92e,2024-06-20 13:37:37,paid,linear,organic,1,1,1,1.0,304.35,304.35
ord_42f23004,cust_df3da92e,2024-06-20 13:37:37,paid,time_decay,organic,1,1,1,1.0,304.35,304.35
ord_355d8168,cust_a74f55b6,2024-06-21 16:09:56,paid,last_touch,organic,1,1,1,1.0,136.17,136.17
ord_355d8168,cust_a74f55b6,2024-06-21 16:09:56,paid,first_touch,organic,1,1,1,1.0,136.17,136.17
ord_355d8168,cust_a74f55b6,2024-06-21 16:09:56,paid,linear,organic,1,1,1,1.0,136.17,136.17
ord_355d8168,cust_a74f55b6,2024-06-21 16:09:56,paid,time_decay,organic,1,1,1,1.0,136.17,136.17
ord_ac31b7bc,cust_b5b7e28c,2024-06-21 07:55:10,paid,last_touch,direct,1,1,1,1.0,137.75,137.75
ord_ac31b7bc,cust_b5b7e28c,2024-06-21 07:55:10,paid,first_touch,direct,1,1,1,1.0,137.75,137.75
ord_ac31b7bc,cust_b5b7e28c,2024-06-21 07:55:10,paid,linear,direct,1,1,1,1.0,137.75,137.75
ord_ac31b7bc,cust_b5b7e28c,2024-06-21 07:55:10,paid,time_decay,direct,1,1,1,1.0,137.75,137.75
ord_0837baed,cust_0986407e,2024-06-21 22:06:06,paid,last_touch,direct,1,1,1,1.0,122.2,122.2
ord_0837baed,cust_0986407e,2024-06-21 22:06:06,paid,first_touch,organic,1,1,1,1.0,122.2,122.2
ord_0837baed,cust_0986407e,2024-06-21 22:06:06,paid,linear,organic,1,1,1,1.0,122.2,122.2
ord_0837baed,cust_0986407e,2024-06-21 22:06:06,paid,time_decay,organic,1,1,1,1.0,122.2,122.2
ord_6940d9f1,cust_d9f4b581,2024-06-21 12:42:47,paid,last_touch,tiktok,1,1,1,1.0,39.83,39.83
ord_6940d9f1,cust_d9f4b581,2024-06-21 12:42:47,paid,first_touch,tiktok,1,1,1,1.0,39.83,39.83
ord_6940d9f1,cust_d9f4b581,2024-06-21 12:42:47,paid,linear,tiktok,1,1,1,1.0,39.83,39.83
ord_6940d9f1,cust_d9f4b581,2024-06-21 12:42:47,paid,time_decay,tiktok,1,1,1,1.0,39.83,39.83
ord_02e6ed4c,cust_eb4b6285,2024-06-22 22:41:47,paid,last_touch,tiktok,1,1,1,1.0,150.03,150.03
ord_02e6ed4c,cust_eb4b6285,2024-06-22 22:41:47,paid,first_touch,tiktok,1,1,1,1.0,150.03,150.03
ord_02e6ed4c,cust_eb4b6285,2024-06-22 22:41:47,paid,linear,tiktok,1,1,1,1.0,150.03,150.03
ord_02e6ed4c,cust_eb4b6285,2024-06-22 22:41:47,paid,time_decay,tiktok,1,1,1,1.0,150.03,150.03
ord_39f34b7e,cust_f88e11bf,2024-06-22 18:44:24,paid,last_touch,direct,1,1,1,1.0,104.31,104.31
ord_39f34b7e,cust_f88e11bf,2024-06-22 18:44:24,paid,first_touch,meta,1,1,1,1.0,104.31,104.31
ord_39f34b7e,cust_f88e11bf,2024-06-22 18:44:24,paid,linear,meta,1,1,1,1.0,104.31,104.31
ord_39f34b7e,cust_f88e11bf,2024-06-22 18:44:24,paid,time_decay,meta,1,1,1,1.0,104.31,104.31
ord_fbb9c0fb,cust_7fa78d62,2024-06-22 12:06:22,chargeback,last_touch,direct,1,1,1,1.0,102.14,102.14
ord_fbb9c0fb,cust_7fa78d62,2024-06-22 12:06:22,chargeback,first_touch,direct,1,1,1,1.0,102.14,102.14
ord_fbb9c0fb,cust_7fa78d62,2024-06-22 12:06:22,chargeback,linear,direct,1,1,1,1.0,102.14,102.14
ord_fbb9c0fb,cust_7fa78d62,2024-06-22 12:06:22,chargeback,time_decay,direct,1,1,1,1.0,102.14,102.14
ord_456aeecd,cust_917410a0,2024-06-22 09:52:00,paid,last_touch,tiktok,1,1,1,1.0,58.95,58.95
ord_456aeecd,cust_917410a0,2024-06-22 09:52:00,paid,first_touch,tiktok,1,1,1,1.0,58.95,58.95
ord_456aeecd,cust_917410a0,2024-06-22 09:52:00,paid,linear,tiktok,1,1,1,1.0,58.95,58.95
ord_456aeecd,cust_917410a0,2024-06-22 09:52:00,paid,time_decay,tiktok,1,1,1,1.0,58.95,58.95
ord_5b3d43e3,cust_3c55f2df,2024-06-22 12:38:53,paid,last_touch,meta,1,1,1,1.0,94.98,94.98
ord_5b3d43e3,cust_3c55f2df,2024-06-22 12:38:53,paid,first_touch,meta,1,1,1,1.0,94.98,94.98
ord_5b3d43e3,cust_3c55f2df,2024-06-22 12:38:53,paid,linear,meta,1,1,1,1.0,94.98,94.98
ord_5b3d43e3,cust_3c55f2df,2024-06-22 12:38:53,paid,time_decay,meta,1,1,1,1.0,94.98,94.98
ord_d4a4ac65,cust_edf2d981,2024-06-23 19:13:52,refunded,last_touch,google,1,1,1,1.0,82.09,82.09
ord_d4a4ac65,cust_edf2d981,2024-06-23 19:13:52,refunded,first_touch,google,1,1,1,1.0,82.09,82.09
ord_d4a4ac65,cust_edf2d981,2024-06-23 19:13:52,refunded,linear,google,1,1,1,1.0,82.09,82.09
ord_d4a4ac65,cust_edf2d981,2024-06-23 19:13:52,refunded,time_decay,google,1,1,1,1.0,82.09,82.09
ord_6b0ae256,cust_2c67d97e,2024-06-23 22:50:37,paid,last_touch,tiktok,1,1,1,1.0,37.55,37.55
ord_6b0ae256,cust_2c67d97e,2024-06-23 22:50:37,paid,first_touch,tiktok,1,1,1,1.0,37.55,37.55
ord_6b0ae256,cust_2c67d97e,2024-06-23 22:50:37,paid,linear,tiktok,1,1,1,1.0,37.55,37.55
ord_6b0ae256,cust_2c67d97e,2024-06-23 22:50:37,paid,time_decay,tiktok,1,1,1,1.0,37.55,37.55
ord_5f19d201,cust_eb4e1778,2024-06-23 20:06:32,paid,last_touch,meta,1,1,1,1.0,211.94,211.94
ord_5f19d201,cust_eb4e1778,2024-06-23 20:06:32,paid,first_touch,meta,1,1,1,1.0,211.94,211.94
ord_5f19d201,cust_eb4e1778,2024-06-23 20:06:32,paid,linear,meta,1,1,1,1.0,211.94,211.94
ord_5f19d201,cust_eb4e1778,2024-06-23 20:06:32,paid,time_decay,meta,1,1,1,1.0,211.94,211.94
ord_61d2a80b,cust_bb461844,2024-06-23 12:40:58,paid,last_touch,direct,1,1,1,1.0,53.91,53.91
ord_61d2a80b,cust_bb461844,2024-06-23 12:40:58,paid,first_touch,meta,1,1,1,1.0,53.91,53.91
ord_61d2a80b,cust_bb461844,2024-06-23 12:40:58,paid,linear,meta,1,1,1,1.0,53.91,53.91
ord_61d2a80b,cust_bb461844,2024-06-23 12:40:58,paid,time_decay,meta,1,1,1,1.0,53.91,53.91
ord_d46823a3,cust_1778260e,2024-06-23 16:14:55,paid,last_touch,google,1,1,1,1.0,77.96,77.96
ord_d46823a3,cust_1778260e,2024-06-23 16:14:55,paid,first_touch,google,1,1,1,1.0,77.96,77.96
ord_d46823a3,cust_1778260e,2024-06-23 16:14:55,paid,linear,google,1,1,1,1.0,77.96,77.96
ord_d46823a3,cust_1778260e,2024-06-23 16:14:55,paid,time_decay,google,1,1,1,1.0,77.96,77.96
ord_e80e7227,cust_0c5692c6,2024-06-23 18:16:04,paid,last_touch,meta,1,1,1,1.0,117.9,117.9
ord_e80e7227,cust_0c5692c6,2024-06-23 18:16:04,paid,first_touch,meta,1,1,1,1.0,117.9,117.9
ord_e80e7227,cust_0c5692c6,2024-06-23 18:16:04,paid,linear,meta,1,1,1,1.0,117.9,117.9
ord_e80e7227,cust_0c5692c6,2024-06-23 18:16:04,paid,time_decay,meta,1,1,1,1.0,117.9,117.9
ord_8eff09cf,cust_f23bc1bb,2024-06-24 21:41:42,paid,last_touch,tiktok,1,1,1,1.0,77.07,77.07
ord_8eff09cf,cust_f23bc1bb,2024-06-24 21:41:42,paid,first_touch,tiktok,1,1,1,1.0,77.07,77.07
ord_8eff09cf,cust_f23bc1bb,2024-06-24 21:41:42,paid,linear,tiktok,1,1,1,1.0,77.07,77.07
ord_8eff09cf,cust_f23bc1bb,2024-06-24 21:41:42,paid,time_decay,tiktok,1,1,1,1.0,77.07,77.07
ord_2019b1f3,cust_c4ef5b75,2024-06-24 12:38:46,paid,last_touch,email,1,1,1,1.0,71.58,71.58
ord_2019b1f3,cust_c4ef5b75,2024-06-24 12:38:46,paid,first_touch,email,1,1,1,1.0,71.58,71.58
ord_2019b1f3,cust_c4ef5b75,2024-06-24 12:38:46,paid,linear,email,1,1,1,1.0,71.58,71.58
ord_2019b1f3,cust_c4ef5b75,2024-06-24 12:38:46,paid,time_decay,email,1,1,1,1.0,71.58,71.58
ord_26399f6e,cust_0561d34e,2024-06-24 19:43:53,paid,last_touch,direct,1,1,1,1.0,178.46,178.46
ord_26399f6e,cust_0561d34e,2024-06-24 19:43:53,paid,first_touch,organic,1,1,1,1.0,178.46,178.46
ord_26399f6e,cust_0561d34e,2024-06-24 19:43:53,paid,linear,organic,1,1,1,1.0,178.46,178.46
ord_26399f6e,cust_0561d34e,2024-06-24 19:43:53,paid,time_decay,organic,1,1,1,1.0,178.46,178.46
ord_351c432c,cust_0a32b3b5,2024-06-24 11:36:10,paid,last_touch,google,1,1,1,1.0,96.34,96.34
ord_351c432c,cust_0a32b3b5,2024-06-24 11:36:10,paid,first_touch,google,1,1,1,1.0,96.34,96.34
ord_351c432c,cust_0a32b3b5,2024-06-24 11:36:10,paid,linear,google,1,1,1,1.0,96.34,96.34
ord_351c432c,cust_0a32b3b5,2024-06-24 11:36:10,paid,time_decay,google,1,1,1,1.0,96.34,96.34
ord_20773d85,cust_51da1a52,2024-06-25 21:24:08,paid,last_touch,meta,1,1,1,1.0,122.37,122.37
ord_20773d85,cust_51da1a52,2024-06-25 21:24:08,paid,first_touch,meta,1,1,1,1.0,122.37,122.37
ord_20773d85,cust_51da1a52,2024-06-25 21:24:08,paid,linear,meta,1,1,1,1.0,122.37,122.37
ord_20773d85,cust_51da1a52,2024-06-25 21:24:08,paid,time_decay,meta,1,1,1,1.0,122.37,122.37
ord_e5467f47,cust_b4a6652d,2024-06-25 01:02:16,paid,last_touch,google,1,1,1,1.0,128.95,128.95
ord_e5467f47,cust_b4a6652d,2024-06-25 01:02:16,paid,first_touch,google,1,1,1,1.0,128.95,128.95
ord_e5467f47,cust_b4a6652d,2024-06-25 01:02:16,paid,linear,google,1,1,1,1.0,128.95,128.95
ord_e5467f47,cust_b4a6652d,2024-06-25 01:02:16,paid,time_decay,google,1,1,1,1.0,128.95,128.95
ord_f743ccc3,cust_cd16cbef,2024-06-25 10:51:34,paid,last_touch,meta,1,1,1,1.0,86.02,86.02
ord_f743ccc3,cust_cd16cbef,2024-06-25 10:51:34,paid,first_touch,meta,1,1,1,1.0,86.02,86.02
ord_f743ccc3,cust_cd16cbef,2024-06-25 10:51:34,paid,linear,meta,1,1,1,1.0,86.02,86.02
ord_f743ccc3,cust_cd16cbef,2024-06-25 10:51:34,paid,time_decay,meta,1,1,1,1.0,86.02,86.02
ord_8b3c12fa,cust_c6bd94a4,2024-06-25 16:17:53,paid,last_touch,direct,1,1,1,1.0,36.02,36.02
ord_8b3c12fa,cust_c6bd94a4,2024-06-25 16:17:53,paid,first_touch,organic,1,1,1,1.0,36.02,36.02
ord_8b3c12fa,cust_c6bd94a4,2024-06-25 16:17:53,paid,linear,organic,1,1,1,1.0,36.02,36.02
ord_8b3c12fa,cust_c6bd94a4,2024-06-25 16:17:53,paid,time_decay,organic,1,1,1,1.0,36.02,36.02
ord_a36a3005,cust_a93d78ba,2024-06-25 12:38:57,paid,last_touch,email,1,1,1,1.0,115.98,115.98
ord_a36a3005,cust_a93d78ba,2024-06-25 12:38:57,paid,first_touch,email,1,1,1,1.0,115.98,115.98
ord_a36a3005,cust_a93d78ba,2024-06-25 12:38:57,paid,linear,email,1,1,1,1.0,115.98,115.98
ord_a36a3005,cust_a93d78ba,2024-06-25 12:38:57,paid,time_decay,email,1,1,1,1.0,115.98,115.98
ord_e1ff6b8a,cust_82557cad,2024-06-26 15:10:23,paid,last_touch,google,1,1,1,1.0,96.8,96.8
ord_e1ff6b8a,cust_82557cad,2024-06-26 15:10:23,paid,first_touch,google,1,1,1,1.0,96.8,96.8
ord_e1ff6b8a,cust_82557cad,2024-06-26 15:10:23,paid,linear,google,1,1,1,1.0,96.8,96.8
ord_e1ff6b8a,cust_82557cad,2024-06-26 15:10:23,paid,time_decay,google,1,1,1,1.0,96.8,96.8
ord_fea21454,cust_020a7566,2024-06-26 06:47:31,paid,last_touch,direct,1,1,1,1.0,81.02,81.02
ord_fea21454,cust_020a7566,2024-06-26 06:47:31,paid,first_touch,direct,1,1,1,1.0,81.02,81.02
ord_fea21454,cust_020a7566,2024-06-26 06:47:31,paid,linear,direct,1,1,1,1.0,81.02,81.02
ord_fea21454,cust_020a7566,2024-06-26 06:47:31,paid,time_decay,direct,1,1,1,1.0,81.02,81.02
ord_5ca55006,cust_fc5013f7,2024-06-26 19:01:12,paid,last_touch,google,1,1,1,1.0,90.17,90.17
ord_5ca55006,cust_fc5013f7,2024-06-26 19:01:12,paid,first_touch,google,1,1,1,1.0,90.17,90.17
ord_5ca55006,cust_fc5013f7,2024-06-26 19:01:12,paid,linear,google,1,1,1,1.0,90.17,90.17
ord_5ca55006,cust_fc5013f7,2024-06-26 19:01:12,paid,time_decay,google,1,1,1,1.0,90.17,90.17
ord_83ab3b41,cust_61ed90e9,2024-06-27 19:07:30,paid,last_touch,organic,1,1,1,1.0,112.48,112.48
ord_83ab3b41,cust_61ed90e9,2024-06-27 19:07:30,paid,first_touch,organic,1,1,1,1.0,112.48,112.48
ord_83ab3b41,cust_61ed90e9,2024-06-27 19:07:30,paid,linear,organic,1,1,1,1.0,112.48,112.48
ord_83ab3b41,cust_61ed90e9,2024-06-27 19:07:30,paid,time_decay,organic,1,1,1,1.0,112.48,112.48
ord_f9ef351c,cust_a4205dde,2024-06-27 11:39:49,paid,last_touch,direct,1,1,1,1.0,30.45,30.45
ord_f9ef351c,cust_a4205dde,2024-06-27 11:39:49,paid,first_touch,email,1,1,1,1.0,30.45,30.45
ord_f9ef351c,cust_a4205dde,2024-06-27 11:39:49,paid,linear,email,1,1,1,1.0,30.45,30.45
ord_f9ef351c,cust_a4205dde,2024-06-27 11:39:49,paid,time_decay,email,1,1,1,1.0,30.45,30.45
ord_8d9aea3f,cust_13212d2a,2024-06-28 14:05:42,paid,last_touch,direct,1,1,1,1.0,89.82,89.82
ord_8d9aea3f,cust_13212d2a,2024-06-28 14:05:42,paid,first_touch,organic,1,1,1,1.0,89.82,89.82
ord_8d9aea3f,cust_13212d2a,2024-06-28 14:05:42,paid,linear,organic,1,1,1,1.0,89.82,89.82
ord_8d9aea3f,cust_13212d2a,2024-06-28 14:05:42,paid,time_decay,organic,1,1,1,1.0,89.82,89.82
ord_76ba7fc6,cust_388c0dc0,2024-06-28 00:47:59,paid,last_touch,email,1,1,1,1.0,85.17,85.17
ord_76ba7fc6,cust_388c0dc0,2024-06-28 00:47:59,paid,first_touch,email,1,1,1,1.0,85.17,85.17
ord_76ba7fc6,cust_388c0dc0,2024-06-28 00:47:59,paid,linear,email,1,1,1,1.0,85.17,85.17
ord_76ba7fc6,cust_388c0dc0,2024-06-28 00:47:59,paid,time_decay,email,1,1,1,1.0,85.17,85.17
ord_a80b4967,cust_525a05ba,2024-06-28 08:22:33,paid,last_touch,meta,1,1,1,1.0,80.88,80.88
ord_a80b4967,cust_525a05ba,2024-06-28 08:22:33,paid,first_touch,meta,1,1,1,1.0,80.88,80.88
ord_a80b4967,cust_525a05ba,2024-06-28 08:22:33,paid,linear,meta,1,1,1,1.0,80.88,80.88
ord_a80b4967,cust_525a05ba,2024-06-28 08:22:33,paid,time_decay,meta,1,1,1,1.0,80.88,80.88
ord_0d082de0,cust_89fa8587,2024-06-28 20:28:50,paid,last_touch,direct,1,1,1,1.0,42.55,42.55
ord_0d082de0,cust_89fa8587,2024-06-28 20:28:50,paid,first_touch,organic,1,1,1,1.0,42.55,42.55
ord_0d082de0,cust_89fa8587,2024-06-28 20:28:50,paid,linear,organic,1,1,1,1.0,42.55,42.55
ord_0d082de0,cust_89fa8587,2024-06-28 20:28:50,paid,time_decay,organic,1,1,1,1.0,42.55,42.55
ord_96b83583,cust_0a39552c,2024-06-28 21:38:18,refunded,last_touch,direct,1,1,1,1.0,116.61,116.61
ord_96b83583,cust_0a39552c,2024-06-28 21:38:18,refunded,first_touch,meta,1,1,1,1.0,116.61,116.61
ord_96b83583,cust_0a39552c,2024-06-28 21:38:18,refunded,linear,meta,1,1,1,1.0,116.61,116.61
ord_96b83583,cust_0a39552c,2024-06-28 21:38:18,refunded,time_decay,meta,1,1,1,1.0,116.61,116.61
ord_cf0b95cb,cust_bd4d2e9c,2024-06-28 07:50:53,refunded,last_touch,google,1,1,1,1.0,35.59,35.59
ord_cf0b95cb,cust_bd4d2e9c,2024-06-28 07:50:53,refunded,first_touch,google,1,1,1,1.0,35.59,35.59
ord_cf0b95cb,cust_bd4d2e9c,2024-06-28 07:50:53,refunded,linear,google,1,1,1,1.0,35.59,35.59
ord_cf0b95cb,cust_bd4d2e9c,2024-06-28 07:50:53,refunded,time_decay,google,1,1,1,1.0,35.59,35.59
ord_0dccc431,cust_e44e6fac,2024-06-28 17:40:38,refunded,last_touch,meta,1,1,1,1.0,169.12,169.12
ord_0dccc431,cust_e44e6fac,2024-06-28 17:40:38,refunded,first_touch,meta,1,1,1,1.0,169.12,169.12
ord_0dccc431,cust_e44e6fac,2024-06-28 17:40:38,refunded,linear,meta,1,1,1,1.0,169.12,169.12
ord_0dccc431,cust_e44e6fac,2024-06-28 17:40:38,refunded,time_decay,meta,1,1,1,1.0,169.12,169.12
ord_f0af775e,cust_98e7b814,2024-06-29 08:57:05,paid,last_touch,direct,1,1,1,1.0,55.73,55.73
ord_f0af775e,cust_98e7b814,2024-06-29 08:57:05,paid,first_touch,meta,1,1,1,1.0,55.73,55.73
ord_f0af775e,cust_98e7b814,2024-06-29 08:57:05,paid,linear,meta,1,1,1,1.0,55.73,55.73
ord_f0af775e,cust_98e7b814,2024-06-29 08:57:05,paid,time_decay,meta,1,1,1,1.0,55.73,55.73
ord_133ebbdc,cust_a340c9f0,2024-06-29 16:01:45,paid,last_touch,direct,1,1,1,1.0,48.94,48.94
ord_133ebbdc,cust_a340c9f0,2024-06-29 16:01:45,paid,first_touch,meta,1,1,1,1.0,48.94,48.94
ord_133ebbdc,cust_a340c9f0,2024-06-29 16:01:45,paid,linear,meta,1,1,1,1.0,48.94,48.94
ord_133ebbdc,cust_a340c9f0,2024-06-29 16:01:45,paid,time_decay,meta,1,1,1,1.0,48.94,48.94
ord_14ee960a,cust_1186daf1,2024-06-29 03:54:39,paid,last_touch,meta,1,1,1,1.0,136.31,136.31
ord_14ee960a,cust_1186daf1,2024-06-29 03:54:39,paid,first_touch,meta,1,1,1,1.0,136.31,136.31
ord_14ee960a,cust_1186daf1,2024-06-29 03:54:39,paid,linear,meta,1,1,1,1.0,136.31,136.31
ord_14ee960a,cust_1186daf1,2024-06-29 03:54:39,paid,time_decay,meta,1,1,1,1.0,136.31,136.31
ord_370f8daa,cust_6962e614,2024-06-30 15:40:51,refunded,last_touch,google,1,1,1,1.0,41.93,41.93
ord_370f8daa,cust_6962e614,2024-06-30 15:40:51,refunded,first_touch,google,1,1,1,1.0,41.93,41.93
ord_370f8daa,cust_6962e614,2024-06-30 15:40:51,refunded,linear,google,1,1,1,1.0,41.93,41.93
ord_370f8daa,cust_6962e614,2024-06-30 15:40:51,refunded,time_decay,google,1,1,1,1.0,41.93,41.93
ord_34d060d8,cust_9742cd9e,2024-06-30 19:38:49,paid,last_touch,meta,1,1,1,1.0,40.03,40.03
ord_34d060d8,cust_9742cd9e,2024-06-30 19:38:49,paid,first_touch,meta,1,1,1,1.0,40.03,40.03
ord_34d060d8,cust_9742cd9e,2024-06-30 19:38:49,paid,linear,meta,1,1,1,1.0,40.03,40.03
ord_34d060d8,cust_9742cd9e,2024-06-30 19:38:49,paid,time_decay,meta,1,1,1,1.0,40.03,40.03
ord_008924f8,cust_1709d4ab,2024-06-30 22:03:03,paid,last_touch,tiktok,1,1,1,1.0,117.19,117.19
ord_008924f8,cust_1709d4ab,2024-06-30 22:03:03,paid,first_touch,tiktok,1,1,1,1.0,117.19,117.19
ord_008924f8,cust_1709d4ab,2024-06-30 22:03:03,paid,linear,tiktok,1,1,1,1.0,117.19,117.19
ord_008924f8,cust_1709d4ab,2024-06-30 22:03:03,paid,time_decay,tiktok,1,1,1,1.0,117.19,117.19
ord_65d5a7cb,cust_b920634b,2024-06-30 21:35:35,paid,last_touch,google,1,1,1,1.0,113.18,113.18
ord_65d5a7cb,cust_b920634b,2024-06-30 21:35:35,paid,first_touch,google,1,1,1,1.0,113.18,113.18
ord_65d5a7cb,cust_b920634b,2024-06-30 21:35:35,paid,linear,google,1,1,1,1.0,113.18,113.18
ord_65d5a7cb,cust_b920634b,2024-06-30 21:35:35,paid,time_decay,google,1,1,1,1.0,113.18,113.18
ord_bf0ec6af,cust_20097e80,2024-06-30 13:06:32,paid,last_touch,google,1,1,1,1.0,35.81,35.81
ord_bf0ec6af,cust_20097e80,2024-06-30 13:06:32,paid,first_touch,google,1,1,1,1.0,35.81,35.81
ord_bf0ec6af,cust_20097e80,2024-06-30 13:06:32,paid,linear,google,1,1,1,1.0,35.81,35.81
ord_bf0ec6af,cust_20097e80,2024-06-30 13:06:32,paid,time_decay,google,1,1,1,1.0,35.81,35.81
ord_19630997,cust_a52f139f,2024-06-30 22:27:44,paid,last_touch,direct,1,1,1,1.0,82.9,82.9
ord_19630997,cust_a52f139f,2024-06-30 22:27:44,paid,first_touch,email,1,1,1,1.0,82.9,82.9
ord_19630997,cust_a52f139f,2024-06-30 22:27:44,paid,linear,email,1,1,1,1.0,82.9,82.9
ord_19630997,cust_a52f139f,2024-06-30 22:27:44,paid,time_decay,email,1,1,1,1.0,82.9,82.9
ord_eea867f1,cust_61ebef6c,2024-06-30 19:35:31,paid,last_touch,organic,1,1,1,1.0,77.19,77.19
ord_eea867f1,cust_61ebef6c,2024-06-30 19:35:31,paid,first_touch,organic,1,1,1,1.0,77.19,77.19
ord_eea867f1,cust_61ebef6c,2024-06-30 19:35:31,paid,linear,organic,1,1,1,1.0,77.19,77.19
ord_eea867f1,cust_61ebef6c,2024-06-30 19:35:31,paid,time_decay,organic,1,1,1,1.0,77.19,77.19
ord_0ff526c0,cust_16145cd1,2024-07-01 18:21:08,paid,last_touch,google,1,1,1,1.0,113.87,113.87
ord_0ff526c0,cust_16145cd1,2024-07-01 18:21:08,paid,first_touch,google,1,1,1,1.0,113.87,113.87
ord_0ff526c0,cust_16145cd1,2024-07-01 18:21:08,paid,linear,google,1,1,1,1.0,113.87,113.87
ord_0ff526c0,cust_16145cd1,2024-07-01 18:21:08,paid,time_decay,google,1,1,1,1.0,113.87,113.87
ord_0a0578c2,cust_3caade98,2024-07-01 15:05:07,paid,last_touch,direct,1,1,1,1.0,48.16,48.16
ord_0a0578c2,cust_3caade98,2024-07-01 15:05:07,paid,first_touch,meta,1,1,1,1.0,48.16,48.16
ord_0a0578c2,cust_3caade98,2024-07-01 15:05:07,paid,linear,meta,1,1,1,1.0,48.16,48.16
ord_0a0578c2,cust_3caade98,2024-07-01 15:05:07,paid,time_decay,meta,1,1,1,1.0,48.16,48.16
ord_8ba862d9,cust_720bce16,2024-07-01 19:31:49,paid,last_touch,meta,1,1,1,1.0,260.96,260.96
ord_8ba862d9,cust_720bce16,2024-07-01 19:31:49,paid,first_touch,meta,1,1,1,1.0,260.96,260.96
ord_8ba862d9,cust_720bce16,2024-07-01 19:31:49,paid,linear,meta,1,1,1,1.0,260.96,260.96
ord_8ba862d9,cust_720bce16,2024-07-01 19:31:49,paid,time_decay,meta,1,1,1,1.0,260.96,260.96
ord_9e71f5e6,cust_353c94c9,2024-07-02 19:02:36,refunded,last_touch,direct,1,1,1,1.0,57.19,57.19
ord_9e71f5e6,cust_353c94c9,2024-07-02 19:02:36,refunded,first_touch,meta,1,1,1,1.0,57.19,57.19
ord_9e71f5e6,cust_353c94c9,2024-07-02 19:02:36,refunded,linear,meta,1,1,1,1.0,57.19,57.19
ord_9e71f5e6,cust_353c94c9,2024-07-02 19:02:36,refunded,time_decay,meta,1,1,1,1.0,57.19,57.19
ord_fc4a004a,cust_bdfcf671,2024-07-02 20:24:18,chargeback,last_touch,tiktok,1,1,1,1.0,119.07,119.07
ord_fc4a004a,cust_bdfcf671,2024-07-02 20:24:18,chargeback,first_touch,tiktok,1,1,1,1.0,119.07,119.07
ord_fc4a004a,cust_bdfcf671,2024-07-02 20:24:18,chargeback,linear,tiktok,1,1,1,1.0,119.07,119.07
ord_fc4a004a,cust_bdfcf671,2024-07-02 20:24:18,chargeback,time_decay,tiktok,1,1,1,1.0,119.07,119.07
ord_c680b7bb,cust_ed1c686a,2024-07-02 15:30:51,paid,last_touch,google,1,1,1,1.0,81.96,81.96
ord_c680b7bb,cust_ed1c686a,2024-07-02 15:30:51,paid,first_touch,google,1,1,1,1.0,81.96,81.96
ord_c680b7bb,cust_ed1c686a,2024-07-02 15:30:51,paid,linear,google,1,1,1,1.0,81.96,81.96
ord_c680b7bb,cust_ed1c686a,2024-07-02 15:30:51,paid,time_decay,google,1,1,1,1.0,81.96,81.96
ord_556909c6,cust_93dc0ad8,2024-07-02 10:10:25,refunded,last_touch,direct,1,1,1,1.0,133.36,133.36
ord_556909c6,cust_93dc0ad8,2024-07-02 10:10:25,refunded,first_touch,direct,1,1,1,1.0,133.36,133.36
ord_556909c6,cust_93dc0ad8,2024-07-02 10:10:25,refunded,linear,direct,1,1,1,1.0,133.36,133.36
ord_556909c6,cust_93dc0ad8,2024-07-02 10:10:25,refunded,time_decay,direct,1,1,1,1.0,133.36,133.36
ord_7b24df6c,cust_65fad4b9,2024-07-03 15:26:04,paid,last_touch,meta,1,1,1,1.0,62.7,62.7
ord_7b24df6c,cust_65fad4b9,2024-07-03 15:26:04,paid,first_touch,meta,1,1,1,1.0,62.7,62.7
ord_7b24df6c,cust_65fad4b9,2024-07-03 15:26:04,paid,linear,meta,1,1,1,1.0,62.7,62.7
ord_7b24df6c,cust_65fad4b9,2024-07-03 15:26:04,paid,time_decay,meta,1,1,1,1.0,62.7,62.7
ord_6daf268f,cust_a643ed9a,2024-07-03 18:39:36,paid,last_touch,direct,1,1,1,1.0,72.11,72.11
ord_6daf268f,cust_a643ed9a,2024-07-03 18:39:36,paid,first_touch,tiktok,1,1,1,1.0,72.11,72.11
ord_6daf268f,cust_a643ed9a,2024-07-03 18:39:36,paid,linear,tiktok,1,1,1,1.0,72.11,72.11
ord_6daf268f,cust_a643ed9a,2024-07-03 18:39:36,paid,time_decay,tiktok,1,1,1,1.0,72.11,72.11
ord_7a4cd1b5,cust_8f7e2d49,2024-07-03 18:17:33,paid,last_touch,meta,1,1,1,1.0,329.07,329.07
ord_7a4cd1b5,cust_8f7e2d49,2024-07-03 18:17:33,paid,first_touch,meta,1,1,1,1.0,329.07,329.07
ord_7a4cd1b5,cust_8f7e2d49,2024-07-03 18:17:33,paid,linear,meta,1,1,1,1.0,329.07,329.07
ord_7a4cd1b5,cust_8f7e2d49,2024-07-03 18:17:33,paid,time_decay,meta,1,1,1,1.0,329.07,329.07
ord_d3b246e5,cust_13d6bc05,2024-07-03 10:16:26,paid,last_touch,direct,1,1,1,1.0,187.32,187.32
ord_d3b246e5,cust_13d6bc05,2024-07-03 10:16:26,paid,first_touch,organic,1,1,1,1.0,187.32,187.32
ord_d3b246e5,cust_13d6bc05,2024-07-03 10:16:26,paid,linear,organic,1,1,1,1.0,187.32,187.32
ord_d3b246e5,cust_13d6bc05,2024-07-03 10:16:26,paid,time_decay,organic,1,1,1,1.0,187.32,187.32
ord_a0656db2,cust_479fa8e3,2024-07-03 18:00:15,chargeback,last_touch,direct,1,1,1,1.0,82.28,82.28
ord_a0656db2,cust_479fa8e3,2024-07-03 18:00:15,chargeback,first_touch,meta,1,1,1,1.0,82.28,82.28
ord_a0656db2,cust_479fa8e3,2024-07-03 18:00:15,chargeback,linear,meta,1,1,1,1.0,82.28,82.28
ord_a0656db2,cust_479fa8e3,2024-07-03 18:00:15,chargeback,time_decay,meta,1,1,1,1.0,82.28,82.28
ord_3121a551,cust_047b941a,2024-07-03 07:47:47,refunded,last_touch,direct,1,1,1,1.0,72.15,72.15
ord_3121a551,cust_047b941a,2024-07-03 07:47:47,refunded,first_touch,direct,1,1,1,1.0,72.15,72.15
ord_3121a551,cust_047b941a,2024-07-03 07:47:47,refunded,linear,direct,1,1,1,1.0,72.15,72.15
ord_3121a551,cust_047b941a,2024-07-03 07:47:47,refunded,time_decay,direct,1,1,1,1.0,72.15,72.15
ord_1ffde53e,cust_bc4f4fc3,2024-07-04 20:05:39,paid,last_touch,tiktok,1,1,1,1.0,28.93,28.93
ord_1ffde53e,cust_bc4f4fc3,2024-07-04 20:05:39,paid,first_touch,tiktok,1,1,1,1.0,28.93,28.93
ord_1ffde53e,cust_bc4f4fc3,2024-07-04 20:05:39,paid,linear,tiktok,1,1,1,1.0,28.93,28.93
ord_1ffde53e,cust_bc4f4fc3,2024-07-04 20:05:39,paid,time_decay,tiktok,1,1,1,1.0,28.93,28.93
ord_bfc82dd7,cust_562eeb63,2024-07-04 14:49:14,paid,last_touch,google,1,1,1,1.0,114.95,114.95
ord_bfc82dd7,cust_562eeb63,2024-07-04 14:49:14,paid,first_touch,google,1,1,1,1.0,114.95,114.95
ord_bfc82dd7,cust_562eeb63,2024-07-04 14:49:14,paid,linear,google,1,1,1,1.0,114.95,114.95
ord_bfc82dd7,cust_562eeb63,2024-07-04 14:49:14,paid,time_decay,google,1,1,1,1.0,114.95,114.95
ord_81aa5780,cust_b5043cbc,2024-07-04 12:08:04,paid,last_touch,direct,1,1,1,1.0,35.34,35.34
ord_81aa5780,cust_b5043cbc,2024-07-04 12:08:04,paid,first_touch,meta,1,1,1,1.0,35.34,35.34
ord_81aa5780,cust_b5043cbc,2024-07-04 12:08:04,paid,linear,meta,1,1,1,1.0,35.34,35.34
ord_81aa5780,cust_b5043cbc,2024-07-04 12:08:04,paid,time_decay,meta,1,1,1,1.0,35.34,35.34
ord_452f7980,cust_7ff365f7,2024-07-04 00:59:36,refunded,last_touch,meta,1,1,1,1.0,116.49,116.49
ord_452f7980,cust_7ff365f7,2024-07-04 00:59:36,refunded,first_touch,meta,1,1,1,1.0,116.49,116.49
ord_452f7980,cust_7ff365f7,2024-07-04 00:59:36,refunded,linear,meta,1,1,1,1.0,116.49,116.49
ord_452f7980,cust_7ff365f7,2024-07-04 00:59:36,refunded,time_decay,meta,1,1,1,1.0,116.49,116.49
ord_af9e11b4,cust_621dcd0f,2024-07-04 07:16:49,paid,last_touch,google,1,1,1,1.0,74.84,74.84
ord_af9e11b4,cust_621dcd0f,2024-07-04 07:16:49,paid,first_touch,google,1,1,1,1.0,74.84,74.84
ord_af9e11b4,cust_621dcd0f,2024-07-04 07:16:49,paid,linear,google,1,1,1,1.0,74.84,74.84
ord_af9e11b4,cust_621dcd0f,2024-07-04 07:16:49,paid,time_decay,google,1,1,1,1.0,74.84,74.84
ord_ce7894b3,cust_9c1a2f48,2024-07-05 17:58:01,paid,last_touch,direct,1,1,1,1.0,116.36,116.36
ord_ce7894b3,cust_9c1a2f48,2024-07-05 17:58:01,paid,first_touch,direct,1,1,1,1.0,116.36,116.36
ord_ce7894b3,cust_9c1a2f48,2024-07-05 17:58:01,paid,linear,direct,1,1,1,1.0,116.36,116.36
ord_ce7894b3,cust_9c1a2f48,2024-07-05 17:58:01,paid,time_decay,direct,1,1,1,1.0,116.36,116.36
ord_f3425261,cust_72b3f3d8,2024-07-05 08:28:41,paid,last_touch,direct,1,1,1,1.0,87.02,87.02
ord_f3425261,cust_72b3f3d8,2024-07-05 08:28:41,paid,first_touch,direct,1,1,1,1.0,87.02,87.02
ord_f3425261,cust_72b3f3d8,2024-07-05 08:28:41,paid,linear,direct,1,1,1,1.0,87.02,87.02
ord_f3425261,cust_72b3f3d8,2024-07-05 08:28:41,paid,time_decay,direct,1,1,1,1.0,87.02,87.02
ord_5ddbdb1a,cust_b3d7f290,2024-07-05 12:43:17,paid,last_touch,direct,1,1,1,1.0,63.4,63.4
ord_5ddbdb1a,cust_b3d7f290,2024-07-05 12:43:17,paid,first_touch,tiktok,1,1,1,1.0,63.4,63.4
ord_5ddbdb1a,cust_b3d7f290,2024-07-05 12:43:17,paid,linear,tiktok,1,1,1,1.0,63.4,63.4
ord_5ddbdb1a,cust_b3d7f290,2024-07-05 12:43:17,paid,time_decay,tiktok,1,1,1,1.0,63.4,63.4
ord_800f23b3,cust_6e2a2064,2024-07-05 10:11:10,paid,last_touch,google,1,1,1,1.0,102.13,102.13
ord_800f23b3,cust_6e2a2064,2024-07-05 10:11:10,paid,first_touch,google,1,1,1,1.0,102.13,102.13
ord_800f23b3,cust_6e2a2064,2024-07-05 10:11:10,paid,linear,google,1,1,1,1.0,102.13,102.13
ord_800f23b3,cust_6e2a2064,2024-07-05 10:11:10,paid,time_decay,google,1,1,1,1.0,102.13,102.13
ord_73b6e34f,cust_356f320b,2024-07-05 17:39:02,paid,last_touch,google,1,1,1,1.0,206.53,206.53
ord_73b6e34f,cust_356f320b,2024-07-05 17:39:02,paid,first_touch,google,1,1,1,1.0,206.53,206.53
ord_73b6e34f,cust_356f320b,2024-07-05 17:39:02,paid,linear,google,1,1,1,1.0,206.53,206.53
ord_73b6e34f,cust_356f320b,2024-07-05 17:39:02,paid,time_decay,google,1,1,1,1.0,206.53,206.53
ord_c980e759,cust_4e18c283,2024-07-06 13:48:51,paid,last_touch,direct,1,1,1,1.0,28.4,28.4
ord_c980e759,cust_4e18c283,2024-07-06 13:48:51,paid,first_touch,direct,1,1,1,1.0,28.4,28.4
ord_c980e759,cust_4e18c283,2024-07-06 13:48:51,paid,linear,direct,1,1,1,1.0,28.4,28.4
ord_c980e759,cust_4e18c283,2024-07-06 13:48:51,paid,time_decay,direct,1,1,1,1.0,28.4,28.4
ord_0b2248ec,cust_2fa8e3c7,2024-07-06 06:41:13,paid,last_touch,direct,1,1,1,1.0,28.9,28.9
ord_0b2248ec,cust_2fa8e3c7,2024-07-06 06:41:13,paid,first_touch,email,1,1,1,1.0,28.9,28.9
ord_0b2248ec,cust_2fa8e3c7,2024-07-06 06:41:13,paid,linear,email,1,1,1,1.0,28.9,28.9
ord_0b2248ec,cust_2fa8e3c7,2024-07-06 06:41:13,paid,time_decay,email,1,1,1,1.0,28.9,28.9
ord_c5814a32,cust_8e03cc27,2024-07-06 16:56:05,paid,last_touch,organic,1,1,1,1.0,163.0,163.0
ord_c5814a32,cust_8e03cc27,2024-07-06 16:56:05,paid,first_touch,organic,1,1,1,1.0,163.0,163.0
ord_c5814a32,cust_8e03cc27,2024-07-06 16:56:05,paid,linear,organic,1,1,1,1.0,163.0,163.0
ord_c5814a32,cust_8e03cc27,2024-07-06 16:56:05,paid,time_decay,organic,1,1,1,1.0,163.0,163.0
ord_81099649,cust_aae6663b,2024-07-07 08:36:38,paid,last_touch,direct,1,1,1,1.0,120.54,120.54
ord_81099649,cust_aae6663b,2024-07-07 08:36:38,paid,first_touch,google,1,1,1,1.0,120.54,120.54
ord_81099649,cust_aae6663b,2024-07-07 08:36:38,paid,linear,google,1,1,1,1.0,120.54,120.54
ord_81099649,cust_aae6663b,2024-07-07 08:36:38,paid,time_decay,google,1,1,1,1.0,120.54,120.54
ord_cda64e53,cust_dd5a7a6b,2024-07-07 08:47:38,paid,last_touch,tiktok,1,1,1,1.0,391.57,391.57
ord_cda64e53,cust_dd5a7a6b,2024-07-07 08:47:38,paid,first_touch,tiktok,1,1,1,1.0,391.57,391.57
ord_cda64e53,cust_dd5a7a6b,2024-07-07 08:47:38,paid,linear,tiktok,1,1,1,1.0,391.57,391.57
ord_cda64e53,cust_dd5a7a6b,2024-07-07 08:47:38,paid,time_decay,tiktok,1,1,1,1.0,391.57,391.57
ord_bf2c86ea,cust_d80204b7,2024-07-07 17:58:41,paid,last_touch,direct,1,1,1,1.0,70.38,70.38
ord_bf2c86ea,cust_d80204b7,2024-07-07 17:58:41,paid,first_touch,google,1,1,1,1.0,70.38,70.38
ord_bf2c86ea,cust_d80204b7,2024-07-07 17:58:41,paid,linear,google,1,1,1,1.0,70.38,70.38
ord_bf2c86ea,cust_d80204b7,2024-07-07 17:58:41,paid,time_decay,google,1,1,1,1.0,70.38,70.38
ord_d5d5cf80,cust_c333783a,2024-07-08 19:39:33,paid,last_touch,organic,1,1,1,1.0,25.07,25.07
ord_d5d5cf80,cust_c333783a,2024-07-08 19:39:33,paid,first_touch,organic,1,1,1,1.0,25.07,25.07
ord_d5d5cf80,cust_c333783a,2024-07-08 19:39:33,paid,linear,organic,1,1,1,1.0,25.07,25.07
ord_d5d5cf80,cust_c333783a,2024-07-08 19:39:33,paid,time_decay,organic,1,1,1,1.0,25.07,25.07
ord_9eaa9902,cust_6c24b0fd,2024-07-08 18:32:34,paid,last_touch,organic,1,1,1,1.0,133.84,133.84
ord_9eaa9902,cust_6c24b0fd,2024-07-08 18:32:34,paid,first_touch,organic,1,1,1,1.0,133.84,133.84
ord_9eaa9902,cust_6c24b0fd,2024-07-08 18:32:34,paid,linear,organic,1,1,1,1.0,133.84,133.84
ord_9eaa9902,cust_6c24b0fd,2024-07-08 18:32:34,paid,time_decay,organic,1,1,1,1.0,133.84,133.84
ord_00ebef35,cust_518276c9,2024-07-08 13:52:09,paid,last_touch,direct,1,1,1,1.0,107.2,107.2
ord_00ebef35,cust_518276c9,2024-07-08 13:52:09,paid,first_touch,organic,1,1,1,1.0,107.2,107.2
ord_00ebef35,cust_518276c9,2024-07-08 13:52:09,paid,linear,organic,1,1,1,1.0,107.2,107.2
ord_00ebef35,cust_518276c9,2024-07-08 13:52:09,paid,time_decay,organic,1,1,1,1.0,107.2,107.2
ord_fb5cd4a5,cust_a34b16fc,2024-07-08 19:30:04,paid,last_touch,tiktok,1,1,1,1.0,38.99,38.99
ord_fb5cd4a5,cust_a34b16fc,2024-07-08 19:30:04,paid,first_touch,tiktok,1,1,1,1.0,38.99,38.99
ord_fb5cd4a5,cust_a34b16fc,2024-07-08 19:30:04,paid,linear,tiktok,1,1,1,1.0,38.99,38.99
ord_fb5cd4a5,cust_a34b16fc,2024-07-08 19:30:04,paid,time_decay,tiktok,1,1,1,1.0,38.99,38.99
ord_4e4a8b45,cust_a652a610,2024-07-09 23:04:58,paid,last_touch,meta,1,1,1,1.0,59.66,59.66
ord_4e4a8b45,cust_a652a610,2024-07-09 23:04:58,paid,first_touch,meta,1,1,1,1.0,59.66,59.66
ord_4e4a8b45,cust_a652a610,2024-07-09 23:04:58,paid,linear,meta,1,1,1,1.0,59.66,59.66
ord_4e4a8b45,cust_a652a610,2024-07-09 23:04:58,paid,time_decay,meta,1,1,1,1.0,59.66,59.66
ord_92d721e1,cust_52b698d2,2024-07-09 13:33:37,paid,last_touch,google,1,1,1,1.0,53.72,53.72
ord_92d721e1,cust_52b698d2,2024-07-09 13:33:37,paid,first_touch,google,1,1,1,1.0,53.72,53.72
ord_92d721e1,cust_52b698d2,2024-07-09 13:33:37,paid,linear,google,1,1,1,1.0,53.72,53.72
ord_92d721e1,cust_52b698d2,2024-07-09 13:33:37,paid,time_decay,google,1,1,1,1.0,53.72,53.72
ord_ad67c968,cust_cdbaef55,2024-07-09 22:33:50,paid,last_touch,meta,1,1,1,1.0,56.35,56.35
ord_ad67c968,cust_cdbaef55,2024-07-09 22:33:50,paid,first_touch,meta,1,1,1,1.0,56.35,56.35
ord_ad67c968,cust_cdbaef55,2024-07-09 22:33:50,paid,linear,meta,1,1,1,1.0,56.35,56.35
ord_ad67c968,cust_cdbaef55,2024-07-09 22:33:50,paid,time_decay,meta,1,1,1,1.0,56.35,56.35
ord_247c082c,cust_7d3b6864,2024-07-09 07:20:11,paid,last_touch,google,1,1,1,1.0,22.28,22.28
ord_247c082c,cust_7d3b6864,2024-07-09 07:20:11,paid,first_touch,google,1,1,1,1.0,22.28,22.28
ord_247c082c,cust_7d3b6864,2024-07-09 07:20:11,paid,linear,google,1,1,1,1.0,22.28,22.28
ord_247c082c,cust_7d3b6864,2024-07-09 07:20:11,paid,time_decay,google,1,1,1,1.0,22.28,22.28
ord_397a0121,cust_7de85006,2024-07-09 16:00:36,paid,last_touch,google,1,1,1,1.0,33.21,33.21
ord_397a0121,cust_7de85006,2024-07-09 16:00:36,paid,first_touch,google,1,1,1,1.0,33.21,33.21
ord_397a0121,cust_7de85006,2024-07-09 16:00:36,paid,linear,google,1,1,1,1.0,33.21,33.21
ord_397a0121,cust_7de85006,2024-07-09 16:00:36,paid,time_decay,google,1,1,1,1.0,33.21,33.21
ord_7a4ef837,cust_9d844678,2024-07-10 03:46:28,paid,last_touch,organic,1,1,1,1.0,143.79,143.79
ord_7a4ef837,cust_9d844678,2024-07-10 03:46:28,paid,first_touch,organic,1,1,1,1.0,143.79,143.79
ord_7a4ef837,cust_9d844678,2024-07-10 03:46:28,paid,linear,organic,1,1,1,1.0,143.79,143.79
ord_7a4ef837,cust_9d844678,2024-07-10 03:46:28,paid,time_decay,organic,1,1,1,1.0,143.79,143.79
ord_dfee5bad,cust_1cf14b08,2024-07-10 11:42:37,refunded,last_touch,direct,1,1,1,1.0,18.63,18.63
ord_dfee5bad,cust_1cf14b08,2024-07-10 11:42:37,refunded,first_touch,google,1,1,1,1.0,18.63,18.63
ord_dfee5bad,cust_1cf14b08,2024-07-10 11:42:37,refunded,linear,google,1,1,1,1.0,18.63,18.63
ord_dfee5bad,cust_1cf14b08,2024-07-10 11:42:37,refunded,time_decay,google,1,1,1,1.0,18.63,18.63
ord_2cc08c52,cust_b6b2b518,2024-07-10 19:33:31,paid,last_touch,direct,1,1,1,1.0,64.61,64.61
ord_2cc08c52,cust_b6b2b518,2024-07-10 19:33:31,paid,first_touch,google,1,1,1,1.0,64.61,64.61
ord_2cc08c52,cust_b6b2b518,2024-07-10 19:33:31,paid,linear,google,1,1,1,1.0,64.61,64.61
ord_2cc08c52,cust_b6b2b518,2024-07-10 19:33:31,paid,time_decay,google,1,1,1,1.0,64.61,64.61
ord_f09919bc,cust_1e561f8d,2024-07-11 17:57:27,paid,last_touch,meta,1,1,1,1.0,168.63,168.63
ord_f09919bc,cust_1e561f8d,2024-07-11 17:57:27,paid,first_touch,meta,1,1,1,1.0,168.63,168.63
ord_f09919bc,cust_1e561f8d,2024-07-11 17:57:27,paid,linear,meta,1,1,1,1.0,168.63,168.63
ord_f09919bc,cust_1e561f8d,2024-07-11 17:57:27,paid,time_decay,meta,1,1,1,1.0,168.63,168.63
ord_a454b5b8,cust_b8416f17,2024-07-11 19:37:42,paid,last_touch,direct,1,1,1,1.0,64.47,64.47
ord_a454b5b8,cust_b8416f17,2024-07-11 19:37:42,paid,first_touch,tiktok,1,1,1,1.0,64.47,64.47
ord_a454b5b8,cust_b8416f17,2024-07-11 19:37:42,paid,linear,tiktok,1,1,1,1.0,64.47,64.47
ord_a454b5b8,cust_b8416f17,2024-07-11 19:37:42,paid,time_decay,tiktok,1,1,1,1.0,64.47,64.47
ord_2adf7e1f,cust_b1af7368,2024-07-11 21:18:29,paid,last_touch,meta,1,1,1,1.0,62.54,62.54
ord_2adf7e1f,cust_b1af7368,2024-07-11 21:18:29,paid,first_touch,meta,1,1,1,1.0,62.54,62.54
ord_2adf7e1f,cust_b1af7368,2024-07-11 21:18:29,paid,linear,meta,1,1,1,1.0,62.54,62.54
ord_2adf7e1f,cust_b1af7368,2024-07-11 21:18:29,paid,time_decay,meta,1,1,1,1.0,62.54,62.54
ord_4adfe0c5,cust_74302a10,2024-07-12 19:35:14,refunded,last_touch,google,1,1,1,1.0,71.7,71.7
ord_4adfe0c5,cust_74302a10,2024-07-12 19:35:14,refunded,first_touch,google,1,1,1,1.0,71.7,71.7
ord_4adfe0c5,cust_74302a10,2024-07-12 19:35:14,refunded,linear,google,1,1,1,1.0,71.7,71.7
ord_4adfe0c5,cust_74302a10,2024-07-12 19:35:14,refunded,time_decay,google,1,1,1,1.0,71.7,71.7
ord_2f398df2,cust_1802ee54,2024-07-12 16:37:07,paid,last_touch,meta,1,1,1,1.0,129.65,129.65
ord_2f398df2,cust_1802ee54,2024-07-12 16:37:07,paid,first_touch,meta,1,1,1,1.0,129.65,129.65
ord_2f398df2,cust_1802ee54,2024-07-12 16:37:07,paid,linear,meta,1,1,1,1.0,129.65,129.65
ord_2f398df2,cust_1802ee54,2024-07-12 16:37:07,paid,time_decay,meta,1,1,1,1.0,129.65,129.65
ord_0f7f2f12,cust_da0402b3,2024-07-12 19:35:54,paid,last_touch,direct,1,1,1,1.0,152.01,152.01
ord_0f7f2f12,cust_da0402b3,2024-07-12 19:35:54,paid,first_touch,google,1,1,1,1.0,152.01,152.01
ord_0f7f2f12,cust_da0402b3,2024-07-12 19:35:54,paid,linear,google,1,1,1,1.0,152.01,152.01
ord_0f7f2f12,cust_da0402b3,2024-07-12 19:35:54,paid,time_decay,google,1,1,1,1.0,152.01,152.01
ord_470306bf,cust_51a9a0ab,2024-07-12 21:54:43,paid,last_touch,direct,1,1,1,1.0,150.0,150.0
ord_470306bf,cust_51a9a0ab,2024-07-12 21:54:43,paid,first_touch,organic,1,1,1,1.0,150.0,150.0
ord_470306bf,cust_51a9a0ab,2024-07-12 21:54:43,paid,linear,organic,1,1,1,1.0,150.0,150.0
ord_470306bf,cust_51a9a0ab,2024-07-12 21:54:43,paid,time_decay,organic,1,1,1,1.0,150.0,150.0
ord_3cd5e307,cust_ffb53345,2024-07-12 20:40:20,paid,last_touch,direct,1,1,1,1.0,41.16,41.16
ord_3cd5e307,cust_ffb53345,2024-07-12 20:40:20,paid,first_touch,meta,1,1,1,1.0,41.16,41.16
ord_3cd5e307,cust_ffb53345,2024-07-12 20:40:20,paid,linear,meta,1,1,1,1.0,41.16,41.16
ord_3cd5e307,cust_ffb53345,2024-07-12 20:40:20,paid,time_decay,meta,1,1,1,1.0,41.16,41.16
ord_55876211,cust_32b13afc,2024-07-12 11:33:29,paid,last_touch,meta,1,1,1,1.0,214.32,214.32
ord_55876211,cust_32b13afc,2024-07-12 11:33:29,paid,first_touch,meta,1,1,1,1.0,214.32,214.32
ord_55876211,cust_32b13afc,2024-07-12 11:33:29,paid,linear,meta,1,1,1,1.0,214.32,214.32
ord_55876211,cust_32b13afc,2024-07-12 11:33:29,paid,time_decay,meta,1,1,1,1.0,214.32,214.32
ord_75d9ba50,cust_afda687c,2024-07-13 21:36:51,paid,last_touch,organic,1,1,1,1.0,174.52,174.52
ord_75d9ba50,cust_afda687c,2024-07-13 21:36:51,paid,first_touch,organic,1,1,1,1.0,174.52,174.52
ord_75d9ba50,cust_afda687c,2024-07-13 21:36:51,paid,linear,organic,1,1,1,1.0,174.52,174.52
ord_75d9ba50,cust_afda687c,2024-07-13 21:36:51,paid,time_decay,organic,1,1,1,1.0,174.52,174.52
ord_ec20e740,cust_bc777b28,2024-07-13 17:14:27,refunded,last_touch,google,1,1,1,1.0,134.9,134.9
ord_ec20e740,cust_bc777b28,2024-07-13 17:14:27,refunded,first_touch,google,1,1,1,1.0,134.9,134.9
ord_ec20e740,cust_bc777b28,2024-07-13 17:14:27,refunded,linear,google,1,1,1,1.0,134.9,134.9
ord_ec20e740,cust_bc777b28,2024-07-13 17:14:27,refunded,time_decay,google,1,1,1,1.0,134.9,134.9
ord_c9e572c1,cust_768f4e49,2024-07-13 10:09:07,paid,last_touch,organic,1,1,1,1.0,143.03,143.03
ord_c9e572c1,cust_768f4e49,2024-07-13 10:09:07,paid,first_touch,organic,1,1,1,1.0,143.03,143.03
ord_c9e572c1,cust_768f4e49,2024-07-13 10:09:07,paid,linear,organic,1,1,1,1.0,143.03,143.03
ord_c9e572c1,cust_768f4e49,2024-07-13 10:09:07,paid,time_decay,organic,1,1,1,1.0,143.03,143.03
ord_b5e03e33,cust_33888fac,2024-07-13 11:41:06,paid,last_touch,direct,1,1,1,1.0,38.84,38.84
ord_b5e03e33,cust_33888fac,2024-07-13 11:41:06,paid,first_touch,direct,1,1,1,1.0,38.84,38.84
ord_b5e03e33,cust_33888fac,2024-07-13 11:41:06,paid,linear,direct,1,1,1,1.0,38.84,38.84
ord_b5e03e33,cust_33888fac,2024-07-13 11:41:06,paid,time_decay,direct,1,1,1,1.0,38.84,38.84
ord_499d0e80,cust_5217167b,2024-07-13 18:25:51,paid,last_touch,meta,1,1,1,1.0,62.68,62.68
ord_499d0e80,cust_5217167b,2024-07-13 18:25:51,paid,first_touch,meta,1,1,1,1.0,62.68,62.68
ord_499d0e80,cust_5217167b,2024-07-13 18:25:51,paid,linear,meta,1,1,1,1.0,62.68,62.68
ord_499d0e80,cust_5217167b,2024-07-13 18:25:51,paid,time_decay,meta,1,1,1,1.0,62.68,62.68
ord_62e52521,cust_70c71518,2024-07-13 09:32:18,paid,last_touch,google,1,1,1,1.0,79.62,79.62
ord_62e52521,cust_70c71518,2024-07-13 09:32:18,paid,first_touch,google,1,1,1,1.0,79.62,79.62
ord_62e52521,cust_70c71518,2024-07-13 09:32:18,paid,linear,google,1,1,1,1.0,79.62,79.62
ord_62e52521,cust_70c71518,2024-07-13 09:32:18,paid,time_decay,google,1,1,1,1.0,79.62,79.62
ord_fd9c707f,cust_9db13516,2024-07-13 12:00:59,paid,last_touch,tiktok,1,1,1,1.0,125.87,125.87
ord_fd9c707f,cust_9db13516,2024-07-13 12:00:59,paid,first_touch,tiktok,1,1,1,1.0,125.87,125.87
ord_fd9c707f,cust_9db13516,2024-07-13 12:00:59,paid,linear,tiktok,1,1,1,1.0,125.87,125.87
ord_fd9c707f,cust_9db13516,2024-07-13 12:00:59,paid,time_decay,tiktok,1,1,1,1.0,125.87,125.87
ord_e43213d7,cust_16b1b885,2024-07-13 09:47:05,paid,last_touch,meta,1,1,1,1.0,68.67,68.67
ord_e43213d7,cust_16b1b885,2024-07-13 09:47:05,paid,first_touch,meta,1,1,1,1.0,68.67,68.67
ord_e43213d7,cust_16b1b885,2024-07-13 09:47:05,paid,linear,meta,1,1,1,1.0,68.67,68.67
ord_e43213d7,cust_16b1b885,2024-07-13 09:47:05,paid,time_decay,meta,1,1,1,1.0,68.67,68.67
ord_38da996a,cust_dc1b6ad9,2024-07-14 20:53:03,paid,last_touch,google,1,1,1,1.0,90.31,90.31
ord_38da996a,cust_dc1b6ad9,2024-07-14 20:53:03,paid,first_touch,google,1,1,1,1.0,90.31,90.31
ord_38da996a,cust_dc1b6ad9,2024-07-14 20:53:03,paid,linear,google,1,1,1,1.0,90.31,90.31
ord_38da996a,cust_dc1b6ad9,2024-07-14 20:53:03,paid,time_decay,google,1,1,1,1.0,90.31,90.31
ord_da2c6056,cust_5632b698,2024-07-14 00:40:34,paid,last_touch,google,1,1,1,1.0,173.24,173.24
ord_da2c6056,cust_5632b698,2024-07-14 00:40:34,paid,first_touch,google,1,1,1,1.0,173.24,173.24
ord_da2c6056,cust_5632b698,2024-07-14 00:40:34,paid,linear,google,1,1,1,1.0,173.24,173.24
ord_da2c6056,cust_5632b698,2024-07-14 00:40:34,paid,time_decay,google,1,1,1,1.0,173.24,173.24
ord_1181f849,cust_3a7486e4,2024-07-14 19:20:54,paid,last_touch,direct,1,1,1,1.0,94.99,94.99
ord_1181f849,cust_3a7486e4,2024-07-14 19:20:54,paid,first_touch,direct,1,1,1,1.0,94.99,94.99
ord_1181f849,cust_3a7486e4,2024-07-14 19:20:54,paid,linear,direct,1,1,1,1.0,94.99,94.99
ord_1181f849,cust_3a7486e4,2024-07-14 19:20:54,paid,time_decay,direct,1,1,1,1.0,94.99,94.99
ord_8db9e3cf,cust_cf0df2fb,2024-07-14 21:14:20,paid,last_touch,meta,1,1,1,1.0,55.18,55.18
ord_8db9e3cf,cust_cf0df2fb,2024-07-14 21:14:20,paid,first_touch,meta,1,1,1,1.0,55.18,55.18
ord_8db9e3cf,cust_cf0df2fb,2024-07-14 21:14:20,paid,linear,meta,1,1,1,1.0,55.18,55.18
ord_8db9e3cf,cust_cf0df2fb,2024-07-14 21:14:20,paid,time_decay,meta,1,1,1,1.0,55.18,55.18
ord_b2093555,cust_16eeb354,2024-07-15 18:42:13,paid,last_touch,meta,1,1,1,1.0,134.1,134.1
ord_b2093555,cust_16eeb354,2024-07-15 18:42:13,paid,first_touch,meta,1,1,1,1.0,134.1,134.1
ord_b2093555,cust_16eeb354,2024-07-15 18:42:13,paid,linear,meta,1,1,1,1.0,134.1,134.1
ord_b2093555,cust_16eeb354,2024-07-15 18:42:13,paid,time_decay,meta,1,1,1,1.0,134.1,134.1
ord_af6b56da,cust_b5fbdfe2,2024-07-15 20:10:24,refunded,last_touch,direct,1,1,1,1.0,91.15,91.15
ord_af6b56da,cust_b5fbdfe2,2024-07-15 20:10:24,refunded,first_touch,organic,1,1,1,1.0,91.15,91.15
ord_af6b56da,cust_b5fbdfe2,2024-07-15 20:10:24,refunded,linear,organic,1,1,1,1.0,91.15,91.15
ord_af6b56da,cust_b5fbdfe2,2024-07-15 20:10:24,refunded,time_decay,organic,1,1,1,1.0,91.15,91.15
ord_08a4ed42,cust_96df53bd,2024-07-15 16:19:14,paid,last_touch,meta,1,1,1,1.0,224.25,224.25
ord_08a4ed42,cust_96df53bd,2024-07-15 16:19:14,paid,first_touch,meta,1,1,1,1.0,224.25,224.25
ord_08a4ed42,cust_96df53bd,2024-07-15 16:19:14,paid,linear,meta,1,1,1,1.0,224.25,224.25
ord_08a4ed42,cust_96df53bd,2024-07-15 16:19:14,paid,time_decay,meta,1,1,1,1.0,224.25,224.25
ord_3aa46fd0,cust_22cb55e1,2024-07-15 14:33:17,paid,last_touch,direct,1,1,1,1.0,37.16,37.16
ord_3aa46fd0,cust_22cb55e1,2024-07-15 14:33:17,paid,first_touch,direct,1,1,1,1.0,37.16,37.16
ord_3aa46fd0,cust_22cb55e1,2024-07-15 14:33:17,paid,linear,direct,1,1,1,1.0,37.16,37.16
ord_3aa46fd0,cust_22cb55e1,2024-07-15 14:33:17,paid,time_decay,direct,1,1,1,1.0,37.16,37.16
ord_d097f1bf,cust_7be5035e,2024-07-15 21:48:19,paid,last_touch,meta,1,1,1,1.0,44.97,44.97
ord_d097f1bf,cust_7be5035e,2024-07-15 21:48:19,paid,first_touch,meta,1,1,1,1.0,44.97,44.97
ord_d097f1bf,cust_7be5035e,2024-07-15 21:48:19,paid,linear,meta,1,1,1,1.0,44.97,44.97
ord_d097f1bf,cust_7be5035e,2024-07-15 21:48:19,paid,time_decay,meta,1,1,1,1.0,44.97,44.97
ord_1af20393,cust_751eb061,2024-07-15 17:56:46,paid,last_touch,direct,1,1,1,1.0,31.88,31.88
ord_1af20393,cust_751eb061,2024-07-15 17:56:46,paid,first_touch,google,1,1,1,1.0,31.88,31.88
ord_1af20393,cust_751eb061,2024-07-15 17:56:46,paid,linear,google,1,1,1,1.0,31.88,31.88
ord_1af20393,cust_751eb061,2024-07-15 17:56:46,paid,time_decay,google,1,1,1,1.0,31.88,31.88
ord_f02d7079,cust_6a2eb557,2024-07-15 07:28:58,paid,last_touch,direct,1,1,1,1.0,95.21,95.21
ord_f02d7079,cust_6a2eb557,2024-07-15 07:28:58,paid,first_touch,meta,1,1,1,1.0,95.21,95.21
ord_f02d7079,cust_6a2eb557,2024-07-15 07:28:58,paid,linear,meta,1,1,1,1.0,95.21,95.21
ord_f02d7079,cust_6a2eb557,2024-07-15 07:28:58,paid,time_decay,meta,1,1,1,1.0,95.21,95.21
ord_77f6c104,cust_4ac515ac,2024-07-15 09:36:14,paid,last_touch,tiktok,1,1,1,1.0,100.06,100.06
ord_77f6c104,cust_4ac515ac,2024-07-15 09:36:14,paid,first_touch,tiktok,1,1,1,1.0,100.06,100.06
ord_77f6c104,cust_4ac515ac,2024-07-15 09:36:14,paid,linear,tiktok,1,1,1,1.0,100.06,100.06
ord_77f6c104,cust_4ac515ac,2024-07-15 09:36:14,paid,time_decay,tiktok,1,1,1,1.0,100.06,100.06
ord_e23cede0,cust_9d47f650,2024-07-16 20:21:07,paid,last_touch,tiktok,1,1,1,1.0,42.15,42.15
ord_e23cede0,cust_9d47f650,2024-07-16 20:21:07,paid,first_touch,tiktok,1,1,1,1.0,42.15,42.15
ord_e23cede0,cust_9d47f650,2024-07-16 20:21:07,paid,linear,tiktok,1,1,1,1.0,42.15,42.15
ord_e23cede0,cust_9d47f650,2024-07-16 20:21:07,paid,time_decay,tiktok,1,1,1,1.0,42.15,42.15
ord_910a7ec7,cust_6906016c,2024-07-16 10:17:50,paid,last_touch,meta,1,1,1,1.0,327.33,327.33
ord_910a7ec7,cust_6906016c,2024-07-16 10:17:50,paid,first_touch,meta,1,1,1,1.0,327.33,327.33
ord_910a7ec7,cust_6906016c,2024-07-16 10:17:50,paid,linear,meta,1,1,1,1.0,327.33,327.33
ord_910a7ec7,cust_6906016c,2024-07-16 10:17:50,paid,time_decay,meta,1,1,1,1.0,327.33,327.33
ord_3d065507,cust_5bb79b72,2024-07-16 17:49:44,paid,last_touch,direct,1,1,1,1.0,339.5,339.5
ord_3d065507,cust_5bb79b72,2024-07-16 17:49:44,paid,first_touch,google,1,1,1,1.0,339.5,339.5
ord_3d065507,cust_5bb79b72,2024-07-16 17:49:44,paid,linear,google,1,1,1,1.0,339.5,339.5
ord_3d065507,cust_5bb79b72,2024-07-16 17:49:44,paid,time_decay,google,1,1,1,1.0,339.5,339.5
ord_935a63de,cust_2a336d20,2024-07-16 14:07:23,paid,last_touch,direct,1,1,1,1.0,58.8,58.8
ord_935a63de,cust_2a336d20,2024-07-16 14:07:23,paid,first_touch,direct,1,1,1,1.0,58.8,58.8
ord_935a63de,cust_2a336d20,2024-07-16 14:07:23,paid,linear,direct,1,1,1,1.0,58.8,58.8
ord_935a63de,cust_2a336d20,2024-07-16 14:07:23,paid,time_decay,direct,1,1,1,1.0,58.8,58.8
ord_4a43cbba,cust_1eeeb52e,2024-07-16 16:37:59,paid,last_touch,direct,1,1,1,1.0,111.43,111.43
ord_4a43cbba,cust_1eeeb52e,2024-07-16 16:37:59,paid,first_touch,email,1,1,1,1.0,111.43,111.43
ord_4a43cbba,cust_1eeeb52e,2024-07-16 16:37:59,paid,linear,email,1,1,1,1.0,111.43,111.43
ord_4a43cbba,cust_1eeeb52e,2024-07-16 16:37:59,paid,time_decay,email,1,1,1,1.0,111.43,111.43
ord_389c4a04,cust_0c4f9f04,2024-07-16 19:09:26,paid,last_touch,meta,1,1,1,1.0,187.79,187.79
ord_389c4a04,cust_0c4f9f04,2024-07-16 19:09:26,paid,first_touch,meta,1,1,1,1.0,187.79,187.79
ord_389c4a04,cust_0c4f9f04,2024-07-16 19:09:26,paid,linear,meta,1,1,1,1.0,187.79,187.79
ord_389c4a04,cust_0c4f9f04,2024-07-16 19:09:26,paid,time_decay,meta,1,1,1,1.0,187.79,187.79
ord_163737a2,cust_ee9aef31,2024-07-17 09:45:58,paid,last_touch,direct,1,1,1,1.0,52.3,52.3
ord_163737a2,cust_ee9aef31,2024-07-17 09:45:58,paid,first_touch,direct,1,1,1,1.0,52.3,52.3
ord_163737a2,cust_ee9aef31,2024-07-17 09:45:58,paid,linear,direct,1,1,1,1.0,52.3,52.3
ord_163737a2,cust_ee9aef31,2024-07-17 09:45:58,paid,time_decay,direct,1,1,1,1.0,52.3,52.3
ord_a549bd7d,cust_d06d0960,2024-07-17 08:30:13,refunded,last_touch,direct,1,1,1,1.0,81.61,81.61
ord_a549bd7d,cust_d06d0960,2024-07-17 08:30:13,refunded,first_touch,organic,1,1,1,1.0,81.61,81.61
ord_a549bd7d,cust_d06d0960,2024-07-17 08:30:13,refunded,linear,organic,1,1,1,1.0,81.61,81.61
ord_a549bd7d,cust_d06d0960,2024-07-17 08:30:13,refunded,time_decay,organic,1,1,1,1.0,81.61,81.61
ord_44add7ae,cust_1f63e438,2024-07-17 10:03:35,paid,last_touch,direct,1,1,1,1.0,67.09,67.09
ord_44add7ae,cust_1f63e438,2024-07-17 10:03:35,paid,first_touch,tiktok,1,1,1,1.0,67.09,67.09
ord_44add7ae,cust_1f63e438,2024-07-17 10:03:35,paid,linear,tiktok,1,1,1,1.0,67.09,67.09
ord_44add7ae,cust_1f63e438,2024-07-17 10:03:35,paid,time_decay,tiktok,1,1,1,1.0,67.09,67.09
ord_42fcc444,cust_b2ad47f8,2024-07-18 20:05:02,paid,last_touch,direct,1,1,1,1.0,117.14,117.14
ord_42fcc444,cust_b2ad47f8,2024-07-18 20:05:02,paid,first_touch,google,1,1,1,1.0,117.14,117.14
ord_42fcc444,cust_b2ad47f8,2024-07-18 20:05:02,paid,linear,google,1,1,1,1.0,117.14,117.14
ord_42fcc444,cust_b2ad47f8,2024-07-18 20:05:02,paid,time_decay,google,1,1,1,1.0,117.14,117.14
ord_7c98df05,cust_af488ab6,2024-07-18 11:34:49,paid,last_touch,direct,1,1,1,1.0,81.78,81.78
ord_7c98df05,cust_af488ab6,2024-07-18 11:34:49,paid,first_touch,google,1,1,1,1.0,81.78,81.78
ord_7c98df05,cust_af488ab6,2024-07-18 11:34:49,paid,linear,google,1,1,1,1.0,81.78,81.78
ord_7c98df05,cust_af488ab6,2024-07-18 11:34:49,paid,time_decay,google,1,1,1,1.0,81.78,81.78
ord_0ad917e9,cust_3a5aa5b7,2024-07-18 19:44:21,paid,last_touch,tiktok,1,1,1,1.0,179.95,179.95
ord_0ad917e9,cust_3a5aa5b7,2024-07-18 19:44:21,paid,first_touch,tiktok,1,1,1,1.0,179.95,179.95
ord_0ad917e9,cust_3a5aa5b7,2024-07-18 19:44:21,paid,linear,tiktok,1,1,1,1.0,179.95,179.95
ord_0ad917e9,cust_3a5aa5b7,2024-07-18 19:44:21,paid,time_decay,tiktok,1,1,1,1.0,179.95,179.95
ord_ac75d097,cust_9be3c29c,2024-07-18 17:31:19,paid,last_touch,google,1,1,1,1.0,52.29,52.29
ord_ac75d097,cust_9be3c29c,2024-07-18 17:31:19,paid,first_touch,google,1,1,1,1.0,52.29,52.29
ord_ac75d097,cust_9be3c29c,2024-07-18 17:31:19,paid,linear,google,1,1,1,1.0,52.29,52.29
ord_ac75d097,cust_9be3c29c,2024-07-18 17:31:19,paid,time_decay,google,1,1,1,1.0,52.29,52.29
ord_08e72105,cust_db472036,2024-07-18 08:59:42,paid,last_touch,direct,1,1,1,1.0,82.6,82.6
ord_08e72105,cust_db472036,2024-07-18 08:59:42,paid,first_touch,email,1,1,1,1.0,82.6,82.6
ord_08e72105,cust_db472036,2024-07-18 08:59:42,paid,linear,email,1,1,1,1.0,82.6,82.6
ord_08e72105,cust_db472036,2024-07-18 08:59:42,paid,time_decay,email,1,1,1,1.0,82.6,82.6
ord_965907bd,cust_f6b533f6,2024-07-18 16:42:18,paid,last_touch,tiktok,1,1,1,1.0,64.48,64.48
ord_965907bd,cust_f6b533f6,2024-07-18 16:42:18,paid,first_touch,tiktok,1,1,1,1.0,64.48,64.48
ord_965907bd,cust_f6b533f6,2024-07-18 16:42:18,paid,linear,tiktok,1,1,1,1.0,64.48,64.48
ord_965907bd,cust_f6b533f6,2024-07-18 16:42:18,paid,time_decay,tiktok,1,1,1,1.0,64.48,64.48
ord_81a6340a,cust_28e809b2,2024-07-19 09:05:38,paid,last_touch,google,1,1,1,1.0,87.42,87.42
ord_81a6340a,cust_28e809b2,2024-07-19 09:05:38,paid,first_touch,google,1,1,1,1.0,87.42,87.42
ord_81a6340a,cust_28e809b2,2024-07-19 09:05:38,paid,linear,google,1,1,1,1.0,87.42,87.42
ord_81a6340a,cust_28e809b2,2024-07-19 09:05:38,paid,time_decay,google,1,1,1,1.0,87.42,87.42
ord_2560377c,cust_c25c2ea7,2024-07-19 11:13:04,paid,last_touch,meta,1,1,1,1.0,103.52,103.52
ord_2560377c,cust_c25c2ea7,2024-07-19 11:13:04,paid,first_touch,meta,1,1,1,1.0,103.52,103.52
ord_2560377c,cust_c25c2ea7,2024-07-19 11:13:04,paid,linear,meta,1,1,1,1.0,103.52,103.52
ord_2560377c,cust_c25c2ea7,2024-07-19 11:13:04,paid,time_decay,meta,1,1,1,1.0,103.52,103.52
ord_d7b36023,cust_c4a0be55,2024-07-19 21:12:51,paid,last_touch,meta,1,1,1,1.0,96.71,96.71
ord_d7b36023,cust_c4a0be55,2024-07-19 21:12:51,paid,first_touch,meta,1,1,1,1.0,96.71,96.71
ord_d7b36023,cust_c4a0be55,2024-07-19 21:12:51,paid,linear,meta,1,1,1,1.0,96.71,96.71
ord_d7b36023,cust_c4a0be55,2024-07-19 21:12:51,paid,time_decay,meta,1,1,1,1.0,96.71,96.71
ord_bf7eacc3,cust_0132cf59,2024-07-19 11:19:08,paid,last_touch,meta,1,1,1,1.0,39.76,39.76
ord_bf7eacc3,cust_0132cf59,2024-07-19 11:19:08,paid,first_touch,meta,1,1,1,1.0,39.76,39.76
ord_bf7eacc3,cust_0132cf59,2024-07-19 11:19:08,paid,linear,meta,1,1,1,1.0,39.76,39.76
ord_bf7eacc3,cust_0132cf59,2024-07-19 11:19:08,paid,time_decay,meta,1,1,1,1.0,39.76,39.76
ord_a74c3753,cust_e3c14833,2024-07-19 04:48:41,refunded,last_touch,tiktok,1,1,1,1.0,74.97,74.97
ord_a74c3753,cust_e3c14833,2024-07-19 04:48:41,refunded,first_touch,tiktok,1,1,1,1.0,74.97,74.97
ord_a74c3753,cust_e3c14833,2024-07-19 04:48:41,refunded,linear,tiktok,1,1,1,1.0,74.97,74.97
ord_a74c3753,cust_e3c14833,2024-07-19 04:48:41,refunded,time_decay,tiktok,1,1,1,1.0,74.97,74.97
ord_a36eaa8a,cust_dc421c22,2024-07-19 02:34:32,paid,last_touch,direct,1,1,1,1.0,124.24,124.24
ord_a36eaa8a,cust_dc421c22,2024-07-19 02:34:32,paid,first_touch,direct,1,1,1,1.0,124.24,124.24
ord_a36eaa8a,cust_dc421c22,2024-07-19 02:34:32,paid,linear,direct,1,1,1,1.0,124.24,124.24
ord_a36eaa8a,cust_dc421c22,2024-07-19 02:34:32,paid,time_decay,direct,1,1,1,1.0,124.24,124.24
ord_783ffc76,cust_157030e3,2024-07-19 23:09:46,refunded,last_touch,direct,1,1,1,1.0,307.56,307.56
ord_783ffc76,cust_157030e3,2024-07-19 23:09:46,refunded,first_touch,direct,1,1,1,1.0,307.56,307.56
ord_783ffc76,cust_157030e3,2024-07-19 23:09:46,refunded,linear,direct,1,1,1,1.0,307.56,307.56
ord_783ffc76,cust_157030e3,2024-07-19 23:09:46,refunded,time_decay,direct,1,1,1,1.0,307.56,307.56
ord_85a00b4b,cust_5ceeb5f4,2024-07-20 19:40:39,paid,last_touch,direct,1,1,1,1.0,241.22,241.22
ord_85a00b4b,cust_5ceeb5f4,2024-07-20 19:40:39,paid,first_touch,google,1,1,1,1.0,241.22,241.22
ord_85a00b4b,cust_5ceeb5f4,2024-07-20 19:40:39,paid,linear,google,1,1,1,1.0,241.22,241.22
ord_85a00b4b,cust_5ceeb5f4,2024-07-20 19:40:39,paid,time_decay,google,1,1,1,1.0,241.22,241.22
ord_bd84efde,cust_5c08bcd6,2024-07-20 22:16:23,paid,last_touch,tiktok,1,1,1,1.0,67.48,67.48
ord_bd84efde,cust_5c08bcd6,2024-07-20 22:16:23,paid,first_touch,tiktok,1,1,1,1.0,67.48,67.48
ord_bd84efde,cust_5c08bcd6,2024-07-20 22:16:23,paid,linear,tiktok,1,1,1,1.0,67.48,67.48
ord_bd84efde,cust_5c08bcd6,2024-07-20 22:16:23,paid,time_decay,tiktok,1,1,1,1.0,67.48,67.48
ord_9765a858,cust_1104d7ac,2024-07-20 09:00:10,paid,last_touch,meta,1,1,1,1.0,343.59,343.59
ord_9765a858,cust_1104d7ac,2024-07-20 09:00:10,paid,first_touch,meta,1,1,1,1.0,343.59,343.59
ord_9765a858,cust_1104d7ac,2024-07-20 09:00:10,paid,linear,meta,1,1,1,1.0,343.59,343.59
ord_9765a858,cust_1104d7ac,2024-07-20 09:00:10,paid,time_decay,meta,1,1,1,1.0,343.59,343.59
ord_02b6c579,cust_fb27cf84,2024-07-20 17:44:21,paid,last_touch,meta,1,1,1,1.0,86.01,86.01
ord_02b6c579,cust_fb27cf84,2024-07-20 17:44:21,paid,first_touch,meta,1,1,1,1.0,86.01,86.01
ord_02b6c579,cust_fb27cf84,2024-07-20 17:44:21,paid,linear,meta,1,1,1,1.0,86.01,86.01
ord_02b6c579,cust_fb27cf84,2024-07-20 17:44:21,paid,time_decay,meta,1,1,1,1.0,86.01,86.01
ord_2c116565,cust_6082dddb,2024-07-21 08:14:26,paid,last_touch,direct,1,1,1,1.0,113.8,113.8
ord_2c116565,cust_6082dddb,2024-07-21 08:14:26,paid,first_touch,meta,1,1,1,1.0,113.8,113.8
ord_2c116565,cust_6082dddb,2024-07-21 08:14:26,paid,linear,meta,1,1,1,1.0,113.8,113.8
ord_2c116565,cust_6082dddb,2024-07-21 08:14:26,paid,time_decay,meta,1,1,1,1.0,113.8,113.8
ord_5cc5898a,cust_e038ca71,2024-07-21 19:20:08,paid,last_touch,direct,1,1,1,1.0,82.01,82.01
ord_5cc5898a,cust_e038ca71,2024-07-21 19:20:08,paid,first_touch,google,1,1,1,1.0,82.01,82.01
ord_5cc5898a,cust_e038ca71,2024-07-21 19:20:08,paid,linear,google,1,1,1,1.0,82.01,82.01
ord_5cc5898a,cust_e038ca71,2024-07-21 19:20:08,paid,time_decay,google,1,1,1,1.0,82.01,82.01
ord_0d1b8286,cust_d69855e3,2024-07-21 11:31:34,paid,last_touch,google,1,1,1,1.0,34.92,34.92
ord_0d1b8286,cust_d69855e3,2024-07-21 11:31:34,paid,first_touch,google,1,1,1,1.0,34.92,34.92
ord_0d1b8286,cust_d69855e3,2024-07-21 11:31:34,paid,linear,google,1,1,1,1.0,34.92,34.92
ord_0d1b8286,cust_d69855e3,2024-07-21 11:31:34,paid,time_decay,google,1,1,1,1.0,34.92,34.92
ord_85bda5b9,cust_66161882,2024-07-21 10:40:59,paid,last_touch,tiktok,1,1,1,1.0,47.28,47.28
ord_85bda5b9,cust_66161882,2024-07-21 10:40:59,paid,first_touch,tiktok,1,1,1,1.0,47.28,47.28
ord_85bda5b9,cust_66161882,2024-07-21 10:40:59,paid,linear,tiktok,1,1,1,1.0,47.28,47.28
ord_85bda5b9,cust_66161882,2024-07-21 10:40:59,paid,time_decay,tiktok,1,1,1,1.0,47.28,47.28
ord_c2fa85ac,cust_78ff646e,2024-07-22 11:14:58,paid,last_touch,google,1,1,1,1.0,82.14,82.14
ord_c2fa85ac,cust_78ff646e,2024-07-22 11:14:58,paid,first_touch,google,1,1,1,1.0,82.14,82.14
ord_c2fa85ac,cust_78ff646e,2024-07-22 11:14:58,paid,linear,google,1,1,1,1.0,82.14,82.14
ord_c2fa85ac,cust_78ff646e,2024-07-22 11:14:58,paid,time_decay,google,1,1,1,1.0,82.14,82.14
ord_fe898f4d,cust_a8a3b6f3,2024-07-22 09:59:09,paid,last_touch,direct,1,1,1,1.0,56.76,56.76
ord_fe898f4d,cust_a8a3b6f3,2024-07-22 09:59:09,paid,first_touch,meta,1,1,1,1.0,56.76,56.76
ord_fe898f4d,cust_a8a3b6f3,2024-07-22 09:59:09,paid,linear,meta,1,1,1,1.0,56.76,56.76
ord_fe898f4d,cust_a8a3b6f3,2024-07-22 09:59:09,paid,time_decay,meta,1,1,1,1.0,56.76,56.76
ord_c035c627,cust_d756ee4c,2024-07-22 11:21:29,paid,last_touch,organic,1,1,1,1.0,186.93,186.93
ord_c035c627,cust_d756ee4c,2024-07-22 11:21:29,paid,first_touch,organic,1,1,1,1.0,186.93,186.93
ord_c035c627,cust_d756ee4c,2024-07-22 11:21:29,paid,linear,organic,1,1,1,1.0,186.93,186.93
ord_c035c627,cust_d756ee4c,2024-07-22 11:21:29,paid,time_decay,organic,1,1,1,1.0,186.93,186.93
ord_224efb23,cust_a6598f83,2024-07-22 10:39:14,paid,last_touch,google,1,1,1,1.0,163.01,163.01
ord_224efb23,cust_a6598f83,2024-07-22 10:39:14,paid,first_touch,google,1,1,1,1.0,163.01,163.01
ord_224efb23,cust_a6598f83,2024-07-22 10:39:14,paid,linear,google,1,1,1,1.0,163.01,163.01
ord_224efb23,cust_a6598f83,2024-07-22 10:39:14,paid,time_decay,google,1,1,1,1.0,163.01,163.01
ord_efcb42ab,cust_3278b2d3,2024-07-22 11:50:20,paid,last_touch,direct,1,1,1,1.0,95.77,95.77
ord_efcb42ab,cust_3278b2d3,2024-07-22 11:50:20,paid,first_touch,direct,1,1,1,1.0,95.77,95.77
ord_efcb42ab,cust_3278b2d3,2024-07-22 11:50:20,paid,linear,direct,1,1,1,1.0,95.77,95.77
ord_efcb42ab,cust_3278b2d3,2024-07-22 11:50:20,paid,time_decay,direct,1,1,1,1.0,95.77,95.77
ord_4190f6eb,cust_25075c1b,2024-07-23 17:32:52,paid,last_touch,meta,1,1,1,1.0,67.38,67.38
ord_4190f6eb,cust_25075c1b,2024-07-23 17:32:52,paid,first_touch,meta,1,1,1,1.0,67.38,67.38
ord_4190f6eb,cust_25075c1b,2024-07-23 17:32:52,paid,linear,meta,1,1,1,1.0,67.38,67.38
ord_4190f6eb,cust_25075c1b,2024-07-23 17:32:52,paid,time_decay,meta,1,1,1,1.0,67.38,67.38
ord_cf890d4d,cust_bd694d02,2024-07-23 12:15:54,paid,last_touch,organic,1,1,1,1.0,130.66,130.66
ord_cf890d4d,cust_bd694d02,2024-07-23 12:15:54,paid,first_touch,organic,1,1,1,1.0,130.66,130.66
ord_cf890d4d,cust_bd694d02,2024-07-23 12:15:54,paid,linear,organic,1,1,1,1.0,130.66,130.66
ord_cf890d4d,cust_bd694d02,2024-07-23 12:15:54,paid,time_decay,organic,1,1,1,1.0,130.66,130.66
ord_b7beed40,cust_e81fa4e3,2024-07-23 13:09:11,paid,last_touch,meta,1,1,1,1.0,39.29,39.29
ord_b7beed40,cust_e81fa4e3,2024-07-23 13:09:11,paid,first_touch,meta,1,1,1,1.0,39.29,39.29
ord_b7beed40,cust_e81fa4e3,2024-07-23 13:09:11,paid,linear,meta,1,1,1,1.0,39.29,39.29
ord_b7beed40,cust_e81fa4e3,2024-07-23 13:09:11,paid,time_decay,meta,1,1,1,1.0,39.29,39.29
ord_66d1d4e0,cust_d71a99f0,2024-07-23 10:03:35,paid,last_touch,direct,1,1,1,1.0,66.25,66.25
ord_66d1d4e0,cust_d71a99f0,2024-07-23 10:03:35,paid,first_touch,tiktok,1,1,1,1.0,66.25,66.25
ord_66d1d4e0,cust_d71a99f0,2024-07-23 10:03:35,paid,linear,tiktok,1,1,1,1.0,66.25,66.25
ord_66d1d4e0,cust_d71a99f0,2024-07-23 10:03:35,paid,time_decay,tiktok,1,1,1,1.0,66.25,66.25
ord_8eb8c1e5,cust_3fe1bf14,2024-07-23 15:33:03,paid,last_touch,meta,1,1,1,1.0,81.2,81.2
ord_8eb8c1e5,cust_3fe1bf14,2024-07-23 15:33:03,paid,first_touch,meta,1,1,1,1.0,81.2,81.2
ord_8eb8c1e5,cust_3fe1bf14,2024-07-23 15:33:03,paid,linear,meta,1,1,1,1.0,81.2,81.2
ord_8eb8c1e5,cust_3fe1bf14,2024-07-23 15:33:03,paid,time_decay,meta,1,1,1,1.0,81.2,81.2
ord_15644d4a,cust_1c1c516b,2024-07-23 15:44:26,paid,last_touch,google,1,1,1,1.0,99.23,99.23
ord_15644d4a,cust_1c1c516b,2024-07-23 15:44:26,paid,first_touch,google,1,1,1,1.0,99.23,99.23
ord_15644d4a,cust_1c1c516b,2024-07-23 15:44:26,paid,linear,google,1,1,1,1.0,99.23,99.23
ord_15644d4a,cust_1c1c516b,2024-07-23 15:44:26,paid,time_decay,google,1,1,1,1.0,99.23,99.23
ord_a424f267,cust_37f6bb47,2024-07-24 15:46:02,paid,last_touch,tiktok,1,1,1,1.0,123.21,123.21
ord_a424f267,cust_37f6bb47,2024-07-24 15:46:02,paid,first_touch,tiktok,1,1,1,1.0,123.21,123.21
ord_a424f267,cust_37f6bb47,2024-07-24 15:46:02,paid,linear,tiktok,1,1,1,1.0,123.21,123.21
ord_a424f267,cust_37f6bb47,2024-07-24 15:46:02,paid,time_decay,tiktok,1,1,1,1.0,123.21,123.21
ord_0006c8b6,cust_51c3aab5,2024-07-24 13:32:27,paid,last_touch,organic,1,1,1,1.0,49.57,49.57
ord_0006c8b6,cust_51c3aab5,2024-07-24 13:32:27,paid,first_touch,organic,1,1,1,1.0,49.57,49.57
ord_0006c8b6,cust_51c3aab5,2024-07-24 13:32:27,paid,linear,organic,1,1,1,1.0,49.57,49.57
ord_0006c8b6,cust_51c3aab5,2024-07-24 13:32:27,paid,time_decay,organic,1,1,1,1.0,49.57,49.57
ord_c31af6df,cust_4228c5d8,2024-07-24 23:46:38,paid,last_touch,meta,1,1,1,1.0,149.07,149.07
ord_c31af6df,cust_4228c5d8,2024-07-24 23:46:38,paid,first_touch,meta,1,1,1,1.0,149.07,149.07
ord_c31af6df,cust_4228c5d8,2024-07-24 23:46:38,paid,linear,meta,1,1,1,1.0,149.07,149.07
ord_c31af6df,cust_4228c5d8,2024-07-24 23:46:38,paid,time_decay,meta,1,1,1,1.0,149.07,149.07
ord_0573e8d2,cust_6f5298ee,2024-07-24 12:57:43,paid,last_touch,direct,1,1,1,1.0,36.25,36.25
ord_0573e8d2,cust_6f5298ee,2024-07-24 12:57:43,paid,first_touch,direct,1,1,1,1.0,36.25,36.25
ord_0573e8d2,cust_6f5298ee,2024-07-24 12:57:43,paid,linear,direct,1,1,1,1.0,36.25,36.25
ord_0573e8d2,cust_6f5298ee,2024-07-24 12:57:43,paid,time_decay,direct,1,1,1,1.0,36.25,36.25
ord_192a6981,cust_d14dc276,2024-07-24 08:43:02,paid,last_touch,direct,1,1,1,1.0,47.35,47.35
ord_192a6981,cust_d14dc276,2024-07-24 08:43:02,paid,first_touch,meta,1,1,1,1.0,47.35,47.35
ord_192a6981,cust_d14dc276,2024-07-24 08:43:02,paid,linear,meta,1,1,1,1.0,47.35,47.35
ord_192a6981,cust_d14dc276,2024-07-24 08:43:02,paid,time_decay,meta,1,1,1,1.0,47.35,47.35
ord_e0458f65,cust_5c59528b,2024-07-24 07:06:04,paid,last_touch,direct,1,1,1,1.0,99.52,99.52
ord_e0458f65,cust_5c59528b,2024-07-24 07:06:04,paid,first_touch,google,1,1,1,1.0,99.52,99.52
ord_e0458f65,cust_5c59528b,2024-07-24 07:06:04,paid,linear,google,1,1,1,1.0,99.52,99.52
ord_e0458f65,cust_5c59528b,2024-07-24 07:06:04,paid,time_decay,google,1,1,1,1.0,99.52,99.52
ord_36bdef79,cust_e2924719,2024-07-25 20:54:57,paid,last_touch,google,1,1,1,1.0,108.94,108.94
ord_36bdef79,cust_e2924719,2024-07-25 20:54:57,paid,first_touch,google,1,1,1,1.0,108.94,108.94
ord_36bdef79,cust_e2924719,2024-07-25 20:54:57,paid,linear,google,1,1,1,1.0,108.94,108.94
ord_36bdef79,cust_e2924719,2024-07-25 20:54:57,paid,time_decay,google,1,1,1,1.0,108.94,108.94
ord_bae2ac4f,cust_374845fd,2024-07-25 11:55:28,paid,last_touch,meta,1,1,1,1.0,349.33,349.33
ord_bae2ac4f,cust_374845fd,2024-07-25 11:55:28,paid,first_touch,meta,1,1,1,1.0,349.33,349.33
ord_bae2ac4f,cust_374845fd,2024-07-25 11:55:28,paid,linear,meta,1,1,1,1.0,349.33,349.33
ord_bae2ac4f,cust_374845fd,2024-07-25 11:55:28,paid,time_decay,meta,1,1,1,1.0,349.33,349.33
ord_0e26b752,cust_aca0680a,2024-07-25 12:01:14,paid,last_touch,direct,1,1,1,1.0,34.1,34.1
ord_0e26b752,cust_aca0680a,2024-07-25 12:01:14,paid,first_touch,google,1,1,1,1.0,34.1,34.1
ord_0e26b752,cust_aca0680a,2024-07-25 12:01:14,paid,linear,google,1,1,1,1.0,34.1,34.1
ord_0e26b752,cust_aca0680a,2024-07-25 12:01:14,paid,time_decay,google,1,1,1,1.0,34.1,34.1
ord_5f60c909,cust_983ee6cb,2024-07-25 15:37:40,paid,last_touch,organic,1,1,1,1.0,70.87,70.87
ord_5f60c909,cust_983ee6cb,2024-07-25 15:37:40,paid,first_touch,organic,1,1,1,1.0,70.87,70.87
ord_5f60c909,cust_983ee6cb,2024-07-25 15:37:40,paid,linear,organic,1,1,1,1.0,70.87,70.87
ord_5f60c909,cust_983ee6cb,2024-07-25 15:37:40,paid,time_decay,organic,1,1,1,1.0,70.87,70.87
ord_51a41666,cust_a786d1c3,2024-07-25 10:31:20,paid,last_touch,direct,1,1,1,1.0,68.97,68.97
ord_51a41666,cust_a786d1c3,2024-07-25 10:31:20,paid,first_touch,organic,1,1,1,1.0,68.97,68.97
ord_51a41666,cust_a786d1c3,2024-07-25 10:31:20,paid,linear,organic,1,1,1,1.0,68.97,68.97
ord_51a41666,cust_a786d1c3,2024-07-25 10:31:20,paid,time_decay,organic,1,1,1,1.0,68.97,68.97
ord_1c362bfa,cust_98707df7,2024-07-26 16:24:57,paid,last_touch,meta,1,1,1,1.0,73.15,73.15
ord_1c362bfa,cust_98707df7,2024-07-26 16:24:57,paid,first_touch,meta,1,1,1,1.0,73.15,73.15
ord_1c362bfa,cust_98707df7,2024-07-26 16:24:57,paid,linear,meta,1,1,1,1.0,73.15,73.15
ord_1c362bfa,cust_98707df7,2024-07-26 16:24:57,paid,time_decay,meta,1,1,1,1.0,73.15,73.15
ord_a81d8c03,cust_18f0c8df,2024-07-26 19:14:05,paid,last_touch,google,1,1,1,1.0,60.54,60.54
ord_a81d8c03,cust_18f0c8df,2024-07-26 19:14:05,paid,first_touch,google,1,1,1,1.0,60.54,60.54
ord_a81d8c03,cust_18f0c8df,2024-07-26 19:14:05,paid,linear,google,1,1,1,1.0,60.54,60.54
ord_a81d8c03,cust_18f0c8df,2024-07-26 19:14:05,paid,time_decay,google,1,1,1,1.0,60.54,60.54
ord_ed1ea40f,cust_f7bf74c6,2024-07-26 16:40:11,paid,last_touch,google,1,1,1,1.0,104.88,104.88
ord_ed1ea40f,cust_f7bf74c6,2024-07-26 16:40:11,paid,first_touch,google,1,1,1,1.0,104.88,104.88
ord_ed1ea40f,cust_f7bf74c6,2024-07-26 16:40:11,paid,linear,google,1,1,1,1.0,104.88,104.88
ord_ed1ea40f,cust_f7bf74c6,2024-07-26 16:40:11,paid,time_decay,google,1,1,1,1.0,104.88,104.88
ord_02044641,cust_08346900,2024-07-26 19:49:01,paid,last_touch,meta,1,1,1,1.0,180.14,180.14
ord_02044641,cust_08346900,2024-07-26 19:49:01,paid,first_touch,meta,1,1,1,1.0,180.14,180.14
ord_02044641,cust_08346900,2024-07-26 19:49:01,paid,linear,meta,1,1,1,1.0,180.14,180.14
ord_02044641,cust_08346900,2024-07-26 19:49:01,paid,time_decay,meta,1,1,1,1.0,180.14,180.14
ord_d732cfbf,cust_3883e299,2024-07-26 09:32:10,paid,last_touch,tiktok,1,1,1,1.0,131.59,131.59
ord_d732cfbf,cust_3883e299,2024-07-26 09:32:10,paid,first_touch,tiktok,1,1,1,1.0,131.59,131.59
ord_d732cfbf,cust_3883e299,2024-07-26 09:32:10,paid,linear,tiktok,1,1,1,1.0,131.59,131.59
ord_d732cfbf,cust_3883e299,2024-07-26 09:32:10,paid,time_decay,tiktok,1,1,1,1.0,131.59,131.59
ord_f1906976,cust_76197dbc,2024-07-26 11:10:02,paid,last_touch,google,1,1,1,1.0,290.96,290.96
ord_f1906976,cust_76197dbc,2024-07-26 11:10:02,paid,first_touch,google,1,1,1,1.0,290.96,290.96
ord_f1906976,cust_76197dbc,2024-07-26 11:10:02,paid,linear,google,1,1,1,1.0,290.96,290.96
ord_f1906976,cust_76197dbc,2024-07-26 11:10:02,paid,time_decay,google,1,1,1,1.0,290.96,290.96
ord_98f0ec25,cust_08baf85f,2024-07-27 19:27:48,paid,last_touch,meta,1,1,1,1.0,92.69,92.69
ord_98f0ec25,cust_08baf85f,2024-07-27 19:27:48,paid,first_touch,meta,1,1,1,1.0,92.69,92.69
ord_98f0ec25,cust_08baf85f,2024-07-27 19:27:48,paid,linear,meta,1,1,1,1.0,92.69,92.69
ord_98f0ec25,cust_08baf85f,2024-07-27 19:27:48,paid,time_decay,meta,1,1,1,1.0,92.69,92.69
ord_b2e55be6,cust_82f24d5a,2024-07-27 18:23:18,paid,last_touch,direct,1,1,1,1.0,85.52,85.52
ord_b2e55be6,cust_82f24d5a,2024-07-27 18:23:18,paid,first_touch,organic,1,1,1,1.0,85.52,85.52
ord_b2e55be6,cust_82f24d5a,2024-07-27 18:23:18,paid,linear,organic,1,1,1,1.0,85.52,85.52
ord_b2e55be6,cust_82f24d5a,2024-07-27 18:23:18,paid,time_decay,organic,1,1,1,1.0,85.52,85.52
ord_fef921bd,cust_962f3c18,2024-07-27 20:36:16,paid,last_touch,meta,1,1,1,1.0,74.69,74.69
ord_fef921bd,cust_962f3c18,2024-07-27 20:36:16,paid,first_touch,meta,1,1,1,1.0,74.69,74.69
ord_fef921bd,cust_962f3c18,2024-07-27 20:36:16,paid,linear,meta,1,1,1,1.0,74.69,74.69
ord_fef921bd,cust_962f3c18,2024-07-27 20:36:16,paid,time_decay,meta,1,1,1,1.0,74.69,74.69
ord_84202738,cust_749fe628,2024-07-27 18:41:24,paid,last_touch,direct,1,1,1,1.0,21.48,21.48
ord_84202738,cust_749fe628,2024-07-27 18:41:24,paid,first_touch,google,1,1,1,1.0,21.48,21.48
ord_84202738,cust_749fe628,2024-07-27 18:41:24,paid,linear,google,1,1,1,1.0,21.48,21.48
ord_84202738,cust_749fe628,2024-07-27 18:41:24,paid,time_decay,google,1,1,1,1.0,21.48,21.48
ord_18b921a8,cust_d12e7b85,2024-07-27 21:10:09,paid,last_touch,direct,1,1,1,1.0,74.67,74.67
ord_18b921a8,cust_d12e7b85,2024-07-27 21:10:09,paid,first_touch,google,1,1,1,1.0,74.67,74.67
ord_18b921a8,cust_d12e7b85,2024-07-27 21:10:09,paid,linear,google,1,1,1,1.0,74.67,74.67
ord_18b921a8,cust_d12e7b85,2024-07-27 21:10:09,paid,time_decay,google,1,1,1,1.0,74.67,74.67
ord_f4b60c69,cust_fb6b9947,2024-07-28 23:00:12,paid,last_touch,direct,1,1,1,1.0,33.2,33.2
ord_f4b60c69,cust_fb6b9947,2024-07-28 23:00:12,paid,first_touch,meta,1,1,1,1.0,33.2,33.2
ord_f4b60c69,cust_fb6b9947,2024-07-28 23:00:12,paid,linear,meta,1,1,1,1.0,33.2,33.2
ord_f4b60c69,cust_fb6b9947,2024-07-28 23:00:12,paid,time_decay,meta,1,1,1,1.0,33.2,33.2
ord_41af921d,cust_01136aca,2024-07-28 22:48:30,paid,last_touch,direct,1,1,1,1.0,222.61,222.61
ord_41af921d,cust_01136aca,2024-07-28 22:48:30,paid,first_touch,meta,1,1,1,1.0,222.61,222.61
ord_41af921d,cust_01136aca,2024-07-28 22:48:30,paid,linear,meta,1,1,1,1.0,222.61,222.61
ord_41af921d,cust_01136aca,2024-07-28 22:48:30,paid,time_decay,meta,1,1,1,1.0,222.61,222.61
ord_a776e3d7,cust_b0d9f1cf,2024-07-28 11:08:15,paid,last_touch,google,1,1,1,1.0,70.68,70.68
ord_a776e3d7,cust_b0d9f1cf,2024-07-28 11:08:15,paid,first_touch,google,1,1,1,1.0,70.68,70.68
ord_a776e3d7,cust_b0d9f1cf,2024-07-28 11:08:15,paid,linear,google,1,1,1,1.0,70.68,70.68
ord_a776e3d7,cust_b0d9f1cf,2024-07-28 11:08:15,paid,time_decay,google,1,1,1,1.0,70.68,70.68
ord_a5553f51,cust_ccb955c8,2024-07-28 06:12:26,paid,last_touch,direct,1,1,1,1.0,87.24,87.24
ord_a5553f51,cust_ccb955c8,2024-07-28 06:12:26,paid,first_touch,direct,1,1,1,1.0,87.24,87.24
ord_a5553f51,cust_ccb955c8,2024-07-28 06:12:26,paid,linear,direct,1,1,1,1.0,87.24,87.24
ord_a5553f51,cust_ccb955c8,2024-07-28 06:12:26,paid,time_decay,direct,1,1,1,1.0,87.24,87.24
ord_70168d60,cust_09f36b6d,2024-07-28 20:21:12,paid,last_touch,direct,1,1,1,1.0,70.0,70.0
ord_70168d60,cust_09f36b6d,2024-07-28 20:21:12,paid,first_touch,email,1,1,1,1.0,70.0,70.0
ord_70168d60,cust_09f36b6d,2024-07-28 20:21:12,paid,linear,email,1,1,1,1.0,70.0,70.0
ord_70168d60,cust_09f36b6d,2024-07-28 20:21:12,paid,time_decay,email,1,1,1,1.0,70.0,70.0
ord_fb2229c2,cust_f927baad,2024-07-29 17:28:35,paid,last_touch,organic,1,1,1,1.0,60.31,60.31
ord_fb2229c2,cust_f927baad,2024-07-29 17:28:35,paid,first_touch,organic,1,1,1,1.0,60.31,60.31
ord_fb2229c2,cust_f927baad,2024-07-29 17:28:35,paid,linear,organic,1,1,1,1.0,60.31,60.31
ord_fb2229c2,cust_f927baad,2024-07-29 17:28:35,paid,time_decay,organic,1,1,1,1.0,60.31,60.31
ord_c8bdaf1b,cust_ba0e1ee1,2024-07-29 10:40:25,paid,last_touch,meta,1,1,1,1.0,124.16,124.16
ord_c8bdaf1b,cust_ba0e1ee1,2024-07-29 10:40:25,paid,first_touch,meta,1,1,1,1.0,124.16,124.16
ord_c8bdaf1b,cust_ba0e1ee1,2024-07-29 10:40:25,paid,linear,meta,1,1,1,1.0,124.16,124.16
ord_c8bdaf1b,cust_ba0e1ee1,2024-07-29 10:40:25,paid,time_decay,meta,1,1,1,1.0,124.16,124.16
ord_5aef0e55,cust_2d3f5d13,2024-07-29 14:25:43,paid,last_touch,email,1,1,1,1.0,45.28,45.28
ord_5aef0e55,cust_2d3f5d13,2024-07-29 14:25:43,paid,first_touch,email,1,1,1,1.0,45.28,45.28
ord_5aef0e55,cust_2d3f5d13,2024-07-29 14:25:43,paid,linear,email,1,1,1,1.0,45.28,45.28
ord_5aef0e55,cust_2d3f5d13,2024-07-29 14:25:43,paid,time_decay,email,1,1,1,1.0,45.28,45.28
ord_97bee82a,cust_568b21ce,2024-07-29 07:26:07,paid,last_touch,direct,1,1,1,1.0,52.1,52.1
ord_97bee82a,cust_568b21ce,2024-07-29 07:26:07,paid,first_touch,google,1,1,1,1.0,52.1,52.1
ord_97bee82a,cust_568b21ce,2024-07-29 07:26:07,paid,linear,google,1,1,1,1.0,52.1,52.1
ord_97bee82a,cust_568b21ce,2024-07-29 07:26:07,paid,time_decay,google,1,1,1,1.0,52.1,52.1
ord_e0080d60,cust_87ce9553,2024-07-29 17:15:56,paid,last_touch,direct,1,1,1,1.0,102.53,102.53
ord_e0080d60,cust_87ce9553,2024-07-29 17:15:56,paid,first_touch,direct,1,1,1,1.0,102.53,102.53
ord_e0080d60,cust_87ce9553,2024-07-29 17:15:56,paid,linear,direct,1,1,1,1.0,102.53,102.53
ord_e0080d60,cust_87ce9553,2024-07-29 17:15:56,paid,time_decay,direct,1,1,1,1.0,102.53,102.53
ord_e756e77e,cust_9c206cce,2024-07-30 06:18:38,paid,last_touch,organic,1,1,1,1.0,38.88,38.88
ord_e756e77e,cust_9c206cce,2024-07-30 06:18:38,paid,first_touch,organic,1,1,1,1.0,38.88,38.88
ord_e756e77e,cust_9c206cce,2024-07-30 06:18:38,paid,linear,organic,1,1,1,1.0,38.88,38.88
ord_e756e77e,cust_9c206cce,2024-07-30 06:18:38,paid,time_decay,organic,1,1,1,1.0,38.88,38.88
ord_53c603df,cust_8acd2905,2024-07-31 08:18:03,paid,last_touch,meta,1,1,1,1.0,128.81,128.81
ord_53c603df,cust_8acd2905,2024-07-31 08:18:03,paid,first_touch,meta,1,1,1,1.0,128.81,128.81
ord_53c603df,cust_8acd2905,2024-07-31 08:18:03,paid,linear,meta,1,1,1,1.0,128.81,128.81
ord_53c603df,cust_8acd2905,2024-07-31 08:18:03,paid,time_decay,meta,1,1,1,1.0,128.81,128.81
ord_2fd38662,cust_409ee84f,2024-07-31 20:47:17,paid,last_touch,tiktok,1,1,1,1.0,48.58,48.58
ord_2fd38662,cust_409ee84f,2024-07-31 20:47:17,paid,first_touch,tiktok,1,1,1,1.0,48.58,48.58
ord_2fd38662,cust_409ee84f,2024-07-31 20:47:17,paid,linear,tiktok,1,1,1,1.0,48.58,48.58
ord_2fd38662,cust_409ee84f,2024-07-31 20:47:17,paid,time_decay,tiktok,1,1,1,1.0,48.58,48.58
ord_f7414144,cust_48ef6025,2024-07-31 09:51:05,paid,last_touch,direct,1,1,1,1.0,108.2,108.2
ord_f7414144,cust_48ef6025,2024-07-31 09:51:05,paid,first_touch,direct,1,1,1,1.0,108.2,108.2
ord_f7414144,cust_48ef6025,2024-07-31 09:51:05,paid,linear,direct,1,1,1,1.0,108.2,108.2
ord_f7414144,cust_48ef6025,2024-07-31 09:51:05,paid,time_decay,direct,1,1,1,1.0,108.2,108.2
ord_7f2d977c,cust_8dab45e0,2024-07-31 14:46:36,paid,last_touch,meta,1,1,1,1.0,159.59,159.59
ord_7f2d977c,cust_8dab45e0,2024-07-31 14:46:36,paid,first_touch,meta,1,1,1,1.0,159.59,159.59
ord_7f2d977c,cust_8dab45e0,2024-07-31 14:46:36,paid,linear,meta,1,1,1,1.0,159.59,159.59
ord_7f2d977c,cust_8dab45e0,2024-07-31 14:46:36,paid,time_decay,meta,1,1,1,1.0,159.59,159.59
ord_7199bf0b,cust_b39f7963,2024-08-01 19:35:58,paid,last_touch,meta,1,1,1,1.0,65.15,65.15
ord_7199bf0b,cust_b39f7963,2024-08-01 19:35:58,paid,first_touch,meta,1,1,1,1.0,65.15,65.15
ord_7199bf0b,cust_b39f7963,2024-08-01 19:35:58,paid,linear,meta,1,1,1,1.0,65.15,65.15
ord_7199bf0b,cust_b39f7963,2024-08-01 19:35:58,paid,time_decay,meta,1,1,1,1.0,65.15,65.15
ord_4348402f,cust_97079335,2024-08-01 07:56:25,paid,last_touch,meta,1,1,1,1.0,112.69,112.69
ord_4348402f,cust_97079335,2024-08-01 07:56:25,paid,first_touch,meta,1,1,1,1.0,112.69,112.69
ord_4348402f,cust_97079335,2024-08-01 07:56:25,paid,linear,meta,1,1,1,1.0,112.69,112.69
ord_4348402f,cust_97079335,2024-08-01 07:56:25,paid,time_decay,meta,1,1,1,1.0,112.69,112.69
ord_0abe88de,cust_dd98e4e6,2024-08-01 08:37:30,paid,last_touch,google,1,1,1,1.0,63.45,63.45
ord_0abe88de,cust_dd98e4e6,2024-08-01 08:37:30,paid,first_touch,google,1,1,1,1.0,63.45,63.45
ord_0abe88de,cust_dd98e4e6,2024-08-01 08:37:30,paid,linear,google,1,1,1,1.0,63.45,63.45
ord_0abe88de,cust_dd98e4e6,2024-08-01 08:37:30,paid,time_decay,google,1,1,1,1.0,63.45,63.45
ord_5cb6895f,cust_d86770a5,2024-08-01 21:29:29,paid,last_touch,tiktok,1,1,1,1.0,58.43,58.43
ord_5cb6895f,cust_d86770a5,2024-08-01 21:29:29,paid,first_touch,tiktok,1,1,1,1.0,58.43,58.43
ord_5cb6895f,cust_d86770a5,2024-08-01 21:29:29,paid,linear,tiktok,1,1,1,1.0,58.43,58.43
ord_5cb6895f,cust_d86770a5,2024-08-01 21:29:29,paid,time_decay,tiktok,1,1,1,1.0,58.43,58.43
ord_ff4633f3,cust_debd4336,2024-08-01 13:13:43,refunded,last_touch,google,1,1,1,1.0,36.67,36.67
ord_ff4633f3,cust_debd4336,2024-08-01 13:13:43,refunded,first_touch,google,1,1,1,1.0,36.67,36.67
ord_ff4633f3,cust_debd4336,2024-08-01 13:13:43,refunded,linear,google,1,1,1,1.0,36.67,36.67
ord_ff4633f3,cust_debd4336,2024-08-01 13:13:43,refunded,time_decay,google,1,1,1,1.0,36.67,36.67
ord_3df557ef,cust_9893d388,2024-08-01 08:12:08,paid,last_touch,tiktok,1,1,1,1.0,54.98,54.98
ord_3df557ef,cust_9893d388,2024-08-01 08:12:08,paid,first_touch,tiktok,1,1,1,1.0,54.98,54.98
ord_3df557ef,cust_9893d388,2024-08-01 08:12:08,paid,linear,tiktok,1,1,1,1.0,54.98,54.98
ord_3df557ef,cust_9893d388,2024-08-01 08:12:08,paid,time_decay,tiktok,1,1,1,1.0,54.98,54.98
ord_88628e72,cust_075f1792,2024-08-01 20:49:50,paid,last_touch,direct,1,1,1,1.0,282.98,282.98
ord_88628e72,cust_075f1792,2024-08-01 20:49:50,paid,first_touch,direct,1,1,1,1.0,282.98,282.98
ord_88628e72,cust_075f1792,2024-08-01 20:49:50,paid,linear,direct,1,1,1,1.0,282.98,282.98
ord_88628e72,cust_075f1792,2024-08-01 20:49:50,paid,time_decay,direct,1,1,1,1.0,282.98,282.98
ord_256635e1,cust_fb3007b2,2024-08-01 20:01:07,paid,last_touch,tiktok,1,1,1,1.0,474.97,474.97
ord_256635e1,cust_fb3007b2,2024-08-01 20:01:07,paid,first_touch,tiktok,1,1,1,1.0,474.97,474.97
ord_256635e1,cust_fb3007b2,2024-08-01 20:01:07,paid,linear,tiktok,1,1,1,1.0,474.97,474.97
ord_256635e1,cust_fb3007b2,2024-08-01 20:01:07,paid,time_decay,tiktok,1,1,1,1.0,474.97,474.97
ord_1eee0b9c,cust_ec744841,2024-08-02 19:54:45,paid,last_touch,direct,1,1,1,1.0,31.29,31.29
ord_1eee0b9c,cust_ec744841,2024-08-02 19:54:45,paid,first_touch,meta,1,1,1,1.0,31.29,31.29
ord_1eee0b9c,cust_ec744841,2024-08-02 19:54:45,paid,linear,meta,1,1,1,1.0,31.29,31.29
ord_1eee0b9c,cust_ec744841,2024-08-02 19:54:45,paid,time_decay,meta,1,1,1,1.0,31.29,31.29
ord_0d8c6e07,cust_57b51941,2024-08-02 12:34:02,paid,last_touch,direct,1,1,1,1.0,68.01,68.01
ord_0d8c6e07,cust_57b51941,2024-08-02 12:34:02,paid,first_touch,google,1,1,1,1.0,68.01,68.01
ord_0d8c6e07,cust_57b51941,2024-08-02 12:34:02,paid,linear,google,1,1,1,1.0,68.01,68.01
ord_0d8c6e07,cust_57b51941,2024-08-02 12:34:02,paid,time_decay,google,1,1,1,1.0,68.01,68.01
ord_686747fd,cust_3c6b3451,2024-08-02 14:13:30,paid,last_touch,email,1,1,1,1.0,80.79,80.79
ord_686747fd,cust_3c6b3451,2024-08-02 14:13:30,paid,first_touch,email,1,1,1,1.0,80.79,80.79
ord_686747fd,cust_3c6b3451,2024-08-02 14:13:30,paid,linear,email,1,1,1,1.0,80.79,80.79
ord_686747fd,cust_3c6b3451,2024-08-02 14:13:30,paid,time_decay,email,1,1,1,1.0,80.79,80.79
ord_b0d83127,cust_ffceacd0,2024-08-03 18:54:24,paid,last_touch,organic,1,1,1,1.0,37.52,37.52
ord_b0d83127,cust_ffceacd0,2024-08-03 18:54:24,paid,first_touch,organic,1,1,1,1.0,37.52,37.52
ord_b0d83127,cust_ffceacd0,2024-08-03 18:54:24,paid,linear,organic,1,1,1,1.0,37.52,37.52
ord_b0d83127,cust_ffceacd0,2024-08-03 18:54:24,paid,time_decay,organic,1,1,1,1.0,37.52,37.52
ord_56012768,cust_4999a098,2024-08-03 14:32:41,paid,last_touch,organic,1,1,1,1.0,57.42,57.42
ord_56012768,cust_4999a098,2024-08-03 14:32:41,paid,first_touch,organic,1,1,1,1.0,57.42,57.42
ord_56012768,cust_4999a098,2024-08-03 14:32:41,paid,linear,organic,1,1,1,1.0,57.42,57.42
ord_56012768,cust_4999a098,2024-08-03 14:32:41,paid,time_decay,organic,1,1,1,1.0,57.42,57.42
ord_bd3ef540,cust_e4b6ea12,2024-08-03 18:39:09,refunded,last_touch,google,1,1,1,1.0,81.67,81.67
ord_bd3ef540,cust_e4b6ea12,2024-08-03 18:39:09,refunded,first_touch,google,1,1,1,1.0,81.67,81.67
ord_bd3ef540,cust_e4b6ea12,2024-08-03 18:39:09,refunded,linear,google,1,1,1,1.0,81.67,81.67
ord_bd3ef540,cust_e4b6ea12,2024-08-03 18:39:09,refunded,time_decay,google,1,1,1,1.0,81.67,81.67
ord_bf42c477,cust_f257377e,2024-08-03 19:57:05,paid,last_touch,meta,1,1,1,1.0,108.95,108.95
ord_bf42c477,cust_f257377e,2024-08-03 19:57:05,paid,first_touch,meta,1,1,1,1.0,108.95,108.95
ord_bf42c477,cust_f257377e,2024-08-03 19:57:05,paid,linear,meta,1,1,1,1.0,108.95,108.95
ord_bf42c477,cust_f257377e,2024-08-03 19:57:05,paid,time_decay,meta,1,1,1,1.0,108.95,108.95
ord_64e73e58,cust_59ad27b3,2024-08-03 19:42:50,paid,last_touch,google,1,1,1,1.0,100.6,100.6
ord_64e73e58,cust_59ad27b3,2024-08-03 19:42:50,paid,first_touch,google,1,1,1,1.0,100.6,100.6
ord_64e73e58,cust_59ad27b3,2024-08-03 19:42:50,paid,linear,google,1,1,1,1.0,100.6,100.6
ord_64e73e58,cust_59ad27b3,2024-08-03 19:42:50,paid,time_decay,google,1,1,1,1.0,100.6,100.6
ord_927e2eca,cust_379db5ab,2024-08-03 08:24:28,paid,last_touch,google,1,1,1,1.0,415.49,415.49
ord_927e2eca,cust_379db5ab,2024-08-03 08:24:28,paid,first_touch,google,1,1,1,1.0,415.49,415.49
ord_927e2eca,cust_379db5ab,2024-08-03 08:24:28,paid,linear,google,1,1,1,1.0,415.49,415.49
ord_927e2eca,cust_379db5ab,2024-08-03 08:24:28,paid,time_decay,google,1,1,1,1.0,415.49,415.49
ord_f89860c6,cust_8b7de77c,2024-08-03 22:22:02,paid,last_touch,email,1,1,1,1.0,77.25,77.25
ord_f89860c6,cust_8b7de77c,2024-08-03 22:22:02,paid,first_touch,email,1,1,1,1.0,77.25,77.25
ord_f89860c6,cust_8b7de77c,2024-08-03 22:22:02,paid,linear,email,1,1,1,1.0,77.25,77.25
ord_f89860c6,cust_8b7de77c,2024-08-03 22:22:02,paid,time_decay,email,1,1,1,1.0,77.25,77.25
ord_33095cee,cust_6d138d40,2024-08-04 06:08:29,paid,last_touch,meta,1,1,1,1.0,51.83,51.83
ord_33095cee,cust_6d138d40,2024-08-04 06:08:29,paid,first_touch,meta,1,1,1,1.0,51.83,51.83
ord_33095cee,cust_6d138d40,2024-08-04 06:08:29,paid,linear,meta,1,1,1,1.0,51.83,51.83
ord_33095cee,cust_6d138d40,2024-08-04 06:08:29,paid,time_decay,meta,1,1,1,1.0,51.83,51.83
ord_c62feb4e,cust_35b83096,2024-08-04 18:19:40,paid,last_touch,google,1,1,1,1.0,83.84,83.84
ord_c62feb4e,cust_35b83096,2024-08-04 18:19:40,paid,first_touch,google,1,1,1,1.0,83.84,83.84
ord_c62feb4e,cust_35b83096,2024-08-04 18:19:40,paid,linear,google,1,1,1,1.0,83.84,83.84
ord_c62feb4e,cust_35b83096,2024-08-04 18:19:40,paid,time_decay,google,1,1,1,1.0,83.84,83.84
ord_0b9bb335,cust_8ec8fb89,2024-08-04 14:21:04,paid,last_touch,direct,1,1,1,1.0,356.46,356.46
ord_0b9bb335,cust_8ec8fb89,2024-08-04 14:21:04,paid,first_touch,direct,1,1,1,1.0,356.46,356.46
ord_0b9bb335,cust_8ec8fb89,2024-08-04 14:21:04,paid,linear,direct,1,1,1,1.0,356.46,356.46
ord_0b9bb335,cust_8ec8fb89,2024-08-04 14:21:04,paid,time_decay,direct,1,1,1,1.0,356.46,356.46
ord_ad23d6f6,cust_a590a5df,2024-08-04 22:01:29,paid,last_touch,google,1,1,1,1.0,82.44,82.44
ord_ad23d6f6,cust_a590a5df,2024-08-04 22:01:29,paid,first_touch,google,1,1,1,1.0,82.44,82.44
ord_ad23d6f6,cust_a590a5df,2024-08-04 22:01:29,paid,linear,google,1,1,1,1.0,82.44,82.44
ord_ad23d6f6,cust_a590a5df,2024-08-04 22:01:29,paid,time_decay,google,1,1,1,1.0,82.44,82.44
ord_30decf1a,cust_7f506cba,2024-08-04 17:10:15,paid,last_touch,google,1,1,1,1.0,147.34,147.34
ord_30decf1a,cust_7f506cba,2024-08-04 17:10:15,paid,first_touch,google,1,1,1,1.0,147.34,147.34
ord_30decf1a,cust_7f506cba,2024-08-04 17:10:15,paid,linear,google,1,1,1,1.0,147.34,147.34
ord_30decf1a,cust_7f506cba,2024-08-04 17:10:15,paid,time_decay,google,1,1,1,1.0,147.34,147.34
ord_40087eee,cust_a125ef33,2024-08-05 00:02:34,refunded,last_touch,direct,1,1,1,1.0,92.54,92.54
ord_40087eee,cust_a125ef33,2024-08-05 00:02:34,refunded,first_touch,google,1,1,1,1.0,92.54,92.54
ord_40087eee,cust_a125ef33,2024-08-05 00:02:34,refunded,linear,google,1,1,1,1.0,92.54,92.54
ord_40087eee,cust_a125ef33,2024-08-05 00:02:34,refunded,time_decay,google,1,1,1,1.0,92.54,92.54
ord_e49c6eb5,cust_aec0d2c7,2024-08-04 14:33:21,refunded,last_touch,direct,1,1,1,1.0,90.48,90.48
ord_e49c6eb5,cust_aec0d2c7,2024-08-04 14:33:21,refunded,first_touch,direct,1,1,1,1.0,90.48,90.48
ord_e49c6eb5,cust_aec0d2c7,2024-08-04 14:33:21,refunded,linear,direct,1,1,1,1.0,90.48,90.48
ord_e49c6eb5,cust_aec0d2c7,2024-08-04 14:33:21,refunded,time_decay,direct,1,1,1,1.0,90.48,90.48
ord_f3d06b58,cust_c66596a8,2024-08-05 17:38:14,paid,last_touch,direct,1,1,1,1.0,118.57,118.57
ord_f3d06b58,cust_c66596a8,2024-08-05 17:38:14,paid,first_touch,organic,1,1,1,1.0,118.57,118.57
ord_f3d06b58,cust_c66596a8,2024-08-05 17:38:14,paid,linear,organic,1,1,1,1.0,118.57,118.57
ord_f3d06b58,cust_c66596a8,2024-08-05 17:38:14,paid,time_decay,organic,1,1,1,1.0,118.57,118.57
ord_bf397cf3,cust_ea7b1d11,2024-08-05 13:33:34,paid,last_touch,email,1,1,1,1.0,162.78,162.78
ord_bf397cf3,cust_ea7b1d11,2024-08-05 13:33:34,paid,first_touch,email,1,1,1,1.0,162.78,162.78
ord_bf397cf3,cust_ea7b1d11,2024-08-05 13:33:34,paid,linear,email,1,1,1,1.0,162.78,162.78
ord_bf397cf3,cust_ea7b1d11,2024-08-05 13:33:34,paid,time_decay,email,1,1,1,1.0,162.78,162.78
ord_77f73be3,cust_6a646e9d,2024-08-05 16:18:52,paid,last_touch,google,1,1,1,1.0,87.16,87.16
ord_77f73be3,cust_6a646e9d,2024-08-05 16:18:52,paid,first_touch,google,1,1,1,1.0,87.16,87.16
ord_77f73be3,cust_6a646e9d,2024-08-05 16:18:52,paid,linear,google,1,1,1,1.0,87.16,87.16
ord_77f73be3,cust_6a646e9d,2024-08-05 16:18:52,paid,time_decay,google,1,1,1,1.0,87.16,87.16
ord_41a75243,cust_ca1872e8,2024-08-05 21:52:28,paid,last_touch,meta,1,1,1,1.0,146.59,146.59
ord_41a75243,cust_ca1872e8,2024-08-05 21:52:28,paid,first_touch,meta,1,1,1,1.0,146.59,146.59
ord_41a75243,cust_ca1872e8,2024-08-05 21:52:28,paid,linear,meta,1,1,1,1.0,146.59,146.59
ord_41a75243,cust_ca1872e8,2024-08-05 21:52:28,paid,time_decay,meta,1,1,1,1.0,146.59,146.59
ord_ada4852d,cust_c25f500c,2024-08-05 20:19:35,paid,last_touch,tiktok,1,1,1,1.0,48.3,48.3
ord_ada4852d,cust_c25f500c,2024-08-05 20:19:35,paid,first_touch,tiktok,1,1,1,1.0,48.3,48.3
ord_ada4852d,cust_c25f500c,2024-08-05 20:19:35,paid,linear,tiktok,1,1,1,1.0,48.3,48.3
ord_ada4852d,cust_c25f500c,2024-08-05 20:19:35,paid,time_decay,tiktok,1,1,1,1.0,48.3,48.3
ord_ce83459d,cust_df14faac,2024-08-06 09:33:25,paid,last_touch,google,1,1,1,1.0,118.24,118.24
ord_ce83459d,cust_df14faac,2024-08-06 09:33:25,paid,first_touch,google,1,1,1,1.0,118.24,118.24
ord_ce83459d,cust_df14faac,2024-08-06 09:33:25,paid,linear,google,1,1,1,1.0,118.24,118.24
ord_ce83459d,cust_df14faac,2024-08-06 09:33:25,paid,time_decay,google,1,1,1,1.0,118.24,118.24
ord_d85f0eb9,cust_c5eeb2a1,2024-08-06 16:52:01,paid,last_touch,meta,1,1,1,1.0,85.14,85.14
ord_d85f0eb9,cust_c5eeb2a1,2024-08-06 16:52:01,paid,first_touch,meta,1,1,1,1.0,85.14,85.14
ord_d85f0eb9,cust_c5eeb2a1,2024-08-06 16:52:01,paid,linear,meta,1,1,1,1.0,85.14,85.14
ord_d85f0eb9,cust_c5eeb2a1,2024-08-06 16:52:01,paid,time_decay,meta,1,1,1,1.0,85.14,85.14
ord_97391e9e,cust_d1b77f9b,2024-08-06 08:28:44,paid,last_touch,meta,1,1,1,1.0,52.4,52.4
ord_97391e9e,cust_d1b77f9b,2024-08-06 08:28:44,paid,first_touch,meta,1,1,1,1.0,52.4,52.4
ord_97391e9e,cust_d1b77f9b,2024-08-06 08:28:44,paid,linear,meta,1,1,1,1.0,52.4,52.4
ord_97391e9e,cust_d1b77f9b,2024-08-06 08:28:44,paid,time_decay,meta,1,1,1,1.0,52.4,52.4
ord_47f1bae8,cust_29689629,2024-08-06 09:28:51,refunded,last_touch,google,1,1,1,1.0,91.76,91.76
ord_47f1bae8,cust_29689629,2024-08-06 09:28:51,refunded,first_touch,google,1,1,1,1.0,91.76,91.76
ord_47f1bae8,cust_29689629,2024-08-06 09:28:51,refunded,linear,google,1,1,1,1.0,91.76,91.76
ord_47f1bae8,cust_29689629,2024-08-06 09:28:51,refunded,time_decay,google,1,1,1,1.0,91.76,91.76
ord_e2af5857,cust_575344f5,2024-08-06 13:52:21,paid,last_touch,google,1,1,1,1.0,81.78,81.78
ord_e2af5857,cust_575344f5,2024-08-06 13:52:21,paid,first_touch,google,1,1,1,1.0,81.78,81.78
ord_e2af5857,cust_575344f5,2024-08-06 13:52:21,paid,linear,google,1,1,1,1.0,81.78,81.78
ord_e2af5857,cust_575344f5,2024-08-06 13:52:21,paid,time_decay,google,1,1,1,1.0,81.78,81.78
ord_1c4ea5e0,cust_b3195f0b,2024-08-06 07:58:09,paid,last_touch,direct,1,1,1,1.0,282.18,282.18
ord_1c4ea5e0,cust_b3195f0b,2024-08-06 07:58:09,paid,first_touch,tiktok,1,1,1,1.0,282.18,282.18
ord_1c4ea5e0,cust_b3195f0b,2024-08-06 07:58:09,paid,linear,tiktok,1,1,1,1.0,282.18,282.18
ord_1c4ea5e0,cust_b3195f0b,2024-08-06 07:58:09,paid,time_decay,tiktok,1,1,1,1.0,282.18,282.18
ord_15a602b2,cust_82692b51,2024-08-07 10:42:21,paid,last_touch,meta,1,1,1,1.0,359.86,359.86
ord_15a602b2,cust_82692b51,2024-08-07 10:42:21,paid,first_touch,meta,1,1,1,1.0,359.86,359.86
ord_15a602b2,cust_82692b51,2024-08-07 10:42:21,paid,linear,meta,1,1,1,1.0,359.86,359.86
ord_15a602b2,cust_82692b51,2024-08-07 10:42:21,paid,time_decay,meta,1,1,1,1.0,359.86,359.86
ord_6d354840,cust_0138c952,2024-08-07 14:14:25,paid,last_touch,direct,1,1,1,1.0,132.42,132.42
ord_6d354840,cust_0138c952,2024-08-07 14:14:25,paid,first_touch,direct,1,1,1,1.0,132.42,132.42
ord_6d354840,cust_0138c952,2024-08-07 14:14:25,paid,linear,direct,1,1,1,1.0,132.42,132.42
ord_6d354840,cust_0138c952,2024-08-07 14:14:25,paid,time_decay,direct,1,1,1,1.0,132.42,132.42
ord_9c5afb88,cust_ec6d9b5d,2024-08-07 09:35:05,paid,last_touch,direct,1,1,1,1.0,69.65,69.65
ord_9c5afb88,cust_ec6d9b5d,2024-08-07 09:35:05,paid,first_touch,tiktok,1,1,1,1.0,69.65,69.65
ord_9c5afb88,cust_ec6d9b5d,2024-08-07 09:35:05,paid,linear,tiktok,1,1,1,1.0,69.65,69.65
ord_9c5afb88,cust_ec6d9b5d,2024-08-07 09:35:05,paid,time_decay,tiktok,1,1,1,1.0,69.65,69.65
ord_2f870495,cust_8837e744,2024-08-07 10:51:42,paid,last_touch,organic,1,1,1,1.0,60.93,60.93
ord_2f870495,cust_8837e744,2024-08-07 10:51:42,paid,first_touch,organic,1,1,1,1.0,60.93,60.93
ord_2f870495,cust_8837e744,2024-08-07 10:51:42,paid,linear,organic,1,1,1,1.0,60.93,60.93
ord_2f870495,cust_8837e744,2024-08-07 10:51:42,paid,time_decay,organic,1,1,1,1.0,60.93,60.93
ord_dbb03c16,cust_43793bf7,2024-08-07 13:24:19,paid,last_touch,direct,1,1,1,1.0,103.79,103.79
ord_dbb03c16,cust_43793bf7,2024-08-07 13:24:19,paid,first_touch,direct,1,1,1,1.0,103.79,103.79
ord_dbb03c16,cust_43793bf7,2024-08-07 13:24:19,paid,linear,direct,1,1,1,1.0,103.79,103.79
ord_dbb03c16,cust_43793bf7,2024-08-07 13:24:19,paid,time_decay,direct,1,1,1,1.0,103.79,103.79
ord_244c5712,cust_7d70d58c,2024-08-07 16:54:20,paid,last_touch,google,1,1,1,1.0,208.84,208.84
ord_244c5712,cust_7d70d58c,2024-08-07 16:54:20,paid,first_touch,google,1,1,1,1.0,208.84,208.84
ord_244c5712,cust_7d70d58c,2024-08-07 16:54:20,paid,linear,google,1,1,1,1.0,208.84,208.84
ord_244c5712,cust_7d70d58c,2024-08-07 16:54:20,paid,time_decay,google,1,1,1,1.0,208.84,208.84
ord_885f686f,cust_8adbf4f7,2024-08-07 22:50:08,paid,last_touch,direct,1,1,1,1.0,145.62,145.62
ord_885f686f,cust_8adbf4f7,2024-08-07 22:50:08,paid,first_touch,google,1,1,1,1.0,145.62,145.62
ord_885f686f,cust_8adbf4f7,2024-08-07 22:50:08,paid,linear,google,1,1,1,1.0,145.62,145.62
ord_885f686f,cust_8adbf4f7,2024-08-07 22:50:08,paid,time_decay,google,1,1,1,1.0,145.62,145.62
ord_0fa5d9d6,cust_08f95c75,2024-08-08 23:29:48,paid,last_touch,meta,1,1,1,1.0,31.82,31.82
ord_0fa5d9d6,cust_08f95c75,2024-08-08 23:29:48,paid,first_touch,meta,1,1,1,1.0,31.82,31.82
ord_0fa5d9d6,cust_08f95c75,2024-08-08 23:29:48,paid,linear,meta,1,1,1,1.0,31.82,31.82
ord_0fa5d9d6,cust_08f95c75,2024-08-08 23:29:48,paid,time_decay,meta,1,1,1,1.0,31.82,31.82
ord_2161e503,cust_94e439a7,2024-08-08 18:55:54,paid,last_touch,direct,1,1,1,1.0,125.4,125.4
ord_2161e503,cust_94e439a7,2024-08-08 18:55:54,paid,first_touch,meta,1,1,1,1.0,125.4,125.4
ord_2161e503,cust_94e439a7,2024-08-08 18:55:54,paid,linear,meta,1,1,1,1.0,125.4,125.4
ord_2161e503,cust_94e439a7,2024-08-08 18:55:54,paid,time_decay,meta,1,1,1,1.0,125.4,125.4
ord_b8b25a96,cust_31be9434,2024-08-08 07:41:11,paid,last_touch,direct,1,1,1,1.0,82.65,82.65
ord_b8b25a96,cust_31be9434,2024-08-08 07:41:11,paid,first_touch,google,1,1,1,1.0,82.65,82.65
ord_b8b25a96,cust_31be9434,2024-08-08 07:41:11,paid,linear,google,1,1,1,1.0,82.65,82.65
ord_b8b25a96,cust_31be9434,2024-08-08 07:41:11,paid,time_decay,google,1,1,1,1.0,82.65,82.65
ord_e8d90025,cust_292dd69d,2024-08-08 20:23:01,paid,last_touch,google,1,1,1,1.0,82.56,82.56
ord_e8d90025,cust_292dd69d,2024-08-08 20:23:01,paid,first_touch,google,1,1,1,1.0,82.56,82.56
ord_e8d90025,cust_292dd69d,2024-08-08 20:23:01,paid,linear,google,1,1,1,1.0,82.56,82.56
ord_e8d90025,cust_292dd69d,2024-08-08 20:23:01,paid,time_decay,google,1,1,1,1.0,82.56,82.56
ord_a9da2193,cust_a72f640c,2024-08-08 10:54:57,paid,last_touch,tiktok,1,1,1,1.0,143.63,143.63
ord_a9da2193,cust_a72f640c,2024-08-08 10:54:57,paid,first_touch,tiktok,1,1,1,1.0,143.63,143.63
ord_a9da2193,cust_a72f640c,2024-08-08 10:54:57,paid,linear,tiktok,1,1,1,1.0,143.63,143.63
ord_a9da2193,cust_a72f640c,2024-08-08 10:54:57,paid,time_decay,tiktok,1,1,1,1.0,143.63,143.63
ord_b50a99d4,cust_367eddb6,2024-08-08 10:12:20,paid,last_touch,organic,1,1,1,1.0,31.49,31.49
ord_b50a99d4,cust_367eddb6,2024-08-08 10:12:20,paid,first_touch,organic,1,1,1,1.0,31.49,31.49
ord_b50a99d4,cust_367eddb6,2024-08-08 10:12:20,paid,linear,organic,1,1,1,1.0,31.49,31.49
ord_b50a99d4,cust_367eddb6,2024-08-08 10:12:20,paid,time_decay,organic,1,1,1,1.0,31.49,31.49
ord_b46e5f0e,cust_98422b52,2024-08-08 16:20:04,paid,last_touch,direct,1,1,1,1.0,57.22,57.22
ord_b46e5f0e,cust_98422b52,2024-08-08 16:20:04,paid,first_touch,email,1,1,1,1.0,57.22,57.22
ord_b46e5f0e,cust_98422b52,2024-08-08 16:20:04,paid,linear,email,1,1,1,1.0,57.22,57.22
ord_b46e5f0e,cust_98422b52,2024-08-08 16:20:04,paid,time_decay,email,1,1,1,1.0,57.22,57.22
ord_ac9cb4dd,cust_a5483dd5,2024-08-09 11:58:31,paid,last_touch,direct,1,1,1,1.0,300.47,300.47
ord_ac9cb4dd,cust_a5483dd5,2024-08-09 11:58:31,paid,first_touch,tiktok,1,1,1,1.0,300.47,300.47
ord_ac9cb4dd,cust_a5483dd5,2024-08-09 11:58:31,paid,linear,tiktok,1,1,1,1.0,300.47,300.47
ord_ac9cb4dd,cust_a5483dd5,2024-08-09 11:58:31,paid,time_decay,tiktok,1,1,1,1.0,300.47,300.47
ord_8591beac,cust_0a32b3b5,2024-08-09 19:50:11,chargeback,last_touch,google,1,1,1,1.0,305.41,305.41
ord_8591beac,cust_0a32b3b5,2024-08-09 19:50:11,chargeback,first_touch,google,1,1,1,1.0,305.41,305.41
ord_8591beac,cust_0a32b3b5,2024-08-09 19:50:11,chargeback,linear,google,1,1,1,1.0,305.41,305.41
ord_8591beac,cust_0a32b3b5,2024-08-09 19:50:11,chargeback,time_decay,google,1,1,1,1.0,305.41,305.41
ord_5754fb13,cust_7fcc6619,2024-08-10 21:07:40,paid,last_touch,direct,1,1,1,1.0,83.77,83.77
ord_5754fb13,cust_7fcc6619,2024-08-10 21:07:40,paid,first_touch,direct,1,1,1,1.0,83.77,83.77
ord_5754fb13,cust_7fcc6619,2024-08-10 21:07:40,paid,linear,direct,1,1,1,1.0,83.77,83.77
ord_5754fb13,cust_7fcc6619,2024-08-10 21:07:40,paid,time_decay,direct,1,1,1,1.0,83.77,83.77
ord_9266bfff,cust_12e09733,2024-08-10 09:18:01,paid,last_touch,meta,1,1,1,1.0,46.28,46.28
ord_9266bfff,cust_12e09733,2024-08-10 09:18:01,paid,first_touch,meta,1,1,1,1.0,46.28,46.28
ord_9266bfff,cust_12e09733,2024-08-10 09:18:01,paid,linear,meta,1,1,1,1.0,46.28,46.28
ord_9266bfff,cust_12e09733,2024-08-10 09:18:01,paid,time_decay,meta,1,1,1,1.0,46.28,46.28
ord_9870c168,cust_70cda276,2024-08-10 14:07:36,paid,last_touch,direct,1,1,1,1.0,103.63,103.63
ord_9870c168,cust_70cda276,2024-08-10 14:07:36,paid,first_touch,google,1,1,1,1.0,103.63,103.63
ord_9870c168,cust_70cda276,2024-08-10 14:07:36,paid,linear,google,1,1,1,1.0,103.63,103.63
ord_9870c168,cust_70cda276,2024-08-10 14:07:36,paid,time_decay,google,1,1,1,1.0,103.63,103.63
ord_22b65cc0,cust_6bb7292a,2024-08-10 15:13:31,paid,last_touch,google,1,1,1,1.0,118.82,118.82
ord_22b65cc0,cust_6bb7292a,2024-08-10 15:13:31,paid,first_touch,google,1,1,1,1.0,118.82,118.82
ord_22b65cc0,cust_6bb7292a,2024-08-10 15:13:31,paid,linear,google,1,1,1,1.0,118.82,118.82
ord_22b65cc0,cust_6bb7292a,2024-08-10 15:13:31,paid,time_decay,google,1,1,1,1.0,118.82,118.82
ord_605330bb,cust_3eae911f,2024-08-11 23:48:51,paid,last_touch,direct,1,1,1,1.0,63.72,63.72
ord_605330bb,cust_3eae911f,2024-08-11 23:48:51,paid,first_touch,direct,1,1,1,1.0,63.72,63.72
ord_605330bb,cust_3eae911f,2024-08-11 23:48:51,paid,linear,direct,1,1,1,1.0,63.72,63.72
ord_605330bb,cust_3eae911f,2024-08-11 23:48:51,paid,time_decay,direct,1,1,1,1.0,63.72,63.72
ord_4640c49f,cust_4480e514,2024-08-11 10:24:53,paid,last_touch,google,1,1,1,1.0,39.66,39.66
ord_4640c49f,cust_4480e514,2024-08-11 10:24:53,paid,first_touch,google,1,1,1,1.0,39.66,39.66
ord_4640c49f,cust_4480e514,2024-08-11 10:24:53,paid,linear,google,1,1,1,1.0,39.66,39.66
ord_4640c49f,cust_4480e514,2024-08-11 10:24:53,paid,time_decay,google,1,1,1,1.0,39.66,39.66
ord_bbf5b273,cust_d95fd810,2024-08-11 10:45:13,paid,last_touch,meta,1,1,1,1.0,483.79,483.79
ord_bbf5b273,cust_d95fd810,2024-08-11 10:45:13,paid,first_touch,meta,1,1,1,1.0,483.79,483.79
ord_bbf5b273,cust_d95fd810,2024-08-11 10:45:13,paid,linear,meta,1,1,1,1.0,483.79,483.79
ord_bbf5b273,cust_d95fd810,2024-08-11 10:45:13,paid,time_decay,meta,1,1,1,1.0,483.79,483.79
ord_de258139,cust_49f353ab,2024-08-11 10:27:47,paid,last_touch,tiktok,1,1,1,1.0,44.36,44.36
ord_de258139,cust_49f353ab,2024-08-11 10:27:47,paid,first_touch,tiktok,1,1,1,1.0,44.36,44.36
ord_de258139,cust_49f353ab,2024-08-11 10:27:47,paid,linear,tiktok,1,1,1,1.0,44.36,44.36
ord_de258139,cust_49f353ab,2024-08-11 10:27:47,paid,time_decay,tiktok,1,1,1,1.0,44.36,44.36
ord_1ad97418,cust_7733825b,2024-08-11 09:14:07,paid,last_touch,meta,1,1,1,1.0,48.77,48.77
ord_1ad97418,cust_7733825b,2024-08-11 09:14:07,paid,first_touch,meta,1,1,1,1.0,48.77,48.77
ord_1ad97418,cust_7733825b,2024-08-11 09:14:07,paid,linear,meta,1,1,1,1.0,48.77,48.77
ord_1ad97418,cust_7733825b,2024-08-11 09:14:07,paid,time_decay,meta,1,1,1,1.0,48.77,48.77
ord_c4a3ba46,cust_2924e0aa,2024-08-11 09:31:59,paid,last_touch,meta,1,1,1,1.0,242.98,242.98
ord_c4a3ba46,cust_2924e0aa,2024-08-11 09:31:59,paid,first_touch,meta,1,1,1,1.0,242.98,242.98
ord_c4a3ba46,cust_2924e0aa,2024-08-11 09:31:59,paid,linear,meta,1,1,1,1.0,242.98,242.98
ord_c4a3ba46,cust_2924e0aa,2024-08-11 09:31:59,paid,time_decay,meta,1,1,1,1.0,242.98,242.98
ord_e7bdd588,cust_d2696e7a,2024-08-11 20:22:25,paid,last_touch,google,1,1,1,1.0,79.03,79.03
ord_e7bdd588,cust_d2696e7a,2024-08-11 20:22:25,paid,first_touch,google,1,1,1,1.0,79.03,79.03
ord_e7bdd588,cust_d2696e7a,2024-08-11 20:22:25,paid,linear,google,1,1,1,1.0,79.03,79.03
ord_e7bdd588,cust_d2696e7a,2024-08-11 20:22:25,paid,time_decay,google,1,1,1,1.0,79.03,79.03
ord_b7822ff2,cust_56975729,2024-08-12 12:06:00,paid,last_touch,google,1,1,1,1.0,149.87,149.87
ord_b7822ff2,cust_56975729,2024-08-12 12:06:00,paid,first_touch,google,1,1,1,1.0,149.87,149.87
ord_b7822ff2,cust_56975729,2024-08-12 12:06:00,paid,linear,google,1,1,1,1.0,149.87,149.87
ord_b7822ff2,cust_56975729,2024-08-12 12:06:00,paid,time_decay,google,1,1,1,1.0,149.87,149.87
ord_8507804e,cust_25c4b2a0,2024-08-12 12:24:16,paid,last_touch,direct,1,1,1,1.0,54.33,54.33
ord_8507804e,cust_25c4b2a0,2024-08-12 12:24:16,paid,first_touch,direct,1,1,1,1.0,54.33,54.33
ord_8507804e,cust_25c4b2a0,2024-08-12 12:24:16,paid,linear,direct,1,1,1,1.0,54.33,54.33
ord_8507804e,cust_25c4b2a0,2024-08-12 12:24:16,paid,time_decay,direct,1,1,1,1.0,54.33,54.33
ord_40da4e0d,cust_ff140cfe,2024-08-12 10:07:19,paid,last_touch,direct,1,1,1,1.0,112.42,112.42
ord_40da4e0d,cust_ff140cfe,2024-08-12 10:07:19,paid,first_touch,direct,1,1,1,1.0,112.42,112.42
ord_40da4e0d,cust_ff140cfe,2024-08-12 10:07:19,paid,linear,direct,1,1,1,1.0,112.42,112.42
ord_40da4e0d,cust_ff140cfe,2024-08-12 10:07:19,paid,time_decay,direct,1,1,1,1.0,112.42,112.42
ord_1ec1915b,cust_94249783,2024-08-12 19:29:17,paid,last_touch,organic,1,1,1,1.0,46.44,46.44
ord_1ec1915b,cust_94249783,2024-08-12 19:29:17,paid,first_touch,organic,1,1,1,1.0,46.44,46.44
ord_1ec1915b,cust_94249783,2024-08-12 19:29:17,paid,linear,organic,1,1,1,1.0,46.44,46.44
ord_1ec1915b,cust_94249783,2024-08-12 19:29:17,paid,time_decay,organic,1,1,1,1.0,46.44,46.44
ord_d8188fcc,cust_7a8077c5,2024-08-12 22:47:23,paid,last_touch,direct,1,1,1,1.0,81.09,81.09
ord_d8188fcc,cust_7a8077c5,2024-08-12 22:47:23,paid,first_touch,direct,1,1,1,1.0,81.09,81.09
ord_d8188fcc,cust_7a8077c5,2024-08-12 22:47:23,paid,linear,direct,1,1,1,1.0,81.09,81.09
ord_d8188fcc,cust_7a8077c5,2024-08-12 22:47:23,paid,time_decay,direct,1,1,1,1.0,81.09,81.09
ord_21bad6c0,cust_1598bcb0,2024-08-12 13:25:45,paid,last_touch,email,1,1,1,1.0,87.76,87.76
ord_21bad6c0,cust_1598bcb0,2024-08-12 13:25:45,paid,first_touch,email,1,1,1,1.0,87.76,87.76
ord_21bad6c0,cust_1598bcb0,2024-08-12 13:25:45,paid,linear,email,1,1,1,1.0,87.76,87.76
ord_21bad6c0,cust_1598bcb0,2024-08-12 13:25:45,paid,time_decay,email,1,1,1,1.0,87.76,87.76
ord_6449a3bf,cust_b76afead,2024-08-12 15:50:52,paid,last_touch,meta,1,1,1,1.0,251.28,251.28
ord_6449a3bf,cust_b76afead,2024-08-12 15:50:52,paid,first_touch,meta,1,1,1,1.0,251.28,251.28
ord_6449a3bf,cust_b76afead,2024-08-12 15:50:52,paid,linear,meta,1,1,1,1.0,251.28,251.28
ord_6449a3bf,cust_b76afead,2024-08-12 15:50:52,paid,time_decay,meta,1,1,1,1.0,251.28,251.28
ord_3916456f,cust_89652b2b,2024-08-12 12:21:01,paid,last_touch,tiktok,1,1,1,1.0,169.75,169.75
ord_3916456f,cust_89652b2b,2024-08-12 12:21:01,paid,first_touch,tiktok,1,1,1,1.0,169.75,169.75
ord_3916456f,cust_89652b2b,2024-08-12 12:21:01,paid,linear,tiktok,1,1,1,1.0,169.75,169.75
ord_3916456f,cust_89652b2b,2024-08-12 12:21:01,paid,time_decay,tiktok,1,1,1,1.0,169.75,169.75
ord_d641648d,cust_44ffb703,2024-08-13 21:10:04,chargeback,last_touch,organic,1,1,1,1.0,67.04,67.04
ord_d641648d,cust_44ffb703,2024-08-13 21:10:04,chargeback,first_touch,organic,1,1,1,1.0,67.04,67.04
ord_d641648d,cust_44ffb703,2024-08-13 21:10:04,chargeback,linear,organic,1,1,1,1.0,67.04,67.04
ord_d641648d,cust_44ffb703,2024-08-13 21:10:04,chargeback,time_decay,organic,1,1,1,1.0,67.04,67.04
ord_df481d2a,cust_a0b8d26d,2024-08-13 18:27:13,paid,last_touch,direct,1,1,1,1.0,302.32,302.32
ord_df481d2a,cust_a0b8d26d,2024-08-13 18:27:13,paid,first_touch,meta,1,1,1,1.0,302.32,302.32
ord_df481d2a,cust_a0b8d26d,2024-08-13 18:27:13,paid,linear,meta,1,1,1,1.0,302.32,302.32
ord_df481d2a,cust_a0b8d26d,2024-08-13 18:27:13,paid,time_decay,meta,1,1,1,1.0,302.32,302.32
ord_ca057ab0,cust_9787e206,2024-08-13 11:47:06,paid,last_touch,direct,1,1,1,1.0,105.8,105.8
ord_ca057ab0,cust_9787e206,2024-08-13 11:47:06,paid,first_touch,direct,1,1,1,1.0,105.8,105.8
ord_ca057ab0,cust_9787e206,2024-08-13 11:47:06,paid,linear,direct,1,1,1,1.0,105.8,105.8
ord_ca057ab0,cust_9787e206,2024-08-13 11:47:06,paid,time_decay,direct,1,1,1,1.0,105.8,105.8
ord_5cbc8dca,cust_126e3f5a,2024-08-14 09:04:11,paid,last_touch,direct,1,1,1,1.0,25.03,25.03
ord_5cbc8dca,cust_126e3f5a,2024-08-14 09:04:11,paid,first_touch,direct,1,1,1,1.0,25.03,25.03
ord_5cbc8dca,cust_126e3f5a,2024-08-14 09:04:11,paid,linear,direct,1,1,1,1.0,25.03,25.03
ord_5cbc8dca,cust_126e3f5a,2024-08-14 09:04:11,paid,time_decay,direct,1,1,1,1.0,25.03,25.03
ord_e40b1535,cust_83e7774f,2024-08-14 16:27:59,refunded,last_touch,direct,1,1,1,1.0,71.07,71.07
ord_e40b1535,cust_83e7774f,2024-08-14 16:27:59,refunded,first_touch,meta,1,1,1,1.0,71.07,71.07
ord_e40b1535,cust_83e7774f,2024-08-14 16:27:59,refunded,linear,meta,1,1,1,1.0,71.07,71.07
ord_e40b1535,cust_83e7774f,2024-08-14 16:27:59,refunded,time_decay,meta,1,1,1,1.0,71.07,71.07
ord_e41c763d,cust_00f118d2,2024-08-14 20:05:11,paid,last_touch,meta,1,1,1,1.0,139.1,139.1
ord_e41c763d,cust_00f118d2,2024-08-14 20:05:11,paid,first_touch,meta,1,1,1,1.0,139.1,139.1
ord_e41c763d,cust_00f118d2,2024-08-14 20:05:11,paid,linear,meta,1,1,1,1.0,139.1,139.1
ord_e41c763d,cust_00f118d2,2024-08-14 20:05:11,paid,time_decay,meta,1,1,1,1.0,139.1,139.1
ord_43b269e8,cust_2a5ad54f,2024-08-14 23:24:30,paid,last_touch,google,1,1,1,1.0,104.76,104.76
ord_43b269e8,cust_2a5ad54f,2024-08-14 23:24:30,paid,first_touch,google,1,1,1,1.0,104.76,104.76
ord_43b269e8,cust_2a5ad54f,2024-08-14 23:24:30,paid,linear,google,1,1,1,1.0,104.76,104.76
ord_43b269e8,cust_2a5ad54f,2024-08-14 23:24:30,paid,time_decay,google,1,1,1,1.0,104.76,104.76
ord_2b3efc68,cust_16a4b8b2,2024-08-15 17:49:11,paid,last_touch,direct,1,1,1,1.0,204.11,204.11
ord_2b3efc68,cust_16a4b8b2,2024-08-15 17:49:11,paid,first_touch,tiktok,1,1,1,1.0,204.11,204.11
ord_2b3efc68,cust_16a4b8b2,2024-08-15 17:49:11,paid,linear,tiktok,1,1,1,1.0,204.11,204.11
ord_2b3efc68,cust_16a4b8b2,2024-08-15 17:49:11,paid,time_decay,tiktok,1,1,1,1.0,204.11,204.11
ord_45e44b4e,cust_df093174,2024-08-15 11:36:30,paid,last_touch,direct,1,1,1,1.0,125.18,125.18
ord_45e44b4e,cust_df093174,2024-08-15 11:36:30,paid,first_touch,tiktok,1,1,1,1.0,125.18,125.18
ord_45e44b4e,cust_df093174,2024-08-15 11:36:30,paid,linear,tiktok,1,1,1,1.0,125.18,125.18
ord_45e44b4e,cust_df093174,2024-08-15 11:36:30,paid,time_decay,tiktok,1,1,1,1.0,125.18,125.18
ord_aca9b61d,cust_b822e943,2024-08-16 19:18:46,paid,last_touch,meta,1,1,1,1.0,91.16,91.16
ord_aca9b61d,cust_b822e943,2024-08-16 19:18:46,paid,first_touch,meta,1,1,1,1.0,91.16,91.16
ord_aca9b61d,cust_b822e943,2024-08-16 19:18:46,paid,linear,meta,1,1,1,1.0,91.16,91.16
ord_aca9b61d,cust_b822e943,2024-08-16 19:18:46,paid,time_decay,meta,1,1,1,1.0,91.16,91.16
ord_c6fa69cf,cust_2bc96755,2024-08-16 21:55:48,paid,last_touch,organic,1,1,1,1.0,70.38,70.38
ord_c6fa69cf,cust_2bc96755,2024-08-16 21:55:48,paid,first_touch,organic,1,1,1,1.0,70.38,70.38
ord_c6fa69cf,cust_2bc96755,2024-08-16 21:55:48,paid,linear,organic,1,1,1,1.0,70.38,70.38
ord_c6fa69cf,cust_2bc96755,2024-08-16 21:55:48,paid,time_decay,organic,1,1,1,1.0,70.38,70.38
ord_ce29fa77,cust_80b12a4a,2024-08-16 20:57:18,paid,last_touch,meta,1,1,1,1.0,208.18,208.18
ord_ce29fa77,cust_80b12a4a,2024-08-16 20:57:18,paid,first_touch,meta,1,1,1,1.0,208.18,208.18
ord_ce29fa77,cust_80b12a4a,2024-08-16 20:57:18,paid,linear,meta,1,1,1,1.0,208.18,208.18
ord_ce29fa77,cust_80b12a4a,2024-08-16 20:57:18,paid,time_decay,meta,1,1,1,1.0,208.18,208.18
ord_8a10701e,cust_5b9fb11d,2024-08-16 10:09:37,paid,last_touch,email,1,1,1,1.0,262.68,262.68
ord_8a10701e,cust_5b9fb11d,2024-08-16 10:09:37,paid,first_touch,email,1,1,1,1.0,262.68,262.68
ord_8a10701e,cust_5b9fb11d,2024-08-16 10:09:37,paid,linear,email,1,1,1,1.0,262.68,262.68
ord_8a10701e,cust_5b9fb11d,2024-08-16 10:09:37,paid,time_decay,email,1,1,1,1.0,262.68,262.68
ord_fee97d30,cust_8dc5ee36,2024-08-17 14:26:34,refunded,last_touch,direct,1,1,1,1.0,115.91,115.91
ord_fee97d30,cust_8dc5ee36,2024-08-17 14:26:34,refunded,first_touch,organic,1,1,1,1.0,115.91,115.91
ord_fee97d30,cust_8dc5ee36,2024-08-17 14:26:34,refunded,linear,organic,1,1,1,1.0,115.91,115.91
ord_fee97d30,cust_8dc5ee36,2024-08-17 14:26:34,refunded,time_decay,organic,1,1,1,1.0,115.91,115.91
ord_c62b47c9,cust_9e221146,2024-08-17 12:01:12,paid,last_touch,direct,1,1,1,1.0,114.68,114.68
ord_c62b47c9,cust_9e221146,2024-08-17 12:01:12,paid,first_touch,direct,1,1,1,1.0,114.68,114.68
ord_c62b47c9,cust_9e221146,2024-08-17 12:01:12,paid,linear,direct,1,1,1,1.0,114.68,114.68
ord_c62b47c9,cust_9e221146,2024-08-17 12:01:12,paid,time_decay,direct,1,1,1,1.0,114.68,114.68
ord_db8a1e00,cust_7e89f0e8,2024-08-17 19:16:07,paid,last_touch,direct,1,1,1,1.0,34.49,34.49
ord_db8a1e00,cust_7e89f0e8,2024-08-17 19:16:07,paid,first_touch,direct,1,1,1,1.0,34.49,34.49
ord_db8a1e00,cust_7e89f0e8,2024-08-17 19:16:07,paid,linear,direct,1,1,1,1.0,34.49,34.49
ord_db8a1e00,cust_7e89f0e8,2024-08-17 19:16:07,paid,time_decay,direct,1,1,1,1.0,34.49,34.49
ord_ba04ee58,cust_75b43426,2024-08-17 13:36:18,paid,last_touch,email,1,1,1,1.0,57.37,57.37
ord_ba04ee58,cust_75b43426,2024-08-17 13:36:18,paid,first_touch,email,1,1,1,1.0,57.37,57.37
ord_ba04ee58,cust_75b43426,2024-08-17 13:36:18,paid,linear,email,1,1,1,1.0,57.37,57.37
ord_ba04ee58,cust_75b43426,2024-08-17 13:36:18,paid,time_decay,email,1,1,1,1.0,57.37,57.37
ord_b1041205,cust_d7673144,2024-08-18 16:30:41,paid,last_touch,organic,1,1,1,1.0,117.41,117.41
ord_b1041205,cust_d7673144,2024-08-18 16:30:41,paid,first_touch,organic,1,1,1,1.0,117.41,117.41
ord_b1041205,cust_d7673144,2024-08-18 16:30:41,paid,linear,organic,1,1,1,1.0,117.41,117.41
ord_b1041205,cust_d7673144,2024-08-18 16:30:41,paid,time_decay,organic,1,1,1,1.0,117.41,117.41
ord_5ae3737c,cust_fd2b38c5,2024-08-18 10:39:43,paid,last_touch,organic,1,1,1,1.0,88.51,88.51
ord_5ae3737c,cust_fd2b38c5,2024-08-18 10:39:43,paid,first_touch,organic,1,1,1,1.0,88.51,88.51
ord_5ae3737c,cust_fd2b38c5,2024-08-18 10:39:43,paid,linear,organic,1,1,1,1.0,88.51,88.51
ord_5ae3737c,cust_fd2b38c5,2024-08-18 10:39:43,paid,time_decay,organic,1,1,1,1.0,88.51,88.51
ord_adebb318,cust_20c68164,2024-08-18 10:04:18,paid,last_touch,meta,1,1,1,1.0,28.42,28.42
ord_adebb318,cust_20c68164,2024-08-18 10:04:18,paid,first_touch,meta,1,1,1,1.0,28.42,28.42
ord_adebb318,cust_20c68164,2024-08-18 10:04:18,paid,linear,meta,1,1,1,1.0,28.42,28.42
ord_adebb318,cust_20c68164,2024-08-18 10:04:18,paid,time_decay,meta,1,1,1,1.0,28.42,28.42
ord_f29bcf76,cust_01c74bf4,2024-08-18 08:42:29,paid,last_touch,direct,1,1,1,1.0,153.12,153.12
ord_f29bcf76,cust_01c74bf4,2024-08-18 08:42:29,paid,first_touch,organic,1,1,1,1.0,153.12,153.12
ord_f29bcf76,cust_01c74bf4,2024-08-18 08:42:29,paid,linear,organic,1,1,1,1.0,153.12,153.12
ord_f29bcf76,cust_01c74bf4,2024-08-18 08:42:29,paid,time_decay,organic,1,1,1,1.0,153.12,153.12
ord_b6a4151c,cust_d687d2be,2024-08-18 21:15:37,paid,last_touch,direct,1,1,1,1.0,242.86,242.86
ord_b6a4151c,cust_d687d2be,2024-08-18 21:15:37,paid,first_touch,tiktok,1,1,1,1.0,242.86,242.86
ord_b6a4151c,cust_d687d2be,2024-08-18 21:15:37,paid,linear,tiktok,1,1,1,1.0,242.86,242.86
ord_b6a4151c,cust_d687d2be,2024-08-18 21:15:37,paid,time_decay,tiktok,1,1,1,1.0,242.86,242.86
ord_94eaa01b,cust_975c5a49,2024-08-18 09:32:56,paid,last_touch,meta,1,1,1,1.0,108.99,108.99
ord_94eaa01b,cust_975c5a49,2024-08-18 09:32:56,paid,first_touch,meta,1,1,1,1.0,108.99,108.99
ord_94eaa01b,cust_975c5a49,2024-08-18 09:32:56,paid,linear,meta,1,1,1,1.0,108.99,108.99
ord_94eaa01b,cust_975c5a49,2024-08-18 09:32:56,paid,time_decay,meta,1,1,1,1.0,108.99,108.99
ord_33a3de73,cust_eb5285dd,2024-08-18 21:29:45,paid,last_touch,google,1,1,1,1.0,88.1,88.1
ord_33a3de73,cust_eb5285dd,2024-08-18 21:29:45,paid,first_touch,google,1,1,1,1.0,88.1,88.1
ord_33a3de73,cust_eb5285dd,2024-08-18 21:29:45,paid,linear,google,1,1,1,1.0,88.1,88.1
ord_33a3de73,cust_eb5285dd,2024-08-18 21:29:45,paid,time_decay,google,1,1,1,1.0,88.1,88.1
ord_28d9f996,cust_7432b395,2024-08-19 11:46:10,paid,last_touch,tiktok,1,1,1,1.0,95.86,95.86
ord_28d9f996,cust_7432b395,2024-08-19 11:46:10,paid,first_touch,tiktok,1,1,1,1.0,95.86,95.86
ord_28d9f996,cust_7432b395,2024-08-19 11:46:10,paid,linear,tiktok,1,1,1,1.0,95.86,95.86
ord_28d9f996,cust_7432b395,2024-08-19 11:46:10,paid,time_decay,tiktok,1,1,1,1.0,95.86,95.86
ord_f29e040b,cust_7be458a0,2024-08-19 18:51:57,paid,last_touch,meta,1,1,1,1.0,173.33,173.33
ord_f29e040b,cust_7be458a0,2024-08-19 18:51:57,paid,first_touch,meta,1,1,1,1.0,173.33,173.33
ord_f29e040b,cust_7be458a0,2024-08-19 18:51:57,paid,linear,meta,1,1,1,1.0,173.33,173.33
ord_f29e040b,cust_7be458a0,2024-08-19 18:51:57,paid,time_decay,meta,1,1,1,1.0,173.33,173.33
ord_7d5e08af,cust_f0650676,2024-08-19 15:57:30,paid,last_touch,organic,1,1,1,1.0,198.02,198.02
ord_7d5e08af,cust_f0650676,2024-08-19 15:57:30,paid,first_touch,organic,1,1,1,1.0,198.02,198.02
ord_7d5e08af,cust_f0650676,2024-08-19 15:57:30,paid,linear,organic,1,1,1,1.0,198.02,198.02
ord_7d5e08af,cust_f0650676,2024-08-19 15:57:30,paid,time_decay,organic,1,1,1,1.0,198.02,198.02
ord_f7d15ba4,cust_722d7e3e,2024-08-19 08:29:29,paid,last_touch,organic,1,1,1,1.0,69.59,69.59
ord_f7d15ba4,cust_722d7e3e,2024-08-19 08:29:29,paid,first_touch,organic,1,1,1,1.0,69.59,69.59
ord_f7d15ba4,cust_722d7e3e,2024-08-19 08:29:29,paid,linear,organic,1,1,1,1.0,69.59,69.59
ord_f7d15ba4,cust_722d7e3e,2024-08-19 08:29:29,paid,time_decay,organic,1,1,1,1.0,69.59,69.59
ord_c7a269b2,cust_9074e3ad,2024-08-19 19:11:01,paid,last_touch,direct,1,1,1,1.0,62.56,62.56
ord_c7a269b2,cust_9074e3ad,2024-08-19 19:11:01,paid,first_touch,meta,1,1,1,1.0,62.56,62.56
ord_c7a269b2,cust_9074e3ad,2024-08-19 19:11:01,paid,linear,meta,1,1,1,1.0,62.56,62.56
ord_c7a269b2,cust_9074e3ad,2024-08-19 19:11:01,paid,time_decay,meta,1,1,1,1.0,62.56,62.56
ord_0d9fa6b6,cust_5883b5ca,2024-08-20 17:28:29,paid,last_touch,email,1,1,1,1.0,319.07,319.07
ord_0d9fa6b6,cust_5883b5ca,2024-08-20 17:28:29,paid,first_touch,email,1,1,1,1.0,319.07,319.07
ord_0d9fa6b6,cust_5883b5ca,2024-08-20 17:28:29,paid,linear,email,1,1,1,1.0,319.07,319.07
ord_0d9fa6b6,cust_5883b5ca,2024-08-20 17:28:29,paid,time_decay,email,1,1,1,1.0,319.07,319.07
ord_21357569,cust_96449c1c,2024-08-21 00:01:15,paid,last_touch,google,1,1,1,1.0,28.3,28.3
ord_21357569,cust_96449c1c,2024-08-21 00:01:15,paid,first_touch,google,1,1,1,1.0,28.3,28.3
ord_21357569,cust_96449c1c,2024-08-21 00:01:15,paid,linear,google,1,1,1,1.0,28.3,28.3
ord_21357569,cust_96449c1c,2024-08-21 00:01:15,paid,time_decay,google,1,1,1,1.0,28.3,28.3
ord_55b5d1ba,cust_d01816bd,2024-08-20 07:11:59,paid,last_touch,google,1,1,1,1.0,49.82,49.82
ord_55b5d1ba,cust_d01816bd,2024-08-20 07:11:59,paid,first_touch,google,1,1,1,1.0,49.82,49.82
ord_55b5d1ba,cust_d01816bd,2024-08-20 07:11:59,paid,linear,google,1,1,1,1.0,49.82,49.82
ord_55b5d1ba,cust_d01816bd,2024-08-20 07:11:59,paid,time_decay,google,1,1,1,1.0,49.82,49.82
ord_ab6ddaa0,cust_5070dcf8,2024-08-20 19:44:22,paid,last_touch,direct,1,1,1,1.0,155.26,155.26
ord_ab6ddaa0,cust_5070dcf8,2024-08-20 19:44:22,paid,first_touch,email,1,1,1,1.0,155.26,155.26
ord_ab6ddaa0,cust_5070dcf8,2024-08-20 19:44:22,paid,linear,email,1,1,1,1.0,155.26,155.26
ord_ab6ddaa0,cust_5070dcf8,2024-08-20 19:44:22,paid,time_decay,email,1,1,1,1.0,155.26,155.26
ord_11335139,cust_1e53b21b,2024-08-20 12:50:30,refunded,last_touch,direct,1,1,1,1.0,83.21,83.21
ord_11335139,cust_1e53b21b,2024-08-20 12:50:30,refunded,first_touch,email,1,1,1,1.0,83.21,83.21
ord_11335139,cust_1e53b21b,2024-08-20 12:50:30,refunded,linear,email,1,1,1,1.0,83.21,83.21
ord_11335139,cust_1e53b21b,2024-08-20 12:50:30,refunded,time_decay,email,1,1,1,1.0,83.21,83.21
ord_66545964,cust_1cfd1d6a,2024-08-20 01:57:11,paid,last_touch,organic,1,1,1,1.0,133.24,133.24
ord_66545964,cust_1cfd1d6a,2024-08-20 01:57:11,paid,first_touch,organic,1,1,1,1.0,133.24,133.24
ord_66545964,cust_1cfd1d6a,2024-08-20 01:57:11,paid,linear,organic,1,1,1,1.0,133.24,133.24
ord_66545964,cust_1cfd1d6a,2024-08-20 01:57:11,paid,time_decay,organic,1,1,1,1.0,133.24,133.24
ord_a6b15e1e,cust_8dd01099,2024-08-20 22:09:45,paid,last_touch,direct,1,1,1,1.0,295.88,295.88
ord_a6b15e1e,cust_8dd01099,2024-08-20 22:09:45,paid,first_touch,direct,1,1,1,1.0,295.88,295.88
ord_a6b15e1e,cust_8dd01099,2024-08-20 22:09:45,paid,linear,direct,1,1,1,1.0,295.88,295.88
ord_a6b15e1e,cust_8dd01099,2024-08-20 22:09:45,paid,time_decay,direct,1,1,1,1.0,295.88,295.88
ord_7b918ed1,cust_0cef175d,2024-08-21 18:58:20,paid,last_touch,direct,1,1,1,1.0,139.84,139.84
ord_7b918ed1,cust_0cef175d,2024-08-21 18:58:20,paid,first_touch,email,1,1,1,1.0,139.84,139.84
ord_7b918ed1,cust_0cef175d,2024-08-21 18:58:20,paid,linear,email,1,1,1,1.0,139.84,139.84
ord_7b918ed1,cust_0cef175d,2024-08-21 18:58:20,paid,time_decay,email,1,1,1,1.0,139.84,139.84
ord_01f7ad2f,cust_1b58ce5e,2024-08-21 19:55:07,paid,last_touch,direct,1,1,1,1.0,90.64,90.64
ord_01f7ad2f,cust_1b58ce5e,2024-08-21 19:55:07,paid,first_touch,email,1,1,1,1.0,90.64,90.64
ord_01f7ad2f,cust_1b58ce5e,2024-08-21 19:55:07,paid,linear,email,1,1,1,1.0,90.64,90.64
ord_01f7ad2f,cust_1b58ce5e,2024-08-21 19:55:07,paid,time_decay,email,1,1,1,1.0,90.64,90.64
ord_fc476af6,cust_c716593b,2024-08-21 05:27:52,paid,last_touch,organic,1,1,1,1.0,79.38,79.38
ord_fc476af6,cust_c716593b,2024-08-21 05:27:52,paid,first_touch,organic,1,1,1,1.0,79.38,79.38
ord_fc476af6,cust_c716593b,2024-08-21 05:27:52,paid,linear,organic,1,1,1,1.0,79.38,79.38
ord_fc476af6,cust_c716593b,2024-08-21 05:27:52,paid,time_decay,organic,1,1,1,1.0,79.38,79.38
ord_e32b94dc,cust_0a9cd414,2024-08-21 20:43:49,paid,last_touch,organic,1,1,1,1.0,250.61,250.61
ord_e32b94dc,cust_0a9cd414,2024-08-21 20:43:49,paid,first_touch,organic,1,1,1,1.0,250.61,250.61
ord_e32b94dc,cust_0a9cd414,2024-08-21 20:43:49,paid,linear,organic,1,1,1,1.0,250.61,250.61
ord_e32b94dc,cust_0a9cd414,2024-08-21 20:43:49,paid,time_decay,organic,1,1,1,1.0,250.61,250.61
ord_fee7a793,cust_2abb1fee,2024-08-22 00:02:41,paid,last_touch,direct,1,1,1,1.0,42.32,42.32
ord_fee7a793,cust_2abb1fee,2024-08-22 00:02:41,paid,first_touch,direct,1,1,1,1.0,42.32,42.32
ord_fee7a793,cust_2abb1fee,2024-08-22 00:02:41,paid,linear,direct,1,1,1,1.0,42.32,42.32
ord_fee7a793,cust_2abb1fee,2024-08-22 00:02:41,paid,time_decay,direct,1,1,1,1.0,42.32,42.32
ord_bd9d57af,cust_b6ac9e21,2024-08-21 16:32:56,refunded,last_touch,direct,1,1,1,1.0,48.26,48.26
ord_bd9d57af,cust_b6ac9e21,2024-08-21 16:32:56,refunded,first_touch,tiktok,1,1,1,1.0,48.26,48.26
ord_bd9d57af,cust_b6ac9e21,2024-08-21 16:32:56,refunded,linear,tiktok,1,1,1,1.0,48.26,48.26
ord_bd9d57af,cust_b6ac9e21,2024-08-21 16:32:56,refunded,time_decay,tiktok,1,1,1,1.0,48.26,48.26
ord_105a8203,cust_e95b6c3f,2024-08-22 15:24:33,paid,last_touch,direct,1,1,1,1.0,110.01,110.01
ord_105a8203,cust_e95b6c3f,2024-08-22 15:24:33,paid,first_touch,direct,1,1,1,1.0,110.01,110.01
ord_105a8203,cust_e95b6c3f,2024-08-22 15:24:33,paid,linear,direct,1,1,1,1.0,110.01,110.01
ord_105a8203,cust_e95b6c3f,2024-08-22 15:24:33,paid,time_decay,direct,1,1,1,1.0,110.01,110.01
ord_28df8a34,cust_02ee30d2,2024-08-22 22:36:18,paid,last_touch,direct,1,1,1,1.0,115.89,115.89
ord_28df8a34,cust_02ee30d2,2024-08-22 22:36:18,paid,first_touch,email,1,1,1,1.0,115.89,115.89
ord_28df8a34,cust_02ee30d2,2024-08-22 22:36:18,paid,linear,email,1,1,1,1.0,115.89,115.89
ord_28df8a34,cust_02ee30d2,2024-08-22 22:36:18,paid,time_decay,email,1,1,1,1.0,115.89,115.89
ord_d0bb469c,cust_6e4ced69,2024-08-22 15:24:44,refunded,last_touch,direct,1,1,1,1.0,74.99,74.99
ord_d0bb469c,cust_6e4ced69,2024-08-22 15:24:44,refunded,first_touch,tiktok,1,1,1,1.0,74.99,74.99
ord_d0bb469c,cust_6e4ced69,2024-08-22 15:24:44,refunded,linear,tiktok,1,1,1,1.0,74.99,74.99
ord_d0bb469c,cust_6e4ced69,2024-08-22 15:24:44,refunded,time_decay,tiktok,1,1,1,1.0,74.99,74.99
ord_4007c370,cust_c3fcb646,2024-08-22 00:32:15,paid,last_touch,direct,1,1,1,1.0,95.69,95.69
ord_4007c370,cust_c3fcb646,2024-08-22 00:32:15,paid,first_touch,meta,1,1,1,1.0,95.69,95.69
ord_4007c370,cust_c3fcb646,2024-08-22 00:32:15,paid,linear,meta,1,1,1,1.0,95.69,95.69
ord_4007c370,cust_c3fcb646,2024-08-22 00:32:15,paid,time_decay,meta,1,1,1,1.0,95.69,95.69
ord_c72ae500,cust_cda1daaa,2024-08-22 10:09:44,refunded,last_touch,direct,1,1,1,1.0,129.99,129.99
ord_c72ae500,cust_cda1daaa,2024-08-22 10:09:44,refunded,first_touch,organic,1,1,1,1.0,129.99,129.99
ord_c72ae500,cust_cda1daaa,2024-08-22 10:09:44,refunded,linear,organic,1,1,1,1.0,129.99,129.99
ord_c72ae500,cust_cda1daaa,2024-08-22 10:09:44,refunded,time_decay,organic,1,1,1,1.0,129.99,129.99
ord_c8ca1039,cust_462223c5,2024-08-23 22:04:41,paid,last_touch,google,1,1,1,1.0,67.7,67.7
ord_c8ca1039,cust_462223c5,2024-08-23 22:04:41,paid,first_touch,google,1,1,1,1.0,67.7,67.7
ord_c8ca1039,cust_462223c5,2024-08-23 22:04:41,paid,linear,google,1,1,1,1.0,67.7,67.7
ord_c8ca1039,cust_462223c5,2024-08-23 22:04:41,paid,time_decay,google,1,1,1,1.0,67.7,67.7
ord_e5713e12,cust_ea639cca,2024-08-24 16:54:41,paid,last_touch,direct,1,1,1,1.0,29.9,29.9
ord_e5713e12,cust_ea639cca,2024-08-24 16:54:41,paid,first_touch,direct,1,1,1,1.0,29.9,29.9
ord_e5713e12,cust_ea639cca,2024-08-24 16:54:41,paid,linear,direct,1,1,1,1.0,29.9,29.9
ord_e5713e12,cust_ea639cca,2024-08-24 16:54:41,paid,time_decay,direct,1,1,1,1.0,29.9,29.9
ord_5f5d1277,cust_50d3fde5,2024-08-24 12:59:44,paid,last_touch,google,1,1,1,1.0,158.74,158.74
ord_5f5d1277,cust_50d3fde5,2024-08-24 12:59:44,paid,first_touch,google,1,1,1,1.0,158.74,158.74
ord_5f5d1277,cust_50d3fde5,2024-08-24 12:59:44,paid,linear,google,1,1,1,1.0,158.74,158.74
ord_5f5d1277,cust_50d3fde5,2024-08-24 12:59:44,paid,time_decay,google,1,1,1,1.0,158.74,158.74
ord_4433b6bf,cust_31253a5d,2024-08-24 09:29:47,paid,last_touch,direct,1,1,1,1.0,83.4,83.4
ord_4433b6bf,cust_31253a5d,2024-08-24 09:29:47,paid,first_touch,meta,1,1,1,1.0,83.4,83.4
ord_4433b6bf,cust_31253a5d,2024-08-24 09:29:47,paid,linear,meta,1,1,1,1.0,83.4,83.4
ord_4433b6bf,cust_31253a5d,2024-08-24 09:29:47,paid,time_decay,meta,1,1,1,1.0,83.4,83.4
ord_1f2c6c2f,cust_abbc5d5c,2024-08-24 16:20:50,paid,last_touch,organic,1,1,1,1.0,154.95,154.95
ord_1f2c6c2f,cust_abbc5d5c,2024-08-24 16:20:50,paid,first_touch,organic,1,1,1,1.0,154.95,154.95
ord_1f2c6c2f,cust_abbc5d5c,2024-08-24 16:20:50,paid,linear,organic,1,1,1,1.0,154.95,154.95
ord_1f2c6c2f,cust_abbc5d5c,2024-08-24 16:20:50,paid,time_decay,organic,1,1,1,1.0,154.95,154.95
ord_f8b86b47,cust_88a7b22e,2024-08-24 13:48:09,paid,last_touch,tiktok,1,1,1,1.0,38.29,38.29
ord_f8b86b47,cust_88a7b22e,2024-08-24 13:48:09,paid,first_touch,tiktok,1,1,1,1.0,38.29,38.29
ord_f8b86b47,cust_88a7b22e,2024-08-24 13:48:09,paid,linear,tiktok,1,1,1,1.0,38.29,38.29
ord_f8b86b47,cust_88a7b22e,2024-08-24 13:48:09,paid,time_decay,tiktok,1,1,1,1.0,38.29,38.29
ord_b469e4c7,cust_76ae99ad,2024-08-24 21:24:36,paid,last_touch,direct,1,1,1,1.0,32.04,32.04
ord_b469e4c7,cust_76ae99ad,2024-08-24 21:24:36,paid,first_touch,direct,1,1,1,1.0,32.04,32.04
ord_b469e4c7,cust_76ae99ad,2024-08-24 21:24:36,paid,linear,direct,1,1,1,1.0,32.04,32.04
ord_b469e4c7,cust_76ae99ad,2024-08-24 21:24:36,paid,time_decay,direct,1,1,1,1.0,32.04,32.04
ord_20e62758,cust_4a6a138d,2024-08-24 18:07:15,paid,last_touch,tiktok,1,1,1,1.0,55.66,55.66
ord_20e62758,cust_4a6a138d,2024-08-24 18:07:15,paid,first_touch,tiktok,1,1,1,1.0,55.66,55.66
ord_20e62758,cust_4a6a138d,2024-08-24 18:07:15,paid,linear,tiktok,1,1,1,1.0,55.66,55.66
ord_20e62758,cust_4a6a138d,2024-08-24 18:07:15,paid,time_decay,tiktok,1,1,1,1.0,55.66,55.66
ord_c728fb6a,cust_27b4f445,2024-08-24 08:34:18,paid,last_touch,direct,1,1,1,1.0,30.93,30.93
ord_c728fb6a,cust_27b4f445,2024-08-24 08:34:18,paid,first_touch,google,1,1,1,1.0,30.93,30.93
ord_c728fb6a,cust_27b4f445,2024-08-24 08:34:18,paid,linear,google,1,1,1,1.0,30.93,30.93
ord_c728fb6a,cust_27b4f445,2024-08-24 08:34:18,paid,time_decay,google,1,1,1,1.0,30.93,30.93
ord_32243bb7,cust_33c19a2f,2024-08-25 19:29:54,paid,last_touch,organic,1,1,1,1.0,29.19,29.19
ord_32243bb7,cust_33c19a2f,2024-08-25 19:29:54,paid,first_touch,organic,1,1,1,1.0,29.19,29.19
ord_32243bb7,cust_33c19a2f,2024-08-25 19:29:54,paid,linear,organic,1,1,1,1.0,29.19,29.19
ord_32243bb7,cust_33c19a2f,2024-08-25 19:29:54,paid,time_decay,organic,1,1,1,1.0,29.19,29.19
ord_7c645623,cust_38cac146,2024-08-25 16:25:02,paid,last_touch,direct,1,1,1,1.0,127.35,127.35
ord_7c645623,cust_38cac146,2024-08-25 16:25:02,paid,first_touch,email,1,1,1,1.0,127.35,127.35
ord_7c645623,cust_38cac146,2024-08-25 16:25:02,paid,linear,email,1,1,1,1.0,127.35,127.35
ord_7c645623,cust_38cac146,2024-08-25 16:25:02,paid,time_decay,email,1,1,1,1.0,127.35,127.35
ord_2bd59f5e,cust_c86b913e,2024-08-25 19:38:56,paid,last_touch,direct,1,1,1,1.0,59.59,59.59
ord_2bd59f5e,cust_c86b913e,2024-08-25 19:38:56,paid,first_touch,google,1,1,1,1.0,59.59,59.59
ord_2bd59f5e,cust_c86b913e,2024-08-25 19:38:56,paid,linear,google,1,1,1,1.0,59.59,59.59
ord_2bd59f5e,cust_c86b913e,2024-08-25 19:38:56,paid,time_decay,google,1,1,1,1.0,59.59,59.59
ord_000c07d9,cust_d7f40e88,2024-08-25 20:15:27,paid,last_touch,google,1,1,1,1.0,94.51,94.51
ord_000c07d9,cust_d7f40e88,2024-08-25 20:15:27,paid,first_touch,google,1,1,1,1.0,94.51,94.51
ord_000c07d9,cust_d7f40e88,2024-08-25 20:15:27,paid,linear,google,1,1,1,1.0,94.51,94.51
ord_000c07d9,cust_d7f40e88,2024-08-25 20:15:27,paid,time_decay,google,1,1,1,1.0,94.51,94.51
ord_5c1da8f3,cust_0491caa1,2024-08-26 07:11:12,paid,last_touch,direct,1,1,1,1.0,52.75,52.75
ord_5c1da8f3,cust_0491caa1,2024-08-26 07:11:12,paid,first_touch,email,1,1,1,1.0,52.75,52.75
ord_5c1da8f3,cust_0491caa1,2024-08-26 07:11:12,paid,linear,email,1,1,1,1.0,52.75,52.75
ord_5c1da8f3,cust_0491caa1,2024-08-26 07:11:12,paid,time_decay,email,1,1,1,1.0,52.75,52.75
ord_67192145,cust_218548e5,2024-08-26 21:50:27,paid,last_touch,email,1,1,1,1.0,55.25,55.25
ord_67192145,cust_218548e5,2024-08-26 21:50:27,paid,first_touch,email,1,1,1,1.0,55.25,55.25
ord_67192145,cust_218548e5,2024-08-26 21:50:27,paid,linear,email,1,1,1,1.0,55.25,55.25
ord_67192145,cust_218548e5,2024-08-26 21:50:27,paid,time_decay,email,1,1,1,1.0,55.25,55.25
ord_def3a4d5,cust_7fb6fe0a,2024-08-26 21:07:28,paid,last_touch,direct,1,1,1,1.0,54.81,54.81
ord_def3a4d5,cust_7fb6fe0a,2024-08-26 21:07:28,paid,first_touch,tiktok,1,1,1,1.0,54.81,54.81
ord_def3a4d5,cust_7fb6fe0a,2024-08-26 21:07:28,paid,linear,tiktok,1,1,1,1.0,54.81,54.81
ord_def3a4d5,cust_7fb6fe0a,2024-08-26 21:07:28,paid,time_decay,tiktok,1,1,1,1.0,54.81,54.81
ord_7fccff28,cust_35c9c637,2024-08-26 22:17:48,paid,last_touch,google,1,1,1,1.0,82.88,82.88
ord_7fccff28,cust_35c9c637,2024-08-26 22:17:48,paid,first_touch,google,1,1,1,1.0,82.88,82.88
ord_7fccff28,cust_35c9c637,2024-08-26 22:17:48,paid,linear,google,1,1,1,1.0,82.88,82.88
ord_7fccff28,cust_35c9c637,2024-08-26 22:17:48,paid,time_decay,google,1,1,1,1.0,82.88,82.88
ord_c1e093d0,cust_71b8f426,2024-08-26 20:31:48,paid,last_touch,organic,1,1,1,1.0,86.12,86.12
ord_c1e093d0,cust_71b8f426,2024-08-26 20:31:48,paid,first_touch,organic,1,1,1,1.0,86.12,86.12
ord_c1e093d0,cust_71b8f426,2024-08-26 20:31:48,paid,linear,organic,1,1,1,1.0,86.12,86.12
ord_c1e093d0,cust_71b8f426,2024-08-26 20:31:48,paid,time_decay,organic,1,1,1,1.0,86.12,86.12
ord_4e29170a,cust_e7fbae8d,2024-08-26 18:23:27,paid,last_touch,email,1,1,1,1.0,106.47,106.47
ord_4e29170a,cust_e7fbae8d,2024-08-26 18:23:27,paid,first_touch,email,1,1,1,1.0,106.47,106.47
ord_4e29170a,cust_e7fbae8d,2024-08-26 18:23:27,paid,linear,email,1,1,1,1.0,106.47,106.47
ord_4e29170a,cust_e7fbae8d,2024-08-26 18:23:27,paid,time_decay,email,1,1,1,1.0,106.47,106.47
ord_b6a7b7e3,cust_08d6e44a,2024-08-26 17:32:52,paid,last_touch,meta,1,1,1,1.0,65.65,65.65
ord_b6a7b7e3,cust_08d6e44a,2024-08-26 17:32:52,paid,first_touch,meta,1,1,1,1.0,65.65,65.65
ord_b6a7b7e3,cust_08d6e44a,2024-08-26 17:32:52,paid,linear,meta,1,1,1,1.0,65.65,65.65
ord_b6a7b7e3,cust_08d6e44a,2024-08-26 17:32:52,paid,time_decay,meta,1,1,1,1.0,65.65,65.65
ord_2a9c69ee,cust_95930c47,2024-08-26 21:48:04,refunded,last_touch,direct,1,1,1,1.0,475.27,475.27
ord_2a9c69ee,cust_95930c47,2024-08-26 21:48:04,refunded,first_touch,direct,1,1,1,1.0,475.27,475.27
ord_2a9c69ee,cust_95930c47,2024-08-26 21:48:04,refunded,linear,direct,1,1,1,1.0,475.27,475.27
ord_2a9c69ee,cust_95930c47,2024-08-26 21:48:04,refunded,time_decay,direct,1,1,1,1.0,475.27,475.27
ord_340707ce,cust_cdfed7f8,2024-08-27 20:51:55,paid,last_touch,direct,1,1,1,1.0,73.92,73.92
ord_340707ce,cust_cdfed7f8,2024-08-27 20:51:55,paid,first_touch,meta,1,1,1,1.0,73.92,73.92
ord_340707ce,cust_cdfed7f8,2024-08-27 20:51:55,paid,linear,meta,1,1,1,1.0,73.92,73.92
ord_340707ce,cust_cdfed7f8,2024-08-27 20:51:55,paid,time_decay,meta,1,1,1,1.0,73.92,73.92
ord_7ac4bbfd,cust_9db28bd6,2024-08-27 13:20:44,paid,last_touch,google,1,1,1,1.0,60.55,60.55
ord_7ac4bbfd,cust_9db28bd6,2024-08-27 13:20:44,paid,first_touch,google,1,1,1,1.0,60.55,60.55
ord_7ac4bbfd,cust_9db28bd6,2024-08-27 13:20:44,paid,linear,google,1,1,1,1.0,60.55,60.55
ord_7ac4bbfd,cust_9db28bd6,2024-08-27 13:20:44,paid,time_decay,google,1,1,1,1.0,60.55,60.55
ord_906dfcf6,cust_5d803fe2,2024-08-27 11:12:00,paid,last_touch,direct,1,1,1,1.0,175.27,175.27
ord_906dfcf6,cust_5d803fe2,2024-08-27 11:12:00,paid,first_touch,google,1,1,1,1.0,175.27,175.27
ord_906dfcf6,cust_5d803fe2,2024-08-27 11:12:00,paid,linear,google,1,1,1,1.0,175.27,175.27
ord_906dfcf6,cust_5d803fe2,2024-08-27 11:12:00,paid,time_decay,google,1,1,1,1.0,175.27,175.27
ord_da0272e6,cust_286d772a,2024-08-27 10:28:00,paid,last_touch,organic,1,1,1,1.0,136.39,136.39
ord_da0272e6,cust_286d772a,2024-08-27 10:28:00,paid,first_touch,organic,1,1,1,1.0,136.39,136.39
ord_da0272e6,cust_286d772a,2024-08-27 10:28:00,paid,linear,organic,1,1,1,1.0,136.39,136.39
ord_da0272e6,cust_286d772a,2024-08-27 10:28:00,paid,time_decay,organic,1,1,1,1.0,136.39,136.39
ord_587c7a43,cust_72239818,2024-08-27 21:12:25,paid,last_touch,organic,1,1,1,1.0,71.43,71.43
ord_587c7a43,cust_72239818,2024-08-27 21:12:25,paid,first_touch,organic,1,1,1,1.0,71.43,71.43
ord_587c7a43,cust_72239818,2024-08-27 21:12:25,paid,linear,organic,1,1,1,1.0,71.43,71.43
ord_587c7a43,cust_72239818,2024-08-27 21:12:25,paid,time_decay,organic,1,1,1,1.0,71.43,71.43
ord_91ed675d,cust_4ab7686e,2024-08-27 13:27:44,paid,last_touch,email,1,1,1,1.0,88.81,88.81
ord_91ed675d,cust_4ab7686e,2024-08-27 13:27:44,paid,first_touch,email,1,1,1,1.0,88.81,88.81
ord_91ed675d,cust_4ab7686e,2024-08-27 13:27:44,paid,linear,email,1,1,1,1.0,88.81,88.81
ord_91ed675d,cust_4ab7686e,2024-08-27 13:27:44,paid,time_decay,email,1,1,1,1.0,88.81,88.81
ord_2dc1904c,cust_7ec36969,2024-08-27 20:28:34,paid,last_touch,email,1,1,1,1.0,174.54,174.54
ord_2dc1904c,cust_7ec36969,2024-08-27 20:28:34,paid,first_touch,email,1,1,1,1.0,174.54,174.54
ord_2dc1904c,cust_7ec36969,2024-08-27 20:28:34,paid,linear,email,1,1,1,1.0,174.54,174.54
ord_2dc1904c,cust_7ec36969,2024-08-27 20:28:34,paid,time_decay,email,1,1,1,1.0,174.54,174.54
ord_9f954a3f,cust_6102b10e,2024-08-27 21:03:03,paid,last_touch,direct,1,1,1,1.0,273.02,273.02
ord_9f954a3f,cust_6102b10e,2024-08-27 21:03:03,paid,first_touch,organic,1,1,1,1.0,273.02,273.02
ord_9f954a3f,cust_6102b10e,2024-08-27 21:03:03,paid,linear,organic,1,1,1,1.0,273.02,273.02
ord_9f954a3f,cust_6102b10e,2024-08-27 21:03:03,paid,time_decay,organic,1,1,1,1.0,273.02,273.02
ord_0efa15b5,cust_891c8624,2024-08-28 04:29:39,paid,last_touch,direct,1,1,1,1.0,164.1,164.1
ord_0efa15b5,cust_891c8624,2024-08-28 04:29:39,paid,first_touch,direct,1,1,1,1.0,164.1,164.1
ord_0efa15b5,cust_891c8624,2024-08-28 04:29:39,paid,linear,direct,1,1,1,1.0,164.1,164.1
ord_0efa15b5,cust_891c8624,2024-08-28 04:29:39,paid,time_decay,direct,1,1,1,1.0,164.1,164.1
ord_97c14f0c,cust_5d58755e,2024-08-28 19:12:45,paid,last_touch,google,1,1,1,1.0,51.22,51.22
ord_97c14f0c,cust_5d58755e,2024-08-28 19:12:45,paid,first_touch,google,1,1,1,1.0,51.22,51.22
ord_97c14f0c,cust_5d58755e,2024-08-28 19:12:45,paid,linear,google,1,1,1,1.0,51.22,51.22
ord_97c14f0c,cust_5d58755e,2024-08-28 19:12:45,paid,time_decay,google,1,1,1,1.0,51.22,51.22
ord_3302b1b5,cust_ea1de3a9,2024-08-28 09:07:31,paid,last_touch,direct,1,1,1,1.0,153.88,153.88
ord_3302b1b5,cust_ea1de3a9,2024-08-28 09:07:31,paid,first_touch,meta,1,1,1,1.0,153.88,153.88
ord_3302b1b5,cust_ea1de3a9,2024-08-28 09:07:31,paid,linear,meta,1,1,1,1.0,153.88,153.88
ord_3302b1b5,cust_ea1de3a9,2024-08-28 09:07:31,paid,time_decay,meta,1,1,1,1.0,153.88,153.88
ord_f88eb182,cust_e65b9d3f,2024-08-29 13:49:51,paid,last_touch,direct,1,1,1,1.0,139.93,139.93
ord_f88eb182,cust_e65b9d3f,2024-08-29 13:49:51,paid,first_touch,google,1,1,1,1.0,139.93,139.93
ord_f88eb182,cust_e65b9d3f,2024-08-29 13:49:51,paid,linear,google,1,1,1,1.0,139.93,139.93
ord_f88eb182,cust_e65b9d3f,2024-08-29 13:49:51,paid,time_decay,google,1,1,1,1.0,139.93,139.93
ord_a737b484,cust_b2e122c2,2024-08-29 17:33:20,paid,last_touch,direct,1,1,1,1.0,285.99,285.99
ord_a737b484,cust_b2e122c2,2024-08-29 17:33:20,paid,first_touch,google,1,1,1,1.0,285.99,285.99
ord_a737b484,cust_b2e122c2,2024-08-29 17:33:20,paid,linear,google,1,1,1,1.0,285.99,285.99
ord_a737b484,cust_b2e122c2,2024-08-29 17:33:20,paid,time_decay,google,1,1,1,1.0,285.99,285.99
ord_5930aaea,cust_db61ac13,2024-08-29 09:10:50,paid,last_touch,direct,1,1,1,1.0,201.54,201.54
ord_5930aaea,cust_db61ac13,2024-08-29 09:10:50,paid,first_touch,google,1,1,1,1.0,201.54,201.54
ord_5930aaea,cust_db61ac13,2024-08-29 09:10:50,paid,linear,google,1,1,1,1.0,201.54,201.54
ord_5930aaea,cust_db61ac13,2024-08-29 09:10:50,paid,time_decay,google,1,1,1,1.0,201.54,201.54
ord_c6b09842,cust_5050c3c3,2024-08-29 21:40:03,paid,last_touch,organic,1,1,1,1.0,174.83,174.83
ord_c6b09842,cust_5050c3c3,2024-08-29 21:40:03,paid,first_touch,organic,1,1,1,1.0,174.83,174.83
ord_c6b09842,cust_5050c3c3,2024-08-29 21:40:03,paid,linear,organic,1,1,1,1.0,174.83,174.83
ord_c6b09842,cust_5050c3c3,2024-08-29 21:40:03,paid,time_decay,organic,1,1,1,1.0,174.83,174.83
ord_4ebdfc8a,cust_81563f10,2024-08-29 19:36:27,paid,last_touch,direct,1,1,1,1.0,54.92,54.92
ord_4ebdfc8a,cust_81563f10,2024-08-29 19:36:27,paid,first_touch,direct,1,1,1,1.0,54.92,54.92
ord_4ebdfc8a,cust_81563f10,2024-08-29 19:36:27,paid,linear,direct,1,1,1,1.0,54.92,54.92
ord_4ebdfc8a,cust_81563f10,2024-08-29 19:36:27,paid,time_decay,direct,1,1,1,1.0,54.92,54.92
ord_0a0b7362,cust_15e142e7,2024-08-30 05:00:22,paid,last_touch,organic,1,1,1,1.0,29.64,29.64
ord_0a0b7362,cust_15e142e7,2024-08-30 05:00:22,paid,first_touch,organic,1,1,1,1.0,29.64,29.64
ord_0a0b7362,cust_15e142e7,2024-08-30 05:00:22,paid,linear,organic,1,1,1,1.0,29.64,29.64
ord_0a0b7362,cust_15e142e7,2024-08-30 05:00:22,paid,time_decay,organic,1,1,1,1.0,29.64,29.64
ord_6ac26cea,cust_8f9e7919,2024-08-30 14:22:11,paid,last_touch,direct,1,1,1,1.0,85.16,85.16
ord_6ac26cea,cust_8f9e7919,2024-08-30 14:22:11,paid,first_touch,organic,1,1,1,1.0,85.16,85.16
ord_6ac26cea,cust_8f9e7919,2024-08-30 14:22:11,paid,linear,organic,1,1,1,1.0,85.16,85.16
ord_6ac26cea,cust_8f9e7919,2024-08-30 14:22:11,paid,time_decay,organic,1,1,1,1.0,85.16,85.16
ord_ea87052c,cust_e5d36355,2024-08-30 08:17:49,refunded,last_touch,google,1,1,1,1.0,55.79,55.79
ord_ea87052c,cust_e5d36355,2024-08-30 08:17:49,refunded,first_touch,google,1,1,1,1.0,55.79,55.79
ord_ea87052c,cust_e5d36355,2024-08-30 08:17:49,refunded,linear,google,1,1,1,1.0,55.79,55.79
ord_ea87052c,cust_e5d36355,2024-08-30 08:17:49,refunded,time_decay,google,1,1,1,1.0,55.79,55.79
ord_df3f457d,cust_66f78481,2024-08-30 10:03:31,paid,last_touch,tiktok,1,1,1,1.0,90.15,90.15
ord_df3f457d,cust_66f78481,2024-08-30 10:03:31,paid,first_touch,tiktok,1,1,1,1.0,90.15,90.15
ord_df3f457d,cust_66f78481,2024-08-30 10:03:31,paid,linear,tiktok,1,1,1,1.0,90.15,90.15
ord_df3f457d,cust_66f78481,2024-08-30 10:03:31,paid,time_decay,tiktok,1,1,1,1.0,90.15,90.15
ord_e37000d2,cust_9b453fce,2024-08-30 18:28:50,paid,last_touch,direct,1,1,1,1.0,84.78,84.78
ord_e37000d2,cust_9b453fce,2024-08-30 18:28:50,paid,first_touch,direct,1,1,1,1.0,84.78,84.78
ord_e37000d2,cust_9b453fce,2024-08-30 18:28:50,paid,linear,direct,1,1,1,1.0,84.78,84.78
ord_e37000d2,cust_9b453fce,2024-08-30 18:28:50,paid,time_decay,direct,1,1,1,1.0,84.78,84.78
ord_e18c11d2,cust_881aab3e,2024-08-30 00:26:52,paid,last_touch,meta,1,1,1,1.0,343.21,343.21
ord_e18c11d2,cust_881aab3e,2024-08-30 00:26:52,paid,first_touch,meta,1,1,1,1.0,343.21,343.21
ord_e18c11d2,cust_881aab3e,2024-08-30 00:26:52,paid,linear,meta,1,1,1,1.0,343.21,343.21
ord_e18c11d2,cust_881aab3e,2024-08-30 00:26:52,paid,time_decay,meta,1,1,1,1.0,343.21,343.21
ord_06de853c,cust_5a68ff84,2024-08-30 12:29:56,paid,last_touch,email,1,1,1,1.0,134.94,134.94
ord_06de853c,cust_5a68ff84,2024-08-30 12:29:56,paid,first_touch,email,1,1,1,1.0,134.94,134.94
ord_06de853c,cust_5a68ff84,2024-08-30 12:29:56,paid,linear,email,1,1,1,1.0,134.94,134.94
ord_06de853c,cust_5a68ff84,2024-08-30 12:29:56,paid,time_decay,email,1,1,1,1.0,134.94,134.94
ord_b948945f,cust_90aa93f0,2024-08-30 05:09:08,paid,last_touch,direct,1,1,1,1.0,87.33,87.33
ord_b948945f,cust_90aa93f0,2024-08-30 05:09:08,paid,first_touch,direct,1,1,1,1.0,87.33,87.33
ord_b948945f,cust_90aa93f0,2024-08-30 05:09:08,paid,linear,direct,1,1,1,1.0,87.33,87.33
ord_b948945f,cust_90aa93f0,2024-08-30 05:09:08,paid,time_decay,direct,1,1,1,1.0,87.33,87.33
ord_8505d745,cust_69d7b8fc,2024-08-30 11:41:12,paid,last_touch,meta,1,1,1,1.0,91.88,91.88
ord_8505d745,cust_69d7b8fc,2024-08-30 11:41:12,paid,first_touch,meta,1,1,1,1.0,91.88,91.88
ord_8505d745,cust_69d7b8fc,2024-08-30 11:41:12,paid,linear,meta,1,1,1,1.0,91.88,91.88
ord_8505d745,cust_69d7b8fc,2024-08-30 11:41:12,paid,time_decay,meta,1,1,1,1.0,91.88,91.88
ord_a4e35506,cust_9152b327,2024-08-31 12:33:24,paid,last_touch,tiktok,1,1,1,1.0,68.75,68.75
ord_a4e35506,cust_9152b327,2024-08-31 12:33:24,paid,first_touch,tiktok,1,1,1,1.0,68.75,68.75
ord_a4e35506,cust_9152b327,2024-08-31 12:33:24,paid,linear,tiktok,1,1,1,1.0,68.75,68.75
ord_a4e35506,cust_9152b327,2024-08-31 12:33:24,paid,time_decay,tiktok,1,1,1,1.0,68.75,68.75
ord_87f7e1f9,cust_b7bb44f2,2024-08-31 18:34:23,paid,last_touch,direct,1,1,1,1.0,95.57,95.57
ord_87f7e1f9,cust_b7bb44f2,2024-08-31 18:34:23,paid,first_touch,meta,1,1,1,1.0,95.57,95.57
ord_87f7e1f9,cust_b7bb44f2,2024-08-31 18:34:23,paid,linear,meta,1,1,1,1.0,95.57,95.57
ord_87f7e1f9,cust_b7bb44f2,2024-08-31 18:34:23,paid,time_decay,meta,1,1,1,1.0,95.57,95.57
ord_b078628a,cust_6ff2c26c,2024-08-31 11:39:43,paid,last_touch,google,1,1,1,1.0,178.74,178.74
ord_b078628a,cust_6ff2c26c,2024-08-31 11:39:43,paid,first_touch,google,1,1,1,1.0,178.74,178.74
ord_b078628a,cust_6ff2c26c,2024-08-31 11:39:43,paid,linear,google,1,1,1,1.0,178.74,178.74
ord_b078628a,cust_6ff2c26c,2024-08-31 11:39:43,paid,time_decay,google,1,1,1,1.0,178.74,178.74
ord_b03b7218,cust_79ad072d,2024-08-31 10:09:03,paid,last_touch,direct,1,1,1,1.0,150.58,150.58
ord_b03b7218,cust_79ad072d,2024-08-31 10:09:03,paid,first_touch,organic,1,1,1,1.0,150.58,150.58
ord_b03b7218,cust_79ad072d,2024-08-31 10:09:03,paid,linear,organic,1,1,1,1.0,150.58,150.58
ord_b03b7218,cust_79ad072d,2024-08-31 10:09:03,paid,time_decay,organic,1,1,1,1.0,150.58,150.58
ord_84abf1ff,cust_1e51404f,2024-09-01 15:52:13,paid,last_touch,email,1,1,1,1.0,35.93,35.93
ord_84abf1ff,cust_1e51404f,2024-09-01 15:52:13,paid,first_touch,email,1,1,1,1.0,35.93,35.93
ord_84abf1ff,cust_1e51404f,2024-09-01 15:52:13,paid,linear,email,1,1,1,1.0,35.93,35.93
ord_84abf1ff,cust_1e51404f,2024-09-01 15:52:13,paid,time_decay,email,1,1,1,1.0,35.93,35.93
ord_26f2b634,cust_2c0e3b4d,2024-09-01 19:29:44,paid,last_touch,organic,1,1,1,1.0,159.67,159.67
ord_26f2b634,cust_2c0e3b4d,2024-09-01 19:29:44,paid,first_touch,organic,1,1,1,1.0,159.67,159.67
ord_26f2b634,cust_2c0e3b4d,2024-09-01 19:29:44,paid,linear,organic,1,1,1,1.0,159.67,159.67
ord_26f2b634,cust_2c0e3b4d,2024-09-01 19:29:44,paid,time_decay,organic,1,1,1,1.0,159.67,159.67
ord_7f2939f0,cust_d68705f7,2024-09-01 10:41:19,paid,last_touch,direct,1,1,1,1.0,114.56,114.56
ord_7f2939f0,cust_d68705f7,2024-09-01 10:41:19,paid,first_touch,google,1,1,1,1.0,114.56,114.56
ord_7f2939f0,cust_d68705f7,2024-09-01 10:41:19,paid,linear,google,1,1,1,1.0,114.56,114.56
ord_7f2939f0,cust_d68705f7,2024-09-01 10:41:19,paid,time_decay,google,1,1,1,1.0,114.56,114.56
ord_94ced04d,cust_9af471ef,2024-09-01 10:26:44,paid,last_touch,meta,1,1,1,1.0,39.17,39.17
ord_94ced04d,cust_9af471ef,2024-09-01 10:26:44,paid,first_touch,meta,1,1,1,1.0,39.17,39.17
ord_94ced04d,cust_9af471ef,2024-09-01 10:26:44,paid,linear,meta,1,1,1,1.0,39.17,39.17
ord_94ced04d,cust_9af471ef,2024-09-01 10:26:44,paid,time_decay,meta,1,1,1,1.0,39.17,39.17
ord_628a39f1,cust_d67229e1,2024-09-01 20:51:34,paid,last_touch,direct,1,1,1,1.0,82.14,82.14
ord_628a39f1,cust_d67229e1,2024-09-01 20:51:34,paid,first_touch,google,1,1,1,1.0,82.14,82.14
ord_628a39f1,cust_d67229e1,2024-09-01 20:51:34,paid,linear,google,1,1,1,1.0,82.14,82.14
ord_628a39f1,cust_d67229e1,2024-09-01 20:51:34,paid,time_decay,google,1,1,1,1.0,82.14,82.14
ord_9984cf58,cust_795fd9c1,2024-09-01 21:39:01,chargeback,last_touch,email,1,1,1,1.0,133.01,133.01
ord_9984cf58,cust_795fd9c1,2024-09-01 21:39:01,chargeback,first_touch,email,1,1,1,1.0,133.01,133.01
ord_9984cf58,cust_795fd9c1,2024-09-01 21:39:01,chargeback,linear,email,1,1,1,1.0,133.01,133.01
ord_9984cf58,cust_795fd9c1,2024-09-01 21:39:01,chargeback,time_decay,email,1,1,1,1.0,133.01,133.01
ord_2844847d,cust_29e4cd1f,2024-09-01 08:45:41,paid,last_touch,direct,1,1,1,1.0,121.72,121.72
ord_2844847d,cust_29e4cd1f,2024-09-01 08:45:41,paid,first_touch,organic,1,1,1,1.0,121.72,121.72
ord_2844847d,cust_29e4cd1f,2024-09-01 08:45:41,paid,linear,organic,1,1,1,1.0,121.72,121.72
ord_2844847d,cust_29e4cd1f,2024-09-01 08:45:41,paid,time_decay,organic,1,1,1,1.0,121.72,121.72
ord_9bd646e9,cust_315cc123,2024-09-01 20:53:16,paid,last_touch,tiktok,1,1,1,1.0,51.03,51.03
ord_9bd646e9,cust_315cc123,2024-09-01 20:53:16,paid,first_touch,tiktok,1,1,1,1.0,51.03,51.03
ord_9bd646e9,cust_315cc123,2024-09-01 20:53:16,paid,linear,tiktok,1,1,1,1.0,51.03,51.03
ord_9bd646e9,cust_315cc123,2024-09-01 20:53:16,paid,time_decay,tiktok,1,1,1,1.0,51.03,51.03
ord_a463fb7c,cust_961e36fb,2024-09-01 08:55:26,paid,last_touch,tiktok,1,1,1,1.0,33.3,33.3
ord_a463fb7c,cust_961e36fb,2024-09-01 08:55:26,paid,first_touch,tiktok,1,1,1,1.0,33.3,33.3
ord_a463fb7c,cust_961e36fb,2024-09-01 08:55:26,paid,linear,tiktok,1,1,1,1.0,33.3,33.3
ord_a463fb7c,cust_961e36fb,2024-09-01 08:55:26,paid,time_decay,tiktok,1,1,1,1.0,33.3,33.3
ord_33eae342,cust_19dacde3,2024-09-02 10:37:31,paid,last_touch,organic,1,1,1,1.0,99.89,99.89
ord_33eae342,cust_19dacde3,2024-09-02 10:37:31,paid,first_touch,organic,1,1,1,1.0,99.89,99.89
ord_33eae342,cust_19dacde3,2024-09-02 10:37:31,paid,linear,organic,1,1,1,1.0,99.89,99.89
ord_33eae342,cust_19dacde3,2024-09-02 10:37:31,paid,time_decay,organic,1,1,1,1.0,99.89,99.89
ord_9c34e78b,cust_eaf56ce8,2024-09-02 07:32:44,paid,last_touch,meta,1,1,1,1.0,81.98,81.98
ord_9c34e78b,cust_eaf56ce8,2024-09-02 07:32:44,paid,first_touch,meta,1,1,1,1.0,81.98,81.98
ord_9c34e78b,cust_eaf56ce8,2024-09-02 07:32:44,paid,linear,meta,1,1,1,1.0,81.98,81.98
ord_9c34e78b,cust_eaf56ce8,2024-09-02 07:32:44,paid,time_decay,meta,1,1,1,1.0,81.98,81.98
ord_478c024f,cust_c32885ca,2024-09-02 11:13:36,paid,last_touch,direct,1,1,1,1.0,56.8,56.8
ord_478c024f,cust_c32885ca,2024-09-02 11:13:36,paid,first_touch,email,1,1,1,1.0,56.8,56.8
ord_478c024f,cust_c32885ca,2024-09-02 11:13:36,paid,linear,email,1,1,1,1.0,56.8,56.8
ord_478c024f,cust_c32885ca,2024-09-02 11:13:36,paid,time_decay,email,1,1,1,1.0,56.8,56.8
ord_5c45462f,cust_84b897f6,2024-09-02 23:02:48,paid,last_touch,organic,1,1,1,1.0,190.8,190.8
ord_5c45462f,cust_84b897f6,2024-09-02 23:02:48,paid,first_touch,organic,1,1,1,1.0,190.8,190.8
ord_5c45462f,cust_84b897f6,2024-09-02 23:02:48,paid,linear,organic,1,1,1,1.0,190.8,190.8
ord_5c45462f,cust_84b897f6,2024-09-02 23:02:48,paid,time_decay,organic,1,1,1,1.0,190.8,190.8
ord_3f760a96,cust_9a15e4ac,2024-09-02 21:13:15,paid,last_touch,direct,1,1,1,1.0,19.36,19.36
ord_3f760a96,cust_9a15e4ac,2024-09-02 21:13:15,paid,first_touch,meta,1,1,1,1.0,19.36,19.36
ord_3f760a96,cust_9a15e4ac,2024-09-02 21:13:15,paid,linear,meta,1,1,1,1.0,19.36,19.36
ord_3f760a96,cust_9a15e4ac,2024-09-02 21:13:15,paid,time_decay,meta,1,1,1,1.0,19.36,19.36
ord_7eb694bd,cust_21ed7e76,2024-09-03 08:48:03,refunded,last_touch,email,1,1,1,1.0,105.0,105.0
ord_7eb694bd,cust_21ed7e76,2024-09-03 08:48:03,refunded,first_touch,email,1,1,1,1.0,105.0,105.0
ord_7eb694bd,cust_21ed7e76,2024-09-03 08:48:03,refunded,linear,email,1,1,1,1.0,105.0,105.0
ord_7eb694bd,cust_21ed7e76,2024-09-03 08:48:03,refunded,time_decay,email,1,1,1,1.0,105.0,105.0
ord_f0a2a9bf,cust_1fd19972,2024-09-03 09:23:37,paid,last_touch,direct,1,1,1,1.0,58.82,58.82
ord_f0a2a9bf,cust_1fd19972,2024-09-03 09:23:37,paid,first_touch,organic,1,1,1,1.0,58.82,58.82
ord_f0a2a9bf,cust_1fd19972,2024-09-03 09:23:37,paid,linear,organic,1,1,1,1.0,58.82,58.82
ord_f0a2a9bf,cust_1fd19972,2024-09-03 09:23:37,paid,time_decay,organic,1,1,1,1.0,58.82,58.82
ord_9f6e46e9,cust_f360c601,2024-09-03 11:55:09,paid,last_touch,direct,1,1,1,1.0,104.09,104.09
ord_9f6e46e9,cust_f360c601,2024-09-03 11:55:09,paid,first_touch,tiktok,1,1,1,1.0,104.09,104.09
ord_9f6e46e9,cust_f360c601,2024-09-03 11:55:09,paid,linear,tiktok,1,1,1,1.0,104.09,104.09
ord_9f6e46e9,cust_f360c601,2024-09-03 11:55:09,paid,time_decay,tiktok,1,1,1,1.0,104.09,104.09
ord_35c36251,cust_e81d458d,2024-09-03 20:45:42,paid,last_touch,organic,1,1,1,1.0,88.94,88.94
ord_35c36251,cust_e81d458d,2024-09-03 20:45:42,paid,first_touch,organic,1,1,1,1.0,88.94,88.94
ord_35c36251,cust_e81d458d,2024-09-03 20:45:42,paid,linear,organic,1,1,1,1.0,88.94,88.94
ord_35c36251,cust_e81d458d,2024-09-03 20:45:42,paid,time_decay,organic,1,1,1,1.0,88.94,88.94
ord_114c2d3e,cust_94160ade,2024-09-03 08:16:06,paid,last_touch,direct,1,1,1,1.0,53.5,53.5
ord_114c2d3e,cust_94160ade,2024-09-03 08:16:06,paid,first_touch,direct,1,1,1,1.0,53.5,53.5
ord_114c2d3e,cust_94160ade,2024-09-03 08:16:06,paid,linear,direct,1,1,1,1.0,53.5,53.5
ord_114c2d3e,cust_94160ade,2024-09-03 08:16:06,paid,time_decay,direct,1,1,1,1.0,53.5,53.5
ord_418b5a79,cust_7ff62dc9,2024-09-03 18:06:21,paid,last_touch,meta,1,1,1,1.0,128.93,128.93
ord_418b5a79,cust_7ff62dc9,2024-09-03 18:06:21,paid,first_touch,meta,1,1,1,1.0,128.93,128.93
ord_418b5a79,cust_7ff62dc9,2024-09-03 18:06:21,paid,linear,meta,1,1,1,1.0,128.93,128.93
ord_418b5a79,cust_7ff62dc9,2024-09-03 18:06:21,paid,time_decay,meta,1,1,1,1.0,128.93,128.93
ord_9d4a408c,cust_28990bfa,2024-09-03 20:55:24,paid,last_touch,direct,1,1,1,1.0,42.13,42.13
ord_9d4a408c,cust_28990bfa,2024-09-03 20:55:24,paid,first_touch,google,1,1,1,1.0,42.13,42.13
ord_9d4a408c,cust_28990bfa,2024-09-03 20:55:24,paid,linear,google,1,1,1,1.0,42.13,42.13
ord_9d4a408c,cust_28990bfa,2024-09-03 20:55:24,paid,time_decay,google,1,1,1,1.0,42.13,42.13
ord_61368169,cust_3d944831,2024-09-03 21:16:36,paid,last_touch,tiktok,1,1,1,1.0,82.27,82.27
ord_61368169,cust_3d944831,2024-09-03 21:16:36,paid,first_touch,tiktok,1,1,1,1.0,82.27,82.27
ord_61368169,cust_3d944831,2024-09-03 21:16:36,paid,linear,tiktok,1,1,1,1.0,82.27,82.27
ord_61368169,cust_3d944831,2024-09-03 21:16:36,paid,time_decay,tiktok,1,1,1,1.0,82.27,82.27
ord_9d4878a1,cust_0bd0b26f,2024-09-04 15:34:01,refunded,last_touch,direct,1,1,1,1.0,39.24,39.24
ord_9d4878a1,cust_0bd0b26f,2024-09-04 15:34:01,refunded,first_touch,meta,1,1,1,1.0,39.24,39.24
ord_9d4878a1,cust_0bd0b26f,2024-09-04 15:34:01,refunded,linear,meta,1,1,1,1.0,39.24,39.24
ord_9d4878a1,cust_0bd0b26f,2024-09-04 15:34:01,refunded,time_decay,meta,1,1,1,1.0,39.24,39.24
ord_06a6b02e,cust_cc58de35,2024-09-04 14:39:20,paid,last_touch,organic,1,1,1,1.0,74.16,74.16
ord_06a6b02e,cust_cc58de35,2024-09-04 14:39:20,paid,first_touch,organic,1,1,1,1.0,74.16,74.16
ord_06a6b02e,cust_cc58de35,2024-09-04 14:39:20,paid,linear,organic,1,1,1,1.0,74.16,74.16
ord_06a6b02e,cust_cc58de35,2024-09-04 14:39:20,paid,time_decay,organic,1,1,1,1.0,74.16,74.16
ord_15adc1e1,cust_21e855c6,2024-09-04 13:29:25,paid,last_touch,direct,1,1,1,1.0,156.76,156.76
ord_15adc1e1,cust_21e855c6,2024-09-04 13:29:25,paid,first_touch,tiktok,1,1,1,1.0,156.76,156.76
ord_15adc1e1,cust_21e855c6,2024-09-04 13:29:25,paid,linear,tiktok,1,1,1,1.0,156.76,156.76
ord_15adc1e1,cust_21e855c6,2024-09-04 13:29:25,paid,time_decay,tiktok,1,1,1,1.0,156.76,156.76
ord_81fd159e,cust_36fdc734,2024-09-04 12:19:25,paid,last_touch,direct,1,1,1,1.0,66.97,66.97
ord_81fd159e,cust_36fdc734,2024-09-04 12:19:25,paid,first_touch,direct,1,1,1,1.0,66.97,66.97
ord_81fd159e,cust_36fdc734,2024-09-04 12:19:25,paid,linear,direct,1,1,1,1.0,66.97,66.97
ord_81fd159e,cust_36fdc734,2024-09-04 12:19:25,paid,time_decay,direct,1,1,1,1.0,66.97,66.97
ord_c06a11b0,cust_61e9f4b9,2024-09-05 21:25:02,paid,last_touch,direct,1,1,1,1.0,44.95,44.95
ord_c06a11b0,cust_61e9f4b9,2024-09-05 21:25:02,paid,first_touch,meta,1,1,1,1.0,44.95,44.95
ord_c06a11b0,cust_61e9f4b9,2024-09-05 21:25:02,paid,linear,meta,1,1,1,1.0,44.95,44.95
ord_c06a11b0,cust_61e9f4b9,2024-09-05 21:25:02,paid,time_decay,meta,1,1,1,1.0,44.95,44.95
ord_3cd891ff,cust_f433e202,2024-09-05 20:50:53,paid,last_touch,direct,1,1,1,1.0,86.19,86.19
ord_3cd891ff,cust_f433e202,2024-09-05 20:50:53,paid,first_touch,direct,1,1,1,1.0,86.19,86.19
ord_3cd891ff,cust_f433e202,2024-09-05 20:50:53,paid,linear,direct,1,1,1,1.0,86.19,86.19
ord_3cd891ff,cust_f433e202,2024-09-05 20:50:53,paid,time_decay,direct,1,1,1,1.0,86.19,86.19
ord_db22f703,cust_7dd8b507,2024-09-05 10:23:07,paid,last_touch,meta,1,1,1,1.0,71.66,71.66
ord_db22f703,cust_7dd8b507,2024-09-05 10:23:07,paid,first_touch,meta,1,1,1,1.0,71.66,71.66
ord_db22f703,cust_7dd8b507,2024-09-05 10:23:07,paid,linear,meta,1,1,1,1.0,71.66,71.66
ord_db22f703,cust_7dd8b507,2024-09-05 10:23:07,paid,time_decay,meta,1,1,1,1.0,71.66,71.66
ord_bdf8ef83,cust_44b4450e,2024-09-06 08:13:22,paid,last_touch,direct,1,1,1,1.0,175.14,175.14
ord_bdf8ef83,cust_44b4450e,2024-09-06 08:13:22,paid,first_touch,google,1,1,1,1.0,175.14,175.14
ord_bdf8ef83,cust_44b4450e,2024-09-06 08:13:22,paid,linear,google,1,1,1,1.0,175.14,175.14
ord_bdf8ef83,cust_44b4450e,2024-09-06 08:13:22,paid,time_decay,google,1,1,1,1.0,175.14,175.14
ord_05aa8325,cust_b73d5a3b,2024-09-06 18:03:09,paid,last_touch,tiktok,1,1,1,1.0,123.43,123.43
ord_05aa8325,cust_b73d5a3b,2024-09-06 18:03:09,paid,first_touch,tiktok,1,1,1,1.0,123.43,123.43
ord_05aa8325,cust_b73d5a3b,2024-09-06 18:03:09,paid,linear,tiktok,1,1,1,1.0,123.43,123.43
ord_05aa8325,cust_b73d5a3b,2024-09-06 18:03:09,paid,time_decay,tiktok,1,1,1,1.0,123.43,123.43
ord_78d4d2eb,cust_84e475b8,2024-09-06 04:30:11,paid,last_touch,tiktok,1,1,1,1.0,84.08,84.08
ord_78d4d2eb,cust_84e475b8,2024-09-06 04:30:11,paid,first_touch,tiktok,1,1,1,1.0,84.08,84.08
ord_78d4d2eb,cust_84e475b8,2024-09-06 04:30:11,paid,linear,tiktok,1,1,1,1.0,84.08,84.08
ord_78d4d2eb,cust_84e475b8,2024-09-06 04:30:11,paid,time_decay,tiktok,1,1,1,1.0,84.08,84.08
ord_78c7d340,cust_9ffbd824,2024-09-07 19:48:41,paid,last_touch,direct,1,1,1,1.0,190.47,190.47
ord_78c7d340,cust_9ffbd824,2024-09-07 19:48:41,paid,first_touch,google,1,1,1,1.0,190.47,190.47
ord_78c7d340,cust_9ffbd824,2024-09-07 19:48:41,paid,linear,google,1,1,1,1.0,190.47,190.47
ord_78c7d340,cust_9ffbd824,2024-09-07 19:48:41,paid,time_decay,google,1,1,1,1.0,190.47,190.47
ord_72c212f3,cust_21f00b50,2024-09-07 11:05:13,paid,last_touch,tiktok,1,1,1,1.0,32.18,32.18
ord_72c212f3,cust_21f00b50,2024-09-07 11:05:13,paid,first_touch,tiktok,1,1,1,1.0,32.18,32.18
ord_72c212f3,cust_21f00b50,2024-09-07 11:05:13,paid,linear,tiktok,1,1,1,1.0,32.18,32.18
ord_72c212f3,cust_21f00b50,2024-09-07 11:05:13,paid,time_decay,tiktok,1,1,1,1.0,32.18,32.18
ord_a2844d65,cust_4ba73ce4,2024-09-07 16:50:53,paid,last_touch,google,1,1,1,1.0,55.45,55.45
ord_a2844d65,cust_4ba73ce4,2024-09-07 16:50:53,paid,first_touch,google,1,1,1,1.0,55.45,55.45
ord_a2844d65,cust_4ba73ce4,2024-09-07 16:50:53,paid,linear,google,1,1,1,1.0,55.45,55.45
ord_a2844d65,cust_4ba73ce4,2024-09-07 16:50:53,paid,time_decay,google,1,1,1,1.0,55.45,55.45
ord_d6749151,cust_ddbcd3b4,2024-09-07 19:18:43,paid,last_touch,organic,1,1,1,1.0,122.98,122.98
ord_d6749151,cust_ddbcd3b4,2024-09-07 19:18:43,paid,first_touch,organic,1,1,1,1.0,122.98,122.98
ord_d6749151,cust_ddbcd3b4,2024-09-07 19:18:43,paid,linear,organic,1,1,1,1.0,122.98,122.98
ord_d6749151,cust_ddbcd3b4,2024-09-07 19:18:43,paid,time_decay,organic,1,1,1,1.0,122.98,122.98
ord_35ad7e92,cust_1888ba4f,2024-09-07 22:28:44,paid,last_touch,meta,1,1,1,1.0,58.92,58.92
ord_35ad7e92,cust_1888ba4f,2024-09-07 22:28:44,paid,first_touch,meta,1,1,1,1.0,58.92,58.92
ord_35ad7e92,cust_1888ba4f,2024-09-07 22:28:44,paid,linear,meta,1,1,1,1.0,58.92,58.92
ord_35ad7e92,cust_1888ba4f,2024-09-07 22:28:44,paid,time_decay,meta,1,1,1,1.0,58.92,58.92
ord_7212c6f3,cust_19330267,2024-09-07 20:09:52,paid,last_touch,email,1,1,1,1.0,136.51,136.51
ord_7212c6f3,cust_19330267,2024-09-07 20:09:52,paid,first_touch,email,1,1,1,1.0,136.51,136.51
ord_7212c6f3,cust_19330267,2024-09-07 20:09:52,paid,linear,email,1,1,1,1.0,136.51,136.51
ord_7212c6f3,cust_19330267,2024-09-07 20:09:52,paid,time_decay,email,1,1,1,1.0,136.51,136.51
ord_591a79f5,cust_bdae9b2e,2024-09-07 10:01:17,paid,last_touch,google,1,1,1,1.0,84.57,84.57
ord_591a79f5,cust_bdae9b2e,2024-09-07 10:01:17,paid,first_touch,google,1,1,1,1.0,84.57,84.57
ord_591a79f5,cust_bdae9b2e,2024-09-07 10:01:17,paid,linear,google,1,1,1,1.0,84.57,84.57
ord_591a79f5,cust_bdae9b2e,2024-09-07 10:01:17,paid,time_decay,google,1,1,1,1.0,84.57,84.57
ord_6b98676f,cust_b30b2964,2024-09-07 15:09:26,paid,last_touch,google,1,1,1,1.0,119.14,119.14
ord_6b98676f,cust_b30b2964,2024-09-07 15:09:26,paid,first_touch,google,1,1,1,1.0,119.14,119.14
ord_6b98676f,cust_b30b2964,2024-09-07 15:09:26,paid,linear,google,1,1,1,1.0,119.14,119.14
ord_6b98676f,cust_b30b2964,2024-09-07 15:09:26,paid,time_decay,google,1,1,1,1.0,119.14,119.14
ord_250e5586,cust_188c331d,2024-09-07 11:03:49,paid,last_touch,google,1,1,1,1.0,188.24,188.24
ord_250e5586,cust_188c331d,2024-09-07 11:03:49,paid,first_touch,google,1,1,1,1.0,188.24,188.24
ord_250e5586,cust_188c331d,2024-09-07 11:03:49,paid,linear,google,1,1,1,1.0,188.24,188.24
ord_250e5586,cust_188c331d,2024-09-07 11:03:49,paid,time_decay,google,1,1,1,1.0,188.24,188.24
ord_6674aafa,cust_db974a19,2024-09-07 07:19:14,paid,last_touch,meta,1,1,1,1.0,127.01,127.01
ord_6674aafa,cust_db974a19,2024-09-07 07:19:14,paid,first_touch,meta,1,1,1,1.0,127.01,127.01
ord_6674aafa,cust_db974a19,2024-09-07 07:19:14,paid,linear,meta,1,1,1,1.0,127.01,127.01
ord_6674aafa,cust_db974a19,2024-09-07 07:19:14,paid,time_decay,meta,1,1,1,1.0,127.01,127.01
ord_c9d0d271,cust_ccd4ef3c,2024-09-07 23:06:43,paid,last_touch,tiktok,1,1,1,1.0,80.63,80.63
ord_c9d0d271,cust_ccd4ef3c,2024-09-07 23:06:43,paid,first_touch,tiktok,1,1,1,1.0,80.63,80.63
ord_c9d0d271,cust_ccd4ef3c,2024-09-07 23:06:43,paid,linear,tiktok,1,1,1,1.0,80.63,80.63
ord_c9d0d271,cust_ccd4ef3c,2024-09-07 23:06:43,paid,time_decay,tiktok,1,1,1,1.0,80.63,80.63
ord_0751df37,cust_c30b5b8d,2024-09-07 08:30:28,chargeback,last_touch,google,1,1,1,1.0,82.49,82.49
ord_0751df37,cust_c30b5b8d,2024-09-07 08:30:28,chargeback,first_touch,google,1,1,1,1.0,82.49,82.49
ord_0751df37,cust_c30b5b8d,2024-09-07 08:30:28,chargeback,linear,google,1,1,1,1.0,82.49,82.49
ord_0751df37,cust_c30b5b8d,2024-09-07 08:30:28,chargeback,time_decay,google,1,1,1,1.0,82.49,82.49
ord_5a5da6b1,cust_832d8172,2024-09-07 20:04:05,paid,last_touch,direct,1,1,1,1.0,87.39,87.39
ord_5a5da6b1,cust_832d8172,2024-09-07 20:04:05,paid,first_touch,meta,1,1,1,1.0,87.39,87.39
ord_5a5da6b1,cust_832d8172,2024-09-07 20:04:05,paid,linear,meta,1,1,1,1.0,87.39,87.39
ord_5a5da6b1,cust_832d8172,2024-09-07 20:04:05,paid,time_decay,meta,1,1,1,1.0,87.39,87.39
ord_fbedcae8,cust_ece4271e,2024-09-07 10:20:41,paid,last_touch,direct,1,1,1,1.0,97.29,97.29
ord_fbedcae8,cust_ece4271e,2024-09-07 10:20:41,paid,first_touch,tiktok,1,1,1,1.0,97.29,97.29
ord_fbedcae8,cust_ece4271e,2024-09-07 10:20:41,paid,linear,tiktok,1,1,1,1.0,97.29,97.29
ord_fbedcae8,cust_ece4271e,2024-09-07 10:20:41,paid,time_decay,tiktok,1,1,1,1.0,97.29,97.29
ord_2852d6e8,cust_37b45751,2024-09-07 12:54:58,paid,last_touch,meta,1,1,1,1.0,82.08,82.08
ord_2852d6e8,cust_37b45751,2024-09-07 12:54:58,paid,first_touch,meta,1,1,1,1.0,82.08,82.08
ord_2852d6e8,cust_37b45751,2024-09-07 12:54:58,paid,linear,meta,1,1,1,1.0,82.08,82.08
ord_2852d6e8,cust_37b45751,2024-09-07 12:54:58,paid,time_decay,meta,1,1,1,1.0,82.08,82.08
ord_e736fc22,cust_67c9dbc4,2024-09-08 08:35:57,paid,last_touch,google,1,1,1,1.0,44.71,44.71
ord_e736fc22,cust_67c9dbc4,2024-09-08 08:35:57,paid,first_touch,google,1,1,1,1.0,44.71,44.71
ord_e736fc22,cust_67c9dbc4,2024-09-08 08:35:57,paid,linear,google,1,1,1,1.0,44.71,44.71
ord_e736fc22,cust_67c9dbc4,2024-09-08 08:35:57,paid,time_decay,google,1,1,1,1.0,44.71,44.71
ord_a7e070b0,cust_e7c8f7ff,2024-09-08 20:16:35,refunded,last_touch,organic,1,1,1,1.0,359.14,359.14
ord_a7e070b0,cust_e7c8f7ff,2024-09-08 20:16:35,refunded,first_touch,organic,1,1,1,1.0,359.14,359.14
ord_a7e070b0,cust_e7c8f7ff,2024-09-08 20:16:35,refunded,linear,organic,1,1,1,1.0,359.14,359.14
ord_a7e070b0,cust_e7c8f7ff,2024-09-08 20:16:35,refunded,time_decay,organic,1,1,1,1.0,359.14,359.14
ord_457ff1db,cust_d1f612dc,2024-09-08 07:50:32,paid,last_touch,google,1,1,1,1.0,137.78,137.78
ord_457ff1db,cust_d1f612dc,2024-09-08 07:50:32,paid,first_touch,google,1,1,1,1.0,137.78,137.78
ord_457ff1db,cust_d1f612dc,2024-09-08 07:50:32,paid,linear,google,1,1,1,1.0,137.78,137.78
ord_457ff1db,cust_d1f612dc,2024-09-08 07:50:32,paid,time_decay,google,1,1,1,1.0,137.78,137.78
ord_877694ca,cust_efb69061,2024-09-08 13:43:13,paid,last_touch,organic,1,1,1,1.0,125.18,125.18
ord_877694ca,cust_efb69061,2024-09-08 13:43:13,paid,first_touch,organic,1,1,1,1.0,125.18,125.18
ord_877694ca,cust_efb69061,2024-09-08 13:43:13,paid,linear,organic,1,1,1,1.0,125.18,125.18
ord_877694ca,cust_efb69061,2024-09-08 13:43:13,paid,time_decay,organic,1,1,1,1.0,125.18,125.18
ord_1b89e981,cust_3dbf5443,2024-09-08 08:12:54,paid,last_touch,tiktok,1,1,1,1.0,69.74,69.74
ord_1b89e981,cust_3dbf5443,2024-09-08 08:12:54,paid,first_touch,tiktok,1,1,1,1.0,69.74,69.74
ord_1b89e981,cust_3dbf5443,2024-09-08 08:12:54,paid,linear,tiktok,1,1,1,1.0,69.74,69.74
ord_1b89e981,cust_3dbf5443,2024-09-08 08:12:54,paid,time_decay,tiktok,1,1,1,1.0,69.74,69.74
ord_4e207deb,cust_004c8d70,2024-09-08 14:42:06,paid,last_touch,google,1,1,1,1.0,396.02,396.02
ord_4e207deb,cust_004c8d70,2024-09-08 14:42:06,paid,first_touch,google,1,1,1,1.0,396.02,396.02
ord_4e207deb,cust_004c8d70,2024-09-08 14:42:06,paid,linear,google,1,1,1,1.0,396.02,396.02
ord_4e207deb,cust_004c8d70,2024-09-08 14:42:06,paid,time_decay,google,1,1,1,1.0,396.02,396.02
ord_a69416e0,cust_cff2dc78,2024-09-08 20:48:04,paid,last_touch,direct,1,1,1,1.0,88.07,88.07
ord_a69416e0,cust_cff2dc78,2024-09-08 20:48:04,paid,first_touch,google,1,1,1,1.0,88.07,88.07
ord_a69416e0,cust_cff2dc78,2024-09-08 20:48:04,paid,linear,google,1,1,1,1.0,88.07,88.07
ord_a69416e0,cust_cff2dc78,2024-09-08 20:48:04,paid,time_decay,google,1,1,1,1.0,88.07,88.07
ord_5b7e393c,cust_679b15b2,2024-09-08 12:42:57,paid,last_touch,google,1,1,1,1.0,71.08,71.08
ord_5b7e393c,cust_679b15b2,2024-09-08 12:42:57,paid,first_touch,google,1,1,1,1.0,71.08,71.08
ord_5b7e393c,cust_679b15b2,2024-09-08 12:42:57,paid,linear,google,1,1,1,1.0,71.08,71.08
ord_5b7e393c,cust_679b15b2,2024-09-08 12:42:57,paid,time_decay,google,1,1,1,1.0,71.08,71.08
ord_b0d86efd,cust_a82f8268,2024-09-09 16:24:42,paid,last_touch,google,1,1,1,1.0,36.26,36.26
ord_b0d86efd,cust_a82f8268,2024-09-09 16:24:42,paid,first_touch,google,1,1,1,1.0,36.26,36.26
ord_b0d86efd,cust_a82f8268,2024-09-09 16:24:42,paid,linear,google,1,1,1,1.0,36.26,36.26
ord_b0d86efd,cust_a82f8268,2024-09-09 16:24:42,paid,time_decay,google,1,1,1,1.0,36.26,36.26
ord_dc59d411,cust_a967e8f9,2024-09-09 12:13:01,paid,last_touch,google,1,1,1,1.0,81.03,81.03
ord_dc59d411,cust_a967e8f9,2024-09-09 12:13:01,paid,first_touch,google,1,1,1,1.0,81.03,81.03
ord_dc59d411,cust_a967e8f9,2024-09-09 12:13:01,paid,linear,google,1,1,1,1.0,81.03,81.03
ord_dc59d411,cust_a967e8f9,2024-09-09 12:13:01,paid,time_decay,google,1,1,1,1.0,81.03,81.03
ord_67df0c07,cust_11f58b78,2024-09-09 19:46:58,paid,last_touch,google,1,1,1,1.0,32.23,32.23
ord_67df0c07,cust_11f58b78,2024-09-09 19:46:58,paid,first_touch,google,1,1,1,1.0,32.23,32.23
ord_67df0c07,cust_11f58b78,2024-09-09 19:46:58,paid,linear,google,1,1,1,1.0,32.23,32.23
ord_67df0c07,cust_11f58b78,2024-09-09 19:46:58,paid,time_decay,google,1,1,1,1.0,32.23,32.23
ord_a1302398,cust_45792ea1,2024-09-09 12:45:44,paid,last_touch,direct,1,1,1,1.0,110.56,110.56
ord_a1302398,cust_45792ea1,2024-09-09 12:45:44,paid,first_touch,direct,1,1,1,1.0,110.56,110.56
ord_a1302398,cust_45792ea1,2024-09-09 12:45:44,paid,linear,direct,1,1,1,1.0,110.56,110.56
ord_a1302398,cust_45792ea1,2024-09-09 12:45:44,paid,time_decay,direct,1,1,1,1.0,110.56,110.56
ord_3a6bade3,cust_81baf084,2024-09-09 07:22:58,paid,last_touch,google,1,1,1,1.0,103.33,103.33
ord_3a6bade3,cust_81baf084,2024-09-09 07:22:58,paid,first_touch,google,1,1,1,1.0,103.33,103.33
ord_3a6bade3,cust_81baf084,2024-09-09 07:22:58,paid,linear,google,1,1,1,1.0,103.33,103.33
ord_3a6bade3,cust_81baf084,2024-09-09 07:22:58,paid,time_decay,google,1,1,1,1.0,103.33,103.33
ord_1377a1db,cust_5577ead9,2024-09-09 08:10:14,paid,last_touch,google,1,1,1,1.0,115.11,115.11
ord_1377a1db,cust_5577ead9,2024-09-09 08:10:14,paid,first_touch,google,1,1,1,1.0,115.11,115.11
ord_1377a1db,cust_5577ead9,2024-09-09 08:10:14,paid,linear,google,1,1,1,1.0,115.11,115.11
ord_1377a1db,cust_5577ead9,2024-09-09 08:10:14,paid,time_decay,google,1,1,1,1.0,115.11,115.11
ord_38412dd8,cust_6c24e339,2024-09-09 17:00:19,paid,last_touch,organic,1,1,1,1.0,83.78,83.78
ord_38412dd8,cust_6c24e339,2024-09-09 17:00:19,paid,first_touch,organic,1,1,1,1.0,83.78,83.78
ord_38412dd8,cust_6c24e339,2024-09-09 17:00:19,paid,linear,organic,1,1,1,1.0,83.78,83.78
ord_38412dd8,cust_6c24e339,2024-09-09 17:00:19,paid,time_decay,organic,1,1,1,1.0,83.78,83.78
ord_fc6fb1ec,cust_2578ef67,2024-09-10 12:05:27,refunded,last_touch,tiktok,1,1,1,1.0,134.82,134.82
ord_fc6fb1ec,cust_2578ef67,2024-09-10 12:05:27,refunded,first_touch,tiktok,1,1,1,1.0,134.82,134.82
ord_fc6fb1ec,cust_2578ef67,2024-09-10 12:05:27,refunded,linear,tiktok,1,1,1,1.0,134.82,134.82
ord_fc6fb1ec,cust_2578ef67,2024-09-10 12:05:27,refunded,time_decay,tiktok,1,1,1,1.0,134.82,134.82
ord_8a2d95b0,cust_bc47a80b,2024-09-10 03:54:35,paid,last_touch,tiktok,1,1,1,1.0,125.81,125.81
ord_8a2d95b0,cust_bc47a80b,2024-09-10 03:54:35,paid,first_touch,tiktok,1,1,1,1.0,125.81,125.81
ord_8a2d95b0,cust_bc47a80b,2024-09-10 03:54:35,paid,linear,tiktok,1,1,1,1.0,125.81,125.81
ord_8a2d95b0,cust_bc47a80b,2024-09-10 03:54:35,paid,time_decay,tiktok,1,1,1,1.0,125.81,125.81
ord_4ee53fc8,cust_bc177f73,2024-09-10 21:15:20,paid,last_touch,google,1,1,1,1.0,87.27,87.27
ord_4ee53fc8,cust_bc177f73,2024-09-10 21:15:20,paid,first_touch,google,1,1,1,1.0,87.27,87.27
ord_4ee53fc8,cust_bc177f73,2024-09-10 21:15:20,paid,linear,google,1,1,1,1.0,87.27,87.27
ord_4ee53fc8,cust_bc177f73,2024-09-10 21:15:20,paid,time_decay,google,1,1,1,1.0,87.27,87.27
ord_8c0ab86c,cust_355b36b4,2024-09-11 09:32:23,paid,last_touch,tiktok,1,1,1,1.0,85.09,85.09
ord_8c0ab86c,cust_355b36b4,2024-09-11 09:32:23,paid,first_touch,tiktok,1,1,1,1.0,85.09,85.09
ord_8c0ab86c,cust_355b36b4,2024-09-11 09:32:23,paid,linear,tiktok,1,1,1,1.0,85.09,85.09
ord_8c0ab86c,cust_355b36b4,2024-09-11 09:32:23,paid,time_decay,tiktok,1,1,1,1.0,85.09,85.09
ord_924d54f1,cust_137760fa,2024-09-11 10:24:27,paid,last_touch,direct,1,1,1,1.0,321.86,321.86
ord_924d54f1,cust_137760fa,2024-09-11 10:24:27,paid,first_touch,direct,1,1,1,1.0,321.86,321.86
ord_924d54f1,cust_137760fa,2024-09-11 10:24:27,paid,linear,direct,1,1,1,1.0,321.86,321.86
ord_924d54f1,cust_137760fa,2024-09-11 10:24:27,paid,time_decay,direct,1,1,1,1.0,321.86,321.86
ord_3db4bc8b,cust_28d73f07,2024-09-11 19:33:51,paid,last_touch,meta,1,1,1,1.0,26.88,26.88
ord_3db4bc8b,cust_28d73f07,2024-09-11 19:33:51,paid,first_touch,meta,1,1,1,1.0,26.88,26.88
ord_3db4bc8b,cust_28d73f07,2024-09-11 19:33:51,paid,linear,meta,1,1,1,1.0,26.88,26.88
ord_3db4bc8b,cust_28d73f07,2024-09-11 19:33:51,paid,time_decay,meta,1,1,1,1.0,26.88,26.88
ord_79b5f4e4,cust_f45b1cd4,2024-09-12 21:44:08,paid,last_touch,direct,1,1,1,1.0,276.34,276.34
ord_79b5f4e4,cust_f45b1cd4,2024-09-12 21:44:08,paid,first_touch,meta,1,1,1,1.0,276.34,276.34
ord_79b5f4e4,cust_f45b1cd4,2024-09-12 21:44:08,paid,linear,meta,1,1,1,1.0,276.34,276.34
ord_79b5f4e4,cust_f45b1cd4,2024-09-12 21:44:08,paid,time_decay,meta,1,1,1,1.0,276.34,276.34
ord_757b974a,cust_d90a1592,2024-09-12 08:22:27,refunded,last_touch,direct,1,1,1,1.0,105.71,105.71
ord_757b974a,cust_d90a1592,2024-09-12 08:22:27,refunded,first_touch,google,1,1,1,1.0,105.71,105.71
ord_757b974a,cust_d90a1592,2024-09-12 08:22:27,refunded,linear,google,1,1,1,1.0,105.71,105.71
ord_757b974a,cust_d90a1592,2024-09-12 08:22:27,refunded,time_decay,google,1,1,1,1.0,105.71,105.71
ord_4977d954,cust_4c82c6d8,2024-09-12 17:17:25,paid,last_touch,tiktok,1,1,1,1.0,85.23,85.23
ord_4977d954,cust_4c82c6d8,2024-09-12 17:17:25,paid,first_touch,tiktok,1,1,1,1.0,85.23,85.23
ord_4977d954,cust_4c82c6d8,2024-09-12 17:17:25,paid,linear,tiktok,1,1,1,1.0,85.23,85.23
ord_4977d954,cust_4c82c6d8,2024-09-12 17:17:25,paid,time_decay,tiktok,1,1,1,1.0,85.23,85.23
ord_56244d28,cust_f5068344,2024-09-12 18:24:50,paid,last_touch,direct,1,1,1,1.0,54.77,54.77
ord_56244d28,cust_f5068344,2024-09-12 18:24:50,paid,first_touch,direct,1,1,1,1.0,54.77,54.77
ord_56244d28,cust_f5068344,2024-09-12 18:24:50,paid,linear,direct,1,1,1,1.0,54.77,54.77
ord_56244d28,cust_f5068344,2024-09-12 18:24:50,paid,time_decay,direct,1,1,1,1.0,54.77,54.77
ord_9987b5cb,cust_554ca13d,2024-09-12 17:07:10,paid,last_touch,tiktok,1,1,1,1.0,62.83,62.83
ord_9987b5cb,cust_554ca13d,2024-09-12 17:07:10,paid,first_touch,tiktok,1,1,1,1.0,62.83,62.83
ord_9987b5cb,cust_554ca13d,2024-09-12 17:07:10,paid,linear,tiktok,1,1,1,1.0,62.83,62.83
ord_9987b5cb,cust_554ca13d,2024-09-12 17:07:10,paid,time_decay,tiktok,1,1,1,1.0,62.83,62.83
ord_d7744774,cust_84e8a3db,2024-09-12 17:41:21,paid,last_touch,email,1,1,1,1.0,96.88,96.88
ord_d7744774,cust_84e8a3db,2024-09-12 17:41:21,paid,first_touch,email,1,1,1,1.0,96.88,96.88
ord_d7744774,cust_84e8a3db,2024-09-12 17:41:21,paid,linear,email,1,1,1,1.0,96.88,96.88
ord_d7744774,cust_84e8a3db,2024-09-12 17:41:21,paid,time_decay,email,1,1,1,1.0,96.88,96.88
ord_6c343092,cust_29ca4a95,2024-09-13 07:22:37,paid,last_touch,organic,1,1,1,1.0,465.53,465.53
ord_6c343092,cust_29ca4a95,2024-09-13 07:22:37,paid,first_touch,organic,1,1,1,1.0,465.53,465.53
ord_6c343092,cust_29ca4a95,2024-09-13 07:22:37,paid,linear,organic,1,1,1,1.0,465.53,465.53
ord_6c343092,cust_29ca4a95,2024-09-13 07:22:37,paid,time_decay,organic,1,1,1,1.0,465.53,465.53
ord_a7937e69,cust_252b01b6,2024-09-13 10:08:14,paid,last_touch,meta,1,1,1,1.0,373.66,373.66
ord_a7937e69,cust_252b01b6,2024-09-13 10:08:14,paid,first_touch,meta,1,1,1,1.0,373.66,373.66
ord_a7937e69,cust_252b01b6,2024-09-13 10:08:14,paid,linear,meta,1,1,1,1.0,373.66,373.66
ord_a7937e69,cust_252b01b6,2024-09-13 10:08:14,paid,time_decay,meta,1,1,1,1.0,373.66,373.66
ord_dfdbc380,cust_10926f77,2024-09-13 13:17:54,paid,last_touch,google,1,1,1,1.0,88.87,88.87
ord_dfdbc380,cust_10926f77,2024-09-13 13:17:54,paid,first_touch,google,1,1,1,1.0,88.87,88.87
ord_dfdbc380,cust_10926f77,2024-09-13 13:17:54,paid,linear,google,1,1,1,1.0,88.87,88.87
ord_dfdbc380,cust_10926f77,2024-09-13 13:17:54,paid,time_decay,google,1,1,1,1.0,88.87,88.87
ord_0b115b91,cust_1ff9cc0b,2024-09-13 13:55:48,paid,last_touch,meta,1,1,1,1.0,162.67,162.67
ord_0b115b91,cust_1ff9cc0b,2024-09-13 13:55:48,paid,first_touch,meta,1,1,1,1.0,162.67,162.67
ord_0b115b91,cust_1ff9cc0b,2024-09-13 13:55:48,paid,linear,meta,1,1,1,1.0,162.67,162.67
ord_0b115b91,cust_1ff9cc0b,2024-09-13 13:55:48,paid,time_decay,meta,1,1,1,1.0,162.67,162.67
ord_6afc6e1c,cust_621c8b45,2024-09-14 10:04:13,paid,last_touch,direct,1,1,1,1.0,53.25,53.25
ord_6afc6e1c,cust_621c8b45,2024-09-14 10:04:13,paid,first_touch,tiktok,1,1,1,1.0,53.25,53.25
ord_6afc6e1c,cust_621c8b45,2024-09-14 10:04:13,paid,linear,tiktok,1,1,1,1.0,53.25,53.25
ord_6afc6e1c,cust_621c8b45,2024-09-14 10:04:13,paid,time_decay,tiktok,1,1,1,1.0,53.25,53.25
ord_4b6b488e,cust_7ab4aad7,2024-09-14 19:22:07,paid,last_touch,meta,1,1,1,1.0,56.18,56.18
ord_4b6b488e,cust_7ab4aad7,2024-09-14 19:22:07,paid,first_touch,meta,1,1,1,1.0,56.18,56.18
ord_4b6b488e,cust_7ab4aad7,2024-09-14 19:22:07,paid,linear,meta,1,1,1,1.0,56.18,56.18
ord_4b6b488e,cust_7ab4aad7,2024-09-14 19:22:07,paid,time_decay,meta,1,1,1,1.0,56.18,56.18
ord_bd4d7500,cust_4c34a0a7,2024-09-14 09:48:47,paid,last_touch,direct,1,1,1,1.0,84.53,84.53
ord_bd4d7500,cust_4c34a0a7,2024-09-14 09:48:47,paid,first_touch,direct,1,1,1,1.0,84.53,84.53
ord_bd4d7500,cust_4c34a0a7,2024-09-14 09:48:47,paid,linear,direct,1,1,1,1.0,84.53,84.53
ord_bd4d7500,cust_4c34a0a7,2024-09-14 09:48:47,paid,time_decay,direct,1,1,1,1.0,84.53,84.53
ord_1fc51b4a,cust_6fe564ee,2024-09-14 07:27:52,paid,last_touch,google,1,1,1,1.0,86.57,86.57
ord_1fc51b4a,cust_6fe564ee,2024-09-14 07:27:52,paid,first_touch,google,1,1,1,1.0,86.57,86.57
ord_1fc51b4a,cust_6fe564ee,2024-09-14 07:27:52,paid,linear,google,1,1,1,1.0,86.57,86.57
ord_1fc51b4a,cust_6fe564ee,2024-09-14 07:27:52,paid,time_decay,google,1,1,1,1.0,86.57,86.57
ord_7677a4ad,cust_d58f9ff4,2024-09-14 18:33:39,paid,last_touch,tiktok,1,1,1,1.0,86.83,86.83
ord_7677a4ad,cust_d58f9ff4,2024-09-14 18:33:39,paid,first_touch,tiktok,1,1,1,1.0,86.83,86.83
ord_7677a4ad,cust_d58f9ff4,2024-09-14 18:33:39,paid,linear,tiktok,1,1,1,1.0,86.83,86.83
ord_7677a4ad,cust_d58f9ff4,2024-09-14 18:33:39,paid,time_decay,tiktok,1,1,1,1.0,86.83,86.83
ord_38a884f6,cust_7b5a8ed3,2024-09-14 19:47:51,paid,last_touch,direct,1,1,1,1.0,80.27,80.27
ord_38a884f6,cust_7b5a8ed3,2024-09-14 19:47:51,paid,first_touch,google,1,1,1,1.0,80.27,80.27
ord_38a884f6,cust_7b5a8ed3,2024-09-14 19:47:51,paid,linear,google,1,1,1,1.0,80.27,80.27
ord_38a884f6,cust_7b5a8ed3,2024-09-14 19:47:51,paid,time_decay,google,1,1,1,1.0,80.27,80.27
ord_eb85d56a,cust_212c34ff,2024-09-14 20:13:45,paid,last_touch,google,1,1,1,1.0,106.1,106.1
ord_eb85d56a,cust_212c34ff,2024-09-14 20:13:45,paid,first_touch,google,1,1,1,1.0,106.1,106.1
ord_eb85d56a,cust_212c34ff,2024-09-14 20:13:45,paid,linear,google,1,1,1,1.0,106.1,106.1
ord_eb85d56a,cust_212c34ff,2024-09-14 20:13:45,paid,time_decay,google,1,1,1,1.0,106.1,106.1
ord_cb70c698,cust_cffab188,2024-09-15 22:22:40,paid,last_touch,google,1,1,1,1.0,62.44,62.44
ord_cb70c698,cust_cffab188,2024-09-15 22:22:40,paid,first_touch,google,1,1,1,1.0,62.44,62.44
ord_cb70c698,cust_cffab188,2024-09-15 22:22:40,paid,linear,google,1,1,1,1.0,62.44,62.44
ord_cb70c698,cust_cffab188,2024-09-15 22:22:40,paid,time_decay,google,1,1,1,1.0,62.44,62.44
ord_ac59e49e,cust_c26a9ce3,2024-09-15 18:59:13,paid,last_touch,direct,1,1,1,1.0,22.99,22.99
ord_ac59e49e,cust_c26a9ce3,2024-09-15 18:59:13,paid,first_touch,direct,1,1,1,1.0,22.99,22.99
ord_ac59e49e,cust_c26a9ce3,2024-09-15 18:59:13,paid,linear,direct,1,1,1,1.0,22.99,22.99
ord_ac59e49e,cust_c26a9ce3,2024-09-15 18:59:13,paid,time_decay,direct,1,1,1,1.0,22.99,22.99
ord_8b889004,cust_bb6fa370,2024-09-15 09:59:20,paid,last_touch,direct,1,1,1,1.0,70.79,70.79
ord_8b889004,cust_bb6fa370,2024-09-15 09:59:20,paid,first_touch,direct,1,1,1,1.0,70.79,70.79
ord_8b889004,cust_bb6fa370,2024-09-15 09:59:20,paid,linear,direct,1,1,1,1.0,70.79,70.79
ord_8b889004,cust_bb6fa370,2024-09-15 09:59:20,paid,time_decay,direct,1,1,1,1.0,70.79,70.79
ord_ce253ef7,cust_e3eb1b7e,2024-09-15 03:57:39,paid,last_touch,direct,1,1,1,1.0,432.37,432.37
ord_ce253ef7,cust_e3eb1b7e,2024-09-15 03:57:39,paid,first_touch,direct,1,1,1,1.0,432.37,432.37
ord_ce253ef7,cust_e3eb1b7e,2024-09-15 03:57:39,paid,linear,direct,1,1,1,1.0,432.37,432.37
ord_ce253ef7,cust_e3eb1b7e,2024-09-15 03:57:39,paid,time_decay,direct,1,1,1,1.0,432.37,432.37
ord_3d30e797,cust_9ca59db4,2024-09-15 22:23:10,paid,last_touch,meta,1,1,1,1.0,363.27,363.27
ord_3d30e797,cust_9ca59db4,2024-09-15 22:23:10,paid,first_touch,meta,1,1,1,1.0,363.27,363.27
ord_3d30e797,cust_9ca59db4,2024-09-15 22:23:10,paid,linear,meta,1,1,1,1.0,363.27,363.27
ord_3d30e797,cust_9ca59db4,2024-09-15 22:23:10,paid,time_decay,meta,1,1,1,1.0,363.27,363.27
ord_1df6c6a9,cust_3af65304,2024-09-15 17:00:14,paid,last_touch,direct,1,1,1,1.0,74.83,74.83
ord_1df6c6a9,cust_3af65304,2024-09-15 17:00:14,paid,first_touch,google,1,1,1,1.0,74.83,74.83
ord_1df6c6a9,cust_3af65304,2024-09-15 17:00:14,paid,linear,google,1,1,1,1.0,74.83,74.83
ord_1df6c6a9,cust_3af65304,2024-09-15 17:00:14,paid,time_decay,google,1,1,1,1.0,74.83,74.83
ord_8dd99185,cust_f0290826,2024-09-15 07:08:27,refunded,last_touch,direct,1,1,1,1.0,83.55,83.55
ord_8dd99185,cust_f0290826,2024-09-15 07:08:27,refunded,first_touch,organic,1,1,1,1.0,83.55,83.55
ord_8dd99185,cust_f0290826,2024-09-15 07:08:27,refunded,linear,organic,1,1,1,1.0,83.55,83.55
ord_8dd99185,cust_f0290826,2024-09-15 07:08:27,refunded,time_decay,organic,1,1,1,1.0,83.55,83.55
ord_43be17ed,cust_6f79f9d8,2024-09-15 07:26:05,paid,last_touch,direct,1,1,1,1.0,173.43,173.43
ord_43be17ed,cust_6f79f9d8,2024-09-15 07:26:05,paid,first_touch,tiktok,1,1,1,1.0,173.43,173.43
ord_43be17ed,cust_6f79f9d8,2024-09-15 07:26:05,paid,linear,tiktok,1,1,1,1.0,173.43,173.43
ord_43be17ed,cust_6f79f9d8,2024-09-15 07:26:05,paid,time_decay,tiktok,1,1,1,1.0,173.43,173.43
ord_977732cb,cust_e7960a6b,2024-09-16 08:05:04,paid,last_touch,direct,1,1,1,1.0,61.55,61.55
ord_977732cb,cust_e7960a6b,2024-09-16 08:05:04,paid,first_touch,direct,1,1,1,1.0,61.55,61.55
ord_977732cb,cust_e7960a6b,2024-09-16 08:05:04,paid,linear,direct,1,1,1,1.0,61.55,61.55
ord_977732cb,cust_e7960a6b,2024-09-16 08:05:04,paid,time_decay,direct,1,1,1,1.0,61.55,61.55
ord_0fb88e8e,cust_75beb873,2024-09-16 18:34:54,paid,last_touch,organic,1,1,1,1.0,280.25,280.25
ord_0fb88e8e,cust_75beb873,2024-09-16 18:34:54,paid,first_touch,organic,1,1,1,1.0,280.25,280.25
ord_0fb88e8e,cust_75beb873,2024-09-16 18:34:54,paid,linear,organic,1,1,1,1.0,280.25,280.25
ord_0fb88e8e,cust_75beb873,2024-09-16 18:34:54,paid,time_decay,organic,1,1,1,1.0,280.25,280.25
ord_84bb8b2f,cust_4ffb98cf,2024-09-16 18:28:19,paid,last_touch,meta,1,1,1,1.0,147.93,147.93
ord_84bb8b2f,cust_4ffb98cf,2024-09-16 18:28:19,paid,first_touch,meta,1,1,1,1.0,147.93,147.93
ord_84bb8b2f,cust_4ffb98cf,2024-09-16 18:28:19,paid,linear,meta,1,1,1,1.0,147.93,147.93
ord_84bb8b2f,cust_4ffb98cf,2024-09-16 18:28:19,paid,time_decay,meta,1,1,1,1.0,147.93,147.93
ord_e27795e7,cust_2fb3aa6b,2024-09-16 21:30:44,paid,last_touch,direct,1,1,1,1.0,28.39,28.39
ord_e27795e7,cust_2fb3aa6b,2024-09-16 21:30:44,paid,first_touch,meta,1,1,1,1.0,28.39,28.39
ord_e27795e7,cust_2fb3aa6b,2024-09-16 21:30:44,paid,linear,meta,1,1,1,1.0,28.39,28.39
ord_e27795e7,cust_2fb3aa6b,2024-09-16 21:30:44,paid,time_decay,meta,1,1,1,1.0,28.39,28.39
ord_3010e90b,cust_40573e96,2024-09-16 07:54:16,paid,last_touch,organic,1,1,1,1.0,57.82,57.82
ord_3010e90b,cust_40573e96,2024-09-16 07:54:16,paid,first_touch,organic,1,1,1,1.0,57.82,57.82
ord_3010e90b,cust_40573e96,2024-09-16 07:54:16,paid,linear,organic,1,1,1,1.0,57.82,57.82
ord_3010e90b,cust_40573e96,2024-09-16 07:54:16,paid,time_decay,organic,1,1,1,1.0,57.82,57.82
ord_ad451aa7,cust_38870c6f,2024-09-17 21:27:29,paid,last_touch,google,1,1,1,1.0,104.02,104.02
ord_ad451aa7,cust_38870c6f,2024-09-17 21:27:29,paid,first_touch,google,1,1,1,1.0,104.02,104.02
ord_ad451aa7,cust_38870c6f,2024-09-17 21:27:29,paid,linear,google,1,1,1,1.0,104.02,104.02
ord_ad451aa7,cust_38870c6f,2024-09-17 21:27:29,paid,time_decay,google,1,1,1,1.0,104.02,104.02
ord_c1079154,cust_78a43c00,2024-09-17 19:30:03,paid,last_touch,organic,1,1,1,1.0,77.15,77.15
ord_c1079154,cust_78a43c00,2024-09-17 19:30:03,paid,first_touch,organic,1,1,1,1.0,77.15,77.15
ord_c1079154,cust_78a43c00,2024-09-17 19:30:03,paid,linear,organic,1,1,1,1.0,77.15,77.15
ord_c1079154,cust_78a43c00,2024-09-17 19:30:03,paid,time_decay,organic,1,1,1,1.0,77.15,77.15
ord_2e180e6c,cust_0666a7ff,2024-09-17 08:04:51,paid,last_touch,direct,1,1,1,1.0,147.78,147.78
ord_2e180e6c,cust_0666a7ff,2024-09-17 08:04:51,paid,first_touch,direct,1,1,1,1.0,147.78,147.78
ord_2e180e6c,cust_0666a7ff,2024-09-17 08:04:51,paid,linear,direct,1,1,1,1.0,147.78,147.78
ord_2e180e6c,cust_0666a7ff,2024-09-17 08:04:51,paid,time_decay,direct,1,1,1,1.0,147.78,147.78
ord_e715d49a,cust_fa110b88,2024-09-18 23:26:25,paid,last_touch,organic,1,1,1,1.0,136.67,136.67
ord_e715d49a,cust_fa110b88,2024-09-18 23:26:25,paid,first_touch,organic,1,1,1,1.0,136.67,136.67
ord_e715d49a,cust_fa110b88,2024-09-18 23:26:25,paid,linear,organic,1,1,1,1.0,136.67,136.67
ord_e715d49a,cust_fa110b88,2024-09-18 23:26:25,paid,time_decay,organic,1,1,1,1.0,136.67,136.67
ord_195a9658,cust_ba70e192,2024-09-18 19:49:59,chargeback,last_touch,direct,1,1,1,1.0,105.35,105.35
ord_195a9658,cust_ba70e192,2024-09-18 19:49:59,chargeback,first_touch,direct,1,1,1,1.0,105.35,105.35
ord_195a9658,cust_ba70e192,2024-09-18 19:49:59,chargeback,linear,direct,1,1,1,1.0,105.35,105.35
ord_195a9658,cust_ba70e192,2024-09-18 19:49:59,chargeback,time_decay,direct,1,1,1,1.0,105.35,105.35
ord_f97a4422,cust_0a35e893,2024-09-18 20:40:54,paid,last_touch,tiktok,1,1,1,1.0,89.95,89.95
ord_f97a4422,cust_0a35e893,2024-09-18 20:40:54,paid,first_touch,tiktok,1,1,1,1.0,89.95,89.95
ord_f97a4422,cust_0a35e893,2024-09-18 20:40:54,paid,linear,tiktok,1,1,1,1.0,89.95,89.95
ord_f97a4422,cust_0a35e893,2024-09-18 20:40:54,paid,time_decay,tiktok,1,1,1,1.0,89.95,89.95
ord_3270e512,cust_272dfa34,2024-09-19 09:26:31,chargeback,last_touch,direct,1,1,1,1.0,216.87,216.87
ord_3270e512,cust_272dfa34,2024-09-19 09:26:31,chargeback,first_touch,direct,1,1,1,1.0,216.87,216.87
ord_3270e512,cust_272dfa34,2024-09-19 09:26:31,chargeback,linear,direct,1,1,1,1.0,216.87,216.87
ord_3270e512,cust_272dfa34,2024-09-19 09:26:31,chargeback,time_decay,direct,1,1,1,1.0,216.87,216.87
ord_717f3f90,cust_7fbce3fc,2024-09-19 15:10:18,paid,last_touch,organic,1,1,1,1.0,63.38,63.38
ord_717f3f90,cust_7fbce3fc,2024-09-19 15:10:18,paid,first_touch,organic,1,1,1,1.0,63.38,63.38
ord_717f3f90,cust_7fbce3fc,2024-09-19 15:10:18,paid,linear,organic,1,1,1,1.0,63.38,63.38
ord_717f3f90,cust_7fbce3fc,2024-09-19 15:10:18,paid,time_decay,organic,1,1,1,1.0,63.38,63.38
ord_c1a18f9c,cust_7c479599,2024-09-19 17:05:40,paid,last_touch,direct,1,1,1,1.0,220.1,220.1
ord_c1a18f9c,cust_7c479599,2024-09-19 17:05:40,paid,first_touch,meta,1,1,1,1.0,220.1,220.1
ord_c1a18f9c,cust_7c479599,2024-09-19 17:05:40,paid,linear,meta,1,1,1,1.0,220.1,220.1
ord_c1a18f9c,cust_7c479599,2024-09-19 17:05:40,paid,time_decay,meta,1,1,1,1.0,220.1,220.1
ord_159efa2c,cust_ab6594b2,2024-09-19 15:56:02,paid,last_touch,direct,1,1,1,1.0,126.73,126.73
ord_159efa2c,cust_ab6594b2,2024-09-19 15:56:02,paid,first_touch,google,1,1,1,1.0,126.73,126.73
ord_159efa2c,cust_ab6594b2,2024-09-19 15:56:02,paid,linear,google,1,1,1,1.0,126.73,126.73
ord_159efa2c,cust_ab6594b2,2024-09-19 15:56:02,paid,time_decay,google,1,1,1,1.0,126.73,126.73
ord_efcd0953,cust_334ca58b,2024-09-19 09:11:29,paid,last_touch,direct,1,1,1,1.0,32.91,32.91
ord_efcd0953,cust_334ca58b,2024-09-19 09:11:29,paid,first_touch,email,1,1,1,1.0,32.91,32.91
ord_efcd0953,cust_334ca58b,2024-09-19 09:11:29,paid,linear,email,1,1,1,1.0,32.91,32.91
ord_efcd0953,cust_334ca58b,2024-09-19 09:11:29,paid,time_decay,email,1,1,1,1.0,32.91,32.91
ord_3e09d435,cust_4313fe11,2024-09-19 11:23:05,paid,last_touch,organic,1,1,1,1.0,36.45,36.45
ord_3e09d435,cust_4313fe11,2024-09-19 11:23:05,paid,first_touch,organic,1,1,1,1.0,36.45,36.45
ord_3e09d435,cust_4313fe11,2024-09-19 11:23:05,paid,linear,organic,1,1,1,1.0,36.45,36.45
ord_3e09d435,cust_4313fe11,2024-09-19 11:23:05,paid,time_decay,organic,1,1,1,1.0,36.45,36.45
ord_5ad638bd,cust_73d8078f,2024-09-20 13:53:55,paid,last_touch,organic,1,1,1,1.0,101.97,101.97
ord_5ad638bd,cust_73d8078f,2024-09-20 13:53:55,paid,first_touch,organic,1,1,1,1.0,101.97,101.97
ord_5ad638bd,cust_73d8078f,2024-09-20 13:53:55,paid,linear,organic,1,1,1,1.0,101.97,101.97
ord_5ad638bd,cust_73d8078f,2024-09-20 13:53:55,paid,time_decay,organic,1,1,1,1.0,101.97,101.97
ord_e1925e38,cust_f93e24af,2024-09-20 19:42:06,paid,last_touch,google,1,1,1,1.0,46.16,46.16
ord_e1925e38,cust_f93e24af,2024-09-20 19:42:06,paid,first_touch,google,1,1,1,1.0,46.16,46.16
ord_e1925e38,cust_f93e24af,2024-09-20 19:42:06,paid,linear,google,1,1,1,1.0,46.16,46.16
ord_e1925e38,cust_f93e24af,2024-09-20 19:42:06,paid,time_decay,google,1,1,1,1.0,46.16,46.16
ord_f3ae7b55,cust_68e06755,2024-09-20 10:27:42,paid,last_touch,direct,1,1,1,1.0,145.31,145.31
ord_f3ae7b55,cust_68e06755,2024-09-20 10:27:42,paid,first_touch,organic,1,1,1,1.0,145.31,145.31
ord_f3ae7b55,cust_68e06755,2024-09-20 10:27:42,paid,linear,organic,1,1,1,1.0,145.31,145.31
ord_f3ae7b55,cust_68e06755,2024-09-20 10:27:42,paid,time_decay,organic,1,1,1,1.0,145.31,145.31
ord_04af8c6f,cust_a7d83dde,2024-09-21 13:02:30,paid,last_touch,tiktok,1,1,1,1.0,110.61,110.61
ord_04af8c6f,cust_a7d83dde,2024-09-21 13:02:30,paid,first_touch,tiktok,1,1,1,1.0,110.61,110.61
ord_04af8c6f,cust_a7d83dde,2024-09-21 13:02:30,paid,linear,tiktok,1,1,1,1.0,110.61,110.61
ord_04af8c6f,cust_a7d83dde,2024-09-21 13:02:30,paid,time_decay,tiktok,1,1,1,1.0,110.61,110.61
ord_905e90bc,cust_43d427fc,2024-09-21 13:50:05,paid,last_touch,organic,1,1,1,1.0,51.47,51.47
ord_905e90bc,cust_43d427fc,2024-09-21 13:50:05,paid,first_touch,organic,1,1,1,1.0,51.47,51.47
ord_905e90bc,cust_43d427fc,2024-09-21 13:50:05,paid,linear,organic,1,1,1,1.0,51.47,51.47
ord_905e90bc,cust_43d427fc,2024-09-21 13:50:05,paid,time_decay,organic,1,1,1,1.0,51.47,51.47
ord_faf7facd,cust_d463b836,2024-09-21 16:21:05,paid,last_touch,direct,1,1,1,1.0,192.3,192.3
ord_faf7facd,cust_d463b836,2024-09-21 16:21:05,paid,first_touch,email,1,1,1,1.0,192.3,192.3
ord_faf7facd,cust_d463b836,2024-09-21 16:21:05,paid,linear,email,1,1,1,1.0,192.3,192.3
ord_faf7facd,cust_d463b836,2024-09-21 16:21:05,paid,time_decay,email,1,1,1,1.0,192.3,192.3
ord_595a6035,cust_b8f61831,2024-09-21 21:05:13,paid,last_touch,organic,1,1,1,1.0,89.01,89.01
ord_595a6035,cust_b8f61831,2024-09-21 21:05:13,paid,first_touch,organic,1,1,1,1.0,89.01,89.01
ord_595a6035,cust_b8f61831,2024-09-21 21:05:13,paid,linear,organic,1,1,1,1.0,89.01,89.01
ord_595a6035,cust_b8f61831,2024-09-21 21:05:13,paid,time_decay,organic,1,1,1,1.0,89.01,89.01
ord_5a7abc5b,cust_5845ab0c,2024-09-22 20:42:24,paid,last_touch,organic,1,1,1,1.0,221.99,221.99
ord_5a7abc5b,cust_5845ab0c,2024-09-22 20:42:24,paid,first_touch,organic,1,1,1,1.0,221.99,221.99
ord_5a7abc5b,cust_5845ab0c,2024-09-22 20:42:24,paid,linear,organic,1,1,1,1.0,221.99,221.99
ord_5a7abc5b,cust_5845ab0c,2024-09-22 20:42:24,paid,time_decay,organic,1,1,1,1.0,221.99,221.99
ord_9d7e0f3c,cust_e0594ab4,2024-09-22 16:38:57,paid,last_touch,google,1,1,1,1.0,314.32,314.32
ord_9d7e0f3c,cust_e0594ab4,2024-09-22 16:38:57,paid,first_touch,google,1,1,1,1.0,314.32,314.32
ord_9d7e0f3c,cust_e0594ab4,2024-09-22 16:38:57,paid,linear,google,1,1,1,1.0,314.32,314.32
ord_9d7e0f3c,cust_e0594ab4,2024-09-22 16:38:57,paid,time_decay,google,1,1,1,1.0,314.32,314.32
ord_31017f94,cust_860b2abd,2024-09-22 17:31:28,paid,last_touch,direct,1,1,1,1.0,210.71,210.71
ord_31017f94,cust_860b2abd,2024-09-22 17:31:28,paid,first_touch,tiktok,1,1,1,1.0,210.71,210.71
ord_31017f94,cust_860b2abd,2024-09-22 17:31:28,paid,linear,tiktok,1,1,1,1.0,210.71,210.71
ord_31017f94,cust_860b2abd,2024-09-22 17:31:28,paid,time_decay,tiktok,1,1,1,1.0,210.71,210.71
ord_2bc71dbc,cust_a187b3db,2024-09-22 17:39:23,paid,last_touch,google,1,1,1,1.0,70.65,70.65
ord_2bc71dbc,cust_a187b3db,2024-09-22 17:39:23,paid,first_touch,google,1,1,1,1.0,70.65,70.65
ord_2bc71dbc,cust_a187b3db,2024-09-22 17:39:23,paid,linear,google,1,1,1,1.0,70.65,70.65
ord_2bc71dbc,cust_a187b3db,2024-09-22 17:39:23,paid,time_decay,google,1,1,1,1.0,70.65,70.65
ord_0b8f5b88,cust_a6317f99,2024-09-22 13:27:29,paid,last_touch,organic,1,1,1,1.0,118.62,118.62
ord_0b8f5b88,cust_a6317f99,2024-09-22 13:27:29,paid,first_touch,organic,1,1,1,1.0,118.62,118.62
ord_0b8f5b88,cust_a6317f99,2024-09-22 13:27:29,paid,linear,organic,1,1,1,1.0,118.62,118.62
ord_0b8f5b88,cust_a6317f99,2024-09-22 13:27:29,paid,time_decay,organic,1,1,1,1.0,118.62,118.62
ord_2ca6021f,cust_85cb4fd5,2024-09-22 13:23:49,paid,last_touch,tiktok,1,1,1,1.0,139.42,139.42
ord_2ca6021f,cust_85cb4fd5,2024-09-22 13:23:49,paid,first_touch,tiktok,1,1,1,1.0,139.42,139.42
ord_2ca6021f,cust_85cb4fd5,2024-09-22 13:23:49,paid,linear,tiktok,1,1,1,1.0,139.42,139.42
ord_2ca6021f,cust_85cb4fd5,2024-09-22 13:23:49,paid,time_decay,tiktok,1,1,1,1.0,139.42,139.42
ord_967ecbd1,cust_1f2e79dc,2024-09-22 15:29:48,paid,last_touch,tiktok,1,1,1,1.0,62.62,62.62
ord_967ecbd1,cust_1f2e79dc,2024-09-22 15:29:48,paid,first_touch,tiktok,1,1,1,1.0,62.62,62.62
ord_967ecbd1,cust_1f2e79dc,2024-09-22 15:29:48,paid,linear,tiktok,1,1,1,1.0,62.62,62.62
ord_967ecbd1,cust_1f2e79dc,2024-09-22 15:29:48,paid,time_decay,tiktok,1,1,1,1.0,62.62,62.62
ord_5779aa5b,cust_9a914837,2024-09-22 21:09:21,paid,last_touch,direct,1,1,1,1.0,95.83,95.83
ord_5779aa5b,cust_9a914837,2024-09-22 21:09:21,paid,first_touch,direct,1,1,1,1.0,95.83,95.83
ord_5779aa5b,cust_9a914837,2024-09-22 21:09:21,paid,linear,direct,1,1,1,1.0,95.83,95.83
ord_5779aa5b,cust_9a914837,2024-09-22 21:09:21,paid,time_decay,direct,1,1,1,1.0,95.83,95.83
ord_43dc76ec,cust_211c3f38,2024-09-22 17:18:10,chargeback,last_touch,meta,1,1,1,1.0,162.52,162.52
ord_43dc76ec,cust_211c3f38,2024-09-22 17:18:10,chargeback,first_touch,meta,1,1,1,1.0,162.52,162.52
ord_43dc76ec,cust_211c3f38,2024-09-22 17:18:10,chargeback,linear,meta,1,1,1,1.0,162.52,162.52
ord_43dc76ec,cust_211c3f38,2024-09-22 17:18:10,chargeback,time_decay,meta,1,1,1,1.0,162.52,162.52
ord_835b6f83,cust_65499731,2024-09-22 18:33:58,paid,last_touch,google,1,1,1,1.0,21.3,21.3
ord_835b6f83,cust_65499731,2024-09-22 18:33:58,paid,first_touch,google,1,1,1,1.0,21.3,21.3
ord_835b6f83,cust_65499731,2024-09-22 18:33:58,paid,linear,google,1,1,1,1.0,21.3,21.3
ord_835b6f83,cust_65499731,2024-09-22 18:33:58,paid,time_decay,google,1,1,1,1.0,21.3,21.3
ord_a8162c55,cust_9110dbe0,2024-09-22 21:27:06,paid,last_touch,google,1,1,1,1.0,343.79,343.79
ord_a8162c55,cust_9110dbe0,2024-09-22 21:27:06,paid,first_touch,google,1,1,1,1.0,343.79,343.79
ord_a8162c55,cust_9110dbe0,2024-09-22 21:27:06,paid,linear,google,1,1,1,1.0,343.79,343.79
ord_a8162c55,cust_9110dbe0,2024-09-22 21:27:06,paid,time_decay,google,1,1,1,1.0,343.79,343.79
ord_04d927d4,cust_a28eb0ee,2024-09-22 18:38:21,refunded,last_touch,direct,1,1,1,1.0,237.29,237.29
ord_04d927d4,cust_a28eb0ee,2024-09-22 18:38:21,refunded,first_touch,direct,1,1,1,1.0,237.29,237.29
ord_04d927d4,cust_a28eb0ee,2024-09-22 18:38:21,refunded,linear,direct,1,1,1,1.0,237.29,237.29
ord_04d927d4,cust_a28eb0ee,2024-09-22 18:38:21,refunded,time_decay,direct,1,1,1,1.0,237.29,237.29
ord_ad2f045d,cust_9aff8e10,2024-09-22 09:12:31,paid,last_touch,google,1,1,1,1.0,130.05,130.05
ord_ad2f045d,cust_9aff8e10,2024-09-22 09:12:31,paid,first_touch,google,1,1,1,1.0,130.05,130.05
ord_ad2f045d,cust_9aff8e10,2024-09-22 09:12:31,paid,linear,google,1,1,1,1.0,130.05,130.05
ord_ad2f045d,cust_9aff8e10,2024-09-22 09:12:31,paid,time_decay,google,1,1,1,1.0,130.05,130.05
ord_500dfa53,cust_51236f88,2024-09-23 19:33:17,paid,last_touch,google,1,1,1,1.0,68.47,68.47
ord_500dfa53,cust_51236f88,2024-09-23 19:33:17,paid,first_touch,google,1,1,1,1.0,68.47,68.47
ord_500dfa53,cust_51236f88,2024-09-23 19:33:17,paid,linear,google,1,1,1,1.0,68.47,68.47
ord_500dfa53,cust_51236f88,2024-09-23 19:33:17,paid,time_decay,google,1,1,1,1.0,68.47,68.47
ord_3947ae8b,cust_0baca716,2024-09-23 22:36:07,paid,last_touch,organic,1,1,1,1.0,113.7,113.7
ord_3947ae8b,cust_0baca716,2024-09-23 22:36:07,paid,first_touch,organic,1,1,1,1.0,113.7,113.7
ord_3947ae8b,cust_0baca716,2024-09-23 22:36:07,paid,linear,organic,1,1,1,1.0,113.7,113.7
ord_3947ae8b,cust_0baca716,2024-09-23 22:36:07,paid,time_decay,organic,1,1,1,1.0,113.7,113.7
ord_ad67f4c2,cust_08e2593f,2024-09-23 10:16:33,paid,last_touch,direct,1,1,1,1.0,39.52,39.52
ord_ad67f4c2,cust_08e2593f,2024-09-23 10:16:33,paid,first_touch,direct,1,1,1,1.0,39.52,39.52
ord_ad67f4c2,cust_08e2593f,2024-09-23 10:16:33,paid,linear,direct,1,1,1,1.0,39.52,39.52
ord_ad67f4c2,cust_08e2593f,2024-09-23 10:16:33,paid,time_decay,direct,1,1,1,1.0,39.52,39.52
ord_6a31edcd,cust_4ff1f4ce,2024-09-23 09:52:39,paid,last_touch,meta,1,1,1,1.0,68.27,68.27
ord_6a31edcd,cust_4ff1f4ce,2024-09-23 09:52:39,paid,first_touch,meta,1,1,1,1.0,68.27,68.27
ord_6a31edcd,cust_4ff1f4ce,2024-09-23 09:52:39,paid,linear,meta,1,1,1,1.0,68.27,68.27
ord_6a31edcd,cust_4ff1f4ce,2024-09-23 09:52:39,paid,time_decay,meta,1,1,1,1.0,68.27,68.27
ord_065d4e1e,cust_a20418a5,2024-09-24 20:05:51,paid,last_touch,direct,1,1,1,1.0,420.74,420.74
ord_065d4e1e,cust_a20418a5,2024-09-24 20:05:51,paid,first_touch,direct,1,1,1,1.0,420.74,420.74
ord_065d4e1e,cust_a20418a5,2024-09-24 20:05:51,paid,linear,direct,1,1,1,1.0,420.74,420.74
ord_065d4e1e,cust_a20418a5,2024-09-24 20:05:51,paid,time_decay,direct,1,1,1,1.0,420.74,420.74
ord_3cee92fd,cust_d55ac03f,2024-09-24 09:33:36,paid,last_touch,tiktok,1,1,1,1.0,191.7,191.7
ord_3cee92fd,cust_d55ac03f,2024-09-24 09:33:36,paid,first_touch,tiktok,1,1,1,1.0,191.7,191.7
ord_3cee92fd,cust_d55ac03f,2024-09-24 09:33:36,paid,linear,tiktok,1,1,1,1.0,191.7,191.7
ord_3cee92fd,cust_d55ac03f,2024-09-24 09:33:36,paid,time_decay,tiktok,1,1,1,1.0,191.7,191.7
ord_246b260a,cust_16b0d77b,2024-09-24 23:51:28,paid,last_touch,organic,1,1,1,1.0,189.46,189.46
ord_246b260a,cust_16b0d77b,2024-09-24 23:51:28,paid,first_touch,organic,1,1,1,1.0,189.46,189.46
ord_246b260a,cust_16b0d77b,2024-09-24 23:51:28,paid,linear,organic,1,1,1,1.0,189.46,189.46
ord_246b260a,cust_16b0d77b,2024-09-24 23:51:28,paid,time_decay,organic,1,1,1,1.0,189.46,189.46
ord_7727cfeb,cust_4258d82a,2024-09-24 15:17:44,paid,last_touch,meta,1,1,1,1.0,31.37,31.37
ord_7727cfeb,cust_4258d82a,2024-09-24 15:17:44,paid,first_touch,meta,1,1,1,1.0,31.37,31.37
ord_7727cfeb,cust_4258d82a,2024-09-24 15:17:44,paid,linear,meta,1,1,1,1.0,31.37,31.37
ord_7727cfeb,cust_4258d82a,2024-09-24 15:17:44,paid,time_decay,meta,1,1,1,1.0,31.37,31.37
ord_e00f167d,cust_612303b7,2024-09-24 15:39:29,paid,last_touch,email,1,1,1,1.0,33.34,33.34
ord_e00f167d,cust_612303b7,2024-09-24 15:39:29,paid,first_touch,email,1,1,1,1.0,33.34,33.34
ord_e00f167d,cust_612303b7,2024-09-24 15:39:29,paid,linear,email,1,1,1,1.0,33.34,33.34
ord_e00f167d,cust_612303b7,2024-09-24 15:39:29,paid,time_decay,email,1,1,1,1.0,33.34,33.34
ord_9f91547a,cust_2848ead8,2024-09-24 21:51:17,paid,last_touch,direct,1,1,1,1.0,292.35,292.35
ord_9f91547a,cust_2848ead8,2024-09-24 21:51:17,paid,first_touch,google,1,1,1,1.0,292.35,292.35
ord_9f91547a,cust_2848ead8,2024-09-24 21:51:17,paid,linear,google,1,1,1,1.0,292.35,292.35
ord_9f91547a,cust_2848ead8,2024-09-24 21:51:17,paid,time_decay,google,1,1,1,1.0,292.35,292.35
ord_f9ba0e37,cust_19e59b41,2024-09-24 20:09:31,paid,last_touch,meta,1,1,1,1.0,132.06,132.06
ord_f9ba0e37,cust_19e59b41,2024-09-24 20:09:31,paid,first_touch,meta,1,1,1,1.0,132.06,132.06
ord_f9ba0e37,cust_19e59b41,2024-09-24 20:09:31,paid,linear,meta,1,1,1,1.0,132.06,132.06
ord_f9ba0e37,cust_19e59b41,2024-09-24 20:09:31,paid,time_decay,meta,1,1,1,1.0,132.06,132.06
ord_b9f70600,cust_176cb377,2024-09-24 09:51:55,paid,last_touch,direct,1,1,1,1.0,44.35,44.35
ord_b9f70600,cust_176cb377,2024-09-24 09:51:55,paid,first_touch,direct,1,1,1,1.0,44.35,44.35
ord_b9f70600,cust_176cb377,2024-09-24 09:51:55,paid,linear,direct,1,1,1,1.0,44.35,44.35
ord_b9f70600,cust_176cb377,2024-09-24 09:51:55,paid,time_decay,direct,1,1,1,1.0,44.35,44.35
ord_6e2bec27,cust_a9589bdc,2024-09-24 09:35:07,paid,last_touch,direct,1,1,1,1.0,57.3,57.3
ord_6e2bec27,cust_a9589bdc,2024-09-24 09:35:07,paid,first_touch,direct,1,1,1,1.0,57.3,57.3
ord_6e2bec27,cust_a9589bdc,2024-09-24 09:35:07,paid,linear,direct,1,1,1,1.0,57.3,57.3
ord_6e2bec27,cust_a9589bdc,2024-09-24 09:35:07,paid,time_decay,direct,1,1,1,1.0,57.3,57.3
ord_5338b37e,cust_4d0e8901,2024-09-25 17:41:57,paid,last_touch,direct,1,1,1,1.0,58.91,58.91
ord_5338b37e,cust_4d0e8901,2024-09-25 17:41:57,paid,first_touch,google,1,1,1,1.0,58.91,58.91
ord_5338b37e,cust_4d0e8901,2024-09-25 17:41:57,paid,linear,google,1,1,1,1.0,58.91,58.91
ord_5338b37e,cust_4d0e8901,2024-09-25 17:41:57,paid,time_decay,google,1,1,1,1.0,58.91,58.91
ord_2a6614e0,cust_0503004c,2024-09-25 15:51:11,paid,last_touch,organic,1,1,1,1.0,86.29,86.29
ord_2a6614e0,cust_0503004c,2024-09-25 15:51:11,paid,first_touch,organic,1,1,1,1.0,86.29,86.29
ord_2a6614e0,cust_0503004c,2024-09-25 15:51:11,paid,linear,organic,1,1,1,1.0,86.29,86.29
ord_2a6614e0,cust_0503004c,2024-09-25 15:51:11,paid,time_decay,organic,1,1,1,1.0,86.29,86.29
ord_201aef6e,cust_68acc616,2024-09-25 08:34:30,paid,last_touch,direct,1,1,1,1.0,72.72,72.72
ord_201aef6e,cust_68acc616,2024-09-25 08:34:30,paid,first_touch,meta,1,1,1,1.0,72.72,72.72
ord_201aef6e,cust_68acc616,2024-09-25 08:34:30,paid,linear,meta,1,1,1,1.0,72.72,72.72
ord_201aef6e,cust_68acc616,2024-09-25 08:34:30,paid,time_decay,meta,1,1,1,1.0,72.72,72.72
ord_fd93db02,cust_8fe30e87,2024-09-25 18:29:48,paid,last_touch,direct,1,1,1,1.0,116.68,116.68
ord_fd93db02,cust_8fe30e87,2024-09-25 18:29:48,paid,first_touch,organic,1,1,1,1.0,116.68,116.68
ord_fd93db02,cust_8fe30e87,2024-09-25 18:29:48,paid,linear,organic,1,1,1,1.0,116.68,116.68
ord_fd93db02,cust_8fe30e87,2024-09-25 18:29:48,paid,time_decay,organic,1,1,1,1.0,116.68,116.68
ord_f1870aee,cust_fd38c4b5,2024-09-25 21:06:39,paid,last_touch,direct,1,1,1,1.0,28.52,28.52
ord_f1870aee,cust_fd38c4b5,2024-09-25 21:06:39,paid,first_touch,meta,1,1,1,1.0,28.52,28.52
ord_f1870aee,cust_fd38c4b5,2024-09-25 21:06:39,paid,linear,meta,1,1,1,1.0,28.52,28.52
ord_f1870aee,cust_fd38c4b5,2024-09-25 21:06:39,paid,time_decay,meta,1,1,1,1.0,28.52,28.52
ord_a8be9be5,cust_1c3e5314,2024-09-25 13:47:29,paid,last_touch,direct,1,1,1,1.0,85.0,85.0
ord_a8be9be5,cust_1c3e5314,2024-09-25 13:47:29,paid,first_touch,meta,1,1,1,1.0,85.0,85.0
ord_a8be9be5,cust_1c3e5314,2024-09-25 13:47:29,paid,linear,meta,1,1,1,1.0,85.0,85.0
ord_a8be9be5,cust_1c3e5314,2024-09-25 13:47:29,paid,time_decay,meta,1,1,1,1.0,85.0,85.0
ord_b4825ad5,cust_f222d79b,2024-09-25 11:30:05,refunded,last_touch,organic,1,1,1,1.0,86.8,86.8
ord_b4825ad5,cust_f222d79b,2024-09-25 11:30:05,refunded,first_touch,organic,1,1,1,1.0,86.8,86.8
ord_b4825ad5,cust_f222d79b,2024-09-25 11:30:05,refunded,linear,organic,1,1,1,1.0,86.8,86.8
ord_b4825ad5,cust_f222d79b,2024-09-25 11:30:05,refunded,time_decay,organic,1,1,1,1.0,86.8,86.8
ord_9ce22366,cust_de356c92,2024-09-25 18:58:38,paid,last_touch,organic,1,1,1,1.0,80.47,80.47
ord_9ce22366,cust_de356c92,2024-09-25 18:58:38,paid,first_touch,organic,1,1,1,1.0,80.47,80.47
ord_9ce22366,cust_de356c92,2024-09-25 18:58:38,paid,linear,organic,1,1,1,1.0,80.47,80.47
ord_9ce22366,cust_de356c92,2024-09-25 18:58:38,paid,time_decay,organic,1,1,1,1.0,80.47,80.47
ord_4c7e1956,cust_85bd24c4,2024-09-26 10:59:47,paid,last_touch,google,1,1,1,1.0,146.6,146.6
ord_4c7e1956,cust_85bd24c4,2024-09-26 10:59:47,paid,first_touch,google,1,1,1,1.0,146.6,146.6
ord_4c7e1956,cust_85bd24c4,2024-09-26 10:59:47,paid,linear,google,1,1,1,1.0,146.6,146.6
ord_4c7e1956,cust_85bd24c4,2024-09-26 10:59:47,paid,time_decay,google,1,1,1,1.0,146.6,146.6
ord_91f5631f,cust_dea9e483,2024-09-26 19:54:23,paid,last_touch,organic,1,1,1,1.0,51.79,51.79
ord_91f5631f,cust_dea9e483,2024-09-26 19:54:23,paid,first_touch,organic,1,1,1,1.0,51.79,51.79
ord_91f5631f,cust_dea9e483,2024-09-26 19:54:23,paid,linear,organic,1,1,1,1.0,51.79,51.79
ord_91f5631f,cust_dea9e483,2024-09-26 19:54:23,paid,time_decay,organic,1,1,1,1.0,51.79,51.79
ord_3ef15ca9,cust_bd022c77,2024-09-26 16:27:17,paid,last_touch,organic,1,1,1,1.0,65.71,65.71
ord_3ef15ca9,cust_bd022c77,2024-09-26 16:27:17,paid,first_touch,organic,1,1,1,1.0,65.71,65.71
ord_3ef15ca9,cust_bd022c77,2024-09-26 16:27:17,paid,linear,organic,1,1,1,1.0,65.71,65.71
ord_3ef15ca9,cust_bd022c77,2024-09-26 16:27:17,paid,time_decay,organic,1,1,1,1.0,65.71,65.71
ord_fb0aae11,cust_8e6d6bd4,2024-09-26 23:26:31,paid,last_touch,email,1,1,1,1.0,58.92,58.92
ord_fb0aae11,cust_8e6d6bd4,2024-09-26 23:26:31,paid,first_touch,email,1,1,1,1.0,58.92,58.92
ord_fb0aae11,cust_8e6d6bd4,2024-09-26 23:26:31,paid,linear,email,1,1,1,1.0,58.92,58.92
ord_fb0aae11,cust_8e6d6bd4,2024-09-26 23:26:31,paid,time_decay,email,1,1,1,1.0,58.92,58.92
ord_900450de,cust_20edff5c,2024-09-26 06:51:39,paid,last_touch,tiktok,1,1,1,1.0,213.36,213.36
ord_900450de,cust_20edff5c,2024-09-26 06:51:39,paid,first_touch,tiktok,1,1,1,1.0,213.36,213.36
ord_900450de,cust_20edff5c,2024-09-26 06:51:39,paid,linear,tiktok,1,1,1,1.0,213.36,213.36
ord_900450de,cust_20edff5c,2024-09-26 06:51:39,paid,time_decay,tiktok,1,1,1,1.0,213.36,213.36
ord_d066fa8e,cust_a7cbbfd4,2024-09-26 10:10:28,paid,last_touch,google,1,1,1,1.0,125.25,125.25
ord_d066fa8e,cust_a7cbbfd4,2024-09-26 10:10:28,paid,first_touch,google,1,1,1,1.0,125.25,125.25
ord_d066fa8e,cust_a7cbbfd4,2024-09-26 10:10:28,paid,linear,google,1,1,1,1.0,125.25,125.25
ord_d066fa8e,cust_a7cbbfd4,2024-09-26 10:10:28,paid,time_decay,google,1,1,1,1.0,125.25,125.25
ord_797ee230,cust_d52c1309,2024-09-27 19:35:28,refunded,last_touch,google,1,1,1,1.0,105.56,105.56
ord_797ee230,cust_d52c1309,2024-09-27 19:35:28,refunded,first_touch,google,1,1,1,1.0,105.56,105.56
ord_797ee230,cust_d52c1309,2024-09-27 19:35:28,refunded,linear,google,1,1,1,1.0,105.56,105.56
ord_797ee230,cust_d52c1309,2024-09-27 19:35:28,refunded,time_decay,google,1,1,1,1.0,105.56,105.56
ord_05254d18,cust_5d889151,2024-09-27 14:13:46,chargeback,last_touch,organic,1,1,1,1.0,32.61,32.61
ord_05254d18,cust_5d889151,2024-09-27 14:13:46,chargeback,first_touch,organic,1,1,1,1.0,32.61,32.61
ord_05254d18,cust_5d889151,2024-09-27 14:13:46,chargeback,linear,organic,1,1,1,1.0,32.61,32.61
ord_05254d18,cust_5d889151,2024-09-27 14:13:46,chargeback,time_decay,organic,1,1,1,1.0,32.61,32.61
ord_484d441e,cust_0a9de5b4,2024-09-27 14:00:34,paid,last_touch,google,1,1,1,1.0,73.78,73.78
ord_484d441e,cust_0a9de5b4,2024-09-27 14:00:34,paid,first_touch,google,1,1,1,1.0,73.78,73.78
ord_484d441e,cust_0a9de5b4,2024-09-27 14:00:34,paid,linear,google,1,1,1,1.0,73.78,73.78
ord_484d441e,cust_0a9de5b4,2024-09-27 14:00:34,paid,time_decay,google,1,1,1,1.0,73.78,73.78
ord_b1bd413e,cust_281b88a9,2024-09-27 17:59:19,paid,last_touch,direct,1,1,1,1.0,71.03,71.03
ord_b1bd413e,cust_281b88a9,2024-09-27 17:59:19,paid,first_touch,meta,1,1,1,1.0,71.03,71.03
ord_b1bd413e,cust_281b88a9,2024-09-27 17:59:19,paid,linear,meta,1,1,1,1.0,71.03,71.03
ord_b1bd413e,cust_281b88a9,2024-09-27 17:59:19,paid,time_decay,meta,1,1,1,1.0,71.03,71.03
ord_1685da81,cust_f8f507d9,2024-09-27 09:51:31,refunded,last_touch,tiktok,1,1,1,1.0,54.53,54.53
ord_1685da81,cust_f8f507d9,2024-09-27 09:51:31,refunded,first_touch,tiktok,1,1,1,1.0,54.53,54.53
ord_1685da81,cust_f8f507d9,2024-09-27 09:51:31,refunded,linear,tiktok,1,1,1,1.0,54.53,54.53
ord_1685da81,cust_f8f507d9,2024-09-27 09:51:31,refunded,time_decay,tiktok,1,1,1,1.0,54.53,54.53
ord_608e203c,cust_36babd2f,2024-09-28 11:02:07,paid,last_touch,direct,1,1,1,1.0,182.98,182.98
ord_608e203c,cust_36babd2f,2024-09-28 11:02:07,paid,first_touch,meta,1,1,1,1.0,182.98,182.98
ord_608e203c,cust_36babd2f,2024-09-28 11:02:07,paid,linear,meta,1,1,1,1.0,182.98,182.98
ord_608e203c,cust_36babd2f,2024-09-28 11:02:07,paid,time_decay,meta,1,1,1,1.0,182.98,182.98
ord_0b289323,cust_fcba3f04,2024-09-28 09:43:51,paid,last_touch,email,1,1,1,1.0,68.05,68.05
ord_0b289323,cust_fcba3f04,2024-09-28 09:43:51,paid,first_touch,email,1,1,1,1.0,68.05,68.05
ord_0b289323,cust_fcba3f04,2024-09-28 09:43:51,paid,linear,email,1,1,1,1.0,68.05,68.05
ord_0b289323,cust_fcba3f04,2024-09-28 09:43:51,paid,time_decay,email,1,1,1,1.0,68.05,68.05
ord_049b5286,cust_98863c4c,2024-09-28 12:09:47,paid,last_touch,google,1,1,1,1.0,55.69,55.69
ord_049b5286,cust_98863c4c,2024-09-28 12:09:47,paid,first_touch,google,1,1,1,1.0,55.69,55.69
ord_049b5286,cust_98863c4c,2024-09-28 12:09:47,paid,linear,google,1,1,1,1.0,55.69,55.69
ord_049b5286,cust_98863c4c,2024-09-28 12:09:47,paid,time_decay,google,1,1,1,1.0,55.69,55.69
ord_ee4cabb9,cust_9e329fef,2024-09-28 09:22:59,paid,last_touch,direct,1,1,1,1.0,99.88,99.88
ord_ee4cabb9,cust_9e329fef,2024-09-28 09:22:59,paid,first_touch,organic,1,1,1,1.0,99.88,99.88
ord_ee4cabb9,cust_9e329fef,2024-09-28 09:22:59,paid,linear,organic,1,1,1,1.0,99.88,99.88
ord_ee4cabb9,cust_9e329fef,2024-09-28 09:22:59,paid,time_decay,organic,1,1,1,1.0,99.88,99.88
ord_92fbc86e,cust_a1071a21,2024-09-29 18:52:44,paid,last_touch,organic,1,1,1,1.0,273.84,273.84
ord_92fbc86e,cust_a1071a21,2024-09-29 18:52:44,paid,first_touch,organic,1,1,1,1.0,273.84,273.84
ord_92fbc86e,cust_a1071a21,2024-09-29 18:52:44,paid,linear,organic,1,1,1,1.0,273.84,273.84
ord_92fbc86e,cust_a1071a21,2024-09-29 18:52:44,paid,time_decay,organic,1,1,1,1.0,273.84,273.84
ord_898e7fcd,cust_c0191745,2024-09-29 14:19:36,paid,last_touch,organic,1,1,1,1.0,30.9,30.9
ord_898e7fcd,cust_c0191745,2024-09-29 14:19:36,paid,first_touch,organic,1,1,1,1.0,30.9,30.9
ord_898e7fcd,cust_c0191745,2024-09-29 14:19:36,paid,linear,organic,1,1,1,1.0,30.9,30.9
ord_898e7fcd,cust_c0191745,2024-09-29 14:19:36,paid,time_decay,organic,1,1,1,1.0,30.9,30.9
ord_c19f5655,cust_5d04536d,2024-09-29 08:02:32,paid,last_touch,direct,1,1,1,1.0,141.71,141.71
ord_c19f5655,cust_5d04536d,2024-09-29 08:02:32,paid,first_touch,meta,1,1,1,1.0,141.71,141.71
ord_c19f5655,cust_5d04536d,2024-09-29 08:02:32,paid,linear,meta,1,1,1,1.0,141.71,141.71
ord_c19f5655,cust_5d04536d,2024-09-29 08:02:32,paid,time_decay,meta,1,1,1,1.0,141.71,141.71
ord_ec3d7f3b,cust_40fea9cf,2024-09-29 17:46:42,paid,last_touch,tiktok,1,1,1,1.0,116.01,116.01
ord_ec3d7f3b,cust_40fea9cf,2024-09-29 17:46:42,paid,first_touch,tiktok,1,1,1,1.0,116.01,116.01
ord_ec3d7f3b,cust_40fea9cf,2024-09-29 17:46:42,paid,linear,tiktok,1,1,1,1.0,116.01,116.01
ord_ec3d7f3b,cust_40fea9cf,2024-09-29 17:46:42,paid,time_decay,tiktok,1,1,1,1.0,116.01,116.01
ord_e2717aa9,cust_db578a9b,2024-09-29 05:41:21,refunded,last_touch,tiktok,1,1,1,1.0,245.39,245.39
ord_e2717aa9,cust_db578a9b,2024-09-29 05:41:21,refunded,first_touch,tiktok,1,1,1,1.0,245.39,245.39
ord_e2717aa9,cust_db578a9b,2024-09-29 05:41:21,refunded,linear,tiktok,1,1,1,1.0,245.39,245.39
ord_e2717aa9,cust_db578a9b,2024-09-29 05:41:21,refunded,time_decay,tiktok,1,1,1,1.0,245.39,245.39
ord_d1fe6245,cust_d90597ec,2024-09-29 18:57:54,paid,last_touch,direct,1,1,1,1.0,82.06,82.06
ord_d1fe6245,cust_d90597ec,2024-09-29 18:57:54,paid,first_touch,organic,1,1,1,1.0,82.06,82.06
ord_d1fe6245,cust_d90597ec,2024-09-29 18:57:54,paid,linear,organic,1,1,1,1.0,82.06,82.06
ord_d1fe6245,cust_d90597ec,2024-09-29 18:57:54,paid,time_decay,organic,1,1,1,1.0,82.06,82.06
ord_65129ea5,cust_5f660968,2024-09-30 17:12:21,paid,last_touch,direct,1,1,1,1.0,137.74,137.74
ord_65129ea5,cust_5f660968,2024-09-30 17:12:21,paid,first_touch,direct,1,1,1,1.0,137.74,137.74
ord_65129ea5,cust_5f660968,2024-09-30 17:12:21,paid,linear,direct,1,1,1,1.0,137.74,137.74
ord_65129ea5,cust_5f660968,2024-09-30 17:12:21,paid,time_decay,direct,1,1,1,1.0,137.74,137.74
ord_dfa1a375,cust_3f76f493,2024-09-30 12:31:37,paid,last_touch,email,1,1,1,1.0,75.33,75.33
ord_dfa1a375,cust_3f76f493,2024-09-30 12:31:37,paid,first_touch,email,1,1,1,1.0,75.33,75.33
ord_dfa1a375,cust_3f76f493,2024-09-30 12:31:37,paid,linear,email,1,1,1,1.0,75.33,75.33
ord_dfa1a375,cust_3f76f493,2024-09-30 12:31:37,paid,time_decay,email,1,1,1,1.0,75.33,75.33
ord_47dfc789,cust_4c153a02,2024-09-30 21:32:28,paid,last_touch,email,1,1,1,1.0,218.9,218.9
ord_47dfc789,cust_4c153a02,2024-09-30 21:32:28,paid,first_touch,email,1,1,1,1.0,218.9,218.9
ord_47dfc789,cust_4c153a02,2024-09-30 21:32:28,paid,linear,email,1,1,1,1.0,218.9,218.9
ord_47dfc789,cust_4c153a02,2024-09-30 21:32:28,paid,time_decay,email,1,1,1,1.0,218.9,218.9
ord_e739d403,cust_a022038d,2024-09-30 23:20:26,refunded,last_touch,direct,1,1,1,1.0,269.49,269.49
ord_e739d403,cust_a022038d,2024-09-30 23:20:26,refunded,first_touch,meta,1,1,1,1.0,269.49,269.49
ord_e739d403,cust_a022038d,2024-09-30 23:20:26,refunded,linear,meta,1,1,1,1.0,269.49,269.49
ord_e739d403,cust_a022038d,2024-09-30 23:20:26,refunded,time_decay,meta,1,1,1,1.0,269.49,269.49
ord_0b5e00d0,cust_5f65e693,2024-09-30 19:34:30,paid,last_touch,google,1,1,1,1.0,96.18,96.18
ord_0b5e00d0,cust_5f65e693,2024-09-30 19:34:30,paid,first_touch,google,1,1,1,1.0,96.18,96.18
ord_0b5e00d0,cust_5f65e693,2024-09-30 19:34:30,paid,linear,google,1,1,1,1.0,96.18,96.18
ord_0b5e00d0,cust_5f65e693,2024-09-30 19:34:30,paid,time_decay,google,1,1,1,1.0,96.18,96.18
ord_a8ab4615,cust_60f98fef,2024-09-30 15:28:59,paid,last_touch,tiktok,1,1,1,1.0,98.43,98.43
ord_a8ab4615,cust_60f98fef,2024-09-30 15:28:59,paid,first_touch,tiktok,1,1,1,1.0,98.43,98.43
ord_a8ab4615,cust_60f98fef,2024-09-30 15:28:59,paid,linear,tiktok,1,1,1,1.0,98.43,98.43
ord_a8ab4615,cust_60f98fef,2024-09-30 15:28:59,paid,time_decay,tiktok,1,1,1,1.0,98.43,98.43
ord_50d67791,cust_7d22ec43,2024-09-30 21:43:30,paid,last_touch,direct,1,1,1,1.0,43.64,43.64
ord_50d67791,cust_7d22ec43,2024-09-30 21:43:30,paid,first_touch,direct,1,1,1,1.0,43.64,43.64
ord_50d67791,cust_7d22ec43,2024-09-30 21:43:30,paid,linear,direct,1,1,1,1.0,43.64,43.64
ord_50d67791,cust_7d22ec43,2024-09-30 21:43:30,paid,time_decay,direct,1,1,1,1.0,43.64,43.64
ord_9a070e9b,cust_8dab01b6,2024-10-01 21:48:13,paid,last_touch,direct,1,1,1,1.0,55.11,55.11
ord_9a070e9b,cust_8dab01b6,2024-10-01 21:48:13,paid,first_touch,email,1,1,1,1.0,55.11,55.11
ord_9a070e9b,cust_8dab01b6,2024-10-01 21:48:13,paid,linear,email,1,1,1,1.0,55.11,55.11
ord_9a070e9b,cust_8dab01b6,2024-10-01 21:48:13,paid,time_decay,email,1,1,1,1.0,55.11,55.11
ord_0c747eda,cust_4793b89b,2024-10-01 09:26:20,paid,last_touch,organic,1,1,1,1.0,80.72,80.72
ord_0c747eda,cust_4793b89b,2024-10-01 09:26:20,paid,first_touch,organic,1,1,1,1.0,80.72,80.72
ord_0c747eda,cust_4793b89b,2024-10-01 09:26:20,paid,linear,organic,1,1,1,1.0,80.72,80.72
ord_0c747eda,cust_4793b89b,2024-10-01 09:26:20,paid,time_decay,organic,1,1,1,1.0,80.72,80.72
ord_c93e2f8b,cust_3a948c14,2024-10-02 08:14:43,paid,last_touch,direct,1,1,1,1.0,39.73,39.73
ord_c93e2f8b,cust_3a948c14,2024-10-02 08:14:43,paid,first_touch,google,1,1,1,1.0,39.73,39.73
ord_c93e2f8b,cust_3a948c14,2024-10-02 08:14:43,paid,linear,google,1,1,1,1.0,39.73,39.73
ord_c93e2f8b,cust_3a948c14,2024-10-02 08:14:43,paid,time_decay,google,1,1,1,1.0,39.73,39.73
ord_d1bf0e76,cust_d66aeb66,2024-10-02 11:13:12,paid,last_touch,direct,1,1,1,1.0,39.94,39.94
ord_d1bf0e76,cust_d66aeb66,2024-10-02 11:13:12,paid,first_touch,meta,1,1,1,1.0,39.94,39.94
ord_d1bf0e76,cust_d66aeb66,2024-10-02 11:13:12,paid,linear,meta,1,1,1,1.0,39.94,39.94
ord_d1bf0e76,cust_d66aeb66,2024-10-02 11:13:12,paid,time_decay,meta,1,1,1,1.0,39.94,39.94
ord_5a0f2dc1,cust_1622e41c,2024-10-02 20:25:02,paid,last_touch,organic,1,1,1,1.0,78.53,78.53
ord_5a0f2dc1,cust_1622e41c,2024-10-02 20:25:02,paid,first_touch,organic,1,1,1,1.0,78.53,78.53
ord_5a0f2dc1,cust_1622e41c,2024-10-02 20:25:02,paid,linear,organic,1,1,1,1.0,78.53,78.53
ord_5a0f2dc1,cust_1622e41c,2024-10-02 20:25:02,paid,time_decay,organic,1,1,1,1.0,78.53,78.53
ord_e3ff728b,cust_8a071c36,2024-10-02 19:55:26,paid,last_touch,organic,1,1,1,1.0,69.93,69.93
ord_e3ff728b,cust_8a071c36,2024-10-02 19:55:26,paid,first_touch,organic,1,1,1,1.0,69.93,69.93
ord_e3ff728b,cust_8a071c36,2024-10-02 19:55:26,paid,linear,organic,1,1,1,1.0,69.93,69.93
ord_e3ff728b,cust_8a071c36,2024-10-02 19:55:26,paid,time_decay,organic,1,1,1,1.0,69.93,69.93
ord_9c7d720d,cust_f5776b68,2024-10-02 06:28:10,paid,last_touch,organic,1,1,1,1.0,30.75,30.75
ord_9c7d720d,cust_f5776b68,2024-10-02 06:28:10,paid,first_touch,organic,1,1,1,1.0,30.75,30.75
ord_9c7d720d,cust_f5776b68,2024-10-02 06:28:10,paid,linear,organic,1,1,1,1.0,30.75,30.75
ord_9c7d720d,cust_f5776b68,2024-10-02 06:28:10,paid,time_decay,organic,1,1,1,1.0,30.75,30.75
ord_c20f0aa6,cust_4d2ff298,2024-10-02 19:57:39,paid,last_touch,organic,1,1,1,1.0,52.67,52.67
ord_c20f0aa6,cust_4d2ff298,2024-10-02 19:57:39,paid,first_touch,organic,1,1,1,1.0,52.67,52.67
ord_c20f0aa6,cust_4d2ff298,2024-10-02 19:57:39,paid,linear,organic,1,1,1,1.0,52.67,52.67
ord_c20f0aa6,cust_4d2ff298,2024-10-02 19:57:39,paid,time_decay,organic,1,1,1,1.0,52.67,52.67
ord_6e7c22b8,cust_f609c378,2024-10-02 09:39:14,paid,last_touch,meta,1,1,1,1.0,148.89,148.89
ord_6e7c22b8,cust_f609c378,2024-10-02 09:39:14,paid,first_touch,meta,1,1,1,1.0,148.89,148.89
ord_6e7c22b8,cust_f609c378,2024-10-02 09:39:14,paid,linear,meta,1,1,1,1.0,148.89,148.89
ord_6e7c22b8,cust_f609c378,2024-10-02 09:39:14,paid,time_decay,meta,1,1,1,1.0,148.89,148.89
ord_7ec068a1,cust_472fc292,2024-10-02 12:06:19,refunded,last_touch,google,1,1,1,1.0,67.03,67.03
ord_7ec068a1,cust_472fc292,2024-10-02 12:06:19,refunded,first_touch,google,1,1,1,1.0,67.03,67.03
ord_7ec068a1,cust_472fc292,2024-10-02 12:06:19,refunded,linear,google,1,1,1,1.0,67.03,67.03
ord_7ec068a1,cust_472fc292,2024-10-02 12:06:19,refunded,time_decay,google,1,1,1,1.0,67.03,67.03
ord_087c0e2b,cust_0212ad3c,2024-10-02 15:04:57,paid,last_touch,google,1,1,1,1.0,35.55,35.55
ord_087c0e2b,cust_0212ad3c,2024-10-02 15:04:57,paid,first_touch,google,1,1,1,1.0,35.55,35.55
ord_087c0e2b,cust_0212ad3c,2024-10-02 15:04:57,paid,linear,google,1,1,1,1.0,35.55,35.55
ord_087c0e2b,cust_0212ad3c,2024-10-02 15:04:57,paid,time_decay,google,1,1,1,1.0,35.55,35.55
ord_9bfa2045,cust_8acf1a7a,2024-10-03 20:16:02,paid,last_touch,google,1,1,1,1.0,106.38,106.38
ord_9bfa2045,cust_8acf1a7a,2024-10-03 20:16:02,paid,first_touch,google,1,1,1,1.0,106.38,106.38
ord_9bfa2045,cust_8acf1a7a,2024-10-03 20:16:02,paid,linear,google,1,1,1,1.0,106.38,106.38
ord_9bfa2045,cust_8acf1a7a,2024-10-03 20:16:02,paid,time_decay,google,1,1,1,1.0,106.38,106.38
ord_4502fc13,cust_dd838a53,2024-10-03 19:23:28,paid,last_touch,google,1,1,1,1.0,213.0,213.0
ord_4502fc13,cust_dd838a53,2024-10-03 19:23:28,paid,first_touch,google,1,1,1,1.0,213.0,213.0
ord_4502fc13,cust_dd838a53,2024-10-03 19:23:28,paid,linear,google,1,1,1,1.0,213.0,213.0
ord_4502fc13,cust_dd838a53,2024-10-03 19:23:28,paid,time_decay,google,1,1,1,1.0,213.0,213.0
ord_e8fc1ab5,cust_21b75d70,2024-10-03 11:20:15,paid,last_touch,meta,1,1,1,1.0,165.69,165.69
ord_e8fc1ab5,cust_21b75d70,2024-10-03 11:20:15,paid,first_touch,meta,1,1,1,1.0,165.69,165.69
ord_e8fc1ab5,cust_21b75d70,2024-10-03 11:20:15,paid,linear,meta,1,1,1,1.0,165.69,165.69
ord_e8fc1ab5,cust_21b75d70,2024-10-03 11:20:15,paid,time_decay,meta,1,1,1,1.0,165.69,165.69
ord_674361f0,cust_7b4ea6f4,2024-10-03 14:08:37,paid,last_touch,tiktok,1,1,1,1.0,132.16,132.16
ord_674361f0,cust_7b4ea6f4,2024-10-03 14:08:37,paid,first_touch,tiktok,1,1,1,1.0,132.16,132.16
ord_674361f0,cust_7b4ea6f4,2024-10-03 14:08:37,paid,linear,tiktok,1,1,1,1.0,132.16,132.16
ord_674361f0,cust_7b4ea6f4,2024-10-03 14:08:37,paid,time_decay,tiktok,1,1,1,1.0,132.16,132.16
ord_a91516e3,cust_923858cd,2024-10-03 23:07:50,paid,last_touch,google,1,1,1,1.0,123.43,123.43
ord_a91516e3,cust_923858cd,2024-10-03 23:07:50,paid,first_touch,google,1,1,1,1.0,123.43,123.43
ord_a91516e3,cust_923858cd,2024-10-03 23:07:50,paid,linear,google,1,1,1,1.0,123.43,123.43
ord_a91516e3,cust_923858cd,2024-10-03 23:07:50,paid,time_decay,google,1,1,1,1.0,123.43,123.43
ord_3249f17d,cust_ccac14a8,2024-10-03 21:27:01,paid,last_touch,tiktok,1,1,1,1.0,138.86,138.86
ord_3249f17d,cust_ccac14a8,2024-10-03 21:27:01,paid,first_touch,tiktok,1,1,1,1.0,138.86,138.86
ord_3249f17d,cust_ccac14a8,2024-10-03 21:27:01,paid,linear,tiktok,1,1,1,1.0,138.86,138.86
ord_3249f17d,cust_ccac14a8,2024-10-03 21:27:01,paid,time_decay,tiktok,1,1,1,1.0,138.86,138.86
ord_08b80795,cust_4bfce2d6,2024-10-04 11:35:54,paid,last_touch,email,1,1,1,1.0,223.36,223.36
ord_08b80795,cust_4bfce2d6,2024-10-04 11:35:54,paid,first_touch,email,1,1,1,1.0,223.36,223.36
ord_08b80795,cust_4bfce2d6,2024-10-04 11:35:54,paid,linear,email,1,1,1,1.0,223.36,223.36
ord_08b80795,cust_4bfce2d6,2024-10-04 11:35:54,paid,time_decay,email,1,1,1,1.0,223.36,223.36
ord_9e784d12,cust_62818326,2024-10-04 06:15:35,paid,last_touch,direct,1,1,1,1.0,85.17,85.17
ord_9e784d12,cust_62818326,2024-10-04 06:15:35,paid,first_touch,meta,1,1,1,1.0,85.17,85.17
ord_9e784d12,cust_62818326,2024-10-04 06:15:35,paid,linear,meta,1,1,1,1.0,85.17,85.17
ord_9e784d12,cust_62818326,2024-10-04 06:15:35,paid,time_decay,meta,1,1,1,1.0,85.17,85.17
ord_19b3baf9,cust_383d4825,2024-10-04 19:43:41,paid,last_touch,direct,1,1,1,1.0,160.47,160.47
ord_19b3baf9,cust_383d4825,2024-10-04 19:43:41,paid,first_touch,meta,1,1,1,1.0,160.47,160.47
ord_19b3baf9,cust_383d4825,2024-10-04 19:43:41,paid,linear,meta,1,1,1,1.0,160.47,160.47
ord_19b3baf9,cust_383d4825,2024-10-04 19:43:41,paid,time_decay,meta,1,1,1,1.0,160.47,160.47
ord_7573d1a8,cust_2749dc62,2024-10-04 09:23:28,paid,last_touch,meta,1,1,1,1.0,172.64,172.64
ord_7573d1a8,cust_2749dc62,2024-10-04 09:23:28,paid,first_touch,meta,1,1,1,1.0,172.64,172.64
ord_7573d1a8,cust_2749dc62,2024-10-04 09:23:28,paid,linear,meta,1,1,1,1.0,172.64,172.64
ord_7573d1a8,cust_2749dc62,2024-10-04 09:23:28,paid,time_decay,meta,1,1,1,1.0,172.64,172.64
ord_a0d897a8,cust_376cd9ad,2024-10-04 16:42:45,paid,last_touch,direct,1,1,1,1.0,34.19,34.19
ord_a0d897a8,cust_376cd9ad,2024-10-04 16:42:45,paid,first_touch,email,1,1,1,1.0,34.19,34.19
ord_a0d897a8,cust_376cd9ad,2024-10-04 16:42:45,paid,linear,email,1,1,1,1.0,34.19,34.19
ord_a0d897a8,cust_376cd9ad,2024-10-04 16:42:45,paid,time_decay,email,1,1,1,1.0,34.19,34.19
ord_475e613b,cust_84940cd7,2024-10-04 11:20:49,paid,last_touch,direct,1,1,1,1.0,66.36,66.36
ord_475e613b,cust_84940cd7,2024-10-04 11:20:49,paid,first_touch,organic,1,1,1,1.0,66.36,66.36
ord_475e613b,cust_84940cd7,2024-10-04 11:20:49,paid,linear,organic,1,1,1,1.0,66.36,66.36
ord_475e613b,cust_84940cd7,2024-10-04 11:20:49,paid,time_decay,organic,1,1,1,1.0,66.36,66.36
ord_0defa538,cust_7442fb70,2024-10-05 13:04:06,paid,last_touch,direct,1,1,1,1.0,251.68,251.68
ord_0defa538,cust_7442fb70,2024-10-05 13:04:06,paid,first_touch,direct,1,1,1,1.0,251.68,251.68
ord_0defa538,cust_7442fb70,2024-10-05 13:04:06,paid,linear,direct,1,1,1,1.0,251.68,251.68
ord_0defa538,cust_7442fb70,2024-10-05 13:04:06,paid,time_decay,direct,1,1,1,1.0,251.68,251.68
ord_e27315a6,cust_794890b2,2024-10-05 10:23:46,paid,last_touch,google,1,1,1,1.0,54.85,54.85
ord_e27315a6,cust_794890b2,2024-10-05 10:23:46,paid,first_touch,google,1,1,1,1.0,54.85,54.85
ord_e27315a6,cust_794890b2,2024-10-05 10:23:46,paid,linear,google,1,1,1,1.0,54.85,54.85
ord_e27315a6,cust_794890b2,2024-10-05 10:23:46,paid,time_decay,google,1,1,1,1.0,54.85,54.85
ord_871633f5,cust_43d76d6b,2024-10-05 19:08:33,paid,last_touch,meta,1,1,1,1.0,159.29,159.29
ord_871633f5,cust_43d76d6b,2024-10-05 19:08:33,paid,first_touch,meta,1,1,1,1.0,159.29,159.29
ord_871633f5,cust_43d76d6b,2024-10-05 19:08:33,paid,linear,meta,1,1,1,1.0,159.29,159.29
ord_871633f5,cust_43d76d6b,2024-10-05 19:08:33,paid,time_decay,meta,1,1,1,1.0,159.29,159.29
ord_732c3e3b,cust_04445252,2024-10-06 16:25:57,paid,last_touch,google,1,1,1,1.0,148.88,148.88
ord_732c3e3b,cust_04445252,2024-10-06 16:25:57,paid,first_touch,google,1,1,1,1.0,148.88,148.88
ord_732c3e3b,cust_04445252,2024-10-06 16:25:57,paid,linear,google,1,1,1,1.0,148.88,148.88
ord_732c3e3b,cust_04445252,2024-10-06 16:25:57,paid,time_decay,google,1,1,1,1.0,148.88,148.88
ord_a1e9ed51,cust_c4a31b19,2024-10-06 19:24:31,paid,last_touch,direct,1,1,1,1.0,55.52,55.52
ord_a1e9ed51,cust_c4a31b19,2024-10-06 19:24:31,paid,first_touch,meta,1,1,1,1.0,55.52,55.52
ord_a1e9ed51,cust_c4a31b19,2024-10-06 19:24:31,paid,linear,meta,1,1,1,1.0,55.52,55.52
ord_a1e9ed51,cust_c4a31b19,2024-10-06 19:24:31,paid,time_decay,meta,1,1,1,1.0,55.52,55.52
ord_5903e609,cust_050be217,2024-10-06 07:31:51,paid,last_touch,direct,1,1,1,1.0,47.37,47.37
ord_5903e609,cust_050be217,2024-10-06 07:31:51,paid,first_touch,google,1,1,1,1.0,47.37,47.37
ord_5903e609,cust_050be217,2024-10-06 07:31:51,paid,linear,google,1,1,1,1.0,47.37,47.37
ord_5903e609,cust_050be217,2024-10-06 07:31:51,paid,time_decay,google,1,1,1,1.0,47.37,47.37
ord_7103be01,cust_b5ab39cb,2024-10-06 22:48:08,paid,last_touch,organic,1,1,1,1.0,112.99,112.99
ord_7103be01,cust_b5ab39cb,2024-10-06 22:48:08,paid,first_touch,organic,1,1,1,1.0,112.99,112.99
ord_7103be01,cust_b5ab39cb,2024-10-06 22:48:08,paid,linear,organic,1,1,1,1.0,112.99,112.99
ord_7103be01,cust_b5ab39cb,2024-10-06 22:48:08,paid,time_decay,organic,1,1,1,1.0,112.99,112.99
ord_ef545c0e,cust_ea7aa99a,2024-10-06 14:03:26,paid,last_touch,organic,1,1,1,1.0,311.39,311.39
ord_ef545c0e,cust_ea7aa99a,2024-10-06 14:03:26,paid,first_touch,organic,1,1,1,1.0,311.39,311.39
ord_ef545c0e,cust_ea7aa99a,2024-10-06 14:03:26,paid,linear,organic,1,1,1,1.0,311.39,311.39
ord_ef545c0e,cust_ea7aa99a,2024-10-06 14:03:26,paid,time_decay,organic,1,1,1,1.0,311.39,311.39
ord_9ada6e2f,cust_cf033012,2024-10-06 12:49:29,paid,last_touch,google,1,1,1,1.0,250.03,250.03
ord_9ada6e2f,cust_cf033012,2024-10-06 12:49:29,paid,first_touch,google,1,1,1,1.0,250.03,250.03
ord_9ada6e2f,cust_cf033012,2024-10-06 12:49:29,paid,linear,google,1,1,1,1.0,250.03,250.03
ord_9ada6e2f,cust_cf033012,2024-10-06 12:49:29,paid,time_decay,google,1,1,1,1.0,250.03,250.03
ord_aa3055e5,cust_0e6e2d56,2024-10-07 10:29:37,paid,last_touch,direct,1,1,1,1.0,144.16,144.16
ord_aa3055e5,cust_0e6e2d56,2024-10-07 10:29:37,paid,first_touch,meta,1,1,1,1.0,144.16,144.16
ord_aa3055e5,cust_0e6e2d56,2024-10-07 10:29:37,paid,linear,meta,1,1,1,1.0,144.16,144.16
ord_aa3055e5,cust_0e6e2d56,2024-10-07 10:29:37,paid,time_decay,meta,1,1,1,1.0,144.16,144.16
ord_bd62eb00,cust_8e7d1339,2024-10-07 10:16:57,refunded,last_touch,direct,1,1,1,1.0,105.91,105.91
ord_bd62eb00,cust_8e7d1339,2024-10-07 10:16:57,refunded,first_touch,direct,1,1,1,1.0,105.91,105.91
ord_bd62eb00,cust_8e7d1339,2024-10-07 10:16:57,refunded,linear,direct,1,1,1,1.0,105.91,105.91
ord_bd62eb00,cust_8e7d1339,2024-10-07 10:16:57,refunded,time_decay,direct,1,1,1,1.0,105.91,105.91
ord_98547272,cust_9e11edfc,2024-10-07 10:12:45,paid,last_touch,meta,1,1,1,1.0,57.31,57.31
ord_98547272,cust_9e11edfc,2024-10-07 10:12:45,paid,first_touch,meta,1,1,1,1.0,57.31,57.31
ord_98547272,cust_9e11edfc,2024-10-07 10:12:45,paid,linear,meta,1,1,1,1.0,57.31,57.31
ord_98547272,cust_9e11edfc,2024-10-07 10:12:45,paid,time_decay,meta,1,1,1,1.0,57.31,57.31
ord_d361b391,cust_bb677dd0,2024-10-07 21:38:45,paid,last_touch,direct,1,1,1,1.0,134.25,134.25
ord_d361b391,cust_bb677dd0,2024-10-07 21:38:45,paid,first_touch,google,1,1,1,1.0,134.25,134.25
ord_d361b391,cust_bb677dd0,2024-10-07 21:38:45,paid,linear,google,1,1,1,1.0,134.25,134.25
ord_d361b391,cust_bb677dd0,2024-10-07 21:38:45,paid,time_decay,google,1,1,1,1.0,134.25,134.25
ord_4489d87b,cust_8adb3a8f,2024-10-07 21:38:06,paid,last_touch,direct,1,1,1,1.0,52.33,52.33
ord_4489d87b,cust_8adb3a8f,2024-10-07 21:38:06,paid,first_touch,meta,1,1,1,1.0,52.33,52.33
ord_4489d87b,cust_8adb3a8f,2024-10-07 21:38:06,paid,linear,meta,1,1,1,1.0,52.33,52.33
ord_4489d87b,cust_8adb3a8f,2024-10-07 21:38:06,paid,time_decay,meta,1,1,1,1.0,52.33,52.33
ord_2e98fc8b,cust_092258ff,2024-10-07 09:25:49,paid,last_touch,google,1,1,1,1.0,213.17,213.17
ord_2e98fc8b,cust_092258ff,2024-10-07 09:25:49,paid,first_touch,google,1,1,1,1.0,213.17,213.17
ord_2e98fc8b,cust_092258ff,2024-10-07 09:25:49,paid,linear,google,1,1,1,1.0,213.17,213.17
ord_2e98fc8b,cust_092258ff,2024-10-07 09:25:49,paid,time_decay,google,1,1,1,1.0,213.17,213.17
ord_749afc71,cust_1cc57a37,2024-10-07 08:48:37,paid,last_touch,organic,1,1,1,1.0,79.72,79.72
ord_749afc71,cust_1cc57a37,2024-10-07 08:48:37,paid,first_touch,organic,1,1,1,1.0,79.72,79.72
ord_749afc71,cust_1cc57a37,2024-10-07 08:48:37,paid,linear,organic,1,1,1,1.0,79.72,79.72
ord_749afc71,cust_1cc57a37,2024-10-07 08:48:37,paid,time_decay,organic,1,1,1,1.0,79.72,79.72
ord_8e1b8de8,cust_3a003a32,2024-10-08 12:58:04,paid,last_touch,direct,1,1,1,1.0,84.04,84.04
ord_8e1b8de8,cust_3a003a32,2024-10-08 12:58:04,paid,first_touch,meta,1,1,1,1.0,84.04,84.04
ord_8e1b8de8,cust_3a003a32,2024-10-08 12:58:04,paid,linear,meta,1,1,1,1.0,84.04,84.04
ord_8e1b8de8,cust_3a003a32,2024-10-08 12:58:04,paid,time_decay,meta,1,1,1,1.0,84.04,84.04
ord_d46ba5ba,cust_5922ba89,2024-10-08 20:49:35,paid,last_touch,direct,1,1,1,1.0,52.01,52.01
ord_d46ba5ba,cust_5922ba89,2024-10-08 20:49:35,paid,first_touch,organic,1,1,1,1.0,52.01,52.01
ord_d46ba5ba,cust_5922ba89,2024-10-08 20:49:35,paid,linear,organic,1,1,1,1.0,52.01,52.01
ord_d46ba5ba,cust_5922ba89,2024-10-08 20:49:35,paid,time_decay,organic,1,1,1,1.0,52.01,52.01
ord_db195689,cust_85783c30,2024-10-08 12:51:46,paid,last_touch,email,1,1,1,1.0,92.1,92.1
ord_db195689,cust_85783c30,2024-10-08 12:51:46,paid,first_touch,email,1,1,1,1.0,92.1,92.1
ord_db195689,cust_85783c30,2024-10-08 12:51:46,paid,linear,email,1,1,1,1.0,92.1,92.1
ord_db195689,cust_85783c30,2024-10-08 12:51:46,paid,time_decay,email,1,1,1,1.0,92.1,92.1
ord_202a1661,cust_60b18aee,2024-10-08 14:30:03,paid,last_touch,tiktok,1,1,1,1.0,61.45,61.45
ord_202a1661,cust_60b18aee,2024-10-08 14:30:03,paid,first_touch,tiktok,1,1,1,1.0,61.45,61.45
ord_202a1661,cust_60b18aee,2024-10-08 14:30:03,paid,linear,tiktok,1,1,1,1.0,61.45,61.45
ord_202a1661,cust_60b18aee,2024-10-08 14:30:03,paid,time_decay,tiktok,1,1,1,1.0,61.45,61.45
ord_f4dee9e6,cust_a5aac3ed,2024-10-08 20:06:09,paid,last_touch,direct,1,1,1,1.0,71.06,71.06
ord_f4dee9e6,cust_a5aac3ed,2024-10-08 20:06:09,paid,first_touch,meta,1,1,1,1.0,71.06,71.06
ord_f4dee9e6,cust_a5aac3ed,2024-10-08 20:06:09,paid,linear,meta,1,1,1,1.0,71.06,71.06
ord_f4dee9e6,cust_a5aac3ed,2024-10-08 20:06:09,paid,time_decay,meta,1,1,1,1.0,71.06,71.06
ord_10bd97cb,cust_c5aa8604,2024-10-09 22:01:17,paid,last_touch,direct,1,1,1,1.0,90.78,90.78
ord_10bd97cb,cust_c5aa8604,2024-10-09 22:01:17,paid,first_touch,meta,1,1,1,1.0,90.78,90.78
ord_10bd97cb,cust_c5aa8604,2024-10-09 22:01:17,paid,linear,meta,1,1,1,1.0,90.78,90.78
ord_10bd97cb,cust_c5aa8604,2024-10-09 22:01:17,paid,time_decay,meta,1,1,1,1.0,90.78,90.78
ord_72e33783,cust_30f510ea,2024-10-09 21:08:13,paid,last_touch,meta,1,1,1,1.0,287.96,287.96
ord_72e33783,cust_30f510ea,2024-10-09 21:08:13,paid,first_touch,meta,1,1,1,1.0,287.96,287.96
ord_72e33783,cust_30f510ea,2024-10-09 21:08:13,paid,linear,meta,1,1,1,1.0,287.96,287.96
ord_72e33783,cust_30f510ea,2024-10-09 21:08:13,paid,time_decay,meta,1,1,1,1.0,287.96,287.96
ord_31151a27,cust_ae07f22e,2024-10-09 09:50:30,paid,last_touch,google,1,1,1,1.0,138.38,138.38
ord_31151a27,cust_ae07f22e,2024-10-09 09:50:30,paid,first_touch,google,1,1,1,1.0,138.38,138.38
ord_31151a27,cust_ae07f22e,2024-10-09 09:50:30,paid,linear,google,1,1,1,1.0,138.38,138.38
ord_31151a27,cust_ae07f22e,2024-10-09 09:50:30,paid,time_decay,google,1,1,1,1.0,138.38,138.38
ord_2139fa91,cust_011ec2ce,2024-10-10 13:35:18,paid,last_touch,google,1,1,1,1.0,139.66,139.66
ord_2139fa91,cust_011ec2ce,2024-10-10 13:35:18,paid,first_touch,google,1,1,1,1.0,139.66,139.66
ord_2139fa91,cust_011ec2ce,2024-10-10 13:35:18,paid,linear,google,1,1,1,1.0,139.66,139.66
ord_2139fa91,cust_011ec2ce,2024-10-10 13:35:18,paid,time_decay,google,1,1,1,1.0,139.66,139.66
ord_e381d675,cust_6f927c09,2024-10-10 12:20:11,paid,last_touch,direct,1,1,1,1.0,33.12,33.12
ord_e381d675,cust_6f927c09,2024-10-10 12:20:11,paid,first_touch,meta,1,1,1,1.0,33.12,33.12
ord_e381d675,cust_6f927c09,2024-10-10 12:20:11,paid,linear,meta,1,1,1,1.0,33.12,33.12
ord_e381d675,cust_6f927c09,2024-10-10 12:20:11,paid,time_decay,meta,1,1,1,1.0,33.12,33.12
ord_c05729aa,cust_d91a2f47,2024-10-10 10:47:16,paid,last_touch,organic,1,1,1,1.0,55.17,55.17
ord_c05729aa,cust_d91a2f47,2024-10-10 10:47:16,paid,first_touch,organic,1,1,1,1.0,55.17,55.17
ord_c05729aa,cust_d91a2f47,2024-10-10 10:47:16,paid,linear,organic,1,1,1,1.0,55.17,55.17
ord_c05729aa,cust_d91a2f47,2024-10-10 10:47:16,paid,time_decay,organic,1,1,1,1.0,55.17,55.17
ord_b0aa77f9,cust_288f6f40,2024-10-10 11:36:48,paid,last_touch,organic,1,1,1,1.0,452.44,452.44
ord_b0aa77f9,cust_288f6f40,2024-10-10 11:36:48,paid,first_touch,organic,1,1,1,1.0,452.44,452.44
ord_b0aa77f9,cust_288f6f40,2024-10-10 11:36:48,paid,linear,organic,1,1,1,1.0,452.44,452.44
ord_b0aa77f9,cust_288f6f40,2024-10-10 11:36:48,paid,time_decay,organic,1,1,1,1.0,452.44,452.44
ord_1e05143b,cust_2ab06db5,2024-10-10 17:43:13,paid,last_touch,google,1,1,1,1.0,39.78,39.78
ord_1e05143b,cust_2ab06db5,2024-10-10 17:43:13,paid,first_touch,google,1,1,1,1.0,39.78,39.78
ord_1e05143b,cust_2ab06db5,2024-10-10 17:43:13,paid,linear,google,1,1,1,1.0,39.78,39.78
ord_1e05143b,cust_2ab06db5,2024-10-10 17:43:13,paid,time_decay,google,1,1,1,1.0,39.78,39.78
ord_fd443803,cust_7edecefd,2024-10-10 16:01:00,refunded,last_touch,google,1,1,1,1.0,80.85,80.85
ord_fd443803,cust_7edecefd,2024-10-10 16:01:00,refunded,first_touch,google,1,1,1,1.0,80.85,80.85
ord_fd443803,cust_7edecefd,2024-10-10 16:01:00,refunded,linear,google,1,1,1,1.0,80.85,80.85
ord_fd443803,cust_7edecefd,2024-10-10 16:01:00,refunded,time_decay,google,1,1,1,1.0,80.85,80.85
ord_97aa0b67,cust_d09d0d21,2024-10-11 02:19:47,paid,last_touch,direct,1,1,1,1.0,130.1,130.1
ord_97aa0b67,cust_d09d0d21,2024-10-11 02:19:47,paid,first_touch,direct,1,1,1,1.0,130.1,130.1
ord_97aa0b67,cust_d09d0d21,2024-10-11 02:19:47,paid,linear,direct,1,1,1,1.0,130.1,130.1
ord_97aa0b67,cust_d09d0d21,2024-10-11 02:19:47,paid,time_decay,direct,1,1,1,1.0,130.1,130.1
ord_5e367c0c,cust_0058404c,2024-10-11 20:09:56,paid,last_touch,organic,1,1,1,1.0,102.5,102.5
ord_5e367c0c,cust_0058404c,2024-10-11 20:09:56,paid,first_touch,organic,1,1,1,1.0,102.5,102.5
ord_5e367c0c,cust_0058404c,2024-10-11 20:09:56,paid,linear,organic,1,1,1,1.0,102.5,102.5
ord_5e367c0c,cust_0058404c,2024-10-11 20:09:56,paid,time_decay,organic,1,1,1,1.0,102.5,102.5
ord_bf16e7a1,cust_8f457282,2024-10-12 19:49:43,refunded,last_touch,direct,1,1,1,1.0,63.34,63.34
ord_bf16e7a1,cust_8f457282,2024-10-12 19:49:43,refunded,first_touch,google,1,1,1,1.0,63.34,63.34
ord_bf16e7a1,cust_8f457282,2024-10-12 19:49:43,refunded,linear,google,1,1,1,1.0,63.34,63.34
ord_bf16e7a1,cust_8f457282,2024-10-12 19:49:43,refunded,time_decay,google,1,1,1,1.0,63.34,63.34
ord_1a42e1c1,cust_53b80301,2024-10-12 07:55:56,paid,last_touch,direct,1,1,1,1.0,36.21,36.21
ord_1a42e1c1,cust_53b80301,2024-10-12 07:55:56,paid,first_touch,direct,1,1,1,1.0,36.21,36.21
ord_1a42e1c1,cust_53b80301,2024-10-12 07:55:56,paid,linear,direct,1,1,1,1.0,36.21,36.21
ord_1a42e1c1,cust_53b80301,2024-10-12 07:55:56,paid,time_decay,direct,1,1,1,1.0,36.21,36.21
ord_62e054f7,cust_c93cf7cb,2024-10-12 15:37:09,paid,last_touch,direct,1,1,1,1.0,123.76,123.76
ord_62e054f7,cust_c93cf7cb,2024-10-12 15:37:09,paid,first_touch,direct,1,1,1,1.0,123.76,123.76
ord_62e054f7,cust_c93cf7cb,2024-10-12 15:37:09,paid,linear,direct,1,1,1,1.0,123.76,123.76
ord_62e054f7,cust_c93cf7cb,2024-10-12 15:37:09,paid,time_decay,direct,1,1,1,1.0,123.76,123.76
ord_332d027a,cust_126cfaba,2024-10-12 16:10:24,paid,last_touch,tiktok,1,1,1,1.0,76.17,76.17
ord_332d027a,cust_126cfaba,2024-10-12 16:10:24,paid,first_touch,tiktok,1,1,1,1.0,76.17,76.17
ord_332d027a,cust_126cfaba,2024-10-12 16:10:24,paid,linear,tiktok,1,1,1,1.0,76.17,76.17
ord_332d027a,cust_126cfaba,2024-10-12 16:10:24,paid,time_decay,tiktok,1,1,1,1.0,76.17,76.17
ord_c550f54d,cust_2ba1144b,2024-10-12 12:19:14,refunded,last_touch,direct,1,1,1,1.0,78.62,78.62
ord_c550f54d,cust_2ba1144b,2024-10-12 12:19:14,refunded,first_touch,direct,1,1,1,1.0,78.62,78.62
ord_c550f54d,cust_2ba1144b,2024-10-12 12:19:14,refunded,linear,direct,1,1,1,1.0,78.62,78.62
ord_c550f54d,cust_2ba1144b,2024-10-12 12:19:14,refunded,time_decay,direct,1,1,1,1.0,78.62,78.62
ord_fb2614d6,cust_159e4452,2024-10-12 14:44:25,paid,last_touch,tiktok,1,1,1,1.0,228.43,228.43
ord_fb2614d6,cust_159e4452,2024-10-12 14:44:25,paid,first_touch,tiktok,1,1,1,1.0,228.43,228.43
ord_fb2614d6,cust_159e4452,2024-10-12 14:44:25,paid,linear,tiktok,1,1,1,1.0,228.43,228.43
ord_fb2614d6,cust_159e4452,2024-10-12 14:44:25,paid,time_decay,tiktok,1,1,1,1.0,228.43,228.43
ord_7298036c,cust_f693648f,2024-10-13 19:17:07,refunded,last_touch,google,1,1,1,1.0,37.26,37.26
ord_7298036c,cust_f693648f,2024-10-13 19:17:07,refunded,first_touch,google,1,1,1,1.0,37.26,37.26
ord_7298036c,cust_f693648f,2024-10-13 19:17:07,refunded,linear,google,1,1,1,1.0,37.26,37.26
ord_7298036c,cust_f693648f,2024-10-13 19:17:07,refunded,time_decay,google,1,1,1,1.0,37.26,37.26
ord_51ea3f28,cust_47f6b496,2024-10-13 19:02:39,paid,last_touch,google,1,1,1,1.0,393.94,393.94
ord_51ea3f28,cust_47f6b496,2024-10-13 19:02:39,paid,first_touch,google,1,1,1,1.0,393.94,393.94
ord_51ea3f28,cust_47f6b496,2024-10-13 19:02:39,paid,linear,google,1,1,1,1.0,393.94,393.94
ord_51ea3f28,cust_47f6b496,2024-10-13 19:02:39,paid,time_decay,google,1,1,1,1.0,393.94,393.94
ord_23f953fe,cust_0de59263,2024-10-13 11:20:55,paid,last_touch,organic,1,1,1,1.0,106.23,106.23
ord_23f953fe,cust_0de59263,2024-10-13 11:20:55,paid,first_touch,organic,1,1,1,1.0,106.23,106.23
ord_23f953fe,cust_0de59263,2024-10-13 11:20:55,paid,linear,organic,1,1,1,1.0,106.23,106.23
ord_23f953fe,cust_0de59263,2024-10-13 11:20:55,paid,time_decay,organic,1,1,1,1.0,106.23,106.23
ord_81adb946,cust_c867548a,2024-10-13 20:33:26,paid,last_touch,organic,1,1,1,1.0,57.54,57.54
ord_81adb946,cust_c867548a,2024-10-13 20:33:26,paid,first_touch,organic,1,1,1,1.0,57.54,57.54
ord_81adb946,cust_c867548a,2024-10-13 20:33:26,paid,linear,organic,1,1,1,1.0,57.54,57.54
ord_81adb946,cust_c867548a,2024-10-13 20:33:26,paid,time_decay,organic,1,1,1,1.0,57.54,57.54
ord_9a00ddbc,cust_f231b5b2,2024-10-14 12:22:20,paid,last_touch,tiktok,1,1,1,1.0,126.99,126.99
ord_9a00ddbc,cust_f231b5b2,2024-10-14 12:22:20,paid,first_touch,tiktok,1,1,1,1.0,126.99,126.99
ord_9a00ddbc,cust_f231b5b2,2024-10-14 12:22:20,paid,linear,tiktok,1,1,1,1.0,126.99,126.99
ord_9a00ddbc,cust_f231b5b2,2024-10-14 12:22:20,paid,time_decay,tiktok,1,1,1,1.0,126.99,126.99
ord_729df477,cust_00bf11bc,2024-10-14 07:22:05,paid,last_touch,organic,1,1,1,1.0,106.81,106.81
ord_729df477,cust_00bf11bc,2024-10-14 07:22:05,paid,first_touch,organic,1,1,1,1.0,106.81,106.81
ord_729df477,cust_00bf11bc,2024-10-14 07:22:05,paid,linear,organic,1,1,1,1.0,106.81,106.81
ord_729df477,cust_00bf11bc,2024-10-14 07:22:05,paid,time_decay,organic,1,1,1,1.0,106.81,106.81
ord_f4977c15,cust_e6d0dcde,2024-10-14 21:24:19,paid,last_touch,google,1,1,1,1.0,90.37,90.37
ord_f4977c15,cust_e6d0dcde,2024-10-14 21:24:19,paid,first_touch,google,1,1,1,1.0,90.37,90.37
ord_f4977c15,cust_e6d0dcde,2024-10-14 21:24:19,paid,linear,google,1,1,1,1.0,90.37,90.37
ord_f4977c15,cust_e6d0dcde,2024-10-14 21:24:19,paid,time_decay,google,1,1,1,1.0,90.37,90.37
ord_d52d8e6c,cust_69c86e2f,2024-10-14 15:28:32,paid,last_touch,google,1,1,1,1.0,84.59,84.59
ord_d52d8e6c,cust_69c86e2f,2024-10-14 15:28:32,paid,first_touch,google,1,1,1,1.0,84.59,84.59
ord_d52d8e6c,cust_69c86e2f,2024-10-14 15:28:32,paid,linear,google,1,1,1,1.0,84.59,84.59
ord_d52d8e6c,cust_69c86e2f,2024-10-14 15:28:32,paid,time_decay,google,1,1,1,1.0,84.59,84.59
ord_88fcd1a4,cust_bbe6c9ed,2024-10-14 20:05:41,paid,last_touch,direct,1,1,1,1.0,39.48,39.48
ord_88fcd1a4,cust_bbe6c9ed,2024-10-14 20:05:41,paid,first_touch,organic,1,1,1,1.0,39.48,39.48
ord_88fcd1a4,cust_bbe6c9ed,2024-10-14 20:05:41,paid,linear,organic,1,1,1,1.0,39.48,39.48
ord_88fcd1a4,cust_bbe6c9ed,2024-10-14 20:05:41,paid,time_decay,organic,1,1,1,1.0,39.48,39.48
ord_ae3a9952,cust_2b728526,2024-10-14 18:14:23,paid,last_touch,meta,1,1,1,1.0,109.93,109.93
ord_ae3a9952,cust_2b728526,2024-10-14 18:14:23,paid,first_touch,meta,1,1,1,1.0,109.93,109.93
ord_ae3a9952,cust_2b728526,2024-10-14 18:14:23,paid,linear,meta,1,1,1,1.0,109.93,109.93
ord_ae3a9952,cust_2b728526,2024-10-14 18:14:23,paid,time_decay,meta,1,1,1,1.0,109.93,109.93
ord_073a3aad,cust_2b4fcf0d,2024-10-14 11:46:56,paid,last_touch,direct,1,1,1,1.0,79.58,79.58
ord_073a3aad,cust_2b4fcf0d,2024-10-14 11:46:56,paid,first_touch,direct,1,1,1,1.0,79.58,79.58
ord_073a3aad,cust_2b4fcf0d,2024-10-14 11:46:56,paid,linear,direct,1,1,1,1.0,79.58,79.58
ord_073a3aad,cust_2b4fcf0d,2024-10-14 11:46:56,paid,time_decay,direct,1,1,1,1.0,79.58,79.58
ord_d6166195,cust_540e9723,2024-10-14 15:25:45,paid,last_touch,direct,1,1,1,1.0,81.23,81.23
ord_d6166195,cust_540e9723,2024-10-14 15:25:45,paid,first_touch,direct,1,1,1,1.0,81.23,81.23
ord_d6166195,cust_540e9723,2024-10-14 15:25:45,paid,linear,direct,1,1,1,1.0,81.23,81.23
ord_d6166195,cust_540e9723,2024-10-14 15:25:45,paid,time_decay,direct,1,1,1,1.0,81.23,81.23
ord_e6cf1fa3,cust_44ffb703,2024-10-14 10:01:09,paid,last_touch,organic,1,1,1,1.0,91.92,91.92
ord_e6cf1fa3,cust_44ffb703,2024-10-14 10:01:09,paid,first_touch,organic,1,1,1,1.0,91.92,91.92
ord_e6cf1fa3,cust_44ffb703,2024-10-14 10:01:09,paid,linear,organic,1,1,1,1.0,91.92,91.92
ord_e6cf1fa3,cust_44ffb703,2024-10-14 10:01:09,paid,time_decay,organic,1,1,1,1.0,91.92,91.92
ord_04948f2e,cust_968632da,2024-10-15 23:56:45,paid,last_touch,google,1,1,1,1.0,84.17,84.17
ord_04948f2e,cust_968632da,2024-10-15 23:56:45,paid,first_touch,google,1,1,1,1.0,84.17,84.17
ord_04948f2e,cust_968632da,2024-10-15 23:56:45,paid,linear,google,1,1,1,1.0,84.17,84.17
ord_04948f2e,cust_968632da,2024-10-15 23:56:45,paid,time_decay,google,1,1,1,1.0,84.17,84.17
ord_c8a332ab,cust_4e28273f,2024-10-15 09:10:36,paid,last_touch,direct,1,1,1,1.0,102.79,102.79
ord_c8a332ab,cust_4e28273f,2024-10-15 09:10:36,paid,first_touch,direct,1,1,1,1.0,102.79,102.79
ord_c8a332ab,cust_4e28273f,2024-10-15 09:10:36,paid,linear,direct,1,1,1,1.0,102.79,102.79
ord_c8a332ab,cust_4e28273f,2024-10-15 09:10:36,paid,time_decay,direct,1,1,1,1.0,102.79,102.79
ord_3239f0e0,cust_0b120dfa,2024-10-16 16:59:31,refunded,last_touch,email,1,1,1,1.0,47.47,47.47
ord_3239f0e0,cust_0b120dfa,2024-10-16 16:59:31,refunded,first_touch,email,1,1,1,1.0,47.47,47.47
ord_3239f0e0,cust_0b120dfa,2024-10-16 16:59:31,refunded,linear,email,1,1,1,1.0,47.47,47.47
ord_3239f0e0,cust_0b120dfa,2024-10-16 16:59:31,refunded,time_decay,email,1,1,1,1.0,47.47,47.47
ord_06557ac6,cust_fd70cf10,2024-10-16 02:11:54,paid,last_touch,meta,1,1,1,1.0,39.29,39.29
ord_06557ac6,cust_fd70cf10,2024-10-16 02:11:54,paid,first_touch,meta,1,1,1,1.0,39.29,39.29
ord_06557ac6,cust_fd70cf10,2024-10-16 02:11:54,paid,linear,meta,1,1,1,1.0,39.29,39.29
ord_06557ac6,cust_fd70cf10,2024-10-16 02:11:54,paid,time_decay,meta,1,1,1,1.0,39.29,39.29
ord_167fee69,cust_0454a640,2024-10-16 17:20:50,paid,last_touch,google,1,1,1,1.0,37.01,37.01
ord_167fee69,cust_0454a640,2024-10-16 17:20:50,paid,first_touch,google,1,1,1,1.0,37.01,37.01
ord_167fee69,cust_0454a640,2024-10-16 17:20:50,paid,linear,google,1,1,1,1.0,37.01,37.01
ord_167fee69,cust_0454a640,2024-10-16 17:20:50,paid,time_decay,google,1,1,1,1.0,37.01,37.01
ord_11ae46e1,cust_7c061df7,2024-10-16 12:25:24,paid,last_touch,email,1,1,1,1.0,226.96,226.96
ord_11ae46e1,cust_7c061df7,2024-10-16 12:25:24,paid,first_touch,email,1,1,1,1.0,226.96,226.96
ord_11ae46e1,cust_7c061df7,2024-10-16 12:25:24,paid,linear,email,1,1,1,1.0,226.96,226.96
ord_11ae46e1,cust_7c061df7,2024-10-16 12:25:24,paid,time_decay,email,1,1,1,1.0,226.96,226.96
ord_e67d87ae,cust_493e040c,2024-10-16 15:21:25,paid,last_touch,google,1,1,1,1.0,164.5,164.5
ord_e67d87ae,cust_493e040c,2024-10-16 15:21:25,paid,first_touch,google,1,1,1,1.0,164.5,164.5
ord_e67d87ae,cust_493e040c,2024-10-16 15:21:25,paid,linear,google,1,1,1,1.0,164.5,164.5
ord_e67d87ae,cust_493e040c,2024-10-16 15:21:25,paid,time_decay,google,1,1,1,1.0,164.5,164.5
ord_ab0880c8,cust_35dbd927,2024-10-16 19:47:22,paid,last_touch,organic,1,1,1,1.0,89.45,89.45
ord_ab0880c8,cust_35dbd927,2024-10-16 19:47:22,paid,first_touch,organic,1,1,1,1.0,89.45,89.45
ord_ab0880c8,cust_35dbd927,2024-10-16 19:47:22,paid,linear,organic,1,1,1,1.0,89.45,89.45
ord_ab0880c8,cust_35dbd927,2024-10-16 19:47:22,paid,time_decay,organic,1,1,1,1.0,89.45,89.45
ord_b94a1e3d,cust_6d721f8b,2024-10-16 03:02:37,paid,last_touch,meta,1,1,1,1.0,51.12,51.12
ord_b94a1e3d,cust_6d721f8b,2024-10-16 03:02:37,paid,first_touch,meta,1,1,1,1.0,51.12,51.12
ord_b94a1e3d,cust_6d721f8b,2024-10-16 03:02:37,paid,linear,meta,1,1,1,1.0,51.12,51.12
ord_b94a1e3d,cust_6d721f8b,2024-10-16 03:02:37,paid,time_decay,meta,1,1,1,1.0,51.12,51.12
ord_aae8c1c9,cust_96e2e401,2024-10-17 19:18:00,paid,last_touch,organic,1,1,1,1.0,85.2,85.2
ord_aae8c1c9,cust_96e2e401,2024-10-17 19:18:00,paid,first_touch,organic,1,1,1,1.0,85.2,85.2
ord_aae8c1c9,cust_96e2e401,2024-10-17 19:18:00,paid,linear,organic,1,1,1,1.0,85.2,85.2
ord_aae8c1c9,cust_96e2e401,2024-10-17 19:18:00,paid,time_decay,organic,1,1,1,1.0,85.2,85.2
ord_2246b6a7,cust_4ae4871e,2024-10-17 17:22:17,paid,last_touch,meta,1,1,1,1.0,141.89,141.89
ord_2246b6a7,cust_4ae4871e,2024-10-17 17:22:17,paid,first_touch,meta,1,1,1,1.0,141.89,141.89
ord_2246b6a7,cust_4ae4871e,2024-10-17 17:22:17,paid,linear,meta,1,1,1,1.0,141.89,141.89
ord_2246b6a7,cust_4ae4871e,2024-10-17 17:22:17,paid,time_decay,meta,1,1,1,1.0,141.89,141.89
ord_33278f55,cust_68dcbd96,2024-10-17 08:30:14,paid,last_touch,meta,1,1,1,1.0,35.46,35.46
ord_33278f55,cust_68dcbd96,2024-10-17 08:30:14,paid,first_touch,meta,1,1,1,1.0,35.46,35.46
ord_33278f55,cust_68dcbd96,2024-10-17 08:30:14,paid,linear,meta,1,1,1,1.0,35.46,35.46
ord_33278f55,cust_68dcbd96,2024-10-17 08:30:14,paid,time_decay,meta,1,1,1,1.0,35.46,35.46
ord_5fc92b7a,cust_b2da8de7,2024-10-17 07:40:13,paid,last_touch,direct,1,1,1,1.0,37.41,37.41
ord_5fc92b7a,cust_b2da8de7,2024-10-17 07:40:13,paid,first_touch,organic,1,1,1,1.0,37.41,37.41
ord_5fc92b7a,cust_b2da8de7,2024-10-17 07:40:13,paid,linear,organic,1,1,1,1.0,37.41,37.41
ord_5fc92b7a,cust_b2da8de7,2024-10-17 07:40:13,paid,time_decay,organic,1,1,1,1.0,37.41,37.41
ord_5440fb09,cust_b2512122,2024-10-17 14:11:30,paid,last_touch,email,1,1,1,1.0,81.56,81.56
ord_5440fb09,cust_b2512122,2024-10-17 14:11:30,paid,first_touch,email,1,1,1,1.0,81.56,81.56
ord_5440fb09,cust_b2512122,2024-10-17 14:11:30,paid,linear,email,1,1,1,1.0,81.56,81.56
ord_5440fb09,cust_b2512122,2024-10-17 14:11:30,paid,time_decay,email,1,1,1,1.0,81.56,81.56
ord_dbac1cea,cust_3fa8b4d0,2024-10-17 07:00:44,paid,last_touch,meta,1,1,1,1.0,62.19,62.19
ord_dbac1cea,cust_3fa8b4d0,2024-10-17 07:00:44,paid,first_touch,meta,1,1,1,1.0,62.19,62.19
ord_dbac1cea,cust_3fa8b4d0,2024-10-17 07:00:44,paid,linear,meta,1,1,1,1.0,62.19,62.19
ord_dbac1cea,cust_3fa8b4d0,2024-10-17 07:00:44,paid,time_decay,meta,1,1,1,1.0,62.19,62.19
ord_f0e5a466,cust_7f20ded9,2024-10-18 11:02:03,paid,last_touch,google,1,1,1,1.0,60.88,60.88
ord_f0e5a466,cust_7f20ded9,2024-10-18 11:02:03,paid,first_touch,google,1,1,1,1.0,60.88,60.88
ord_f0e5a466,cust_7f20ded9,2024-10-18 11:02:03,paid,linear,google,1,1,1,1.0,60.88,60.88
ord_f0e5a466,cust_7f20ded9,2024-10-18 11:02:03,paid,time_decay,google,1,1,1,1.0,60.88,60.88
ord_14965327,cust_a07f6952,2024-10-18 18:28:19,paid,last_touch,meta,1,1,1,1.0,113.64,113.64
ord_14965327,cust_a07f6952,2024-10-18 18:28:19,paid,first_touch,meta,1,1,1,1.0,113.64,113.64
ord_14965327,cust_a07f6952,2024-10-18 18:28:19,paid,linear,meta,1,1,1,1.0,113.64,113.64
ord_14965327,cust_a07f6952,2024-10-18 18:28:19,paid,time_decay,meta,1,1,1,1.0,113.64,113.64
ord_1aa095a2,cust_0f51c251,2024-10-18 20:28:28,paid,last_touch,google,1,1,1,1.0,115.01,115.01
ord_1aa095a2,cust_0f51c251,2024-10-18 20:28:28,paid,first_touch,google,1,1,1,1.0,115.01,115.01
ord_1aa095a2,cust_0f51c251,2024-10-18 20:28:28,paid,linear,google,1,1,1,1.0,115.01,115.01
ord_1aa095a2,cust_0f51c251,2024-10-18 20:28:28,paid,time_decay,google,1,1,1,1.0,115.01,115.01
ord_fd77bc96,cust_eb4e3ec1,2024-10-18 11:58:37,paid,last_touch,direct,1,1,1,1.0,93.8,93.8
ord_fd77bc96,cust_eb4e3ec1,2024-10-18 11:58:37,paid,first_touch,google,1,1,1,1.0,93.8,93.8
ord_fd77bc96,cust_eb4e3ec1,2024-10-18 11:58:37,paid,linear,google,1,1,1,1.0,93.8,93.8
ord_fd77bc96,cust_eb4e3ec1,2024-10-18 11:58:37,paid,time_decay,google,1,1,1,1.0,93.8,93.8
ord_86f8d60b,cust_cb58594c,2024-10-18 15:49:25,paid,last_touch,tiktok,1,1,1,1.0,71.56,71.56
ord_86f8d60b,cust_cb58594c,2024-10-18 15:49:25,paid,first_touch,tiktok,1,1,1,1.0,71.56,71.56
ord_86f8d60b,cust_cb58594c,2024-10-18 15:49:25,paid,linear,tiktok,1,1,1,1.0,71.56,71.56
ord_86f8d60b,cust_cb58594c,2024-10-18 15:49:25,paid,time_decay,tiktok,1,1,1,1.0,71.56,71.56
ord_e791a121,cust_5caf0fa0,2024-10-19 12:12:52,paid,last_touch,organic,1,1,1,1.0,73.71,73.71
ord_e791a121,cust_5caf0fa0,2024-10-19 12:12:52,paid,first_touch,organic,1,1,1,1.0,73.71,73.71
ord_e791a121,cust_5caf0fa0,2024-10-19 12:12:52,paid,linear,organic,1,1,1,1.0,73.71,73.71
ord_e791a121,cust_5caf0fa0,2024-10-19 12:12:52,paid,time_decay,organic,1,1,1,1.0,73.71,73.71
ord_3f727d33,cust_a84efb2f,2024-10-19 08:31:58,paid,last_touch,tiktok,1,1,1,1.0,111.26,111.26
ord_3f727d33,cust_a84efb2f,2024-10-19 08:31:58,paid,first_touch,tiktok,1,1,1,1.0,111.26,111.26
ord_3f727d33,cust_a84efb2f,2024-10-19 08:31:58,paid,linear,tiktok,1,1,1,1.0,111.26,111.26
ord_3f727d33,cust_a84efb2f,2024-10-19 08:31:58,paid,time_decay,tiktok,1,1,1,1.0,111.26,111.26
ord_523911b9,cust_e4261836,2024-10-19 22:55:17,paid,last_touch,google,1,1,1,1.0,82.41,82.41
ord_523911b9,cust_e4261836,2024-10-19 22:55:17,paid,first_touch,google,1,1,1,1.0,82.41,82.41
ord_523911b9,cust_e4261836,2024-10-19 22:55:17,paid,linear,google,1,1,1,1.0,82.41,82.41
ord_523911b9,cust_e4261836,2024-10-19 22:55:17,paid,time_decay,google,1,1,1,1.0,82.41,82.41
ord_76f3b127,cust_fe8953b5,2024-10-19 21:25:38,paid,last_touch,direct,1,1,1,1.0,80.91,80.91
ord_76f3b127,cust_fe8953b5,2024-10-19 21:25:38,paid,first_touch,direct,1,1,1,1.0,80.91,80.91
ord_76f3b127,cust_fe8953b5,2024-10-19 21:25:38,paid,linear,direct,1,1,1,1.0,80.91,80.91
ord_76f3b127,cust_fe8953b5,2024-10-19 21:25:38,paid,time_decay,direct,1,1,1,1.0,80.91,80.91
ord_9c85a127,cust_c0a9976b,2024-10-19 09:12:39,paid,last_touch,meta,1,1,1,1.0,96.81,96.81
ord_9c85a127,cust_c0a9976b,2024-10-19 09:12:39,paid,first_touch,meta,1,1,1,1.0,96.81,96.81
ord_9c85a127,cust_c0a9976b,2024-10-19 09:12:39,paid,linear,meta,1,1,1,1.0,96.81,96.81
ord_9c85a127,cust_c0a9976b,2024-10-19 09:12:39,paid,time_decay,meta,1,1,1,1.0,96.81,96.81
ord_6067adaa,cust_d221fe61,2024-10-19 21:43:43,paid,last_touch,meta,1,1,1,1.0,125.06,125.06
ord_6067adaa,cust_d221fe61,2024-10-19 21:43:43,paid,first_touch,meta,1,1,1,1.0,125.06,125.06
ord_6067adaa,cust_d221fe61,2024-10-19 21:43:43,paid,linear,meta,1,1,1,1.0,125.06,125.06
ord_6067adaa,cust_d221fe61,2024-10-19 21:43:43,paid,time_decay,meta,1,1,1,1.0,125.06,125.06
ord_12a2f184,cust_194b093d,2024-10-19 10:45:16,paid,last_touch,direct,1,1,1,1.0,197.21,197.21
ord_12a2f184,cust_194b093d,2024-10-19 10:45:16,paid,first_touch,tiktok,1,1,1,1.0,197.21,197.21
ord_12a2f184,cust_194b093d,2024-10-19 10:45:16,paid,linear,tiktok,1,1,1,1.0,197.21,197.21
ord_12a2f184,cust_194b093d,2024-10-19 10:45:16,paid,time_decay,tiktok,1,1,1,1.0,197.21,197.21
ord_d8a5558e,cust_5fba4f2e,2024-10-19 17:27:53,paid,last_touch,meta,1,1,1,1.0,139.86,139.86
ord_d8a5558e,cust_5fba4f2e,2024-10-19 17:27:53,paid,first_touch,meta,1,1,1,1.0,139.86,139.86
ord_d8a5558e,cust_5fba4f2e,2024-10-19 17:27:53,paid,linear,meta,1,1,1,1.0,139.86,139.86
ord_d8a5558e,cust_5fba4f2e,2024-10-19 17:27:53,paid,time_decay,meta,1,1,1,1.0,139.86,139.86
ord_6fda0eec,cust_b300c63b,2024-10-19 11:21:43,paid,last_touch,meta,1,1,1,1.0,256.81,256.81
ord_6fda0eec,cust_b300c63b,2024-10-19 11:21:43,paid,first_touch,meta,1,1,1,1.0,256.81,256.81
ord_6fda0eec,cust_b300c63b,2024-10-19 11:21:43,paid,linear,meta,1,1,1,1.0,256.81,256.81
ord_6fda0eec,cust_b300c63b,2024-10-19 11:21:43,paid,time_decay,meta,1,1,1,1.0,256.81,256.81
ord_d8f135f3,cust_a447bf28,2024-10-20 22:28:53,paid,last_touch,tiktok,1,1,1,1.0,78.06,78.06
ord_d8f135f3,cust_a447bf28,2024-10-20 22:28:53,paid,first_touch,tiktok,1,1,1,1.0,78.06,78.06
ord_d8f135f3,cust_a447bf28,2024-10-20 22:28:53,paid,linear,tiktok,1,1,1,1.0,78.06,78.06
ord_d8f135f3,cust_a447bf28,2024-10-20 22:28:53,paid,time_decay,tiktok,1,1,1,1.0,78.06,78.06
ord_e4fd6ca7,cust_18d462ba,2024-10-20 09:00:45,paid,last_touch,direct,1,1,1,1.0,107.69,107.69
ord_e4fd6ca7,cust_18d462ba,2024-10-20 09:00:45,paid,first_touch,tiktok,1,1,1,1.0,107.69,107.69
ord_e4fd6ca7,cust_18d462ba,2024-10-20 09:00:45,paid,linear,tiktok,1,1,1,1.0,107.69,107.69
ord_e4fd6ca7,cust_18d462ba,2024-10-20 09:00:45,paid,time_decay,tiktok,1,1,1,1.0,107.69,107.69
ord_1a3b8392,cust_d539a685,2024-10-20 13:35:00,refunded,last_touch,google,1,1,1,1.0,132.28,132.28
ord_1a3b8392,cust_d539a685,2024-10-20 13:35:00,refunded,first_touch,google,1,1,1,1.0,132.28,132.28
ord_1a3b8392,cust_d539a685,2024-10-20 13:35:00,refunded,linear,google,1,1,1,1.0,132.28,132.28
ord_1a3b8392,cust_d539a685,2024-10-20 13:35:00,refunded,time_decay,google,1,1,1,1.0,132.28,132.28
ord_21c42e3c,cust_018ecb4a,2024-10-20 16:32:46,paid,last_touch,direct,1,1,1,1.0,208.39,208.39
ord_21c42e3c,cust_018ecb4a,2024-10-20 16:32:46,paid,first_touch,organic,1,1,1,1.0,208.39,208.39
ord_21c42e3c,cust_018ecb4a,2024-10-20 16:32:46,paid,linear,organic,1,1,1,1.0,208.39,208.39
ord_21c42e3c,cust_018ecb4a,2024-10-20 16:32:46,paid,time_decay,organic,1,1,1,1.0,208.39,208.39
ord_4f53cb36,cust_d72ad9b8,2024-10-20 01:39:13,refunded,last_touch,organic,1,1,1,1.0,90.66,90.66
ord_4f53cb36,cust_d72ad9b8,2024-10-20 01:39:13,refunded,first_touch,organic,1,1,1,1.0,90.66,90.66
ord_4f53cb36,cust_d72ad9b8,2024-10-20 01:39:13,refunded,linear,organic,1,1,1,1.0,90.66,90.66
ord_4f53cb36,cust_d72ad9b8,2024-10-20 01:39:13,refunded,time_decay,organic,1,1,1,1.0,90.66,90.66
ord_9cf3cb89,cust_1953124c,2024-10-20 21:05:28,paid,last_touch,meta,1,1,1,1.0,92.95,92.95
ord_9cf3cb89,cust_1953124c,2024-10-20 21:05:28,paid,first_touch,meta,1,1,1,1.0,92.95,92.95
ord_9cf3cb89,cust_1953124c,2024-10-20 21:05:28,paid,linear,meta,1,1,1,1.0,92.95,92.95
ord_9cf3cb89,cust_1953124c,2024-10-20 21:05:28,paid,time_decay,meta,1,1,1,1.0,92.95,92.95
ord_1ed30886,cust_d8081501,2024-10-21 18:36:33,paid,last_touch,direct,1,1,1,1.0,310.62,310.62
ord_1ed30886,cust_d8081501,2024-10-21 18:36:33,paid,first_touch,meta,1,1,1,1.0,310.62,310.62
ord_1ed30886,cust_d8081501,2024-10-21 18:36:33,paid,linear,meta,1,1,1,1.0,310.62,310.62
ord_1ed30886,cust_d8081501,2024-10-21 18:36:33,paid,time_decay,meta,1,1,1,1.0,310.62,310.62
ord_70788250,cust_1975839e,2024-10-21 17:08:31,paid,last_touch,google,1,1,1,1.0,208.28,208.28
ord_70788250,cust_1975839e,2024-10-21 17:08:31,paid,first_touch,google,1,1,1,1.0,208.28,208.28
ord_70788250,cust_1975839e,2024-10-21 17:08:31,paid,linear,google,1,1,1,1.0,208.28,208.28
ord_70788250,cust_1975839e,2024-10-21 17:08:31,paid,time_decay,google,1,1,1,1.0,208.28,208.28
ord_1242bf43,cust_f4b59f6a,2024-10-21 21:54:49,paid,last_touch,meta,1,1,1,1.0,77.02,77.02
ord_1242bf43,cust_f4b59f6a,2024-10-21 21:54:49,paid,first_touch,meta,1,1,1,1.0,77.02,77.02
ord_1242bf43,cust_f4b59f6a,2024-10-21 21:54:49,paid,linear,meta,1,1,1,1.0,77.02,77.02
ord_1242bf43,cust_f4b59f6a,2024-10-21 21:54:49,paid,time_decay,meta,1,1,1,1.0,77.02,77.02
ord_10e02064,cust_44966d81,2024-10-21 19:44:25,paid,last_touch,tiktok,1,1,1,1.0,38.71,38.71
ord_10e02064,cust_44966d81,2024-10-21 19:44:25,paid,first_touch,tiktok,1,1,1,1.0,38.71,38.71
ord_10e02064,cust_44966d81,2024-10-21 19:44:25,paid,linear,tiktok,1,1,1,1.0,38.71,38.71
ord_10e02064,cust_44966d81,2024-10-21 19:44:25,paid,time_decay,tiktok,1,1,1,1.0,38.71,38.71
ord_c2a1b557,cust_759a11a9,2024-10-21 06:53:18,paid,last_touch,direct,1,1,1,1.0,94.78,94.78
ord_c2a1b557,cust_759a11a9,2024-10-21 06:53:18,paid,first_touch,direct,1,1,1,1.0,94.78,94.78
ord_c2a1b557,cust_759a11a9,2024-10-21 06:53:18,paid,linear,direct,1,1,1,1.0,94.78,94.78
ord_c2a1b557,cust_759a11a9,2024-10-21 06:53:18,paid,time_decay,direct,1,1,1,1.0,94.78,94.78
ord_ad96a27e,cust_f8ff5fe1,2024-10-21 15:25:58,paid,last_touch,google,1,1,1,1.0,81.55,81.55
ord_ad96a27e,cust_f8ff5fe1,2024-10-21 15:25:58,paid,first_touch,google,1,1,1,1.0,81.55,81.55
ord_ad96a27e,cust_f8ff5fe1,2024-10-21 15:25:58,paid,linear,google,1,1,1,1.0,81.55,81.55
ord_ad96a27e,cust_f8ff5fe1,2024-10-21 15:25:58,paid,time_decay,google,1,1,1,1.0,81.55,81.55
ord_f1d4ead1,cust_b9850f4a,2024-10-21 19:14:14,paid,last_touch,meta,1,1,1,1.0,72.97,72.97
ord_f1d4ead1,cust_b9850f4a,2024-10-21 19:14:14,paid,first_touch,meta,1,1,1,1.0,72.97,72.97
ord_f1d4ead1,cust_b9850f4a,2024-10-21 19:14:14,paid,linear,meta,1,1,1,1.0,72.97,72.97
ord_f1d4ead1,cust_b9850f4a,2024-10-21 19:14:14,paid,time_decay,meta,1,1,1,1.0,72.97,72.97
ord_c8b08f2f,cust_a3742b81,2024-10-22 16:01:16,paid,last_touch,direct,1,1,1,1.0,127.84,127.84
ord_c8b08f2f,cust_a3742b81,2024-10-22 16:01:16,paid,first_touch,direct,1,1,1,1.0,127.84,127.84
ord_c8b08f2f,cust_a3742b81,2024-10-22 16:01:16,paid,linear,direct,1,1,1,1.0,127.84,127.84
ord_c8b08f2f,cust_a3742b81,2024-10-22 16:01:16,paid,time_decay,direct,1,1,1,1.0,127.84,127.84
ord_e366e999,cust_fbd74170,2024-10-22 06:16:16,paid,last_touch,direct,1,1,1,1.0,71.55,71.55
ord_e366e999,cust_fbd74170,2024-10-22 06:16:16,paid,first_touch,direct,1,1,1,1.0,71.55,71.55
ord_e366e999,cust_fbd74170,2024-10-22 06:16:16,paid,linear,direct,1,1,1,1.0,71.55,71.55
ord_e366e999,cust_fbd74170,2024-10-22 06:16:16,paid,time_decay,direct,1,1,1,1.0,71.55,71.55
ord_e03abec0,cust_77ece1d6,2024-10-22 08:57:02,paid,last_touch,email,1,1,1,1.0,93.9,93.9
ord_e03abec0,cust_77ece1d6,2024-10-22 08:57:02,paid,first_touch,email,1,1,1,1.0,93.9,93.9
ord_e03abec0,cust_77ece1d6,2024-10-22 08:57:02,paid,linear,email,1,1,1,1.0,93.9,93.9
ord_e03abec0,cust_77ece1d6,2024-10-22 08:57:02,paid,time_decay,email,1,1,1,1.0,93.9,93.9
ord_2b50e755,cust_41d5392a,2024-10-22 13:39:51,paid,last_touch,direct,1,1,1,1.0,82.18,82.18
ord_2b50e755,cust_41d5392a,2024-10-22 13:39:51,paid,first_touch,direct,1,1,1,1.0,82.18,82.18
ord_2b50e755,cust_41d5392a,2024-10-22 13:39:51,paid,linear,direct,1,1,1,1.0,82.18,82.18
ord_2b50e755,cust_41d5392a,2024-10-22 13:39:51,paid,time_decay,direct,1,1,1,1.0,82.18,82.18
ord_caf8e247,cust_58385c17,2024-10-22 20:54:35,paid,last_touch,direct,1,1,1,1.0,56.57,56.57
ord_caf8e247,cust_58385c17,2024-10-22 20:54:35,paid,first_touch,direct,1,1,1,1.0,56.57,56.57
ord_caf8e247,cust_58385c17,2024-10-22 20:54:35,paid,linear,direct,1,1,1,1.0,56.57,56.57
ord_caf8e247,cust_58385c17,2024-10-22 20:54:35,paid,time_decay,direct,1,1,1,1.0,56.57,56.57
ord_a63e8907,cust_b2ee8483,2024-10-22 11:14:32,paid,last_touch,organic,1,1,1,1.0,390.95,390.95
ord_a63e8907,cust_b2ee8483,2024-10-22 11:14:32,paid,first_touch,organic,1,1,1,1.0,390.95,390.95
ord_a63e8907,cust_b2ee8483,2024-10-22 11:14:32,paid,linear,organic,1,1,1,1.0,390.95,390.95
ord_a63e8907,cust_b2ee8483,2024-10-22 11:14:32,paid,time_decay,organic,1,1,1,1.0,390.95,390.95
ord_1d824860,cust_ac0bca1d,2024-10-23 20:09:42,paid,last_touch,google,1,1,1,1.0,102.58,102.58
ord_1d824860,cust_ac0bca1d,2024-10-23 20:09:42,paid,first_touch,google,1,1,1,1.0,102.58,102.58
ord_1d824860,cust_ac0bca1d,2024-10-23 20:09:42,paid,linear,google,1,1,1,1.0,102.58,102.58
ord_1d824860,cust_ac0bca1d,2024-10-23 20:09:42,paid,time_decay,google,1,1,1,1.0,102.58,102.58
ord_d9561189,cust_e6359434,2024-10-23 17:19:22,paid,last_touch,meta,1,1,1,1.0,38.85,38.85
ord_d9561189,cust_e6359434,2024-10-23 17:19:22,paid,first_touch,meta,1,1,1,1.0,38.85,38.85
ord_d9561189,cust_e6359434,2024-10-23 17:19:22,paid,linear,meta,1,1,1,1.0,38.85,38.85
ord_d9561189,cust_e6359434,2024-10-23 17:19:22,paid,time_decay,meta,1,1,1,1.0,38.85,38.85
ord_8355e842,cust_7d6ae9b8,2024-10-23 15:15:01,paid,last_touch,direct,1,1,1,1.0,69.57,69.57
ord_8355e842,cust_7d6ae9b8,2024-10-23 15:15:01,paid,first_touch,email,1,1,1,1.0,69.57,69.57
ord_8355e842,cust_7d6ae9b8,2024-10-23 15:15:01,paid,linear,email,1,1,1,1.0,69.57,69.57
ord_8355e842,cust_7d6ae9b8,2024-10-23 15:15:01,paid,time_decay,email,1,1,1,1.0,69.57,69.57
ord_2417f06a,cust_7ff95092,2024-10-23 19:35:08,paid,last_touch,direct,1,1,1,1.0,14.66,14.66
ord_2417f06a,cust_7ff95092,2024-10-23 19:35:08,paid,first_touch,direct,1,1,1,1.0,14.66,14.66
ord_2417f06a,cust_7ff95092,2024-10-23 19:35:08,paid,linear,direct,1,1,1,1.0,14.66,14.66
ord_2417f06a,cust_7ff95092,2024-10-23 19:35:08,paid,time_decay,direct,1,1,1,1.0,14.66,14.66
ord_fe323619,cust_5780e783,2024-10-23 20:26:25,paid,last_touch,google,1,1,1,1.0,40.51,40.51
ord_fe323619,cust_5780e783,2024-10-23 20:26:25,paid,first_touch,google,1,1,1,1.0,40.51,40.51
ord_fe323619,cust_5780e783,2024-10-23 20:26:25,paid,linear,google,1,1,1,1.0,40.51,40.51
ord_fe323619,cust_5780e783,2024-10-23 20:26:25,paid,time_decay,google,1,1,1,1.0,40.51,40.51
ord_4183faa1,cust_f245fa85,2024-10-24 18:28:40,paid,last_touch,tiktok,1,1,1,1.0,77.44,77.44
ord_4183faa1,cust_f245fa85,2024-10-24 18:28:40,paid,first_touch,tiktok,1,1,1,1.0,77.44,77.44
ord_4183faa1,cust_f245fa85,2024-10-24 18:28:40,paid,linear,tiktok,1,1,1,1.0,77.44,77.44
ord_4183faa1,cust_f245fa85,2024-10-24 18:28:40,paid,time_decay,tiktok,1,1,1,1.0,77.44,77.44
ord_6aec687c,cust_fb3c6e52,2024-10-24 01:19:22,paid,last_touch,tiktok,1,1,1,1.0,104.37,104.37
ord_6aec687c,cust_fb3c6e52,2024-10-24 01:19:22,paid,first_touch,tiktok,1,1,1,1.0,104.37,104.37
ord_6aec687c,cust_fb3c6e52,2024-10-24 01:19:22,paid,linear,tiktok,1,1,1,1.0,104.37,104.37
ord_6aec687c,cust_fb3c6e52,2024-10-24 01:19:22,paid,time_decay,tiktok,1,1,1,1.0,104.37,104.37
ord_be246864,cust_967dfbd0,2024-10-24 17:17:04,paid,last_touch,google,1,1,1,1.0,44.04,44.04
ord_be246864,cust_967dfbd0,2024-10-24 17:17:04,paid,first_touch,google,1,1,1,1.0,44.04,44.04
ord_be246864,cust_967dfbd0,2024-10-24 17:17:04,paid,linear,google,1,1,1,1.0,44.04,44.04
ord_be246864,cust_967dfbd0,2024-10-24 17:17:04,paid,time_decay,google,1,1,1,1.0,44.04,44.04
ord_4978d362,cust_6315f192,2024-10-24 12:47:34,paid,last_touch,email,1,1,1,1.0,41.55,41.55
ord_4978d362,cust_6315f192,2024-10-24 12:47:34,paid,first_touch,email,1,1,1,1.0,41.55,41.55
ord_4978d362,cust_6315f192,2024-10-24 12:47:34,paid,linear,email,1,1,1,1.0,41.55,41.55
ord_4978d362,cust_6315f192,2024-10-24 12:47:34,paid,time_decay,email,1,1,1,1.0,41.55,41.55
ord_764cf52b,cust_7cc90d8f,2024-10-24 05:25:49,paid,last_touch,meta,1,1,1,1.0,86.75,86.75
ord_764cf52b,cust_7cc90d8f,2024-10-24 05:25:49,paid,first_touch,meta,1,1,1,1.0,86.75,86.75
ord_764cf52b,cust_7cc90d8f,2024-10-24 05:25:49,paid,linear,meta,1,1,1,1.0,86.75,86.75
ord_764cf52b,cust_7cc90d8f,2024-10-24 05:25:49,paid,time_decay,meta,1,1,1,1.0,86.75,86.75
ord_aa463551,cust_aa38c0d8,2024-10-24 11:48:11,paid,last_touch,direct,1,1,1,1.0,89.6,89.6
ord_aa463551,cust_aa38c0d8,2024-10-24 11:48:11,paid,first_touch,direct,1,1,1,1.0,89.6,89.6
ord_aa463551,cust_aa38c0d8,2024-10-24 11:48:11,paid,linear,direct,1,1,1,1.0,89.6,89.6
ord_aa463551,cust_aa38c0d8,2024-10-24 11:48:11,paid,time_decay,direct,1,1,1,1.0,89.6,89.6
ord_f68e5992,cust_8edf9226,2024-10-25 17:18:25,paid,last_touch,organic,1,1,1,1.0,50.84,50.84
ord_f68e5992,cust_8edf9226,2024-10-25 17:18:25,paid,first_touch,organic,1,1,1,1.0,50.84,50.84
ord_f68e5992,cust_8edf9226,2024-10-25 17:18:25,paid,linear,organic,1,1,1,1.0,50.84,50.84
ord_f68e5992,cust_8edf9226,2024-10-25 17:18:25,paid,time_decay,organic,1,1,1,1.0,50.84,50.84
ord_62442626,cust_880f5fbd,2024-10-25 21:27:22,paid,last_touch,tiktok,1,1,1,1.0,118.7,118.7
ord_62442626,cust_880f5fbd,2024-10-25 21:27:22,paid,first_touch,tiktok,1,1,1,1.0,118.7,118.7
ord_62442626,cust_880f5fbd,2024-10-25 21:27:22,paid,linear,tiktok,1,1,1,1.0,118.7,118.7
ord_62442626,cust_880f5fbd,2024-10-25 21:27:22,paid,time_decay,tiktok,1,1,1,1.0,118.7,118.7
ord_69742344,cust_a0861d01,2024-10-25 10:11:51,paid,last_touch,direct,1,1,1,1.0,89.75,89.75
ord_69742344,cust_a0861d01,2024-10-25 10:11:51,paid,first_touch,organic,1,1,1,1.0,89.75,89.75
ord_69742344,cust_a0861d01,2024-10-25 10:11:51,paid,linear,organic,1,1,1,1.0,89.75,89.75
ord_69742344,cust_a0861d01,2024-10-25 10:11:51,paid,time_decay,organic,1,1,1,1.0,89.75,89.75
ord_703f16c2,cust_7fd132f1,2024-10-25 10:03:55,paid,last_touch,organic,1,1,1,1.0,122.1,122.1
ord_703f16c2,cust_7fd132f1,2024-10-25 10:03:55,paid,first_touch,organic,1,1,1,1.0,122.1,122.1
ord_703f16c2,cust_7fd132f1,2024-10-25 10:03:55,paid,linear,organic,1,1,1,1.0,122.1,122.1
ord_703f16c2,cust_7fd132f1,2024-10-25 10:03:55,paid,time_decay,organic,1,1,1,1.0,122.1,122.1
ord_a8ba5d10,cust_f22e1cab,2024-10-26 11:26:04,paid,last_touch,google,1,1,1,1.0,33.61,33.61
ord_a8ba5d10,cust_f22e1cab,2024-10-26 11:26:04,paid,first_touch,google,1,1,1,1.0,33.61,33.61
ord_a8ba5d10,cust_f22e1cab,2024-10-26 11:26:04,paid,linear,google,1,1,1,1.0,33.61,33.61
ord_a8ba5d10,cust_f22e1cab,2024-10-26 11:26:04,paid,time_decay,google,1,1,1,1.0,33.61,33.61
ord_254f2fde,cust_b6441b40,2024-10-26 19:56:09,paid,last_touch,organic,1,1,1,1.0,73.71,73.71
ord_254f2fde,cust_b6441b40,2024-10-26 19:56:09,paid,first_touch,organic,1,1,1,1.0,73.71,73.71
ord_254f2fde,cust_b6441b40,2024-10-26 19:56:09,paid,linear,organic,1,1,1,1.0,73.71,73.71
ord_254f2fde,cust_b6441b40,2024-10-26 19:56:09,paid,time_decay,organic,1,1,1,1.0,73.71,73.71
ord_03307958,cust_e9bfaa6e,2024-10-26 19:27:31,chargeback,last_touch,meta,1,1,1,1.0,127.09,127.09
ord_03307958,cust_e9bfaa6e,2024-10-26 19:27:31,chargeback,first_touch,meta,1,1,1,1.0,127.09,127.09
ord_03307958,cust_e9bfaa6e,2024-10-26 19:27:31,chargeback,linear,meta,1,1,1,1.0,127.09,127.09
ord_03307958,cust_e9bfaa6e,2024-10-26 19:27:31,chargeback,time_decay,meta,1,1,1,1.0,127.09,127.09
ord_f898f7bc,cust_a9bc4432,2024-10-26 14:39:56,paid,last_touch,google,1,1,1,1.0,79.08,79.08
ord_f898f7bc,cust_a9bc4432,2024-10-26 14:39:56,paid,first_touch,google,1,1,1,1.0,79.08,79.08
ord_f898f7bc,cust_a9bc4432,2024-10-26 14:39:56,paid,linear,google,1,1,1,1.0,79.08,79.08
ord_f898f7bc,cust_a9bc4432,2024-10-26 14:39:56,paid,time_decay,google,1,1,1,1.0,79.08,79.08
ord_ebff7de4,cust_10f61b46,2024-10-26 05:33:30,paid,last_touch,meta,1,1,1,1.0,161.28,161.28
ord_ebff7de4,cust_10f61b46,2024-10-26 05:33:30,paid,first_touch,meta,1,1,1,1.0,161.28,161.28
ord_ebff7de4,cust_10f61b46,2024-10-26 05:33:30,paid,linear,meta,1,1,1,1.0,161.28,161.28
ord_ebff7de4,cust_10f61b46,2024-10-26 05:33:30,paid,time_decay,meta,1,1,1,1.0,161.28,161.28
ord_f1c0a319,cust_6f429fc8,2024-10-26 17:35:33,paid,last_touch,meta,1,1,1,1.0,49.19,49.19
ord_f1c0a319,cust_6f429fc8,2024-10-26 17:35:33,paid,first_touch,meta,1,1,1,1.0,49.19,49.19
ord_f1c0a319,cust_6f429fc8,2024-10-26 17:35:33,paid,linear,meta,1,1,1,1.0,49.19,49.19
ord_f1c0a319,cust_6f429fc8,2024-10-26 17:35:33,paid,time_decay,meta,1,1,1,1.0,49.19,49.19
ord_9c59eaeb,cust_770f14b4,2024-10-26 20:17:47,paid,last_touch,organic,1,1,1,1.0,349.81,349.81
ord_9c59eaeb,cust_770f14b4,2024-10-26 20:17:47,paid,first_touch,organic,1,1,1,1.0,349.81,349.81
ord_9c59eaeb,cust_770f14b4,2024-10-26 20:17:47,paid,linear,organic,1,1,1,1.0,349.81,349.81
ord_9c59eaeb,cust_770f14b4,2024-10-26 20:17:47,paid,time_decay,organic,1,1,1,1.0,349.81,349.81
ord_66acf78f,cust_02f3a191,2024-10-26 00:16:24,paid,last_touch,direct,1,1,1,1.0,68.02,68.02
ord_66acf78f,cust_02f3a191,2024-10-26 00:16:24,paid,first_touch,meta,1,1,1,1.0,68.02,68.02
ord_66acf78f,cust_02f3a191,2024-10-26 00:16:24,paid,linear,meta,1,1,1,1.0,68.02,68.02
ord_66acf78f,cust_02f3a191,2024-10-26 00:16:24,paid,time_decay,meta,1,1,1,1.0,68.02,68.02
ord_1b17c440,cust_6151bcf3,2024-10-26 09:36:34,paid,last_touch,direct,1,1,1,1.0,91.17,91.17
ord_1b17c440,cust_6151bcf3,2024-10-26 09:36:34,paid,first_touch,meta,1,1,1,1.0,91.17,91.17
ord_1b17c440,cust_6151bcf3,2024-10-26 09:36:34,paid,linear,meta,1,1,1,1.0,91.17,91.17
ord_1b17c440,cust_6151bcf3,2024-10-26 09:36:34,paid,time_decay,meta,1,1,1,1.0,91.17,91.17
ord_c1ae9d1e,cust_3fad1efa,2024-10-26 11:16:46,paid,last_touch,meta,1,1,1,1.0,333.48,333.48
ord_c1ae9d1e,cust_3fad1efa,2024-10-26 11:16:46,paid,first_touch,meta,1,1,1,1.0,333.48,333.48
ord_c1ae9d1e,cust_3fad1efa,2024-10-26 11:16:46,paid,linear,meta,1,1,1,1.0,333.48,333.48
ord_c1ae9d1e,cust_3fad1efa,2024-10-26 11:16:46,paid,time_decay,meta,1,1,1,1.0,333.48,333.48
ord_bc130919,cust_62fa741d,2024-10-27 07:47:59,paid,last_touch,organic,1,1,1,1.0,101.29,101.29
ord_bc130919,cust_62fa741d,2024-10-27 07:47:59,paid,first_touch,organic,1,1,1,1.0,101.29,101.29
ord_bc130919,cust_62fa741d,2024-10-27 07:47:59,paid,linear,organic,1,1,1,1.0,101.29,101.29
ord_bc130919,cust_62fa741d,2024-10-27 07:47:59,paid,time_decay,organic,1,1,1,1.0,101.29,101.29
ord_daf78038,cust_42908f16,2024-10-27 11:30:34,paid,last_touch,direct,1,1,1,1.0,55.88,55.88
ord_daf78038,cust_42908f16,2024-10-27 11:30:34,paid,first_touch,meta,1,1,1,1.0,55.88,55.88
ord_daf78038,cust_42908f16,2024-10-27 11:30:34,paid,linear,meta,1,1,1,1.0,55.88,55.88
ord_daf78038,cust_42908f16,2024-10-27 11:30:34,paid,time_decay,meta,1,1,1,1.0,55.88,55.88
ord_7492eec0,cust_531dddf6,2024-10-27 13:23:24,paid,last_touch,direct,1,1,1,1.0,97.42,97.42
ord_7492eec0,cust_531dddf6,2024-10-27 13:23:24,paid,first_touch,direct,1,1,1,1.0,97.42,97.42
ord_7492eec0,cust_531dddf6,2024-10-27 13:23:24,paid,linear,direct,1,1,1,1.0,97.42,97.42
ord_7492eec0,cust_531dddf6,2024-10-27 13:23:24,paid,time_decay,direct,1,1,1,1.0,97.42,97.42
ord_39ec37e9,cust_98a3e5b1,2024-10-27 07:10:27,paid,last_touch,organic,1,1,1,1.0,56.76,56.76
ord_39ec37e9,cust_98a3e5b1,2024-10-27 07:10:27,paid,first_touch,organic,1,1,1,1.0,56.76,56.76
ord_39ec37e9,cust_98a3e5b1,2024-10-27 07:10:27,paid,linear,organic,1,1,1,1.0,56.76,56.76
ord_39ec37e9,cust_98a3e5b1,2024-10-27 07:10:27,paid,time_decay,organic,1,1,1,1.0,56.76,56.76
ord_a794b1e3,cust_4eacd951,2024-10-27 10:19:49,paid,last_touch,organic,1,1,1,1.0,85.91,85.91
ord_a794b1e3,cust_4eacd951,2024-10-27 10:19:49,paid,first_touch,organic,1,1,1,1.0,85.91,85.91
ord_a794b1e3,cust_4eacd951,2024-10-27 10:19:49,paid,linear,organic,1,1,1,1.0,85.91,85.91
ord_a794b1e3,cust_4eacd951,2024-10-27 10:19:49,paid,time_decay,organic,1,1,1,1.0,85.91,85.91
ord_153667b2,cust_1c09d71f,2024-10-27 17:58:21,paid,last_touch,tiktok,1,1,1,1.0,145.57,145.57
ord_153667b2,cust_1c09d71f,2024-10-27 17:58:21,paid,first_touch,tiktok,1,1,1,1.0,145.57,145.57
ord_153667b2,cust_1c09d71f,2024-10-27 17:58:21,paid,linear,tiktok,1,1,1,1.0,145.57,145.57
ord_153667b2,cust_1c09d71f,2024-10-27 17:58:21,paid,time_decay,tiktok,1,1,1,1.0,145.57,145.57
ord_1886a64f,cust_bfa9dd73,2024-10-28 00:01:50,paid,last_touch,direct,1,1,1,1.0,221.31,221.31
ord_1886a64f,cust_bfa9dd73,2024-10-28 00:01:50,paid,first_touch,meta,1,1,1,1.0,221.31,221.31
ord_1886a64f,cust_bfa9dd73,2024-10-28 00:01:50,paid,linear,meta,1,1,1,1.0,221.31,221.31
ord_1886a64f,cust_bfa9dd73,2024-10-28 00:01:50,paid,time_decay,meta,1,1,1,1.0,221.31,221.31
ord_76d31803,cust_c598e42b,2024-10-27 21:50:55,paid,last_touch,direct,1,1,1,1.0,90.47,90.47
ord_76d31803,cust_c598e42b,2024-10-27 21:50:55,paid,first_touch,direct,1,1,1,1.0,90.47,90.47
ord_76d31803,cust_c598e42b,2024-10-27 21:50:55,paid,linear,direct,1,1,1,1.0,90.47,90.47
ord_76d31803,cust_c598e42b,2024-10-27 21:50:55,paid,time_decay,direct,1,1,1,1.0,90.47,90.47
ord_35091890,cust_2d448732,2024-10-28 19:48:53,paid,last_touch,google,1,1,1,1.0,66.19,66.19
ord_35091890,cust_2d448732,2024-10-28 19:48:53,paid,first_touch,google,1,1,1,1.0,66.19,66.19
ord_35091890,cust_2d448732,2024-10-28 19:48:53,paid,linear,google,1,1,1,1.0,66.19,66.19
ord_35091890,cust_2d448732,2024-10-28 19:48:53,paid,time_decay,google,1,1,1,1.0,66.19,66.19
ord_5affa49d,cust_8a19c27b,2024-10-28 11:38:39,refunded,last_touch,direct,1,1,1,1.0,95.94,95.94
ord_5affa49d,cust_8a19c27b,2024-10-28 11:38:39,refunded,first_touch,direct,1,1,1,1.0,95.94,95.94
ord_5affa49d,cust_8a19c27b,2024-10-28 11:38:39,refunded,linear,direct,1,1,1,1.0,95.94,95.94
ord_5affa49d,cust_8a19c27b,2024-10-28 11:38:39,refunded,time_decay,direct,1,1,1,1.0,95.94,95.94
ord_dc1e6141,cust_a31cc31f,2024-10-28 16:59:51,refunded,last_touch,tiktok,1,1,1,1.0,69.26,69.26
ord_dc1e6141,cust_a31cc31f,2024-10-28 16:59:51,refunded,first_touch,tiktok,1,1,1,1.0,69.26,69.26
ord_dc1e6141,cust_a31cc31f,2024-10-28 16:59:51,refunded,linear,tiktok,1,1,1,1.0,69.26,69.26
ord_dc1e6141,cust_a31cc31f,2024-10-28 16:59:51,refunded,time_decay,tiktok,1,1,1,1.0,69.26,69.26
ord_399ae238,cust_a0afc567,2024-10-28 11:37:31,paid,last_touch,direct,1,1,1,1.0,55.56,55.56
ord_399ae238,cust_a0afc567,2024-10-28 11:37:31,paid,first_touch,meta,1,1,1,1.0,55.56,55.56
ord_399ae238,cust_a0afc567,2024-10-28 11:37:31,paid,linear,meta,1,1,1,1.0,55.56,55.56
ord_399ae238,cust_a0afc567,2024-10-28 11:37:31,paid,time_decay,meta,1,1,1,1.0,55.56,55.56
ord_519c1d22,cust_19fd2b66,2024-10-28 09:10:04,paid,last_touch,direct,1,1,1,1.0,101.95,101.95
ord_519c1d22,cust_19fd2b66,2024-10-28 09:10:04,paid,first_touch,google,1,1,1,1.0,101.95,101.95
ord_519c1d22,cust_19fd2b66,2024-10-28 09:10:04,paid,linear,google,1,1,1,1.0,101.95,101.95
ord_519c1d22,cust_19fd2b66,2024-10-28 09:10:04,paid,time_decay,google,1,1,1,1.0,101.95,101.95
ord_dc1de259,cust_516441de,2024-10-29 11:19:19,paid,last_touch,organic,1,1,1,1.0,149.53,149.53
ord_dc1de259,cust_516441de,2024-10-29 11:19:19,paid,first_touch,organic,1,1,1,1.0,149.53,149.53
ord_dc1de259,cust_516441de,2024-10-29 11:19:19,paid,linear,organic,1,1,1,1.0,149.53,149.53
ord_dc1de259,cust_516441de,2024-10-29 11:19:19,paid,time_decay,organic,1,1,1,1.0,149.53,149.53
ord_88584dc5,cust_7df2e628,2024-10-29 09:26:38,paid,last_touch,google,1,1,1,1.0,61.42,61.42
ord_88584dc5,cust_7df2e628,2024-10-29 09:26:38,paid,first_touch,google,1,1,1,1.0,61.42,61.42
ord_88584dc5,cust_7df2e628,2024-10-29 09:26:38,paid,linear,google,1,1,1,1.0,61.42,61.42
ord_88584dc5,cust_7df2e628,2024-10-29 09:26:38,paid,time_decay,google,1,1,1,1.0,61.42,61.42
ord_70665ad5,cust_ab799a51,2024-10-29 20:10:50,paid,last_touch,meta,1,1,1,1.0,67.26,67.26
ord_70665ad5,cust_ab799a51,2024-10-29 20:10:50,paid,first_touch,meta,1,1,1,1.0,67.26,67.26
ord_70665ad5,cust_ab799a51,2024-10-29 20:10:50,paid,linear,meta,1,1,1,1.0,67.26,67.26
ord_70665ad5,cust_ab799a51,2024-10-29 20:10:50,paid,time_decay,meta,1,1,1,1.0,67.26,67.26
ord_c0d68819,cust_0bec91cb,2024-10-29 18:49:01,paid,last_touch,tiktok,1,1,1,1.0,270.72,270.72
ord_c0d68819,cust_0bec91cb,2024-10-29 18:49:01,paid,first_touch,tiktok,1,1,1,1.0,270.72,270.72
ord_c0d68819,cust_0bec91cb,2024-10-29 18:49:01,paid,linear,tiktok,1,1,1,1.0,270.72,270.72
ord_c0d68819,cust_0bec91cb,2024-10-29 18:49:01,paid,time_decay,tiktok,1,1,1,1.0,270.72,270.72
ord_14d602bf,cust_1cef8096,2024-10-29 21:35:37,refunded,last_touch,tiktok,1,1,1,1.0,143.66,143.66
ord_14d602bf,cust_1cef8096,2024-10-29 21:35:37,refunded,first_touch,tiktok,1,1,1,1.0,143.66,143.66
ord_14d602bf,cust_1cef8096,2024-10-29 21:35:37,refunded,linear,tiktok,1,1,1,1.0,143.66,143.66
ord_14d602bf,cust_1cef8096,2024-10-29 21:35:37,refunded,time_decay,tiktok,1,1,1,1.0,143.66,143.66
ord_6993f99a,cust_b52768a2,2024-10-29 18:02:05,paid,last_touch,google,1,1,1,1.0,226.31,226.31
ord_6993f99a,cust_b52768a2,2024-10-29 18:02:05,paid,first_touch,google,1,1,1,1.0,226.31,226.31
ord_6993f99a,cust_b52768a2,2024-10-29 18:02:05,paid,linear,google,1,1,1,1.0,226.31,226.31
ord_6993f99a,cust_b52768a2,2024-10-29 18:02:05,paid,time_decay,google,1,1,1,1.0,226.31,226.31
ord_4638f426,cust_09676ea9,2024-10-30 19:13:55,paid,last_touch,organic,1,1,1,1.0,119.29,119.29
ord_4638f426,cust_09676ea9,2024-10-30 19:13:55,paid,first_touch,organic,1,1,1,1.0,119.29,119.29
ord_4638f426,cust_09676ea9,2024-10-30 19:13:55,paid,linear,organic,1,1,1,1.0,119.29,119.29
ord_4638f426,cust_09676ea9,2024-10-30 19:13:55,paid,time_decay,organic,1,1,1,1.0,119.29,119.29
ord_731f2e4a,cust_8f455cec,2024-10-30 09:37:39,paid,last_touch,direct,1,1,1,1.0,309.43,309.43
ord_731f2e4a,cust_8f455cec,2024-10-30 09:37:39,paid,first_touch,direct,1,1,1,1.0,309.43,309.43
ord_731f2e4a,cust_8f455cec,2024-10-30 09:37:39,paid,linear,direct,1,1,1,1.0,309.43,309.43
ord_731f2e4a,cust_8f455cec,2024-10-30 09:37:39,paid,time_decay,direct,1,1,1,1.0,309.43,309.43
ord_970d224e,cust_e89a2bd8,2024-10-30 07:14:37,paid,last_touch,meta,1,1,1,1.0,114.94,114.94
ord_970d224e,cust_e89a2bd8,2024-10-30 07:14:37,paid,first_touch,meta,1,1,1,1.0,114.94,114.94
ord_970d224e,cust_e89a2bd8,2024-10-30 07:14:37,paid,linear,meta,1,1,1,1.0,114.94,114.94
ord_970d224e,cust_e89a2bd8,2024-10-30 07:14:37,paid,time_decay,meta,1,1,1,1.0,114.94,114.94
ord_2ff2f643,cust_f792829c,2024-10-30 22:17:52,paid,last_touch,direct,1,1,1,1.0,52.53,52.53
ord_2ff2f643,cust_f792829c,2024-10-30 22:17:52,paid,first_touch,direct,1,1,1,1.0,52.53,52.53
ord_2ff2f643,cust_f792829c,2024-10-30 22:17:52,paid,linear,direct,1,1,1,1.0,52.53,52.53
ord_2ff2f643,cust_f792829c,2024-10-30 22:17:52,paid,time_decay,direct,1,1,1,1.0,52.53,52.53
ord_dba387fc,cust_d9f79b5c,2024-10-30 18:29:39,paid,last_touch,direct,1,1,1,1.0,137.14,137.14
ord_dba387fc,cust_d9f79b5c,2024-10-30 18:29:39,paid,first_touch,direct,1,1,1,1.0,137.14,137.14
ord_dba387fc,cust_d9f79b5c,2024-10-30 18:29:39,paid,linear,direct,1,1,1,1.0,137.14,137.14
ord_dba387fc,cust_d9f79b5c,2024-10-30 18:29:39,paid,time_decay,direct,1,1,1,1.0,137.14,137.14
ord_285a61db,cust_12a2bb6d,2024-10-30 14:00:28,paid,last_touch,google,1,1,1,1.0,75.6,75.6
ord_285a61db,cust_12a2bb6d,2024-10-30 14:00:28,paid,first_touch,google,1,1,1,1.0,75.6,75.6
ord_285a61db,cust_12a2bb6d,2024-10-30 14:00:28,paid,linear,google,1,1,1,1.0,75.6,75.6
ord_285a61db,cust_12a2bb6d,2024-10-30 14:00:28,paid,time_decay,google,1,1,1,1.0,75.6,75.6
ord_639035cc,cust_6647baf7,2024-10-30 08:50:07,paid,last_touch,meta,1,1,1,1.0,258.78,258.78
ord_639035cc,cust_6647baf7,2024-10-30 08:50:07,paid,first_touch,meta,1,1,1,1.0,258.78,258.78
ord_639035cc,cust_6647baf7,2024-10-30 08:50:07,paid,linear,meta,1,1,1,1.0,258.78,258.78
ord_639035cc,cust_6647baf7,2024-10-30 08:50:07,paid,time_decay,meta,1,1,1,1.0,258.78,258.78
ord_a74776c3,cust_cc61fb9a,2024-10-30 22:19:06,paid,last_touch,direct,1,1,1,1.0,61.19,61.19
ord_a74776c3,cust_cc61fb9a,2024-10-30 22:19:06,paid,first_touch,email,1,1,1,1.0,61.19,61.19
ord_a74776c3,cust_cc61fb9a,2024-10-30 22:19:06,paid,linear,email,1,1,1,1.0,61.19,61.19
ord_a74776c3,cust_cc61fb9a,2024-10-30 22:19:06,paid,time_decay,email,1,1,1,1.0,61.19,61.19
ord_ea11ad8e,cust_7f2345c5,2024-10-31 20:38:49,paid,last_touch,tiktok,1,1,1,1.0,111.15,111.15
ord_ea11ad8e,cust_7f2345c5,2024-10-31 20:38:49,paid,first_touch,tiktok,1,1,1,1.0,111.15,111.15
ord_ea11ad8e,cust_7f2345c5,2024-10-31 20:38:49,paid,linear,tiktok,1,1,1,1.0,111.15,111.15
ord_ea11ad8e,cust_7f2345c5,2024-10-31 20:38:49,paid,time_decay,tiktok,1,1,1,1.0,111.15,111.15
ord_d00fd587,cust_4655debe,2024-10-31 17:55:45,paid,last_touch,direct,1,1,1,1.0,57.31,57.31
ord_d00fd587,cust_4655debe,2024-10-31 17:55:45,paid,first_touch,direct,1,1,1,1.0,57.31,57.31
ord_d00fd587,cust_4655debe,2024-10-31 17:55:45,paid,linear,direct,1,1,1,1.0,57.31,57.31
ord_d00fd587,cust_4655debe,2024-10-31 17:55:45,paid,time_decay,direct,1,1,1,1.0,57.31,57.31
ord_5142dccf,cust_7d4b2694,2024-10-31 14:55:20,paid,last_touch,organic,1,1,1,1.0,260.14,260.14
ord_5142dccf,cust_7d4b2694,2024-10-31 14:55:20,paid,first_touch,organic,1,1,1,1.0,260.14,260.14
ord_5142dccf,cust_7d4b2694,2024-10-31 14:55:20,paid,linear,organic,1,1,1,1.0,260.14,260.14
ord_5142dccf,cust_7d4b2694,2024-10-31 14:55:20,paid,time_decay,organic,1,1,1,1.0,260.14,260.14
ord_174228ab,cust_acf5fd0a,2024-11-01 23:02:02,paid,last_touch,meta,1,1,1,1.0,38.83,38.83
ord_174228ab,cust_acf5fd0a,2024-11-01 23:02:02,paid,first_touch,meta,1,1,1,1.0,38.83,38.83
ord_174228ab,cust_acf5fd0a,2024-11-01 23:02:02,paid,linear,meta,1,1,1,1.0,38.83,38.83
ord_174228ab,cust_acf5fd0a,2024-11-01 23:02:02,paid,time_decay,meta,1,1,1,1.0,38.83,38.83
ord_ef4ca102,cust_f171921d,2024-11-01 14:05:29,paid,last_touch,direct,1,1,1,1.0,158.8,158.8
ord_ef4ca102,cust_f171921d,2024-11-01 14:05:29,paid,first_touch,direct,1,1,1,1.0,158.8,158.8
ord_ef4ca102,cust_f171921d,2024-11-01 14:05:29,paid,linear,direct,1,1,1,1.0,158.8,158.8
ord_ef4ca102,cust_f171921d,2024-11-01 14:05:29,paid,time_decay,direct,1,1,1,1.0,158.8,158.8
ord_e8f9eeda,cust_a8304bcd,2024-11-01 17:04:56,paid,last_touch,tiktok,1,1,1,1.0,46.81,46.81
ord_e8f9eeda,cust_a8304bcd,2024-11-01 17:04:56,paid,first_touch,tiktok,1,1,1,1.0,46.81,46.81
ord_e8f9eeda,cust_a8304bcd,2024-11-01 17:04:56,paid,linear,tiktok,1,1,1,1.0,46.81,46.81
ord_e8f9eeda,cust_a8304bcd,2024-11-01 17:04:56,paid,time_decay,tiktok,1,1,1,1.0,46.81,46.81
ord_c1c9a78f,cust_5ec08b37,2024-11-01 19:17:34,paid,last_touch,tiktok,1,1,1,1.0,137.19,137.19
ord_c1c9a78f,cust_5ec08b37,2024-11-01 19:17:34,paid,first_touch,tiktok,1,1,1,1.0,137.19,137.19
ord_c1c9a78f,cust_5ec08b37,2024-11-01 19:17:34,paid,linear,tiktok,1,1,1,1.0,137.19,137.19
ord_c1c9a78f,cust_5ec08b37,2024-11-01 19:17:34,paid,time_decay,tiktok,1,1,1,1.0,137.19,137.19
ord_adc9cddc,cust_3e279000,2024-11-02 17:32:55,paid,last_touch,email,1,1,1,1.0,98.43,98.43
ord_adc9cddc,cust_3e279000,2024-11-02 17:32:55,paid,first_touch,email,1,1,1,1.0,98.43,98.43
ord_adc9cddc,cust_3e279000,2024-11-02 17:32:55,paid,linear,email,1,1,1,1.0,98.43,98.43
ord_adc9cddc,cust_3e279000,2024-11-02 17:32:55,paid,time_decay,email,1,1,1,1.0,98.43,98.43
ord_8ca16a71,cust_03ad1b2c,2024-11-02 20:13:21,paid,last_touch,meta,1,1,1,1.0,52.83,52.83
ord_8ca16a71,cust_03ad1b2c,2024-11-02 20:13:21,paid,first_touch,meta,1,1,1,1.0,52.83,52.83
ord_8ca16a71,cust_03ad1b2c,2024-11-02 20:13:21,paid,linear,meta,1,1,1,1.0,52.83,52.83
ord_8ca16a71,cust_03ad1b2c,2024-11-02 20:13:21,paid,time_decay,meta,1,1,1,1.0,52.83,52.83
ord_c01d97e6,cust_c344962c,2024-11-02 17:00:56,refunded,last_touch,meta,1,1,1,1.0,113.97,113.97
ord_c01d97e6,cust_c344962c,2024-11-02 17:00:56,refunded,first_touch,meta,1,1,1,1.0,113.97,113.97
ord_c01d97e6,cust_c344962c,2024-11-02 17:00:56,refunded,linear,meta,1,1,1,1.0,113.97,113.97
ord_c01d97e6,cust_c344962c,2024-11-02 17:00:56,refunded,time_decay,meta,1,1,1,1.0,113.97,113.97
ord_f7efb85a,cust_46c0217f,2024-11-02 15:19:10,paid,last_touch,direct,1,1,1,1.0,79.25,79.25
ord_f7efb85a,cust_46c0217f,2024-11-02 15:19:10,paid,first_touch,direct,1,1,1,1.0,79.25,79.25
ord_f7efb85a,cust_46c0217f,2024-11-02 15:19:10,paid,linear,direct,1,1,1,1.0,79.25,79.25
ord_f7efb85a,cust_46c0217f,2024-11-02 15:19:10,paid,time_decay,direct,1,1,1,1.0,79.25,79.25
ord_5276e22f,cust_a5ede133,2024-11-02 08:15:44,paid,last_touch,direct,1,1,1,1.0,64.14,64.14
ord_5276e22f,cust_a5ede133,2024-11-02 08:15:44,paid,first_touch,google,1,1,1,1.0,64.14,64.14
ord_5276e22f,cust_a5ede133,2024-11-02 08:15:44,paid,linear,google,1,1,1,1.0,64.14,64.14
ord_5276e22f,cust_a5ede133,2024-11-02 08:15:44,paid,time_decay,google,1,1,1,1.0,64.14,64.14
ord_24831940,cust_a64baa1d,2024-11-02 16:48:33,paid,last_touch,organic,1,1,1,1.0,136.34,136.34
ord_24831940,cust_a64baa1d,2024-11-02 16:48:33,paid,first_touch,organic,1,1,1,1.0,136.34,136.34
ord_24831940,cust_a64baa1d,2024-11-02 16:48:33,paid,linear,organic,1,1,1,1.0,136.34,136.34
ord_24831940,cust_a64baa1d,2024-11-02 16:48:33,paid,time_decay,organic,1,1,1,1.0,136.34,136.34
ord_ed038405,cust_a8126699,2024-11-02 15:11:00,paid,last_touch,direct,1,1,1,1.0,260.08,260.08
ord_ed038405,cust_a8126699,2024-11-02 15:11:00,paid,first_touch,organic,1,1,1,1.0,260.08,260.08
ord_ed038405,cust_a8126699,2024-11-02 15:11:00,paid,linear,organic,1,1,1,1.0,260.08,260.08
ord_ed038405,cust_a8126699,2024-11-02 15:11:00,paid,time_decay,organic,1,1,1,1.0,260.08,260.08
ord_7898132d,cust_fe825cc1,2024-11-02 15:37:26,paid,last_touch,organic,1,1,1,1.0,84.99,84.99
ord_7898132d,cust_fe825cc1,2024-11-02 15:37:26,paid,first_touch,organic,1,1,1,1.0,84.99,84.99
ord_7898132d,cust_fe825cc1,2024-11-02 15:37:26,paid,linear,organic,1,1,1,1.0,84.99,84.99
ord_7898132d,cust_fe825cc1,2024-11-02 15:37:26,paid,time_decay,organic,1,1,1,1.0,84.99,84.99
ord_a7e75626,cust_daa4643d,2024-11-02 13:56:45,paid,last_touch,direct,1,1,1,1.0,34.44,34.44
ord_a7e75626,cust_daa4643d,2024-11-02 13:56:45,paid,first_touch,meta,1,1,1,1.0,34.44,34.44
ord_a7e75626,cust_daa4643d,2024-11-02 13:56:45,paid,linear,meta,1,1,1,1.0,34.44,34.44
ord_a7e75626,cust_daa4643d,2024-11-02 13:56:45,paid,time_decay,meta,1,1,1,1.0,34.44,34.44
ord_f938ff1b,cust_e623f38d,2024-11-03 12:50:04,refunded,last_touch,direct,1,1,1,1.0,39.69,39.69
ord_f938ff1b,cust_e623f38d,2024-11-03 12:50:04,refunded,first_touch,direct,1,1,1,1.0,39.69,39.69
ord_f938ff1b,cust_e623f38d,2024-11-03 12:50:04,refunded,linear,direct,1,1,1,1.0,39.69,39.69
ord_f938ff1b,cust_e623f38d,2024-11-03 12:50:04,refunded,time_decay,direct,1,1,1,1.0,39.69,39.69
ord_7a6621c3,cust_245d5db9,2024-11-03 14:47:38,paid,last_touch,google,1,1,1,1.0,16.84,16.84
ord_7a6621c3,cust_245d5db9,2024-11-03 14:47:38,paid,first_touch,google,1,1,1,1.0,16.84,16.84
ord_7a6621c3,cust_245d5db9,2024-11-03 14:47:38,paid,linear,google,1,1,1,1.0,16.84,16.84
ord_7a6621c3,cust_245d5db9,2024-11-03 14:47:38,paid,time_decay,google,1,1,1,1.0,16.84,16.84
ord_e8283a2e,cust_d01db3bd,2024-11-03 15:45:44,paid,last_touch,direct,1,1,1,1.0,229.48,229.48
ord_e8283a2e,cust_d01db3bd,2024-11-03 15:45:44,paid,first_touch,google,1,1,1,1.0,229.48,229.48
ord_e8283a2e,cust_d01db3bd,2024-11-03 15:45:44,paid,linear,google,1,1,1,1.0,229.48,229.48
ord_e8283a2e,cust_d01db3bd,2024-11-03 15:45:44,paid,time_decay,google,1,1,1,1.0,229.48,229.48
ord_e4d56db6,cust_26d1182a,2024-11-03 19:31:51,paid,last_touch,tiktok,1,1,1,1.0,163.41,163.41
ord_e4d56db6,cust_26d1182a,2024-11-03 19:31:51,paid,first_touch,tiktok,1,1,1,1.0,163.41,163.41
ord_e4d56db6,cust_26d1182a,2024-11-03 19:31:51,paid,linear,tiktok,1,1,1,1.0,163.41,163.41
ord_e4d56db6,cust_26d1182a,2024-11-03 19:31:51,paid,time_decay,tiktok,1,1,1,1.0,163.41,163.41
ord_bf9a1c3d,cust_2c1d6cde,2024-11-03 14:38:05,paid,last_touch,direct,1,1,1,1.0,123.26,123.26
ord_bf9a1c3d,cust_2c1d6cde,2024-11-03 14:38:05,paid,first_touch,meta,1,1,1,1.0,123.26,123.26
ord_bf9a1c3d,cust_2c1d6cde,2024-11-03 14:38:05,paid,linear,meta,1,1,1,1.0,123.26,123.26
ord_bf9a1c3d,cust_2c1d6cde,2024-11-03 14:38:05,paid,time_decay,meta,1,1,1,1.0,123.26,123.26
ord_be86294f,cust_403d66a9,2024-11-03 19:21:11,paid,last_touch,direct,1,1,1,1.0,186.95,186.95
ord_be86294f,cust_403d66a9,2024-11-03 19:21:11,paid,first_touch,direct,1,1,1,1.0,186.95,186.95
ord_be86294f,cust_403d66a9,2024-11-03 19:21:11,paid,linear,direct,1,1,1,1.0,186.95,186.95
ord_be86294f,cust_403d66a9,2024-11-03 19:21:11,paid,time_decay,direct,1,1,1,1.0,186.95,186.95
ord_20d4d81f,cust_05ad4eab,2024-11-03 12:56:45,paid,last_touch,meta,1,1,1,1.0,79.27,79.27
ord_20d4d81f,cust_05ad4eab,2024-11-03 12:56:45,paid,first_touch,meta,1,1,1,1.0,79.27,79.27
ord_20d4d81f,cust_05ad4eab,2024-11-03 12:56:45,paid,linear,meta,1,1,1,1.0,79.27,79.27
ord_20d4d81f,cust_05ad4eab,2024-11-03 12:56:45,paid,time_decay,meta,1,1,1,1.0,79.27,79.27
ord_073e9526,cust_0692d7cd,2024-11-04 22:52:08,paid,last_touch,meta,1,1,1,1.0,215.2,215.2
ord_073e9526,cust_0692d7cd,2024-11-04 22:52:08,paid,first_touch,meta,1,1,1,1.0,215.2,215.2
ord_073e9526,cust_0692d7cd,2024-11-04 22:52:08,paid,linear,meta,1,1,1,1.0,215.2,215.2
ord_073e9526,cust_0692d7cd,2024-11-04 22:52:08,paid,time_decay,meta,1,1,1,1.0,215.2,215.2
ord_318db11c,cust_649b0db5,2024-11-04 01:20:53,refunded,last_touch,google,1,1,1,1.0,72.53,72.53
ord_318db11c,cust_649b0db5,2024-11-04 01:20:53,refunded,first_touch,google,1,1,1,1.0,72.53,72.53
ord_318db11c,cust_649b0db5,2024-11-04 01:20:53,refunded,linear,google,1,1,1,1.0,72.53,72.53
ord_318db11c,cust_649b0db5,2024-11-04 01:20:53,refunded,time_decay,google,1,1,1,1.0,72.53,72.53
ord_1bdef8cd,cust_36437f22,2024-11-04 15:50:35,paid,last_touch,google,1,1,1,1.0,33.64,33.64
ord_1bdef8cd,cust_36437f22,2024-11-04 15:50:35,paid,first_touch,google,1,1,1,1.0,33.64,33.64
ord_1bdef8cd,cust_36437f22,2024-11-04 15:50:35,paid,linear,google,1,1,1,1.0,33.64,33.64
ord_1bdef8cd,cust_36437f22,2024-11-04 15:50:35,paid,time_decay,google,1,1,1,1.0,33.64,33.64
ord_6a32ca67,cust_fb745c9b,2024-11-04 19:50:28,paid,last_touch,google,1,1,1,1.0,153.97,153.97
ord_6a32ca67,cust_fb745c9b,2024-11-04 19:50:28,paid,first_touch,google,1,1,1,1.0,153.97,153.97
ord_6a32ca67,cust_fb745c9b,2024-11-04 19:50:28,paid,linear,google,1,1,1,1.0,153.97,153.97
ord_6a32ca67,cust_fb745c9b,2024-11-04 19:50:28,paid,time_decay,google,1,1,1,1.0,153.97,153.97
ord_8a6953a7,cust_d5a0ad4d,2024-11-04 08:36:45,paid,last_touch,direct,1,1,1,1.0,33.04,33.04
ord_8a6953a7,cust_d5a0ad4d,2024-11-04 08:36:45,paid,first_touch,meta,1,1,1,1.0,33.04,33.04
ord_8a6953a7,cust_d5a0ad4d,2024-11-04 08:36:45,paid,linear,meta,1,1,1,1.0,33.04,33.04
ord_8a6953a7,cust_d5a0ad4d,2024-11-04 08:36:45,paid,time_decay,meta,1,1,1,1.0,33.04,33.04
ord_85b59f97,cust_679d2a62,2024-11-05 12:05:26,paid,last_touch,direct,1,1,1,1.0,273.85,273.85
ord_85b59f97,cust_679d2a62,2024-11-05 12:05:26,paid,first_touch,meta,1,1,1,1.0,273.85,273.85
ord_85b59f97,cust_679d2a62,2024-11-05 12:05:26,paid,linear,meta,1,1,1,1.0,273.85,273.85
ord_85b59f97,cust_679d2a62,2024-11-05 12:05:26,paid,time_decay,meta,1,1,1,1.0,273.85,273.85
ord_fe862f36,cust_7844ab0b,2024-11-05 08:20:29,paid,last_touch,organic,1,1,1,1.0,312.22,312.22
ord_fe862f36,cust_7844ab0b,2024-11-05 08:20:29,paid,first_touch,organic,1,1,1,1.0,312.22,312.22
ord_fe862f36,cust_7844ab0b,2024-11-05 08:20:29,paid,linear,organic,1,1,1,1.0,312.22,312.22
ord_fe862f36,cust_7844ab0b,2024-11-05 08:20:29,paid,time_decay,organic,1,1,1,1.0,312.22,312.22
ord_7ccb1a11,cust_6c445c49,2024-11-05 13:52:28,paid,last_touch,organic,1,1,1,1.0,89.93,89.93
ord_7ccb1a11,cust_6c445c49,2024-11-05 13:52:28,paid,first_touch,organic,1,1,1,1.0,89.93,89.93
ord_7ccb1a11,cust_6c445c49,2024-11-05 13:52:28,paid,linear,organic,1,1,1,1.0,89.93,89.93
ord_7ccb1a11,cust_6c445c49,2024-11-05 13:52:28,paid,time_decay,organic,1,1,1,1.0,89.93,89.93
ord_6cb2110d,cust_e0f63514,2024-11-05 20:40:38,paid,last_touch,meta,1,1,1,1.0,117.6,117.6
ord_6cb2110d,cust_e0f63514,2024-11-05 20:40:38,paid,first_touch,meta,1,1,1,1.0,117.6,117.6
ord_6cb2110d,cust_e0f63514,2024-11-05 20:40:38,paid,linear,meta,1,1,1,1.0,117.6,117.6
ord_6cb2110d,cust_e0f63514,2024-11-05 20:40:38,paid,time_decay,meta,1,1,1,1.0,117.6,117.6
ord_e23f6e75,cust_118fed4f,2024-11-05 11:04:35,paid,last_touch,direct,1,1,1,1.0,47.62,47.62
ord_e23f6e75,cust_118fed4f,2024-11-05 11:04:35,paid,first_touch,meta,1,1,1,1.0,47.62,47.62
ord_e23f6e75,cust_118fed4f,2024-11-05 11:04:35,paid,linear,meta,1,1,1,1.0,47.62,47.62
ord_e23f6e75,cust_118fed4f,2024-11-05 11:04:35,paid,time_decay,meta,1,1,1,1.0,47.62,47.62
ord_06f2b941,cust_fb7d2d63,2024-11-05 21:06:56,refunded,last_touch,organic,1,1,1,1.0,67.82,67.82
ord_06f2b941,cust_fb7d2d63,2024-11-05 21:06:56,refunded,first_touch,organic,1,1,1,1.0,67.82,67.82
ord_06f2b941,cust_fb7d2d63,2024-11-05 21:06:56,refunded,linear,organic,1,1,1,1.0,67.82,67.82
ord_06f2b941,cust_fb7d2d63,2024-11-05 21:06:56,refunded,time_decay,organic,1,1,1,1.0,67.82,67.82
ord_6b9f312b,cust_ec2e14ea,2024-11-06 21:15:45,paid,last_touch,meta,1,1,1,1.0,68.61,68.61
ord_6b9f312b,cust_ec2e14ea,2024-11-06 21:15:45,paid,first_touch,meta,1,1,1,1.0,68.61,68.61
ord_6b9f312b,cust_ec2e14ea,2024-11-06 21:15:45,paid,linear,meta,1,1,1,1.0,68.61,68.61
ord_6b9f312b,cust_ec2e14ea,2024-11-06 21:15:45,paid,time_decay,meta,1,1,1,1.0,68.61,68.61
ord_fd9faea2,cust_998e01f2,2024-11-06 18:40:56,paid,last_touch,google,1,1,1,1.0,203.77,203.77
ord_fd9faea2,cust_998e01f2,2024-11-06 18:40:56,paid,first_touch,google,1,1,1,1.0,203.77,203.77
ord_fd9faea2,cust_998e01f2,2024-11-06 18:40:56,paid,linear,google,1,1,1,1.0,203.77,203.77
ord_fd9faea2,cust_998e01f2,2024-11-06 18:40:56,paid,time_decay,google,1,1,1,1.0,203.77,203.77
ord_1560eb82,cust_ad129cfe,2024-11-06 20:38:02,paid,last_touch,tiktok,1,1,1,1.0,48.35,48.35
ord_1560eb82,cust_ad129cfe,2024-11-06 20:38:02,paid,first_touch,tiktok,1,1,1,1.0,48.35,48.35
ord_1560eb82,cust_ad129cfe,2024-11-06 20:38:02,paid,linear,tiktok,1,1,1,1.0,48.35,48.35
ord_1560eb82,cust_ad129cfe,2024-11-06 20:38:02,paid,time_decay,tiktok,1,1,1,1.0,48.35,48.35
ord_325fa263,cust_fa68db2b,2024-11-06 09:22:14,paid,last_touch,direct,1,1,1,1.0,36.21,36.21
ord_325fa263,cust_fa68db2b,2024-11-06 09:22:14,paid,first_touch,direct,1,1,1,1.0,36.21,36.21
ord_325fa263,cust_fa68db2b,2024-11-06 09:22:14,paid,linear,direct,1,1,1,1.0,36.21,36.21
ord_325fa263,cust_fa68db2b,2024-11-06 09:22:14,paid,time_decay,direct,1,1,1,1.0,36.21,36.21
ord_51307d12,cust_e1ca02a0,2024-11-06 11:21:49,paid,last_touch,direct,1,1,1,1.0,82.17,82.17
ord_51307d12,cust_e1ca02a0,2024-11-06 11:21:49,paid,first_touch,email,1,1,1,1.0,82.17,82.17
ord_51307d12,cust_e1ca02a0,2024-11-06 11:21:49,paid,linear,email,1,1,1,1.0,82.17,82.17
ord_51307d12,cust_e1ca02a0,2024-11-06 11:21:49,paid,time_decay,email,1,1,1,1.0,82.17,82.17
ord_c26da9a6,cust_825af745,2024-11-06 15:18:17,paid,last_touch,meta,1,1,1,1.0,149.86,149.86
ord_c26da9a6,cust_825af745,2024-11-06 15:18:17,paid,first_touch,meta,1,1,1,1.0,149.86,149.86
ord_c26da9a6,cust_825af745,2024-11-06 15:18:17,paid,linear,meta,1,1,1,1.0,149.86,149.86
ord_c26da9a6,cust_825af745,2024-11-06 15:18:17,paid,time_decay,meta,1,1,1,1.0,149.86,149.86
ord_030a7452,cust_33ba2f27,2024-11-06 14:04:34,paid,last_touch,google,1,1,1,1.0,17.54,17.54
ord_030a7452,cust_33ba2f27,2024-11-06 14:04:34,paid,first_touch,google,1,1,1,1.0,17.54,17.54
ord_030a7452,cust_33ba2f27,2024-11-06 14:04:34,paid,linear,google,1,1,1,1.0,17.54,17.54
ord_030a7452,cust_33ba2f27,2024-11-06 14:04:34,paid,time_decay,google,1,1,1,1.0,17.54,17.54
ord_ce4b2cd4,cust_2fec24e5,2024-11-07 07:44:11,paid,last_touch,direct,1,1,1,1.0,94.27,94.27
ord_ce4b2cd4,cust_2fec24e5,2024-11-07 07:44:11,paid,first_touch,meta,1,1,1,1.0,94.27,94.27
ord_ce4b2cd4,cust_2fec24e5,2024-11-07 07:44:11,paid,linear,meta,1,1,1,1.0,94.27,94.27
ord_ce4b2cd4,cust_2fec24e5,2024-11-07 07:44:11,paid,time_decay,meta,1,1,1,1.0,94.27,94.27
ord_d68ee444,cust_a560d896,2024-11-07 15:20:14,paid,last_touch,direct,1,1,1,1.0,121.19,121.19
ord_d68ee444,cust_a560d896,2024-11-07 15:20:14,paid,first_touch,tiktok,1,1,1,1.0,121.19,121.19
ord_d68ee444,cust_a560d896,2024-11-07 15:20:14,paid,linear,tiktok,1,1,1,1.0,121.19,121.19
ord_d68ee444,cust_a560d896,2024-11-07 15:20:14,paid,time_decay,tiktok,1,1,1,1.0,121.19,121.19
ord_ce8cd824,cust_387a3c66,2024-11-07 11:55:10,paid,last_touch,direct,1,1,1,1.0,60.41,60.41
ord_ce8cd824,cust_387a3c66,2024-11-07 11:55:10,paid,first_touch,tiktok,1,1,1,1.0,60.41,60.41
ord_ce8cd824,cust_387a3c66,2024-11-07 11:55:10,paid,linear,tiktok,1,1,1,1.0,60.41,60.41
ord_ce8cd824,cust_387a3c66,2024-11-07 11:55:10,paid,time_decay,tiktok,1,1,1,1.0,60.41,60.41
ord_dca866fb,cust_a5ec48af,2024-11-07 15:33:05,paid,last_touch,direct,1,1,1,1.0,97.17,97.17
ord_dca866fb,cust_a5ec48af,2024-11-07 15:33:05,paid,first_touch,meta,1,1,1,1.0,97.17,97.17
ord_dca866fb,cust_a5ec48af,2024-11-07 15:33:05,paid,linear,meta,1,1,1,1.0,97.17,97.17
ord_dca866fb,cust_a5ec48af,2024-11-07 15:33:05,paid,time_decay,meta,1,1,1,1.0,97.17,97.17
ord_95c2f2c5,cust_e7faa90d,2024-11-07 10:07:29,paid,last_touch,direct,1,1,1,1.0,36.39,36.39
ord_95c2f2c5,cust_e7faa90d,2024-11-07 10:07:29,paid,first_touch,direct,1,1,1,1.0,36.39,36.39
ord_95c2f2c5,cust_e7faa90d,2024-11-07 10:07:29,paid,linear,direct,1,1,1,1.0,36.39,36.39
ord_95c2f2c5,cust_e7faa90d,2024-11-07 10:07:29,paid,time_decay,direct,1,1,1,1.0,36.39,36.39
ord_f4918db3,cust_08e897ff,2024-11-07 10:20:19,paid,last_touch,organic,1,1,1,1.0,56.22,56.22
ord_f4918db3,cust_08e897ff,2024-11-07 10:20:19,paid,first_touch,organic,1,1,1,1.0,56.22,56.22
ord_f4918db3,cust_08e897ff,2024-11-07 10:20:19,paid,linear,organic,1,1,1,1.0,56.22,56.22
ord_f4918db3,cust_08e897ff,2024-11-07 10:20:19,paid,time_decay,organic,1,1,1,1.0,56.22,56.22
ord_fe24042e,cust_2eea2f44,2024-11-07 10:57:02,paid,last_touch,organic,1,1,1,1.0,156.57,156.57
ord_fe24042e,cust_2eea2f44,2024-11-07 10:57:02,paid,first_touch,organic,1,1,1,1.0,156.57,156.57
ord_fe24042e,cust_2eea2f44,2024-11-07 10:57:02,paid,linear,organic,1,1,1,1.0,156.57,156.57
ord_fe24042e,cust_2eea2f44,2024-11-07 10:57:02,paid,time_decay,organic,1,1,1,1.0,156.57,156.57
ord_ce09b900,cust_c284fbd3,2024-11-07 22:20:14,paid,last_touch,direct,1,1,1,1.0,135.83,135.83
ord_ce09b900,cust_c284fbd3,2024-11-07 22:20:14,paid,first_touch,google,1,1,1,1.0,135.83,135.83
ord_ce09b900,cust_c284fbd3,2024-11-07 22:20:14,paid,linear,google,1,1,1,1.0,135.83,135.83
ord_ce09b900,cust_c284fbd3,2024-11-07 22:20:14,paid,time_decay,google,1,1,1,1.0,135.83,135.83
ord_4ebdc026,cust_5f7aa210,2024-11-07 03:16:45,paid,last_touch,direct,1,1,1,1.0,91.93,91.93
ord_4ebdc026,cust_5f7aa210,2024-11-07 03:16:45,paid,first_touch,direct,1,1,1,1.0,91.93,91.93
ord_4ebdc026,cust_5f7aa210,2024-11-07 03:16:45,paid,linear,direct,1,1,1,1.0,91.93,91.93
ord_4ebdc026,cust_5f7aa210,2024-11-07 03:16:45,paid,time_decay,direct,1,1,1,1.0,91.93,91.93
ord_24a84001,cust_e42d9a92,2024-11-07 20:36:05,paid,last_touch,organic,1,1,1,1.0,36.46,36.46
ord_24a84001,cust_e42d9a92,2024-11-07 20:36:05,paid,first_touch,organic,1,1,1,1.0,36.46,36.46
ord_24a84001,cust_e42d9a92,2024-11-07 20:36:05,paid,linear,organic,1,1,1,1.0,36.46,36.46
ord_24a84001,cust_e42d9a92,2024-11-07 20:36:05,paid,time_decay,organic,1,1,1,1.0,36.46,36.46
ord_d319707d,cust_593c9a25,2024-11-08 09:08:54,paid,last_touch,direct,1,1,1,1.0,233.83,233.83
ord_d319707d,cust_593c9a25,2024-11-08 09:08:54,paid,first_touch,tiktok,1,1,1,1.0,233.83,233.83
ord_d319707d,cust_593c9a25,2024-11-08 09:08:54,paid,linear,tiktok,1,1,1,1.0,233.83,233.83
ord_d319707d,cust_593c9a25,2024-11-08 09:08:54,paid,time_decay,tiktok,1,1,1,1.0,233.83,233.83
ord_1f83a51e,cust_caff0189,2024-11-08 08:58:17,paid,last_touch,google,1,1,1,1.0,71.58,71.58
ord_1f83a51e,cust_caff0189,2024-11-08 08:58:17,paid,first_touch,google,1,1,1,1.0,71.58,71.58
ord_1f83a51e,cust_caff0189,2024-11-08 08:58:17,paid,linear,google,1,1,1,1.0,71.58,71.58
ord_1f83a51e,cust_caff0189,2024-11-08 08:58:17,paid,time_decay,google,1,1,1,1.0,71.58,71.58
ord_408409c5,cust_0340f517,2024-11-08 17:57:24,paid,last_touch,organic,1,1,1,1.0,150.47,150.47
ord_408409c5,cust_0340f517,2024-11-08 17:57:24,paid,first_touch,organic,1,1,1,1.0,150.47,150.47
ord_408409c5,cust_0340f517,2024-11-08 17:57:24,paid,linear,organic,1,1,1,1.0,150.47,150.47
ord_408409c5,cust_0340f517,2024-11-08 17:57:24,paid,time_decay,organic,1,1,1,1.0,150.47,150.47
ord_084effb9,cust_783ab42d,2024-11-08 23:53:48,paid,last_touch,direct,1,1,1,1.0,78.75,78.75
ord_084effb9,cust_783ab42d,2024-11-08 23:53:48,paid,first_touch,organic,1,1,1,1.0,78.75,78.75
ord_084effb9,cust_783ab42d,2024-11-08 23:53:48,paid,linear,organic,1,1,1,1.0,78.75,78.75
ord_084effb9,cust_783ab42d,2024-11-08 23:53:48,paid,time_decay,organic,1,1,1,1.0,78.75,78.75
ord_bdc8b59f,cust_726e9d91,2024-11-08 10:53:56,paid,last_touch,organic,1,1,1,1.0,92.75,92.75
ord_bdc8b59f,cust_726e9d91,2024-11-08 10:53:56,paid,first_touch,organic,1,1,1,1.0,92.75,92.75
ord_bdc8b59f,cust_726e9d91,2024-11-08 10:53:56,paid,linear,organic,1,1,1,1.0,92.75,92.75
ord_bdc8b59f,cust_726e9d91,2024-11-08 10:53:56,paid,time_decay,organic,1,1,1,1.0,92.75,92.75
ord_b4cb135b,cust_5585e274,2024-11-08 09:15:08,paid,last_touch,direct,1,1,1,1.0,51.89,51.89
ord_b4cb135b,cust_5585e274,2024-11-08 09:15:08,paid,first_touch,email,1,1,1,1.0,51.89,51.89
ord_b4cb135b,cust_5585e274,2024-11-08 09:15:08,paid,linear,email,1,1,1,1.0,51.89,51.89
ord_b4cb135b,cust_5585e274,2024-11-08 09:15:08,paid,time_decay,email,1,1,1,1.0,51.89,51.89
ord_251e0635,cust_14276e90,2024-11-09 17:21:53,paid,last_touch,tiktok,1,1,1,1.0,115.55,115.55
ord_251e0635,cust_14276e90,2024-11-09 17:21:53,paid,first_touch,tiktok,1,1,1,1.0,115.55,115.55
ord_251e0635,cust_14276e90,2024-11-09 17:21:53,paid,linear,tiktok,1,1,1,1.0,115.55,115.55
ord_251e0635,cust_14276e90,2024-11-09 17:21:53,paid,time_decay,tiktok,1,1,1,1.0,115.55,115.55
ord_0026f0a2,cust_845f5209,2024-11-09 22:25:42,paid,last_touch,direct,1,1,1,1.0,255.43,255.43
ord_0026f0a2,cust_845f5209,2024-11-09 22:25:42,paid,first_touch,organic,1,1,1,1.0,255.43,255.43
ord_0026f0a2,cust_845f5209,2024-11-09 22:25:42,paid,linear,organic,1,1,1,1.0,255.43,255.43
ord_0026f0a2,cust_845f5209,2024-11-09 22:25:42,paid,time_decay,organic,1,1,1,1.0,255.43,255.43
ord_de65f064,cust_96b7f4d8,2024-11-09 13:43:08,paid,last_touch,meta,1,1,1,1.0,144.92,144.92
ord_de65f064,cust_96b7f4d8,2024-11-09 13:43:08,paid,first_touch,meta,1,1,1,1.0,144.92,144.92
ord_de65f064,cust_96b7f4d8,2024-11-09 13:43:08,paid,linear,meta,1,1,1,1.0,144.92,144.92
ord_de65f064,cust_96b7f4d8,2024-11-09 13:43:08,paid,time_decay,meta,1,1,1,1.0,144.92,144.92
ord_e35d1025,cust_017dcf73,2024-11-09 15:53:47,paid,last_touch,google,1,1,1,1.0,121.29,121.29
ord_e35d1025,cust_017dcf73,2024-11-09 15:53:47,paid,first_touch,google,1,1,1,1.0,121.29,121.29
ord_e35d1025,cust_017dcf73,2024-11-09 15:53:47,paid,linear,google,1,1,1,1.0,121.29,121.29
ord_e35d1025,cust_017dcf73,2024-11-09 15:53:47,paid,time_decay,google,1,1,1,1.0,121.29,121.29
ord_ad5e7d07,cust_ccc277c0,2024-11-09 00:31:50,paid,last_touch,google,1,1,1,1.0,245.39,245.39
ord_ad5e7d07,cust_ccc277c0,2024-11-09 00:31:50,paid,first_touch,google,1,1,1,1.0,245.39,245.39
ord_ad5e7d07,cust_ccc277c0,2024-11-09 00:31:50,paid,linear,google,1,1,1,1.0,245.39,245.39
ord_ad5e7d07,cust_ccc277c0,2024-11-09 00:31:50,paid,time_decay,google,1,1,1,1.0,245.39,245.39
ord_008d8e7e,cust_d17195ff,2024-11-09 21:25:26,paid,last_touch,organic,1,1,1,1.0,72.5,72.5
ord_008d8e7e,cust_d17195ff,2024-11-09 21:25:26,paid,first_touch,organic,1,1,1,1.0,72.5,72.5
ord_008d8e7e,cust_d17195ff,2024-11-09 21:25:26,paid,linear,organic,1,1,1,1.0,72.5,72.5
ord_008d8e7e,cust_d17195ff,2024-11-09 21:25:26,paid,time_decay,organic,1,1,1,1.0,72.5,72.5
ord_1f6014d6,cust_985969cd,2024-11-09 10:02:00,paid,last_touch,direct,1,1,1,1.0,41.6,41.6
ord_1f6014d6,cust_985969cd,2024-11-09 10:02:00,paid,first_touch,direct,1,1,1,1.0,41.6,41.6
ord_1f6014d6,cust_985969cd,2024-11-09 10:02:00,paid,linear,direct,1,1,1,1.0,41.6,41.6
ord_1f6014d6,cust_985969cd,2024-11-09 10:02:00,paid,time_decay,direct,1,1,1,1.0,41.6,41.6
ord_5615e0c2,cust_7bae4ff2,2024-11-09 19:15:17,paid,last_touch,direct,1,1,1,1.0,73.82,73.82
ord_5615e0c2,cust_7bae4ff2,2024-11-09 19:15:17,paid,first_touch,direct,1,1,1,1.0,73.82,73.82
ord_5615e0c2,cust_7bae4ff2,2024-11-09 19:15:17,paid,linear,direct,1,1,1,1.0,73.82,73.82
ord_5615e0c2,cust_7bae4ff2,2024-11-09 19:15:17,paid,time_decay,direct,1,1,1,1.0,73.82,73.82
ord_17cd8282,cust_2303e275,2024-11-10 10:24:30,paid,last_touch,google,1,1,1,1.0,78.09,78.09
ord_17cd8282,cust_2303e275,2024-11-10 10:24:30,paid,first_touch,google,1,1,1,1.0,78.09,78.09
ord_17cd8282,cust_2303e275,2024-11-10 10:24:30,paid,linear,google,1,1,1,1.0,78.09,78.09
ord_17cd8282,cust_2303e275,2024-11-10 10:24:30,paid,time_decay,google,1,1,1,1.0,78.09,78.09
ord_28dabcdc,cust_89e5cc3d,2024-11-10 20:52:58,paid,last_touch,google,1,1,1,1.0,93.55,93.55
ord_28dabcdc,cust_89e5cc3d,2024-11-10 20:52:58,paid,first_touch,google,1,1,1,1.0,93.55,93.55
ord_28dabcdc,cust_89e5cc3d,2024-11-10 20:52:58,paid,linear,google,1,1,1,1.0,93.55,93.55
ord_28dabcdc,cust_89e5cc3d,2024-11-10 20:52:58,paid,time_decay,google,1,1,1,1.0,93.55,93.55
ord_e73b3ee8,cust_91c2fc7f,2024-11-10 13:18:24,chargeback,last_touch,email,1,1,1,1.0,20.27,20.27
ord_e73b3ee8,cust_91c2fc7f,2024-11-10 13:18:24,chargeback,first_touch,email,1,1,1,1.0,20.27,20.27
ord_e73b3ee8,cust_91c2fc7f,2024-11-10 13:18:24,chargeback,linear,email,1,1,1,1.0,20.27,20.27
ord_e73b3ee8,cust_91c2fc7f,2024-11-10 13:18:24,chargeback,time_decay,email,1,1,1,1.0,20.27,20.27
ord_a766488b,cust_bcaff4ea,2024-11-10 08:55:22,paid,last_touch,meta,1,1,1,1.0,78.96,78.96
ord_a766488b,cust_bcaff4ea,2024-11-10 08:55:22,paid,first_touch,meta,1,1,1,1.0,78.96,78.96
ord_a766488b,cust_bcaff4ea,2024-11-10 08:55:22,paid,linear,meta,1,1,1,1.0,78.96,78.96
ord_a766488b,cust_bcaff4ea,2024-11-10 08:55:22,paid,time_decay,meta,1,1,1,1.0,78.96,78.96
ord_14efa26e,cust_b60a2ea2,2024-11-10 09:37:32,paid,last_touch,direct,1,1,1,1.0,103.37,103.37
ord_14efa26e,cust_b60a2ea2,2024-11-10 09:37:32,paid,first_touch,google,1,1,1,1.0,103.37,103.37
ord_14efa26e,cust_b60a2ea2,2024-11-10 09:37:32,paid,linear,google,1,1,1,1.0,103.37,103.37
ord_14efa26e,cust_b60a2ea2,2024-11-10 09:37:32,paid,time_decay,google,1,1,1,1.0,103.37,103.37
ord_ce42017b,cust_37e79090,2024-11-10 20:55:34,paid,last_touch,direct,1,1,1,1.0,147.08,147.08
ord_ce42017b,cust_37e79090,2024-11-10 20:55:34,paid,first_touch,email,1,1,1,1.0,147.08,147.08
ord_ce42017b,cust_37e79090,2024-11-10 20:55:34,paid,linear,email,1,1,1,1.0,147.08,147.08
ord_ce42017b,cust_37e79090,2024-11-10 20:55:34,paid,time_decay,email,1,1,1,1.0,147.08,147.08
ord_98e0796b,cust_ad590646,2024-11-10 17:56:47,paid,last_touch,direct,1,1,1,1.0,33.15,33.15
ord_98e0796b,cust_ad590646,2024-11-10 17:56:47,paid,first_touch,google,1,1,1,1.0,33.15,33.15
ord_98e0796b,cust_ad590646,2024-11-10 17:56:47,paid,linear,google,1,1,1,1.0,33.15,33.15
ord_98e0796b,cust_ad590646,2024-11-10 17:56:47,paid,time_decay,google,1,1,1,1.0,33.15,33.15
ord_d5c41120,cust_9a18d056,2024-11-10 13:24:07,paid,last_touch,meta,1,1,1,1.0,33.97,33.97
ord_d5c41120,cust_9a18d056,2024-11-10 13:24:07,paid,first_touch,meta,1,1,1,1.0,33.97,33.97
ord_d5c41120,cust_9a18d056,2024-11-10 13:24:07,paid,linear,meta,1,1,1,1.0,33.97,33.97
ord_d5c41120,cust_9a18d056,2024-11-10 13:24:07,paid,time_decay,meta,1,1,1,1.0,33.97,33.97
ord_0e9b4d41,cust_3a99b4bb,2024-11-10 18:37:58,paid,last_touch,google,1,1,1,1.0,130.46,130.46
ord_0e9b4d41,cust_3a99b4bb,2024-11-10 18:37:58,paid,first_touch,google,1,1,1,1.0,130.46,130.46
ord_0e9b4d41,cust_3a99b4bb,2024-11-10 18:37:58,paid,linear,google,1,1,1,1.0,130.46,130.46
ord_0e9b4d41,cust_3a99b4bb,2024-11-10 18:37:58,paid,time_decay,google,1,1,1,1.0,130.46,130.46
ord_6178f8a9,cust_72929ab3,2024-11-10 17:53:12,paid,last_touch,direct,1,1,1,1.0,144.53,144.53
ord_6178f8a9,cust_72929ab3,2024-11-10 17:53:12,paid,first_touch,tiktok,1,1,1,1.0,144.53,144.53
ord_6178f8a9,cust_72929ab3,2024-11-10 17:53:12,paid,linear,tiktok,1,1,1,1.0,144.53,144.53
ord_6178f8a9,cust_72929ab3,2024-11-10 17:53:12,paid,time_decay,tiktok,1,1,1,1.0,144.53,144.53
ord_60175bda,cust_80385dcc,2024-11-10 19:56:33,paid,last_touch,organic,1,1,1,1.0,74.38,74.38
ord_60175bda,cust_80385dcc,2024-11-10 19:56:33,paid,first_touch,organic,1,1,1,1.0,74.38,74.38
ord_60175bda,cust_80385dcc,2024-11-10 19:56:33,paid,linear,organic,1,1,1,1.0,74.38,74.38
ord_60175bda,cust_80385dcc,2024-11-10 19:56:33,paid,time_decay,organic,1,1,1,1.0,74.38,74.38
ord_4a7dd9ae,cust_292456f5,2024-11-10 09:49:43,paid,last_touch,meta,1,1,1,1.0,106.65,106.65
ord_4a7dd9ae,cust_292456f5,2024-11-10 09:49:43,paid,first_touch,meta,1,1,1,1.0,106.65,106.65
ord_4a7dd9ae,cust_292456f5,2024-11-10 09:49:43,paid,linear,meta,1,1,1,1.0,106.65,106.65
ord_4a7dd9ae,cust_292456f5,2024-11-10 09:49:43,paid,time_decay,meta,1,1,1,1.0,106.65,106.65
ord_80489b06,cust_1e14d2c8,2024-11-10 10:44:06,paid,last_touch,direct,1,1,1,1.0,93.25,93.25
ord_80489b06,cust_1e14d2c8,2024-11-10 10:44:06,paid,first_touch,direct,1,1,1,1.0,93.25,93.25
ord_80489b06,cust_1e14d2c8,2024-11-10 10:44:06,paid,linear,direct,1,1,1,1.0,93.25,93.25
ord_80489b06,cust_1e14d2c8,2024-11-10 10:44:06,paid,time_decay,direct,1,1,1,1.0,93.25,93.25
ord_59e212b8,cust_c92daa33,2024-11-11 17:14:07,paid,last_touch,direct,1,1,1,1.0,88.47,88.47
ord_59e212b8,cust_c92daa33,2024-11-11 17:14:07,paid,first_touch,tiktok,1,1,1,1.0,88.47,88.47
ord_59e212b8,cust_c92daa33,2024-11-11 17:14:07,paid,linear,tiktok,1,1,1,1.0,88.47,88.47
ord_59e212b8,cust_c92daa33,2024-11-11 17:14:07,paid,time_decay,tiktok,1,1,1,1.0,88.47,88.47
ord_784b4b4e,cust_3306a4e4,2024-11-11 20:50:35,paid,last_touch,organic,1,1,1,1.0,87.84,87.84
ord_784b4b4e,cust_3306a4e4,2024-11-11 20:50:35,paid,first_touch,organic,1,1,1,1.0,87.84,87.84
ord_784b4b4e,cust_3306a4e4,2024-11-11 20:50:35,paid,linear,organic,1,1,1,1.0,87.84,87.84
ord_784b4b4e,cust_3306a4e4,2024-11-11 20:50:35,paid,time_decay,organic,1,1,1,1.0,87.84,87.84
ord_df0c73e8,cust_4e00f574,2024-11-11 21:27:48,paid,last_touch,direct,1,1,1,1.0,89.79,89.79
ord_df0c73e8,cust_4e00f574,2024-11-11 21:27:48,paid,first_touch,google,1,1,1,1.0,89.79,89.79
ord_df0c73e8,cust_4e00f574,2024-11-11 21:27:48,paid,linear,google,1,1,1,1.0,89.79,89.79
ord_df0c73e8,cust_4e00f574,2024-11-11 21:27:48,paid,time_decay,google,1,1,1,1.0,89.79,89.79
ord_016e5bde,cust_cf52673d,2024-11-11 13:01:49,paid,last_touch,google,1,1,1,1.0,64.46,64.46
ord_016e5bde,cust_cf52673d,2024-11-11 13:01:49,paid,first_touch,google,1,1,1,1.0,64.46,64.46
ord_016e5bde,cust_cf52673d,2024-11-11 13:01:49,paid,linear,google,1,1,1,1.0,64.46,64.46
ord_016e5bde,cust_cf52673d,2024-11-11 13:01:49,paid,time_decay,google,1,1,1,1.0,64.46,64.46
ord_e9eae722,cust_47fbdbb6,2024-11-11 22:34:39,paid,last_touch,direct,1,1,1,1.0,311.34,311.34
ord_e9eae722,cust_47fbdbb6,2024-11-11 22:34:39,paid,first_touch,direct,1,1,1,1.0,311.34,311.34
ord_e9eae722,cust_47fbdbb6,2024-11-11 22:34:39,paid,linear,direct,1,1,1,1.0,311.34,311.34
ord_e9eae722,cust_47fbdbb6,2024-11-11 22:34:39,paid,time_decay,direct,1,1,1,1.0,311.34,311.34
ord_49712368,cust_2dec8452,2024-11-11 14:18:16,paid,last_touch,google,1,1,1,1.0,81.9,81.9
ord_49712368,cust_2dec8452,2024-11-11 14:18:16,paid,first_touch,google,1,1,1,1.0,81.9,81.9
ord_49712368,cust_2dec8452,2024-11-11 14:18:16,paid,linear,google,1,1,1,1.0,81.9,81.9
ord_49712368,cust_2dec8452,2024-11-11 14:18:16,paid,time_decay,google,1,1,1,1.0,81.9,81.9
ord_8309a6fd,cust_a3e2dbee,2024-11-11 10:49:03,paid,last_touch,meta,1,1,1,1.0,139.35,139.35
ord_8309a6fd,cust_a3e2dbee,2024-11-11 10:49:03,paid,first_touch,meta,1,1,1,1.0,139.35,139.35
ord_8309a6fd,cust_a3e2dbee,2024-11-11 10:49:03,paid,linear,meta,1,1,1,1.0,139.35,139.35
ord_8309a6fd,cust_a3e2dbee,2024-11-11 10:49:03,paid,time_decay,meta,1,1,1,1.0,139.35,139.35
ord_6ff5a323,cust_95f5ef87,2024-11-11 18:05:17,paid,last_touch,direct,1,1,1,1.0,75.2,75.2
ord_6ff5a323,cust_95f5ef87,2024-11-11 18:05:17,paid,first_touch,email,1,1,1,1.0,75.2,75.2
ord_6ff5a323,cust_95f5ef87,2024-11-11 18:05:17,paid,linear,email,1,1,1,1.0,75.2,75.2
ord_6ff5a323,cust_95f5ef87,2024-11-11 18:05:17,paid,time_decay,email,1,1,1,1.0,75.2,75.2
ord_93339690,cust_f0e11cca,2024-11-11 19:19:42,refunded,last_touch,email,1,1,1,1.0,54.47,54.47
ord_93339690,cust_f0e11cca,2024-11-11 19:19:42,refunded,first_touch,email,1,1,1,1.0,54.47,54.47
ord_93339690,cust_f0e11cca,2024-11-11 19:19:42,refunded,linear,email,1,1,1,1.0,54.47,54.47
ord_93339690,cust_f0e11cca,2024-11-11 19:19:42,refunded,time_decay,email,1,1,1,1.0,54.47,54.47
ord_14932330,cust_d319c70e,2024-11-11 15:32:47,paid,last_touch,meta,1,1,1,1.0,88.54,88.54
ord_14932330,cust_d319c70e,2024-11-11 15:32:47,paid,first_touch,meta,1,1,1,1.0,88.54,88.54
ord_14932330,cust_d319c70e,2024-11-11 15:32:47,paid,linear,meta,1,1,1,1.0,88.54,88.54
ord_14932330,cust_d319c70e,2024-11-11 15:32:47,paid,time_decay,meta,1,1,1,1.0,88.54,88.54
ord_28f7f625,cust_7ea1c04d,2024-11-11 19:52:02,paid,last_touch,direct,1,1,1,1.0,123.08,123.08
ord_28f7f625,cust_7ea1c04d,2024-11-11 19:52:02,paid,first_touch,direct,1,1,1,1.0,123.08,123.08
ord_28f7f625,cust_7ea1c04d,2024-11-11 19:52:02,paid,linear,direct,1,1,1,1.0,123.08,123.08
ord_28f7f625,cust_7ea1c04d,2024-11-11 19:52:02,paid,time_decay,direct,1,1,1,1.0,123.08,123.08
ord_a5c7602f,cust_c59ef482,2024-11-12 19:50:21,paid,last_touch,tiktok,1,1,1,1.0,31.54,31.54
ord_a5c7602f,cust_c59ef482,2024-11-12 19:50:21,paid,first_touch,tiktok,1,1,1,1.0,31.54,31.54
ord_a5c7602f,cust_c59ef482,2024-11-12 19:50:21,paid,linear,tiktok,1,1,1,1.0,31.54,31.54
ord_a5c7602f,cust_c59ef482,2024-11-12 19:50:21,paid,time_decay,tiktok,1,1,1,1.0,31.54,31.54
ord_b0c27c66,cust_8cb2c7e9,2024-11-12 10:40:48,paid,last_touch,meta,1,1,1,1.0,157.31,157.31
ord_b0c27c66,cust_8cb2c7e9,2024-11-12 10:40:48,paid,first_touch,meta,1,1,1,1.0,157.31,157.31
ord_b0c27c66,cust_8cb2c7e9,2024-11-12 10:40:48,paid,linear,meta,1,1,1,1.0,157.31,157.31
ord_b0c27c66,cust_8cb2c7e9,2024-11-12 10:40:48,paid,time_decay,meta,1,1,1,1.0,157.31,157.31
ord_2cab18a6,cust_83a722df,2024-11-12 15:06:12,paid,last_touch,direct,1,1,1,1.0,221.32,221.32
ord_2cab18a6,cust_83a722df,2024-11-12 15:06:12,paid,first_touch,google,1,1,1,1.0,221.32,221.32
ord_2cab18a6,cust_83a722df,2024-11-12 15:06:12,paid,linear,google,1,1,1,1.0,221.32,221.32
ord_2cab18a6,cust_83a722df,2024-11-12 15:06:12,paid,time_decay,google,1,1,1,1.0,221.32,221.32
ord_db2aa44b,cust_cbe18638,2024-11-12 07:20:59,paid,last_touch,organic,1,1,1,1.0,40.27,40.27
ord_db2aa44b,cust_cbe18638,2024-11-12 07:20:59,paid,first_touch,organic,1,1,1,1.0,40.27,40.27
ord_db2aa44b,cust_cbe18638,2024-11-12 07:20:59,paid,linear,organic,1,1,1,1.0,40.27,40.27
ord_db2aa44b,cust_cbe18638,2024-11-12 07:20:59,paid,time_decay,organic,1,1,1,1.0,40.27,40.27
ord_11a3c0e9,cust_ad594354,2024-11-12 20:20:47,paid,last_touch,direct,1,1,1,1.0,73.19,73.19
ord_11a3c0e9,cust_ad594354,2024-11-12 20:20:47,paid,first_touch,meta,1,1,1,1.0,73.19,73.19
ord_11a3c0e9,cust_ad594354,2024-11-12 20:20:47,paid,linear,meta,1,1,1,1.0,73.19,73.19
ord_11a3c0e9,cust_ad594354,2024-11-12 20:20:47,paid,time_decay,meta,1,1,1,1.0,73.19,73.19
ord_322f83ff,cust_7ba8986f,2024-11-12 08:18:20,paid,last_touch,direct,1,1,1,1.0,53.64,53.64
ord_322f83ff,cust_7ba8986f,2024-11-12 08:18:20,paid,first_touch,email,1,1,1,1.0,53.64,53.64
ord_322f83ff,cust_7ba8986f,2024-11-12 08:18:20,paid,linear,email,1,1,1,1.0,53.64,53.64
ord_322f83ff,cust_7ba8986f,2024-11-12 08:18:20,paid,time_decay,email,1,1,1,1.0,53.64,53.64
ord_115a670b,cust_ad3e26d5,2024-11-12 10:17:58,paid,last_touch,meta,1,1,1,1.0,68.92,68.92
ord_115a670b,cust_ad3e26d5,2024-11-12 10:17:58,paid,first_touch,meta,1,1,1,1.0,68.92,68.92
ord_115a670b,cust_ad3e26d5,2024-11-12 10:17:58,paid,linear,meta,1,1,1,1.0,68.92,68.92
ord_115a670b,cust_ad3e26d5,2024-11-12 10:17:58,paid,time_decay,meta,1,1,1,1.0,68.92,68.92
ord_c0ac236a,cust_71100e2b,2024-11-13 23:19:53,paid,last_touch,direct,1,1,1,1.0,101.73,101.73
ord_c0ac236a,cust_71100e2b,2024-11-13 23:19:53,paid,first_touch,organic,1,1,1,1.0,101.73,101.73
ord_c0ac236a,cust_71100e2b,2024-11-13 23:19:53,paid,linear,organic,1,1,1,1.0,101.73,101.73
ord_c0ac236a,cust_71100e2b,2024-11-13 23:19:53,paid,time_decay,organic,1,1,1,1.0,101.73,101.73
ord_c2bb40f8,cust_482969ca,2024-11-13 17:08:43,paid,last_touch,direct,1,1,1,1.0,355.86,355.86
ord_c2bb40f8,cust_482969ca,2024-11-13 17:08:43,paid,first_touch,tiktok,1,1,1,1.0,355.86,355.86
ord_c2bb40f8,cust_482969ca,2024-11-13 17:08:43,paid,linear,tiktok,1,1,1,1.0,355.86,355.86
ord_c2bb40f8,cust_482969ca,2024-11-13 17:08:43,paid,time_decay,tiktok,1,1,1,1.0,355.86,355.86
ord_18798996,cust_3674ae3a,2024-11-13 12:21:42,paid,last_touch,organic,1,1,1,1.0,238.05,238.05
ord_18798996,cust_3674ae3a,2024-11-13 12:21:42,paid,first_touch,organic,1,1,1,1.0,238.05,238.05
ord_18798996,cust_3674ae3a,2024-11-13 12:21:42,paid,linear,organic,1,1,1,1.0,238.05,238.05
ord_18798996,cust_3674ae3a,2024-11-13 12:21:42,paid,time_decay,organic,1,1,1,1.0,238.05,238.05
ord_3fc2e6a8,cust_fe36a915,2024-11-13 22:51:48,paid,last_touch,organic,1,1,1,1.0,107.48,107.48
ord_3fc2e6a8,cust_fe36a915,2024-11-13 22:51:48,paid,first_touch,organic,1,1,1,1.0,107.48,107.48
ord_3fc2e6a8,cust_fe36a915,2024-11-13 22:51:48,paid,linear,organic,1,1,1,1.0,107.48,107.48
ord_3fc2e6a8,cust_fe36a915,2024-11-13 22:51:48,paid,time_decay,organic,1,1,1,1.0,107.48,107.48
ord_f71b7c78,cust_92726bbb,2024-11-13 15:28:52,paid,last_touch,tiktok,1,1,1,1.0,84.65,84.65
ord_f71b7c78,cust_92726bbb,2024-11-13 15:28:52,paid,first_touch,tiktok,1,1,1,1.0,84.65,84.65
ord_f71b7c78,cust_92726bbb,2024-11-13 15:28:52,paid,linear,tiktok,1,1,1,1.0,84.65,84.65
ord_f71b7c78,cust_92726bbb,2024-11-13 15:28:52,paid,time_decay,tiktok,1,1,1,1.0,84.65,84.65
ord_571d0000,cust_748159ac,2024-11-13 12:35:07,paid,last_touch,direct,1,1,1,1.0,96.17,96.17
ord_571d0000,cust_748159ac,2024-11-13 12:35:07,paid,first_touch,organic,1,1,1,1.0,96.17,96.17
ord_571d0000,cust_748159ac,2024-11-13 12:35:07,paid,linear,organic,1,1,1,1.0,96.17,96.17
ord_571d0000,cust_748159ac,2024-11-13 12:35:07,paid,time_decay,organic,1,1,1,1.0,96.17,96.17
ord_23864f55,cust_def81dc8,2024-11-13 12:16:19,paid,last_touch,direct,1,1,1,1.0,77.68,77.68
ord_23864f55,cust_def81dc8,2024-11-13 12:16:19,paid,first_touch,organic,1,1,1,1.0,77.68,77.68
ord_23864f55,cust_def81dc8,2024-11-13 12:16:19,paid,linear,organic,1,1,1,1.0,77.68,77.68
ord_23864f55,cust_def81dc8,2024-11-13 12:16:19,paid,time_decay,organic,1,1,1,1.0,77.68,77.68
ord_6a6080c4,cust_eb36df2e,2024-11-13 16:39:22,paid,last_touch,direct,1,1,1,1.0,109.57,109.57
ord_6a6080c4,cust_eb36df2e,2024-11-13 16:39:22,paid,first_touch,direct,1,1,1,1.0,109.57,109.57
ord_6a6080c4,cust_eb36df2e,2024-11-13 16:39:22,paid,linear,direct,1,1,1,1.0,109.57,109.57
ord_6a6080c4,cust_eb36df2e,2024-11-13 16:39:22,paid,time_decay,direct,1,1,1,1.0,109.57,109.57
ord_f7a60942,cust_f996846b,2024-11-13 06:17:47,refunded,last_touch,google,1,1,1,1.0,35.45,35.45
ord_f7a60942,cust_f996846b,2024-11-13 06:17:47,refunded,first_touch,google,1,1,1,1.0,35.45,35.45
ord_f7a60942,cust_f996846b,2024-11-13 06:17:47,refunded,linear,google,1,1,1,1.0,35.45,35.45
ord_f7a60942,cust_f996846b,2024-11-13 06:17:47,refunded,time_decay,google,1,1,1,1.0,35.45,35.45
ord_6840c694,cust_cc92c27b,2024-11-14 12:49:49,paid,last_touch,meta,1,1,1,1.0,127.8,127.8
ord_6840c694,cust_cc92c27b,2024-11-14 12:49:49,paid,first_touch,meta,1,1,1,1.0,127.8,127.8
ord_6840c694,cust_cc92c27b,2024-11-14 12:49:49,paid,linear,meta,1,1,1,1.0,127.8,127.8
ord_6840c694,cust_cc92c27b,2024-11-14 12:49:49,paid,time_decay,meta,1,1,1,1.0,127.8,127.8
ord_ec89a0e3,cust_f332157e,2024-11-14 17:57:55,refunded,last_touch,direct,1,1,1,1.0,123.29,123.29
ord_ec89a0e3,cust_f332157e,2024-11-14 17:57:55,refunded,first_touch,meta,1,1,1,1.0,123.29,123.29
ord_ec89a0e3,cust_f332157e,2024-11-14 17:57:55,refunded,linear,meta,1,1,1,1.0,123.29,123.29
ord_ec89a0e3,cust_f332157e,2024-11-14 17:57:55,refunded,time_decay,meta,1,1,1,1.0,123.29,123.29
ord_be522ad4,cust_6eedd836,2024-11-14 17:15:05,chargeback,last_touch,google,1,1,1,1.0,75.08,75.08
ord_be522ad4,cust_6eedd836,2024-11-14 17:15:05,chargeback,first_touch,google,1,1,1,1.0,75.08,75.08
ord_be522ad4,cust_6eedd836,2024-11-14 17:15:05,chargeback,linear,google,1,1,1,1.0,75.08,75.08
ord_be522ad4,cust_6eedd836,2024-11-14 17:15:05,chargeback,time_decay,google,1,1,1,1.0,75.08,75.08
ord_9c2f5242,cust_f3590b66,2024-11-14 18:49:21,refunded,last_touch,direct,1,1,1,1.0,82.89,82.89
ord_9c2f5242,cust_f3590b66,2024-11-14 18:49:21,refunded,first_touch,direct,1,1,1,1.0,82.89,82.89
ord_9c2f5242,cust_f3590b66,2024-11-14 18:49:21,refunded,linear,direct,1,1,1,1.0,82.89,82.89
ord_9c2f5242,cust_f3590b66,2024-11-14 18:49:21,refunded,time_decay,direct,1,1,1,1.0,82.89,82.89
ord_e1754133,cust_22fdab4f,2024-11-14 18:24:06,paid,last_touch,direct,1,1,1,1.0,222.12,222.12
ord_e1754133,cust_22fdab4f,2024-11-14 18:24:06,paid,first_touch,meta,1,1,1,1.0,222.12,222.12
ord_e1754133,cust_22fdab4f,2024-11-14 18:24:06,paid,linear,meta,1,1,1,1.0,222.12,222.12
ord_e1754133,cust_22fdab4f,2024-11-14 18:24:06,paid,time_decay,meta,1,1,1,1.0,222.12,222.12
ord_ad8412e8,cust_8345ebbd,2024-11-14 07:54:56,paid,last_touch,direct,1,1,1,1.0,154.68,154.68
ord_ad8412e8,cust_8345ebbd,2024-11-14 07:54:56,paid,first_touch,meta,1,1,1,1.0,154.68,154.68
ord_ad8412e8,cust_8345ebbd,2024-11-14 07:54:56,paid,linear,meta,1,1,1,1.0,154.68,154.68
ord_ad8412e8,cust_8345ebbd,2024-11-14 07:54:56,paid,time_decay,meta,1,1,1,1.0,154.68,154.68
ord_dce405ed,cust_9b03cacf,2024-11-14 16:34:53,paid,last_touch,google,1,1,1,1.0,47.19,47.19
ord_dce405ed,cust_9b03cacf,2024-11-14 16:34:53,paid,first_touch,google,1,1,1,1.0,47.19,47.19
ord_dce405ed,cust_9b03cacf,2024-11-14 16:34:53,paid,linear,google,1,1,1,1.0,47.19,47.19
ord_dce405ed,cust_9b03cacf,2024-11-14 16:34:53,paid,time_decay,google,1,1,1,1.0,47.19,47.19
ord_6d46daea,cust_ee0ea426,2024-11-15 19:53:41,paid,last_touch,direct,1,1,1,1.0,51.94,51.94
ord_6d46daea,cust_ee0ea426,2024-11-15 19:53:41,paid,first_touch,email,1,1,1,1.0,51.94,51.94
ord_6d46daea,cust_ee0ea426,2024-11-15 19:53:41,paid,linear,email,1,1,1,1.0,51.94,51.94
ord_6d46daea,cust_ee0ea426,2024-11-15 19:53:41,paid,time_decay,email,1,1,1,1.0,51.94,51.94
ord_268575d4,cust_ef8025cf,2024-11-15 11:55:38,paid,last_touch,google,1,1,1,1.0,99.48,99.48
ord_268575d4,cust_ef8025cf,2024-11-15 11:55:38,paid,first_touch,google,1,1,1,1.0,99.48,99.48
ord_268575d4,cust_ef8025cf,2024-11-15 11:55:38,paid,linear,google,1,1,1,1.0,99.48,99.48
ord_268575d4,cust_ef8025cf,2024-11-15 11:55:38,paid,time_decay,google,1,1,1,1.0,99.48,99.48
ord_e2707a16,cust_0d121561,2024-11-15 19:40:22,paid,last_touch,direct,1,1,1,1.0,59.24,59.24
ord_e2707a16,cust_0d121561,2024-11-15 19:40:22,paid,first_touch,direct,1,1,1,1.0,59.24,59.24
ord_e2707a16,cust_0d121561,2024-11-15 19:40:22,paid,linear,direct,1,1,1,1.0,59.24,59.24
ord_e2707a16,cust_0d121561,2024-11-15 19:40:22,paid,time_decay,direct,1,1,1,1.0,59.24,59.24
ord_2322d674,cust_1810254b,2024-11-15 09:36:24,paid,last_touch,direct,1,1,1,1.0,202.28,202.28
ord_2322d674,cust_1810254b,2024-11-15 09:36:24,paid,first_touch,organic,1,1,1,1.0,202.28,202.28
ord_2322d674,cust_1810254b,2024-11-15 09:36:24,paid,linear,organic,1,1,1,1.0,202.28,202.28
ord_2322d674,cust_1810254b,2024-11-15 09:36:24,paid,time_decay,organic,1,1,1,1.0,202.28,202.28
ord_3521e83b,cust_72fab500,2024-11-15 10:27:52,paid,last_touch,google,1,1,1,1.0,41.56,41.56
ord_3521e83b,cust_72fab500,2024-11-15 10:27:52,paid,first_touch,google,1,1,1,1.0,41.56,41.56
ord_3521e83b,cust_72fab500,2024-11-15 10:27:52,paid,linear,google,1,1,1,1.0,41.56,41.56
ord_3521e83b,cust_72fab500,2024-11-15 10:27:52,paid,time_decay,google,1,1,1,1.0,41.56,41.56
ord_a4c802a4,cust_91f8661b,2024-11-15 20:30:04,paid,last_touch,tiktok,1,1,1,1.0,79.12,79.12
ord_a4c802a4,cust_91f8661b,2024-11-15 20:30:04,paid,first_touch,tiktok,1,1,1,1.0,79.12,79.12
ord_a4c802a4,cust_91f8661b,2024-11-15 20:30:04,paid,linear,tiktok,1,1,1,1.0,79.12,79.12
ord_a4c802a4,cust_91f8661b,2024-11-15 20:30:04,paid,time_decay,tiktok,1,1,1,1.0,79.12,79.12
ord_d9d7b869,cust_804370d7,2024-11-16 11:39:54,paid,last_touch,tiktok,1,1,1,1.0,103.85,103.85
ord_d9d7b869,cust_804370d7,2024-11-16 11:39:54,paid,first_touch,tiktok,1,1,1,1.0,103.85,103.85
ord_d9d7b869,cust_804370d7,2024-11-16 11:39:54,paid,linear,tiktok,1,1,1,1.0,103.85,103.85
ord_d9d7b869,cust_804370d7,2024-11-16 11:39:54,paid,time_decay,tiktok,1,1,1,1.0,103.85,103.85
ord_bcf3f44d,cust_b2c446e9,2024-11-16 16:36:39,paid,last_touch,direct,1,1,1,1.0,113.86,113.86
ord_bcf3f44d,cust_b2c446e9,2024-11-16 16:36:39,paid,first_touch,direct,1,1,1,1.0,113.86,113.86
ord_bcf3f44d,cust_b2c446e9,2024-11-16 16:36:39,paid,linear,direct,1,1,1,1.0,113.86,113.86
ord_bcf3f44d,cust_b2c446e9,2024-11-16 16:36:39,paid,time_decay,direct,1,1,1,1.0,113.86,113.86
ord_d423d454,cust_9c7ff83e,2024-11-16 11:11:58,paid,last_touch,direct,1,1,1,1.0,37.11,37.11
ord_d423d454,cust_9c7ff83e,2024-11-16 11:11:58,paid,first_touch,direct,1,1,1,1.0,37.11,37.11
ord_d423d454,cust_9c7ff83e,2024-11-16 11:11:58,paid,linear,direct,1,1,1,1.0,37.11,37.11
ord_d423d454,cust_9c7ff83e,2024-11-16 11:11:58,paid,time_decay,direct,1,1,1,1.0,37.11,37.11
ord_10a30180,cust_f6a6b392,2024-11-16 09:55:59,paid,last_touch,direct,1,1,1,1.0,84.58,84.58
ord_10a30180,cust_f6a6b392,2024-11-16 09:55:59,paid,first_touch,organic,1,1,1,1.0,84.58,84.58
ord_10a30180,cust_f6a6b392,2024-11-16 09:55:59,paid,linear,organic,1,1,1,1.0,84.58,84.58
ord_10a30180,cust_f6a6b392,2024-11-16 09:55:59,paid,time_decay,organic,1,1,1,1.0,84.58,84.58
ord_16ba7dc1,cust_5bd5cd1b,2024-11-16 14:31:37,paid,last_touch,direct,1,1,1,1.0,126.38,126.38
ord_16ba7dc1,cust_5bd5cd1b,2024-11-16 14:31:37,paid,first_touch,email,1,1,1,1.0,126.38,126.38
ord_16ba7dc1,cust_5bd5cd1b,2024-11-16 14:31:37,paid,linear,email,1,1,1,1.0,126.38,126.38
ord_16ba7dc1,cust_5bd5cd1b,2024-11-16 14:31:37,paid,time_decay,email,1,1,1,1.0,126.38,126.38
ord_2f1e59dd,cust_92f5a808,2024-11-17 19:45:44,paid,last_touch,google,1,1,1,1.0,72.04,72.04
ord_2f1e59dd,cust_92f5a808,2024-11-17 19:45:44,paid,first_touch,google,1,1,1,1.0,72.04,72.04
ord_2f1e59dd,cust_92f5a808,2024-11-17 19:45:44,paid,linear,google,1,1,1,1.0,72.04,72.04
ord_2f1e59dd,cust_92f5a808,2024-11-17 19:45:44,paid,time_decay,google,1,1,1,1.0,72.04,72.04
ord_06f10b68,cust_28213771,2024-11-17 13:33:22,paid,last_touch,direct,1,1,1,1.0,141.95,141.95
ord_06f10b68,cust_28213771,2024-11-17 13:33:22,paid,first_touch,direct,1,1,1,1.0,141.95,141.95
ord_06f10b68,cust_28213771,2024-11-17 13:33:22,paid,linear,direct,1,1,1,1.0,141.95,141.95
ord_06f10b68,cust_28213771,2024-11-17 13:33:22,paid,time_decay,direct,1,1,1,1.0,141.95,141.95
ord_ca4bde0f,cust_de0da1a7,2024-11-17 18:49:39,refunded,last_touch,google,1,1,1,1.0,93.19,93.19
ord_ca4bde0f,cust_de0da1a7,2024-11-17 18:49:39,refunded,first_touch,google,1,1,1,1.0,93.19,93.19
ord_ca4bde0f,cust_de0da1a7,2024-11-17 18:49:39,refunded,linear,google,1,1,1,1.0,93.19,93.19
ord_ca4bde0f,cust_de0da1a7,2024-11-17 18:49:39,refunded,time_decay,google,1,1,1,1.0,93.19,93.19
ord_27280ab8,cust_4fb73428,2024-11-17 23:22:31,refunded,last_touch,google,1,1,1,1.0,51.46,51.46
ord_27280ab8,cust_4fb73428,2024-11-17 23:22:31,refunded,first_touch,google,1,1,1,1.0,51.46,51.46
ord_27280ab8,cust_4fb73428,2024-11-17 23:22:31,refunded,linear,google,1,1,1,1.0,51.46,51.46
ord_27280ab8,cust_4fb73428,2024-11-17 23:22:31,refunded,time_decay,google,1,1,1,1.0,51.46,51.46
ord_aa13be0e,cust_009063d5,2024-11-17 11:06:27,paid,last_touch,google,1,1,1,1.0,46.28,46.28
ord_aa13be0e,cust_009063d5,2024-11-17 11:06:27,paid,first_touch,google,1,1,1,1.0,46.28,46.28
ord_aa13be0e,cust_009063d5,2024-11-17 11:06:27,paid,linear,google,1,1,1,1.0,46.28,46.28
ord_aa13be0e,cust_009063d5,2024-11-17 11:06:27,paid,time_decay,google,1,1,1,1.0,46.28,46.28
ord_5bfcd023,cust_a4665769,2024-11-17 21:28:15,refunded,last_touch,google,1,1,1,1.0,25.7,25.7
ord_5bfcd023,cust_a4665769,2024-11-17 21:28:15,refunded,first_touch,google,1,1,1,1.0,25.7,25.7
ord_5bfcd023,cust_a4665769,2024-11-17 21:28:15,refunded,linear,google,1,1,1,1.0,25.7,25.7
ord_5bfcd023,cust_a4665769,2024-11-17 21:28:15,refunded,time_decay,google,1,1,1,1.0,25.7,25.7
ord_e9dc317d,cust_93ead5d0,2024-11-17 18:49:25,paid,last_touch,tiktok,1,1,1,1.0,74.26,74.26
ord_e9dc317d,cust_93ead5d0,2024-11-17 18:49:25,paid,first_touch,tiktok,1,1,1,1.0,74.26,74.26
ord_e9dc317d,cust_93ead5d0,2024-11-17 18:49:25,paid,linear,tiktok,1,1,1,1.0,74.26,74.26
ord_e9dc317d,cust_93ead5d0,2024-11-17 18:49:25,paid,time_decay,tiktok,1,1,1,1.0,74.26,74.26
ord_9858743c,cust_73708941,2024-11-17 20:38:56,paid,last_touch,direct,1,1,1,1.0,58.02,58.02
ord_9858743c,cust_73708941,2024-11-17 20:38:56,paid,first_touch,direct,1,1,1,1.0,58.02,58.02
ord_9858743c,cust_73708941,2024-11-17 20:38:56,paid,linear,direct,1,1,1,1.0,58.02,58.02
ord_9858743c,cust_73708941,2024-11-17 20:38:56,paid,time_decay,direct,1,1,1,1.0,58.02,58.02
ord_a905e8ec,cust_e0427a91,2024-11-17 11:12:58,paid,last_touch,google,1,1,1,1.0,44.27,44.27
ord_a905e8ec,cust_e0427a91,2024-11-17 11:12:58,paid,first_touch,google,1,1,1,1.0,44.27,44.27
ord_a905e8ec,cust_e0427a91,2024-11-17 11:12:58,paid,linear,google,1,1,1,1.0,44.27,44.27
ord_a905e8ec,cust_e0427a91,2024-11-17 11:12:58,paid,time_decay,google,1,1,1,1.0,44.27,44.27
ord_eb5c32ec,cust_4c4e12c3,2024-11-17 15:00:50,paid,last_touch,organic,1,1,1,1.0,85.94,85.94
ord_eb5c32ec,cust_4c4e12c3,2024-11-17 15:00:50,paid,first_touch,organic,1,1,1,1.0,85.94,85.94
ord_eb5c32ec,cust_4c4e12c3,2024-11-17 15:00:50,paid,linear,organic,1,1,1,1.0,85.94,85.94
ord_eb5c32ec,cust_4c4e12c3,2024-11-17 15:00:50,paid,time_decay,organic,1,1,1,1.0,85.94,85.94
ord_4f8098a1,cust_b621c454,2024-11-17 19:19:12,paid,last_touch,tiktok,1,1,1,1.0,53.22,53.22
ord_4f8098a1,cust_b621c454,2024-11-17 19:19:12,paid,first_touch,tiktok,1,1,1,1.0,53.22,53.22
ord_4f8098a1,cust_b621c454,2024-11-17 19:19:12,paid,linear,tiktok,1,1,1,1.0,53.22,53.22
ord_4f8098a1,cust_b621c454,2024-11-17 19:19:12,paid,time_decay,tiktok,1,1,1,1.0,53.22,53.22
ord_264f65ea,cust_deacdbf2,2024-11-18 14:18:15,paid,last_touch,direct,1,1,1,1.0,63.53,63.53
ord_264f65ea,cust_deacdbf2,2024-11-18 14:18:15,paid,first_touch,direct,1,1,1,1.0,63.53,63.53
ord_264f65ea,cust_deacdbf2,2024-11-18 14:18:15,paid,linear,direct,1,1,1,1.0,63.53,63.53
ord_264f65ea,cust_deacdbf2,2024-11-18 14:18:15,paid,time_decay,direct,1,1,1,1.0,63.53,63.53
ord_3d393885,cust_c63e9dc7,2024-11-18 20:20:26,paid,last_touch,direct,1,1,1,1.0,43.33,43.33
ord_3d393885,cust_c63e9dc7,2024-11-18 20:20:26,paid,first_touch,direct,1,1,1,1.0,43.33,43.33
ord_3d393885,cust_c63e9dc7,2024-11-18 20:20:26,paid,linear,direct,1,1,1,1.0,43.33,43.33
ord_3d393885,cust_c63e9dc7,2024-11-18 20:20:26,paid,time_decay,direct,1,1,1,1.0,43.33,43.33
ord_4c779a72,cust_861ab787,2024-11-18 21:20:52,paid,last_touch,direct,1,1,1,1.0,48.26,48.26
ord_4c779a72,cust_861ab787,2024-11-18 21:20:52,paid,first_touch,meta,1,1,1,1.0,48.26,48.26
ord_4c779a72,cust_861ab787,2024-11-18 21:20:52,paid,linear,meta,1,1,1,1.0,48.26,48.26
ord_4c779a72,cust_861ab787,2024-11-18 21:20:52,paid,time_decay,meta,1,1,1,1.0,48.26,48.26
ord_acc966c4,cust_4d572588,2024-11-18 00:36:20,paid,last_touch,google,1,1,1,1.0,49.94,49.94
ord_acc966c4,cust_4d572588,2024-11-18 00:36:20,paid,first_touch,google,1,1,1,1.0,49.94,49.94
ord_acc966c4,cust_4d572588,2024-11-18 00:36:20,paid,linear,google,1,1,1,1.0,49.94,49.94
ord_acc966c4,cust_4d572588,2024-11-18 00:36:20,paid,time_decay,google,1,1,1,1.0,49.94,49.94
ord_b779f7b3,cust_09f3ec2a,2024-11-18 19:12:21,paid,last_touch,direct,1,1,1,1.0,242.98,242.98
ord_b779f7b3,cust_09f3ec2a,2024-11-18 19:12:21,paid,first_touch,meta,1,1,1,1.0,242.98,242.98
ord_b779f7b3,cust_09f3ec2a,2024-11-18 19:12:21,paid,linear,meta,1,1,1,1.0,242.98,242.98
ord_b779f7b3,cust_09f3ec2a,2024-11-18 19:12:21,paid,time_decay,meta,1,1,1,1.0,242.98,242.98
ord_86f1efc0,cust_078fdb61,2024-11-18 20:11:02,paid,last_touch,meta,1,1,1,1.0,25.34,25.34
ord_86f1efc0,cust_078fdb61,2024-11-18 20:11:02,paid,first_touch,meta,1,1,1,1.0,25.34,25.34
ord_86f1efc0,cust_078fdb61,2024-11-18 20:11:02,paid,linear,meta,1,1,1,1.0,25.34,25.34
ord_86f1efc0,cust_078fdb61,2024-11-18 20:11:02,paid,time_decay,meta,1,1,1,1.0,25.34,25.34
ord_1d69af5d,cust_9a20f581,2024-11-18 15:36:17,paid,last_touch,meta,1,1,1,1.0,59.44,59.44
ord_1d69af5d,cust_9a20f581,2024-11-18 15:36:17,paid,first_touch,meta,1,1,1,1.0,59.44,59.44
ord_1d69af5d,cust_9a20f581,2024-11-18 15:36:17,paid,linear,meta,1,1,1,1.0,59.44,59.44
ord_1d69af5d,cust_9a20f581,2024-11-18 15:36:17,paid,time_decay,meta,1,1,1,1.0,59.44,59.44
ord_90669903,cust_63ff0e5f,2024-11-18 22:01:30,paid,last_touch,direct,1,1,1,1.0,75.08,75.08
ord_90669903,cust_63ff0e5f,2024-11-18 22:01:30,paid,first_touch,direct,1,1,1,1.0,75.08,75.08
ord_90669903,cust_63ff0e5f,2024-11-18 22:01:30,paid,linear,direct,1,1,1,1.0,75.08,75.08
ord_90669903,cust_63ff0e5f,2024-11-18 22:01:30,paid,time_decay,direct,1,1,1,1.0,75.08,75.08
ord_df69dd85,cust_da75eabb,2024-11-18 21:24:46,refunded,last_touch,direct,1,1,1,1.0,104.89,104.89
ord_df69dd85,cust_da75eabb,2024-11-18 21:24:46,refunded,first_touch,direct,1,1,1,1.0,104.89,104.89
ord_df69dd85,cust_da75eabb,2024-11-18 21:24:46,refunded,linear,direct,1,1,1,1.0,104.89,104.89
ord_df69dd85,cust_da75eabb,2024-11-18 21:24:46,refunded,time_decay,direct,1,1,1,1.0,104.89,104.89
ord_17177783,cust_141cce1a,2024-11-18 07:31:31,paid,last_touch,google,1,1,1,1.0,34.87,34.87
ord_17177783,cust_141cce1a,2024-11-18 07:31:31,paid,first_touch,google,1,1,1,1.0,34.87,34.87
ord_17177783,cust_141cce1a,2024-11-18 07:31:31,paid,linear,google,1,1,1,1.0,34.87,34.87
ord_17177783,cust_141cce1a,2024-11-18 07:31:31,paid,time_decay,google,1,1,1,1.0,34.87,34.87
ord_18784135,cust_6d6d4496,2024-11-19 20:52:50,paid,last_touch,direct,1,1,1,1.0,146.7,146.7
ord_18784135,cust_6d6d4496,2024-11-19 20:52:50,paid,first_touch,tiktok,1,1,1,1.0,146.7,146.7
ord_18784135,cust_6d6d4496,2024-11-19 20:52:50,paid,linear,tiktok,1,1,1,1.0,146.7,146.7
ord_18784135,cust_6d6d4496,2024-11-19 20:52:50,paid,time_decay,tiktok,1,1,1,1.0,146.7,146.7
ord_3a54d044,cust_aabf56c3,2024-11-19 20:14:39,paid,last_touch,direct,1,1,1,1.0,245.69,245.69
ord_3a54d044,cust_aabf56c3,2024-11-19 20:14:39,paid,first_touch,organic,1,1,1,1.0,245.69,245.69
ord_3a54d044,cust_aabf56c3,2024-11-19 20:14:39,paid,linear,organic,1,1,1,1.0,245.69,245.69
ord_3a54d044,cust_aabf56c3,2024-11-19 20:14:39,paid,time_decay,organic,1,1,1,1.0,245.69,245.69
ord_5884cff3,cust_f17de9ce,2024-11-19 10:09:48,paid,last_touch,organic,1,1,1,1.0,82.17,82.17
ord_5884cff3,cust_f17de9ce,2024-11-19 10:09:48,paid,first_touch,organic,1,1,1,1.0,82.17,82.17
ord_5884cff3,cust_f17de9ce,2024-11-19 10:09:48,paid,linear,organic,1,1,1,1.0,82.17,82.17
ord_5884cff3,cust_f17de9ce,2024-11-19 10:09:48,paid,time_decay,organic,1,1,1,1.0,82.17,82.17
ord_b13bec34,cust_9ea0e59b,2024-11-19 16:32:08,paid,last_touch,direct,1,1,1,1.0,45.34,45.34
ord_b13bec34,cust_9ea0e59b,2024-11-19 16:32:08,paid,first_touch,organic,1,1,1,1.0,45.34,45.34
ord_b13bec34,cust_9ea0e59b,2024-11-19 16:32:08,paid,linear,organic,1,1,1,1.0,45.34,45.34
ord_b13bec34,cust_9ea0e59b,2024-11-19 16:32:08,paid,time_decay,organic,1,1,1,1.0,45.34,45.34
ord_1b5eca44,cust_f472a8dc,2024-11-19 19:33:25,paid,last_touch,organic,1,1,1,1.0,86.33,86.33
ord_1b5eca44,cust_f472a8dc,2024-11-19 19:33:25,paid,first_touch,organic,1,1,1,1.0,86.33,86.33
ord_1b5eca44,cust_f472a8dc,2024-11-19 19:33:25,paid,linear,organic,1,1,1,1.0,86.33,86.33
ord_1b5eca44,cust_f472a8dc,2024-11-19 19:33:25,paid,time_decay,organic,1,1,1,1.0,86.33,86.33
ord_604ef43d,cust_e3cfe2d1,2024-11-20 15:50:26,paid,last_touch,organic,1,1,1,1.0,147.37,147.37
ord_604ef43d,cust_e3cfe2d1,2024-11-20 15:50:26,paid,first_touch,organic,1,1,1,1.0,147.37,147.37
ord_604ef43d,cust_e3cfe2d1,2024-11-20 15:50:26,paid,linear,organic,1,1,1,1.0,147.37,147.37
ord_604ef43d,cust_e3cfe2d1,2024-11-20 15:50:26,paid,time_decay,organic,1,1,1,1.0,147.37,147.37
ord_ec1fe477,cust_6626ce61,2024-11-20 22:29:23,paid,last_touch,direct,1,1,1,1.0,119.6,119.6
ord_ec1fe477,cust_6626ce61,2024-11-20 22:29:23,paid,first_touch,tiktok,1,1,1,1.0,119.6,119.6
ord_ec1fe477,cust_6626ce61,2024-11-20 22:29:23,paid,linear,tiktok,1,1,1,1.0,119.6,119.6
ord_ec1fe477,cust_6626ce61,2024-11-20 22:29:23,paid,time_decay,tiktok,1,1,1,1.0,119.6,119.6
ord_a49bd8b0,cust_40cdcbf4,2024-11-20 17:50:07,refunded,last_touch,google,1,1,1,1.0,128.0,128.0
ord_a49bd8b0,cust_40cdcbf4,2024-11-20 17:50:07,refunded,first_touch,google,1,1,1,1.0,128.0,128.0
ord_a49bd8b0,cust_40cdcbf4,2024-11-20 17:50:07,refunded,linear,google,1,1,1,1.0,128.0,128.0
ord_a49bd8b0,cust_40cdcbf4,2024-11-20 17:50:07,refunded,time_decay,google,1,1,1,1.0,128.0,128.0
ord_5030d46f,cust_1dda1fd5,2024-11-20 20:48:58,paid,last_touch,direct,1,1,1,1.0,43.92,43.92
ord_5030d46f,cust_1dda1fd5,2024-11-20 20:48:58,paid,first_touch,google,1,1,1,1.0,43.92,43.92
ord_5030d46f,cust_1dda1fd5,2024-11-20 20:48:58,paid,linear,google,1,1,1,1.0,43.92,43.92
ord_5030d46f,cust_1dda1fd5,2024-11-20 20:48:58,paid,time_decay,google,1,1,1,1.0,43.92,43.92
ord_b132b16b,cust_804ead95,2024-11-20 10:34:42,paid,last_touch,direct,1,1,1,1.0,26.42,26.42
ord_b132b16b,cust_804ead95,2024-11-20 10:34:42,paid,first_touch,tiktok,1,1,1,1.0,26.42,26.42
ord_b132b16b,cust_804ead95,2024-11-20 10:34:42,paid,linear,tiktok,1,1,1,1.0,26.42,26.42
ord_b132b16b,cust_804ead95,2024-11-20 10:34:42,paid,time_decay,tiktok,1,1,1,1.0,26.42,26.42
ord_04c76b20,cust_4e478ce8,2024-11-21 14:53:59,paid,last_touch,direct,1,1,1,1.0,45.44,45.44
ord_04c76b20,cust_4e478ce8,2024-11-21 14:53:59,paid,first_touch,direct,1,1,1,1.0,45.44,45.44
ord_04c76b20,cust_4e478ce8,2024-11-21 14:53:59,paid,linear,direct,1,1,1,1.0,45.44,45.44
ord_04c76b20,cust_4e478ce8,2024-11-21 14:53:59,paid,time_decay,direct,1,1,1,1.0,45.44,45.44
ord_21b4004a,cust_07142331,2024-11-21 09:10:19,paid,last_touch,organic,1,1,1,1.0,102.32,102.32
ord_21b4004a,cust_07142331,2024-11-21 09:10:19,paid,first_touch,organic,1,1,1,1.0,102.32,102.32
ord_21b4004a,cust_07142331,2024-11-21 09:10:19,paid,linear,organic,1,1,1,1.0,102.32,102.32
ord_21b4004a,cust_07142331,2024-11-21 09:10:19,paid,time_decay,organic,1,1,1,1.0,102.32,102.32
ord_38a91f08,cust_f4806876,2024-11-21 08:36:39,paid,last_touch,direct,1,1,1,1.0,50.46,50.46
ord_38a91f08,cust_f4806876,2024-11-21 08:36:39,paid,first_touch,tiktok,1,1,1,1.0,50.46,50.46
ord_38a91f08,cust_f4806876,2024-11-21 08:36:39,paid,linear,tiktok,1,1,1,1.0,50.46,50.46
ord_38a91f08,cust_f4806876,2024-11-21 08:36:39,paid,time_decay,tiktok,1,1,1,1.0,50.46,50.46
ord_67bbd010,cust_68d87350,2024-11-21 22:08:57,paid,last_touch,direct,1,1,1,1.0,232.5,232.5
ord_67bbd010,cust_68d87350,2024-11-21 22:08:57,paid,first_touch,direct,1,1,1,1.0,232.5,232.5
ord_67bbd010,cust_68d87350,2024-11-21 22:08:57,paid,linear,direct,1,1,1,1.0,232.5,232.5
ord_67bbd010,cust_68d87350,2024-11-21 22:08:57,paid,time_decay,direct,1,1,1,1.0,232.5,232.5
ord_1ca8db05,cust_08456b8c,2024-11-21 11:39:07,paid,last_touch,direct,1,1,1,1.0,129.24,129.24
ord_1ca8db05,cust_08456b8c,2024-11-21 11:39:07,paid,first_touch,direct,1,1,1,1.0,129.24,129.24
ord_1ca8db05,cust_08456b8c,2024-11-21 11:39:07,paid,linear,direct,1,1,1,1.0,129.24,129.24
ord_1ca8db05,cust_08456b8c,2024-11-21 11:39:07,paid,time_decay,direct,1,1,1,1.0,129.24,129.24
ord_cf211344,cust_fdcbd2ad,2024-11-21 09:43:15,paid,last_touch,google,1,1,1,1.0,52.41,52.41
ord_cf211344,cust_fdcbd2ad,2024-11-21 09:43:15,paid,first_touch,google,1,1,1,1.0,52.41,52.41
ord_cf211344,cust_fdcbd2ad,2024-11-21 09:43:15,paid,linear,google,1,1,1,1.0,52.41,52.41
ord_cf211344,cust_fdcbd2ad,2024-11-21 09:43:15,paid,time_decay,google,1,1,1,1.0,52.41,52.41
ord_1a1d001e,cust_e36ba53e,2024-11-21 20:18:17,paid,last_touch,meta,1,1,1,1.0,147.24,147.24
ord_1a1d001e,cust_e36ba53e,2024-11-21 20:18:17,paid,first_touch,meta,1,1,1,1.0,147.24,147.24
ord_1a1d001e,cust_e36ba53e,2024-11-21 20:18:17,paid,linear,meta,1,1,1,1.0,147.24,147.24
ord_1a1d001e,cust_e36ba53e,2024-11-21 20:18:17,paid,time_decay,meta,1,1,1,1.0,147.24,147.24
ord_2cff36f8,cust_abbc41b7,2024-11-21 14:13:45,paid,last_touch,direct,1,1,1,1.0,108.46,108.46
ord_2cff36f8,cust_abbc41b7,2024-11-21 14:13:45,paid,first_touch,organic,1,1,1,1.0,108.46,108.46
ord_2cff36f8,cust_abbc41b7,2024-11-21 14:13:45,paid,linear,organic,1,1,1,1.0,108.46,108.46
ord_2cff36f8,cust_abbc41b7,2024-11-21 14:13:45,paid,time_decay,organic,1,1,1,1.0,108.46,108.46
ord_b524b9d6,cust_eab34b1d,2024-11-21 11:21:52,paid,last_touch,direct,1,1,1,1.0,160.83,160.83
ord_b524b9d6,cust_eab34b1d,2024-11-21 11:21:52,paid,first_touch,email,1,1,1,1.0,160.83,160.83
ord_b524b9d6,cust_eab34b1d,2024-11-21 11:21:52,paid,linear,email,1,1,1,1.0,160.83,160.83
ord_b524b9d6,cust_eab34b1d,2024-11-21 11:21:52,paid,time_decay,email,1,1,1,1.0,160.83,160.83
ord_fe92fc41,cust_f2610cf0,2024-11-21 11:57:56,refunded,last_touch,google,1,1,1,1.0,80.4,80.4
ord_fe92fc41,cust_f2610cf0,2024-11-21 11:57:56,refunded,first_touch,google,1,1,1,1.0,80.4,80.4
ord_fe92fc41,cust_f2610cf0,2024-11-21 11:57:56,refunded,linear,google,1,1,1,1.0,80.4,80.4
ord_fe92fc41,cust_f2610cf0,2024-11-21 11:57:56,refunded,time_decay,google,1,1,1,1.0,80.4,80.4
ord_5abb737e,cust_304bf448,2024-11-22 06:28:58,paid,last_touch,google,1,1,1,1.0,44.44,44.44
ord_5abb737e,cust_304bf448,2024-11-22 06:28:58,paid,first_touch,google,1,1,1,1.0,44.44,44.44
ord_5abb737e,cust_304bf448,2024-11-22 06:28:58,paid,linear,google,1,1,1,1.0,44.44,44.44
ord_5abb737e,cust_304bf448,2024-11-22 06:28:58,paid,time_decay,google,1,1,1,1.0,44.44,44.44
ord_f1e56009,cust_b2951432,2024-11-22 19:43:55,paid,last_touch,meta,1,1,1,1.0,228.04,228.04
ord_f1e56009,cust_b2951432,2024-11-22 19:43:55,paid,first_touch,meta,1,1,1,1.0,228.04,228.04
ord_f1e56009,cust_b2951432,2024-11-22 19:43:55,paid,linear,meta,1,1,1,1.0,228.04,228.04
ord_f1e56009,cust_b2951432,2024-11-22 19:43:55,paid,time_decay,meta,1,1,1,1.0,228.04,228.04
ord_4603f0f4,cust_4738e31e,2024-11-22 09:44:47,paid,last_touch,tiktok,1,1,1,1.0,117.24,117.24
ord_4603f0f4,cust_4738e31e,2024-11-22 09:44:47,paid,first_touch,tiktok,1,1,1,1.0,117.24,117.24
ord_4603f0f4,cust_4738e31e,2024-11-22 09:44:47,paid,linear,tiktok,1,1,1,1.0,117.24,117.24
ord_4603f0f4,cust_4738e31e,2024-11-22 09:44:47,paid,time_decay,tiktok,1,1,1,1.0,117.24,117.24
ord_b832ccc0,cust_283c382d,2024-11-22 10:52:59,paid,last_touch,meta,1,1,1,1.0,119.13,119.13
ord_b832ccc0,cust_283c382d,2024-11-22 10:52:59,paid,first_touch,meta,1,1,1,1.0,119.13,119.13
ord_b832ccc0,cust_283c382d,2024-11-22 10:52:59,paid,linear,meta,1,1,1,1.0,119.13,119.13
ord_b832ccc0,cust_283c382d,2024-11-22 10:52:59,paid,time_decay,meta,1,1,1,1.0,119.13,119.13
ord_bedbb13e,cust_3ae07346,2024-11-22 10:24:53,refunded,last_touch,direct,1,1,1,1.0,73.11,73.11
ord_bedbb13e,cust_3ae07346,2024-11-22 10:24:53,refunded,first_touch,meta,1,1,1,1.0,73.11,73.11
ord_bedbb13e,cust_3ae07346,2024-11-22 10:24:53,refunded,linear,meta,1,1,1,1.0,73.11,73.11
ord_bedbb13e,cust_3ae07346,2024-11-22 10:24:53,refunded,time_decay,meta,1,1,1,1.0,73.11,73.11
ord_348e2351,cust_ad5b481b,2024-11-22 12:34:22,refunded,last_touch,direct,1,1,1,1.0,45.5,45.5
ord_348e2351,cust_ad5b481b,2024-11-22 12:34:22,refunded,first_touch,organic,1,1,1,1.0,45.5,45.5
ord_348e2351,cust_ad5b481b,2024-11-22 12:34:22,refunded,linear,organic,1,1,1,1.0,45.5,45.5
ord_348e2351,cust_ad5b481b,2024-11-22 12:34:22,refunded,time_decay,organic,1,1,1,1.0,45.5,45.5
ord_11520465,cust_3c00f392,2024-11-22 22:20:02,paid,last_touch,email,1,1,1,1.0,145.3,145.3
ord_11520465,cust_3c00f392,2024-11-22 22:20:02,paid,first_touch,email,1,1,1,1.0,145.3,145.3
ord_11520465,cust_3c00f392,2024-11-22 22:20:02,paid,linear,email,1,1,1,1.0,145.3,145.3
ord_11520465,cust_3c00f392,2024-11-22 22:20:02,paid,time_decay,email,1,1,1,1.0,145.3,145.3
ord_acefb884,cust_fd77e2ee,2024-11-22 11:21:44,paid,last_touch,direct,1,1,1,1.0,143.03,143.03
ord_acefb884,cust_fd77e2ee,2024-11-22 11:21:44,paid,first_touch,direct,1,1,1,1.0,143.03,143.03
ord_acefb884,cust_fd77e2ee,2024-11-22 11:21:44,paid,linear,direct,1,1,1,1.0,143.03,143.03
ord_acefb884,cust_fd77e2ee,2024-11-22 11:21:44,paid,time_decay,direct,1,1,1,1.0,143.03,143.03
ord_0d2b34c0,cust_578ac5a7,2024-11-22 19:51:28,paid,last_touch,tiktok,1,1,1,1.0,84.76,84.76
ord_0d2b34c0,cust_578ac5a7,2024-11-22 19:51:28,paid,first_touch,tiktok,1,1,1,1.0,84.76,84.76
ord_0d2b34c0,cust_578ac5a7,2024-11-22 19:51:28,paid,linear,tiktok,1,1,1,1.0,84.76,84.76
ord_0d2b34c0,cust_578ac5a7,2024-11-22 19:51:28,paid,time_decay,tiktok,1,1,1,1.0,84.76,84.76
ord_52950293,cust_0d41713a,2024-11-23 20:07:08,paid,last_touch,email,1,1,1,1.0,96.37,96.37
ord_52950293,cust_0d41713a,2024-11-23 20:07:08,paid,first_touch,email,1,1,1,1.0,96.37,96.37
ord_52950293,cust_0d41713a,2024-11-23 20:07:08,paid,linear,email,1,1,1,1.0,96.37,96.37
ord_52950293,cust_0d41713a,2024-11-23 20:07:08,paid,time_decay,email,1,1,1,1.0,96.37,96.37
ord_685f4ec8,cust_0610871b,2024-11-23 19:05:25,paid,last_touch,google,1,1,1,1.0,232.76,232.76
ord_685f4ec8,cust_0610871b,2024-11-23 19:05:25,paid,first_touch,google,1,1,1,1.0,232.76,232.76
ord_685f4ec8,cust_0610871b,2024-11-23 19:05:25,paid,linear,google,1,1,1,1.0,232.76,232.76
ord_685f4ec8,cust_0610871b,2024-11-23 19:05:25,paid,time_decay,google,1,1,1,1.0,232.76,232.76
ord_050c0f67,cust_0b1866ed,2024-11-23 21:04:14,paid,last_touch,direct,1,1,1,1.0,61.75,61.75
ord_050c0f67,cust_0b1866ed,2024-11-23 21:04:14,paid,first_touch,direct,1,1,1,1.0,61.75,61.75
ord_050c0f67,cust_0b1866ed,2024-11-23 21:04:14,paid,linear,direct,1,1,1,1.0,61.75,61.75
ord_050c0f67,cust_0b1866ed,2024-11-23 21:04:14,paid,time_decay,direct,1,1,1,1.0,61.75,61.75
ord_3ff310d6,cust_1d8e2f02,2024-11-23 14:04:37,paid,last_touch,direct,1,1,1,1.0,41.79,41.79
ord_3ff310d6,cust_1d8e2f02,2024-11-23 14:04:37,paid,first_touch,organic,1,1,1,1.0,41.79,41.79
ord_3ff310d6,cust_1d8e2f02,2024-11-23 14:04:37,paid,linear,organic,1,1,1,1.0,41.79,41.79
ord_3ff310d6,cust_1d8e2f02,2024-11-23 14:04:37,paid,time_decay,organic,1,1,1,1.0,41.79,41.79
ord_bd4da2bd,cust_9c3665ce,2024-11-23 16:14:15,paid,last_touch,direct,1,1,1,1.0,436.22,436.22
ord_bd4da2bd,cust_9c3665ce,2024-11-23 16:14:15,paid,first_touch,google,1,1,1,1.0,436.22,436.22
ord_bd4da2bd,cust_9c3665ce,2024-11-23 16:14:15,paid,linear,google,1,1,1,1.0,436.22,436.22
ord_bd4da2bd,cust_9c3665ce,2024-11-23 16:14:15,paid,time_decay,google,1,1,1,1.0,436.22,436.22
ord_125ee32e,cust_8633a43d,2024-11-23 20:07:17,paid,last_touch,direct,1,1,1,1.0,136.28,136.28
ord_125ee32e,cust_8633a43d,2024-11-23 20:07:17,paid,first_touch,organic,1,1,1,1.0,136.28,136.28
ord_125ee32e,cust_8633a43d,2024-11-23 20:07:17,paid,linear,organic,1,1,1,1.0,136.28,136.28
ord_125ee32e,cust_8633a43d,2024-11-23 20:07:17,paid,time_decay,organic,1,1,1,1.0,136.28,136.28
ord_d4c301f0,cust_ddd72138,2024-11-24 08:38:01,paid,last_touch,google,1,1,1,1.0,51.58,51.58
ord_d4c301f0,cust_ddd72138,2024-11-24 08:38:01,paid,first_touch,google,1,1,1,1.0,51.58,51.58
ord_d4c301f0,cust_ddd72138,2024-11-24 08:38:01,paid,linear,google,1,1,1,1.0,51.58,51.58
ord_d4c301f0,cust_ddd72138,2024-11-24 08:38:01,paid,time_decay,google,1,1,1,1.0,51.58,51.58
ord_0e0b6e08,cust_86709099,2024-11-24 20:05:48,paid,last_touch,google,1,1,1,1.0,83.36,83.36
ord_0e0b6e08,cust_86709099,2024-11-24 20:05:48,paid,first_touch,google,1,1,1,1.0,83.36,83.36
ord_0e0b6e08,cust_86709099,2024-11-24 20:05:48,paid,linear,google,1,1,1,1.0,83.36,83.36
ord_0e0b6e08,cust_86709099,2024-11-24 20:05:48,paid,time_decay,google,1,1,1,1.0,83.36,83.36
ord_ede19cc4,cust_d2a59ad9,2024-11-24 01:12:46,paid,last_touch,direct,1,1,1,1.0,79.63,79.63
ord_ede19cc4,cust_d2a59ad9,2024-11-24 01:12:46,paid,first_touch,tiktok,1,1,1,1.0,79.63,79.63
ord_ede19cc4,cust_d2a59ad9,2024-11-24 01:12:46,paid,linear,tiktok,1,1,1,1.0,79.63,79.63
ord_ede19cc4,cust_d2a59ad9,2024-11-24 01:12:46,paid,time_decay,tiktok,1,1,1,1.0,79.63,79.63
ord_4f99b087,cust_5bfbf5e4,2024-11-24 11:27:19,paid,last_touch,meta,1,1,1,1.0,93.64,93.64
ord_4f99b087,cust_5bfbf5e4,2024-11-24 11:27:19,paid,first_touch,meta,1,1,1,1.0,93.64,93.64
ord_4f99b087,cust_5bfbf5e4,2024-11-24 11:27:19,paid,linear,meta,1,1,1,1.0,93.64,93.64
ord_4f99b087,cust_5bfbf5e4,2024-11-24 11:27:19,paid,time_decay,meta,1,1,1,1.0,93.64,93.64
ord_3ef2fd6b,cust_47441717,2024-11-24 10:43:12,paid,last_touch,meta,1,1,1,1.0,104.51,104.51
ord_3ef2fd6b,cust_47441717,2024-11-24 10:43:12,paid,first_touch,meta,1,1,1,1.0,104.51,104.51
ord_3ef2fd6b,cust_47441717,2024-11-24 10:43:12,paid,linear,meta,1,1,1,1.0,104.51,104.51
ord_3ef2fd6b,cust_47441717,2024-11-24 10:43:12,paid,time_decay,meta,1,1,1,1.0,104.51,104.51
ord_095c8cc3,cust_50d48df8,2024-11-24 06:08:48,paid,last_touch,google,1,1,1,1.0,443.14,443.14
ord_095c8cc3,cust_50d48df8,2024-11-24 06:08:48,paid,first_touch,google,1,1,1,1.0,443.14,443.14
ord_095c8cc3,cust_50d48df8,2024-11-24 06:08:48,paid,linear,google,1,1,1,1.0,443.14,443.14
ord_095c8cc3,cust_50d48df8,2024-11-24 06:08:48,paid,time_decay,google,1,1,1,1.0,443.14,443.14
ord_5d02a430,cust_0ff0e594,2024-11-24 17:01:31,paid,last_touch,meta,1,1,1,1.0,132.44,132.44
ord_5d02a430,cust_0ff0e594,2024-11-24 17:01:31,paid,first_touch,meta,1,1,1,1.0,132.44,132.44
ord_5d02a430,cust_0ff0e594,2024-11-24 17:01:31,paid,linear,meta,1,1,1,1.0,132.44,132.44
ord_5d02a430,cust_0ff0e594,2024-11-24 17:01:31,paid,time_decay,meta,1,1,1,1.0,132.44,132.44
ord_c369204e,cust_6078b557,2024-11-24 19:49:53,paid,last_touch,email,1,1,1,1.0,88.21,88.21
ord_c369204e,cust_6078b557,2024-11-24 19:49:53,paid,first_touch,email,1,1,1,1.0,88.21,88.21
ord_c369204e,cust_6078b557,2024-11-24 19:49:53,paid,linear,email,1,1,1,1.0,88.21,88.21
ord_c369204e,cust_6078b557,2024-11-24 19:49:53,paid,time_decay,email,1,1,1,1.0,88.21,88.21
ord_5302c0fb,cust_40341e21,2024-11-24 13:56:13,paid,last_touch,organic,1,1,1,1.0,184.41,184.41
ord_5302c0fb,cust_40341e21,2024-11-24 13:56:13,paid,first_touch,organic,1,1,1,1.0,184.41,184.41
ord_5302c0fb,cust_40341e21,2024-11-24 13:56:13,paid,linear,organic,1,1,1,1.0,184.41,184.41
ord_5302c0fb,cust_40341e21,2024-11-24 13:56:13,paid,time_decay,organic,1,1,1,1.0,184.41,184.41
ord_9eba794d,cust_ce3dfe2c,2024-11-24 17:30:07,refunded,last_touch,google,1,1,1,1.0,62.91,62.91
ord_9eba794d,cust_ce3dfe2c,2024-11-24 17:30:07,refunded,first_touch,google,1,1,1,1.0,62.91,62.91
ord_9eba794d,cust_ce3dfe2c,2024-11-24 17:30:07,refunded,linear,google,1,1,1,1.0,62.91,62.91
ord_9eba794d,cust_ce3dfe2c,2024-11-24 17:30:07,refunded,time_decay,google,1,1,1,1.0,62.91,62.91
ord_3e2cac0b,cust_495a1c4e,2024-11-24 09:49:39,paid,last_touch,organic,1,1,1,1.0,164.53,164.53
ord_3e2cac0b,cust_495a1c4e,2024-11-24 09:49:39,paid,first_touch,organic,1,1,1,1.0,164.53,164.53
ord_3e2cac0b,cust_495a1c4e,2024-11-24 09:49:39,paid,linear,organic,1,1,1,1.0,164.53,164.53
ord_3e2cac0b,cust_495a1c4e,2024-11-24 09:49:39,paid,time_decay,organic,1,1,1,1.0,164.53,164.53
ord_050bb953,cust_bec9aabd,2024-11-24 13:31:08,paid,last_touch,direct,1,1,1,1.0,90.94,90.94
ord_050bb953,cust_bec9aabd,2024-11-24 13:31:08,paid,first_touch,organic,1,1,1,1.0,90.94,90.94
ord_050bb953,cust_bec9aabd,2024-11-24 13:31:08,paid,linear,organic,1,1,1,1.0,90.94,90.94
ord_050bb953,cust_bec9aabd,2024-11-24 13:31:08,paid,time_decay,organic,1,1,1,1.0,90.94,90.94
ord_c9ed6e6b,cust_919db8d1,2024-11-24 05:29:27,paid,last_touch,direct,1,1,1,1.0,152.72,152.72
ord_c9ed6e6b,cust_919db8d1,2024-11-24 05:29:27,paid,first_touch,tiktok,1,1,1,1.0,152.72,152.72
ord_c9ed6e6b,cust_919db8d1,2024-11-24 05:29:27,paid,linear,tiktok,1,1,1,1.0,152.72,152.72
ord_c9ed6e6b,cust_919db8d1,2024-11-24 05:29:27,paid,time_decay,tiktok,1,1,1,1.0,152.72,152.72
ord_a13f808e,cust_2aa805c4,2024-11-24 20:07:24,paid,last_touch,direct,1,1,1,1.0,29.72,29.72
ord_a13f808e,cust_2aa805c4,2024-11-24 20:07:24,paid,first_touch,meta,1,1,1,1.0,29.72,29.72
ord_a13f808e,cust_2aa805c4,2024-11-24 20:07:24,paid,linear,meta,1,1,1,1.0,29.72,29.72
ord_a13f808e,cust_2aa805c4,2024-11-24 20:07:24,paid,time_decay,meta,1,1,1,1.0,29.72,29.72
ord_259985a7,cust_b216805c,2024-11-24 10:06:36,paid,last_touch,direct,1,1,1,1.0,166.04,166.04
ord_259985a7,cust_b216805c,2024-11-24 10:06:36,paid,first_touch,direct,1,1,1,1.0,166.04,166.04
ord_259985a7,cust_b216805c,2024-11-24 10:06:36,paid,linear,direct,1,1,1,1.0,166.04,166.04
ord_259985a7,cust_b216805c,2024-11-24 10:06:36,paid,time_decay,direct,1,1,1,1.0,166.04,166.04
ord_f24dafe3,cust_a89abdf5,2024-11-25 18:15:14,refunded,last_touch,direct,1,1,1,1.0,316.17,316.17
ord_f24dafe3,cust_a89abdf5,2024-11-25 18:15:14,refunded,first_touch,tiktok,1,1,1,1.0,316.17,316.17
ord_f24dafe3,cust_a89abdf5,2024-11-25 18:15:14,refunded,linear,tiktok,1,1,1,1.0,316.17,316.17
ord_f24dafe3,cust_a89abdf5,2024-11-25 18:15:14,refunded,time_decay,tiktok,1,1,1,1.0,316.17,316.17
ord_6cec1aad,cust_2b25b74d,2024-11-25 22:22:44,paid,last_touch,direct,1,1,1,1.0,122.43,122.43
ord_6cec1aad,cust_2b25b74d,2024-11-25 22:22:44,paid,first_touch,direct,1,1,1,1.0,122.43,122.43
ord_6cec1aad,cust_2b25b74d,2024-11-25 22:22:44,paid,linear,direct,1,1,1,1.0,122.43,122.43
ord_6cec1aad,cust_2b25b74d,2024-11-25 22:22:44,paid,time_decay,direct,1,1,1,1.0,122.43,122.43
ord_2dbb8c13,cust_f8e0b6d0,2024-11-25 20:42:30,paid,last_touch,meta,1,1,1,1.0,35.46,35.46
ord_2dbb8c13,cust_f8e0b6d0,2024-11-25 20:42:30,paid,first_touch,meta,1,1,1,1.0,35.46,35.46
ord_2dbb8c13,cust_f8e0b6d0,2024-11-25 20:42:30,paid,linear,meta,1,1,1,1.0,35.46,35.46
ord_2dbb8c13,cust_f8e0b6d0,2024-11-25 20:42:30,paid,time_decay,meta,1,1,1,1.0,35.46,35.46
ord_1eecda96,cust_ced8205d,2024-11-26 00:01:18,paid,last_touch,tiktok,1,1,1,1.0,149.59,149.59
ord_1eecda96,cust_ced8205d,2024-11-26 00:01:18,paid,first_touch,tiktok,1,1,1,1.0,149.59,149.59
ord_1eecda96,cust_ced8205d,2024-11-26 00:01:18,paid,linear,tiktok,1,1,1,1.0,149.59,149.59
ord_1eecda96,cust_ced8205d,2024-11-26 00:01:18,paid,time_decay,tiktok,1,1,1,1.0,149.59,149.59
ord_487988b9,cust_65b46c2b,2024-11-25 01:05:51,paid,last_touch,direct,1,1,1,1.0,113.84,113.84
ord_487988b9,cust_65b46c2b,2024-11-25 01:05:51,paid,first_touch,organic,1,1,1,1.0,113.84,113.84
ord_487988b9,cust_65b46c2b,2024-11-25 01:05:51,paid,linear,organic,1,1,1,1.0,113.84,113.84
ord_487988b9,cust_65b46c2b,2024-11-25 01:05:51,paid,time_decay,organic,1,1,1,1.0,113.84,113.84
ord_1139c2fa,cust_e1fb33f0,2024-11-25 19:01:35,paid,last_touch,tiktok,1,1,1,1.0,29.85,29.85
ord_1139c2fa,cust_e1fb33f0,2024-11-25 19:01:35,paid,first_touch,tiktok,1,1,1,1.0,29.85,29.85
ord_1139c2fa,cust_e1fb33f0,2024-11-25 19:01:35,paid,linear,tiktok,1,1,1,1.0,29.85,29.85
ord_1139c2fa,cust_e1fb33f0,2024-11-25 19:01:35,paid,time_decay,tiktok,1,1,1,1.0,29.85,29.85
ord_8b155071,cust_395d2022,2024-11-25 06:50:42,paid,last_touch,tiktok,1,1,1,1.0,21.47,21.47
ord_8b155071,cust_395d2022,2024-11-25 06:50:42,paid,first_touch,tiktok,1,1,1,1.0,21.47,21.47
ord_8b155071,cust_395d2022,2024-11-25 06:50:42,paid,linear,tiktok,1,1,1,1.0,21.47,21.47
ord_8b155071,cust_395d2022,2024-11-25 06:50:42,paid,time_decay,tiktok,1,1,1,1.0,21.47,21.47
ord_d40fc321,cust_5ad09ee5,2024-11-25 09:13:32,paid,last_touch,direct,1,1,1,1.0,101.02,101.02
ord_d40fc321,cust_5ad09ee5,2024-11-25 09:13:32,paid,first_touch,direct,1,1,1,1.0,101.02,101.02
ord_d40fc321,cust_5ad09ee5,2024-11-25 09:13:32,paid,linear,direct,1,1,1,1.0,101.02,101.02
ord_d40fc321,cust_5ad09ee5,2024-11-25 09:13:32,paid,time_decay,direct,1,1,1,1.0,101.02,101.02
ord_2fcf9b97,cust_9717c0fa,2024-11-25 19:56:00,paid,last_touch,meta,1,1,1,1.0,130.16,130.16
ord_2fcf9b97,cust_9717c0fa,2024-11-25 19:56:00,paid,first_touch,meta,1,1,1,1.0,130.16,130.16
ord_2fcf9b97,cust_9717c0fa,2024-11-25 19:56:00,paid,linear,meta,1,1,1,1.0,130.16,130.16
ord_2fcf9b97,cust_9717c0fa,2024-11-25 19:56:00,paid,time_decay,meta,1,1,1,1.0,130.16,130.16
ord_7088742d,cust_a8c6f038,2024-11-25 19:24:09,paid,last_touch,tiktok,1,1,1,1.0,84.47,84.47
ord_7088742d,cust_a8c6f038,2024-11-25 19:24:09,paid,first_touch,tiktok,1,1,1,1.0,84.47,84.47
ord_7088742d,cust_a8c6f038,2024-11-25 19:24:09,paid,linear,tiktok,1,1,1,1.0,84.47,84.47
ord_7088742d,cust_a8c6f038,2024-11-25 19:24:09,paid,time_decay,tiktok,1,1,1,1.0,84.47,84.47
ord_6258a0a2,cust_019425e0,2024-11-25 15:16:20,paid,last_touch,tiktok,1,1,1,1.0,49.94,49.94
ord_6258a0a2,cust_019425e0,2024-11-25 15:16:20,paid,first_touch,tiktok,1,1,1,1.0,49.94,49.94
ord_6258a0a2,cust_019425e0,2024-11-25 15:16:20,paid,linear,tiktok,1,1,1,1.0,49.94,49.94
ord_6258a0a2,cust_019425e0,2024-11-25 15:16:20,paid,time_decay,tiktok,1,1,1,1.0,49.94,49.94
ord_8d70d2ee,cust_1d9639ad,2024-11-25 19:56:51,paid,last_touch,google,1,1,1,1.0,149.37,149.37
ord_8d70d2ee,cust_1d9639ad,2024-11-25 19:56:51,paid,first_touch,google,1,1,1,1.0,149.37,149.37
ord_8d70d2ee,cust_1d9639ad,2024-11-25 19:56:51,paid,linear,google,1,1,1,1.0,149.37,149.37
ord_8d70d2ee,cust_1d9639ad,2024-11-25 19:56:51,paid,time_decay,google,1,1,1,1.0,149.37,149.37
ord_82f300b3,cust_df3333f5,2024-11-25 22:08:46,paid,last_touch,tiktok,1,1,1,1.0,92.3,92.3
ord_82f300b3,cust_df3333f5,2024-11-25 22:08:46,paid,first_touch,tiktok,1,1,1,1.0,92.3,92.3
ord_82f300b3,cust_df3333f5,2024-11-25 22:08:46,paid,linear,tiktok,1,1,1,1.0,92.3,92.3
ord_82f300b3,cust_df3333f5,2024-11-25 22:08:46,paid,time_decay,tiktok,1,1,1,1.0,92.3,92.3
ord_9ce778c8,cust_5757d289,2024-11-25 20:40:11,refunded,last_touch,direct,1,1,1,1.0,36.36,36.36
ord_9ce778c8,cust_5757d289,2024-11-25 20:40:11,refunded,first_touch,google,1,1,1,1.0,36.36,36.36
ord_9ce778c8,cust_5757d289,2024-11-25 20:40:11,refunded,linear,google,1,1,1,1.0,36.36,36.36
ord_9ce778c8,cust_5757d289,2024-11-25 20:40:11,refunded,time_decay,google,1,1,1,1.0,36.36,36.36
ord_25bb2a89,cust_ef99eac3,2024-11-26 22:35:04,refunded,last_touch,tiktok,1,1,1,1.0,209.61,209.61
ord_25bb2a89,cust_ef99eac3,2024-11-26 22:35:04,refunded,first_touch,tiktok,1,1,1,1.0,209.61,209.61
ord_25bb2a89,cust_ef99eac3,2024-11-26 22:35:04,refunded,linear,tiktok,1,1,1,1.0,209.61,209.61
ord_25bb2a89,cust_ef99eac3,2024-11-26 22:35:04,refunded,time_decay,tiktok,1,1,1,1.0,209.61,209.61
ord_3224b454,cust_fdc73b68,2024-11-26 19:37:58,paid,last_touch,meta,1,1,1,1.0,73.53,73.53
ord_3224b454,cust_fdc73b68,2024-11-26 19:37:58,paid,first_touch,meta,1,1,1,1.0,73.53,73.53
ord_3224b454,cust_fdc73b68,2024-11-26 19:37:58,paid,linear,meta,1,1,1,1.0,73.53,73.53
ord_3224b454,cust_fdc73b68,2024-11-26 19:37:58,paid,time_decay,meta,1,1,1,1.0,73.53,73.53
ord_38a22c30,cust_825c1460,2024-11-26 17:27:05,paid,last_touch,organic,1,1,1,1.0,135.22,135.22
ord_38a22c30,cust_825c1460,2024-11-26 17:27:05,paid,first_touch,organic,1,1,1,1.0,135.22,135.22
ord_38a22c30,cust_825c1460,2024-11-26 17:27:05,paid,linear,organic,1,1,1,1.0,135.22,135.22
ord_38a22c30,cust_825c1460,2024-11-26 17:27:05,paid,time_decay,organic,1,1,1,1.0,135.22,135.22
ord_c626b1e4,cust_efc1d9ff,2024-11-26 19:13:20,paid,last_touch,google,1,1,1,1.0,121.6,121.6
ord_c626b1e4,cust_efc1d9ff,2024-11-26 19:13:20,paid,first_touch,google,1,1,1,1.0,121.6,121.6
ord_c626b1e4,cust_efc1d9ff,2024-11-26 19:13:20,paid,linear,google,1,1,1,1.0,121.6,121.6
ord_c626b1e4,cust_efc1d9ff,2024-11-26 19:13:20,paid,time_decay,google,1,1,1,1.0,121.6,121.6
ord_375719c6,cust_c2a5916c,2024-11-26 12:32:24,paid,last_touch,organic,1,1,1,1.0,132.15,132.15
ord_375719c6,cust_c2a5916c,2024-11-26 12:32:24,paid,first_touch,organic,1,1,1,1.0,132.15,132.15
ord_375719c6,cust_c2a5916c,2024-11-26 12:32:24,paid,linear,organic,1,1,1,1.0,132.15,132.15
ord_375719c6,cust_c2a5916c,2024-11-26 12:32:24,paid,time_decay,organic,1,1,1,1.0,132.15,132.15
ord_69837217,cust_cb7d06a4,2024-11-26 18:58:30,paid,last_touch,meta,1,1,1,1.0,55.4,55.4
ord_69837217,cust_cb7d06a4,2024-11-26 18:58:30,paid,first_touch,meta,1,1,1,1.0,55.4,55.4
ord_69837217,cust_cb7d06a4,2024-11-26 18:58:30,paid,linear,meta,1,1,1,1.0,55.4,55.4
ord_69837217,cust_cb7d06a4,2024-11-26 18:58:30,paid,time_decay,meta,1,1,1,1.0,55.4,55.4
ord_dd3749b9,cust_40145348,2024-11-26 15:50:43,paid,last_touch,organic,1,1,1,1.0,104.4,104.4
ord_dd3749b9,cust_40145348,2024-11-26 15:50:43,paid,first_touch,organic,1,1,1,1.0,104.4,104.4
ord_dd3749b9,cust_40145348,2024-11-26 15:50:43,paid,linear,organic,1,1,1,1.0,104.4,104.4
ord_dd3749b9,cust_40145348,2024-11-26 15:50:43,paid,time_decay,organic,1,1,1,1.0,104.4,104.4
ord_93db28e4,cust_97a1e1b9,2024-11-26 10:21:00,paid,last_touch,email,1,1,1,1.0,82.02,82.02
ord_93db28e4,cust_97a1e1b9,2024-11-26 10:21:00,paid,first_touch,email,1,1,1,1.0,82.02,82.02
ord_93db28e4,cust_97a1e1b9,2024-11-26 10:21:00,paid,linear,email,1,1,1,1.0,82.02,82.02
ord_93db28e4,cust_97a1e1b9,2024-11-26 10:21:00,paid,time_decay,email,1,1,1,1.0,82.02,82.02
ord_025761be,cust_e3ca6578,2024-11-26 21:21:52,paid,last_touch,google,1,1,1,1.0,99.57,99.57
ord_025761be,cust_e3ca6578,2024-11-26 21:21:52,paid,first_touch,google,1,1,1,1.0,99.57,99.57
ord_025761be,cust_e3ca6578,2024-11-26 21:21:52,paid,linear,google,1,1,1,1.0,99.57,99.57
ord_025761be,cust_e3ca6578,2024-11-26 21:21:52,paid,time_decay,google,1,1,1,1.0,99.57,99.57
ord_8deca979,cust_ce2705d7,2024-11-26 18:38:43,paid,last_touch,organic,1,1,1,1.0,47.62,47.62
ord_8deca979,cust_ce2705d7,2024-11-26 18:38:43,paid,first_touch,organic,1,1,1,1.0,47.62,47.62
ord_8deca979,cust_ce2705d7,2024-11-26 18:38:43,paid,linear,organic,1,1,1,1.0,47.62,47.62
ord_8deca979,cust_ce2705d7,2024-11-26 18:38:43,paid,time_decay,organic,1,1,1,1.0,47.62,47.62
ord_6e3b9ecf,cust_4504fe47,2024-11-27 22:33:27,paid,last_touch,meta,1,1,1,1.0,158.69,158.69
ord_6e3b9ecf,cust_4504fe47,2024-11-27 22:33:27,paid,first_touch,meta,1,1,1,1.0,158.69,158.69
ord_6e3b9ecf,cust_4504fe47,2024-11-27 22:33:27,paid,linear,meta,1,1,1,1.0,158.69,158.69
ord_6e3b9ecf,cust_4504fe47,2024-11-27 22:33:27,paid,time_decay,meta,1,1,1,1.0,158.69,158.69
ord_980877be,cust_36a6d6fd,2024-11-27 14:06:53,paid,last_touch,email,1,1,1,1.0,155.92,155.92
ord_980877be,cust_36a6d6fd,2024-11-27 14:06:53,paid,first_touch,email,1,1,1,1.0,155.92,155.92
ord_980877be,cust_36a6d6fd,2024-11-27 14:06:53,paid,linear,email,1,1,1,1.0,155.92,155.92
ord_980877be,cust_36a6d6fd,2024-11-27 14:06:53,paid,time_decay,email,1,1,1,1.0,155.92,155.92
ord_678b3a75,cust_89923324,2024-11-27 09:18:41,paid,last_touch,direct,1,1,1,1.0,119.18,119.18
ord_678b3a75,cust_89923324,2024-11-27 09:18:41,paid,first_touch,google,1,1,1,1.0,119.18,119.18
ord_678b3a75,cust_89923324,2024-11-27 09:18:41,paid,linear,google,1,1,1,1.0,119.18,119.18
ord_678b3a75,cust_89923324,2024-11-27 09:18:41,paid,time_decay,google,1,1,1,1.0,119.18,119.18
ord_3d143b9e,cust_033f6834,2024-11-27 21:33:58,paid,last_touch,direct,1,1,1,1.0,123.67,123.67
ord_3d143b9e,cust_033f6834,2024-11-27 21:33:58,paid,first_touch,organic,1,1,1,1.0,123.67,123.67
ord_3d143b9e,cust_033f6834,2024-11-27 21:33:58,paid,linear,organic,1,1,1,1.0,123.67,123.67
ord_3d143b9e,cust_033f6834,2024-11-27 21:33:58,paid,time_decay,organic,1,1,1,1.0,123.67,123.67
ord_4fc0ab27,cust_11ff17d2,2024-11-27 22:00:59,paid,last_touch,google,1,1,1,1.0,133.84,133.84
ord_4fc0ab27,cust_11ff17d2,2024-11-27 22:00:59,paid,first_touch,google,1,1,1,1.0,133.84,133.84
ord_4fc0ab27,cust_11ff17d2,2024-11-27 22:00:59,paid,linear,google,1,1,1,1.0,133.84,133.84
ord_4fc0ab27,cust_11ff17d2,2024-11-27 22:00:59,paid,time_decay,google,1,1,1,1.0,133.84,133.84
ord_46c0648c,cust_b0a48426,2024-11-27 21:13:32,paid,last_touch,organic,1,1,1,1.0,76.38,76.38
ord_46c0648c,cust_b0a48426,2024-11-27 21:13:32,paid,first_touch,organic,1,1,1,1.0,76.38,76.38
ord_46c0648c,cust_b0a48426,2024-11-27 21:13:32,paid,linear,organic,1,1,1,1.0,76.38,76.38
ord_46c0648c,cust_b0a48426,2024-11-27 21:13:32,paid,time_decay,organic,1,1,1,1.0,76.38,76.38
ord_0e8d49f3,cust_63cc3405,2024-11-27 11:31:34,paid,last_touch,google,1,1,1,1.0,43.79,43.79
ord_0e8d49f3,cust_63cc3405,2024-11-27 11:31:34,paid,first_touch,google,1,1,1,1.0,43.79,43.79
ord_0e8d49f3,cust_63cc3405,2024-11-27 11:31:34,paid,linear,google,1,1,1,1.0,43.79,43.79
ord_0e8d49f3,cust_63cc3405,2024-11-27 11:31:34,paid,time_decay,google,1,1,1,1.0,43.79,43.79
ord_a66bdbe3,cust_676e2768,2024-11-27 19:06:14,paid,last_touch,direct,1,1,1,1.0,91.55,91.55
ord_a66bdbe3,cust_676e2768,2024-11-27 19:06:14,paid,first_touch,meta,1,1,1,1.0,91.55,91.55
ord_a66bdbe3,cust_676e2768,2024-11-27 19:06:14,paid,linear,meta,1,1,1,1.0,91.55,91.55
ord_a66bdbe3,cust_676e2768,2024-11-27 19:06:14,paid,time_decay,meta,1,1,1,1.0,91.55,91.55
ord_4945d275,cust_48aeb936,2024-11-27 08:34:50,paid,last_touch,google,1,1,1,1.0,267.06,267.06
ord_4945d275,cust_48aeb936,2024-11-27 08:34:50,paid,first_touch,google,1,1,1,1.0,267.06,267.06
ord_4945d275,cust_48aeb936,2024-11-27 08:34:50,paid,linear,google,1,1,1,1.0,267.06,267.06
ord_4945d275,cust_48aeb936,2024-11-27 08:34:50,paid,time_decay,google,1,1,1,1.0,267.06,267.06
ord_ae70aff0,cust_f14da9f1,2024-11-28 20:48:33,paid,last_touch,google,1,1,1,1.0,111.31,111.31
ord_ae70aff0,cust_f14da9f1,2024-11-28 20:48:33,paid,first_touch,google,1,1,1,1.0,111.31,111.31
ord_ae70aff0,cust_f14da9f1,2024-11-28 20:48:33,paid,linear,google,1,1,1,1.0,111.31,111.31
ord_ae70aff0,cust_f14da9f1,2024-11-28 20:48:33,paid,time_decay,google,1,1,1,1.0,111.31,111.31
ord_6d224d21,cust_dbff0cff,2024-11-28 22:54:45,paid,last_touch,direct,1,1,1,1.0,146.09,146.09
ord_6d224d21,cust_dbff0cff,2024-11-28 22:54:45,paid,first_touch,email,1,1,1,1.0,146.09,146.09
ord_6d224d21,cust_dbff0cff,2024-11-28 22:54:45,paid,linear,email,1,1,1,1.0,146.09,146.09
ord_6d224d21,cust_dbff0cff,2024-11-28 22:54:45,paid,time_decay,email,1,1,1,1.0,146.09,146.09
ord_b989171b,cust_733b67f3,2024-11-28 21:20:51,paid,last_touch,direct,1,1,1,1.0,71.59,71.59
ord_b989171b,cust_733b67f3,2024-11-28 21:20:51,paid,first_touch,direct,1,1,1,1.0,71.59,71.59
ord_b989171b,cust_733b67f3,2024-11-28 21:20:51,paid,linear,direct,1,1,1,1.0,71.59,71.59
ord_b989171b,cust_733b67f3,2024-11-28 21:20:51,paid,time_decay,direct,1,1,1,1.0,71.59,71.59
ord_0c42dca8,cust_a2836e5a,2024-11-28 07:18:22,paid,last_touch,meta,1,1,1,1.0,36.73,36.73
ord_0c42dca8,cust_a2836e5a,2024-11-28 07:18:22,paid,first_touch,meta,1,1,1,1.0,36.73,36.73
ord_0c42dca8,cust_a2836e5a,2024-11-28 07:18:22,paid,linear,meta,1,1,1,1.0,36.73,36.73
ord_0c42dca8,cust_a2836e5a,2024-11-28 07:18:22,paid,time_decay,meta,1,1,1,1.0,36.73,36.73
ord_945f621b,cust_67a75099,2024-11-28 19:32:45,paid,last_touch,google,1,1,1,1.0,72.37,72.37
ord_945f621b,cust_67a75099,2024-11-28 19:32:45,paid,first_touch,google,1,1,1,1.0,72.37,72.37
ord_945f621b,cust_67a75099,2024-11-28 19:32:45,paid,linear,google,1,1,1,1.0,72.37,72.37
ord_945f621b,cust_67a75099,2024-11-28 19:32:45,paid,time_decay,google,1,1,1,1.0,72.37,72.37
ord_09754174,cust_3c0bb47e,2024-11-28 09:36:29,paid,last_touch,direct,1,1,1,1.0,111.01,111.01
ord_09754174,cust_3c0bb47e,2024-11-28 09:36:29,paid,first_touch,google,1,1,1,1.0,111.01,111.01
ord_09754174,cust_3c0bb47e,2024-11-28 09:36:29,paid,linear,google,1,1,1,1.0,111.01,111.01
ord_09754174,cust_3c0bb47e,2024-11-28 09:36:29,paid,time_decay,google,1,1,1,1.0,111.01,111.01
ord_6adcf22c,cust_f3aed63c,2024-11-28 11:32:04,refunded,last_touch,direct,1,1,1,1.0,81.53,81.53
ord_6adcf22c,cust_f3aed63c,2024-11-28 11:32:04,refunded,first_touch,direct,1,1,1,1.0,81.53,81.53
ord_6adcf22c,cust_f3aed63c,2024-11-28 11:32:04,refunded,linear,direct,1,1,1,1.0,81.53,81.53
ord_6adcf22c,cust_f3aed63c,2024-11-28 11:32:04,refunded,time_decay,direct,1,1,1,1.0,81.53,81.53
ord_9f80fdd3,cust_d9daab5a,2024-11-28 04:31:52,paid,last_touch,google,1,1,1,1.0,41.6,41.6
ord_9f80fdd3,cust_d9daab5a,2024-11-28 04:31:52,paid,first_touch,google,1,1,1,1.0,41.6,41.6
ord_9f80fdd3,cust_d9daab5a,2024-11-28 04:31:52,paid,linear,google,1,1,1,1.0,41.6,41.6
ord_9f80fdd3,cust_d9daab5a,2024-11-28 04:31:52,paid,time_decay,google,1,1,1,1.0,41.6,41.6
ord_e0954219,cust_faa61396,2024-11-28 23:24:53,paid,last_touch,google,1,1,1,1.0,27.13,27.13
ord_e0954219,cust_faa61396,2024-11-28 23:24:53,paid,first_touch,google,1,1,1,1.0,27.13,27.13
ord_e0954219,cust_faa61396,2024-11-28 23:24:53,paid,linear,google,1,1,1,1.0,27.13,27.13
ord_e0954219,cust_faa61396,2024-11-28 23:24:53,paid,time_decay,google,1,1,1,1.0,27.13,27.13
ord_81ce6cf9,cust_0deb211f,2024-11-28 09:48:57,paid,last_touch,direct,1,1,1,1.0,110.08,110.08
ord_81ce6cf9,cust_0deb211f,2024-11-28 09:48:57,paid,first_touch,tiktok,1,1,1,1.0,110.08,110.08
ord_81ce6cf9,cust_0deb211f,2024-11-28 09:48:57,paid,linear,tiktok,1,1,1,1.0,110.08,110.08
ord_81ce6cf9,cust_0deb211f,2024-11-28 09:48:57,paid,time_decay,tiktok,1,1,1,1.0,110.08,110.08
ord_7d697ab6,cust_95719fc9,2024-11-28 14:12:40,paid,last_touch,direct,1,1,1,1.0,147.09,147.09
ord_7d697ab6,cust_95719fc9,2024-11-28 14:12:40,paid,first_touch,organic,1,1,1,1.0,147.09,147.09
ord_7d697ab6,cust_95719fc9,2024-11-28 14:12:40,paid,linear,organic,1,1,1,1.0,147.09,147.09
ord_7d697ab6,cust_95719fc9,2024-11-28 14:12:40,paid,time_decay,organic,1,1,1,1.0,147.09,147.09
ord_1638c8b5,cust_549a4e1f,2024-11-28 06:25:15,paid,last_touch,tiktok,1,1,1,1.0,182.76,182.76
ord_1638c8b5,cust_549a4e1f,2024-11-28 06:25:15,paid,first_touch,tiktok,1,1,1,1.0,182.76,182.76
ord_1638c8b5,cust_549a4e1f,2024-11-28 06:25:15,paid,linear,tiktok,1,1,1,1.0,182.76,182.76
ord_1638c8b5,cust_549a4e1f,2024-11-28 06:25:15,paid,time_decay,tiktok,1,1,1,1.0,182.76,182.76
ord_af6fcaa5,cust_e68a4261,2024-11-28 23:31:32,paid,last_touch,meta,1,1,1,1.0,158.58,158.58
ord_af6fcaa5,cust_e68a4261,2024-11-28 23:31:32,paid,first_touch,meta,1,1,1,1.0,158.58,158.58
ord_af6fcaa5,cust_e68a4261,2024-11-28 23:31:32,paid,linear,meta,1,1,1,1.0,158.58,158.58
ord_af6fcaa5,cust_e68a4261,2024-11-28 23:31:32,paid,time_decay,meta,1,1,1,1.0,158.58,158.58
ord_81e02db6,cust_35abe521,2024-11-28 16:59:41,paid,last_touch,google,1,1,1,1.0,108.62,108.62
ord_81e02db6,cust_35abe521,2024-11-28 16:59:41,paid,first_touch,google,1,1,1,1.0,108.62,108.62
ord_81e02db6,cust_35abe521,2024-11-28 16:59:41,paid,linear,google,1,1,1,1.0,108.62,108.62
ord_81e02db6,cust_35abe521,2024-11-28 16:59:41,paid,time_decay,google,1,1,1,1.0,108.62,108.62
ord_ec23c47d,cust_8506ef27,2024-11-29 09:40:14,paid,last_touch,direct,1,1,1,1.0,48.69,48.69
ord_ec23c47d,cust_8506ef27,2024-11-29 09:40:14,paid,first_touch,meta,1,1,1,1.0,48.69,48.69
ord_ec23c47d,cust_8506ef27,2024-11-29 09:40:14,paid,linear,meta,1,1,1,1.0,48.69,48.69
ord_ec23c47d,cust_8506ef27,2024-11-29 09:40:14,paid,time_decay,meta,1,1,1,1.0,48.69,48.69
ord_932a15ff,cust_08079db0,2024-11-29 18:15:15,paid,last_touch,google,1,1,1,1.0,87.46,87.46
ord_932a15ff,cust_08079db0,2024-11-29 18:15:15,paid,first_touch,google,1,1,1,1.0,87.46,87.46
ord_932a15ff,cust_08079db0,2024-11-29 18:15:15,paid,linear,google,1,1,1,1.0,87.46,87.46
ord_932a15ff,cust_08079db0,2024-11-29 18:15:15,paid,time_decay,google,1,1,1,1.0,87.46,87.46
ord_b5ba456e,cust_8ea1dc2d,2024-11-29 14:05:00,paid,last_touch,google,1,1,1,1.0,137.0,137.0
ord_b5ba456e,cust_8ea1dc2d,2024-11-29 14:05:00,paid,first_touch,google,1,1,1,1.0,137.0,137.0
ord_b5ba456e,cust_8ea1dc2d,2024-11-29 14:05:00,paid,linear,google,1,1,1,1.0,137.0,137.0
ord_b5ba456e,cust_8ea1dc2d,2024-11-29 14:05:00,paid,time_decay,google,1,1,1,1.0,137.0,137.0
ord_b985553c,cust_f552bc96,2024-11-29 17:43:22,paid,last_touch,tiktok,1,1,1,1.0,33.52,33.52
ord_b985553c,cust_f552bc96,2024-11-29 17:43:22,paid,first_touch,tiktok,1,1,1,1.0,33.52,33.52
ord_b985553c,cust_f552bc96,2024-11-29 17:43:22,paid,linear,tiktok,1,1,1,1.0,33.52,33.52
ord_b985553c,cust_f552bc96,2024-11-29 17:43:22,paid,time_decay,tiktok,1,1,1,1.0,33.52,33.52
ord_1e45427b,cust_19346961,2024-11-29 10:42:39,paid,last_touch,direct,1,1,1,1.0,86.81,86.81
ord_1e45427b,cust_19346961,2024-11-29 10:42:39,paid,first_touch,google,1,1,1,1.0,86.81,86.81
ord_1e45427b,cust_19346961,2024-11-29 10:42:39,paid,linear,google,1,1,1,1.0,86.81,86.81
ord_1e45427b,cust_19346961,2024-11-29 10:42:39,paid,time_decay,google,1,1,1,1.0,86.81,86.81
ord_d276e814,cust_b45837ee,2024-11-29 10:19:24,paid,last_touch,direct,1,1,1,1.0,39.44,39.44
ord_d276e814,cust_b45837ee,2024-11-29 10:19:24,paid,first_touch,tiktok,1,1,1,1.0,39.44,39.44
ord_d276e814,cust_b45837ee,2024-11-29 10:19:24,paid,linear,tiktok,1,1,1,1.0,39.44,39.44
ord_d276e814,cust_b45837ee,2024-11-29 10:19:24,paid,time_decay,tiktok,1,1,1,1.0,39.44,39.44
ord_26924e26,cust_bb3a3104,2024-11-29 22:09:35,paid,last_touch,google,1,1,1,1.0,85.32,85.32
ord_26924e26,cust_bb3a3104,2024-11-29 22:09:35,paid,first_touch,google,1,1,1,1.0,85.32,85.32
ord_26924e26,cust_bb3a3104,2024-11-29 22:09:35,paid,linear,google,1,1,1,1.0,85.32,85.32
ord_26924e26,cust_bb3a3104,2024-11-29 22:09:35,paid,time_decay,google,1,1,1,1.0,85.32,85.32
ord_8e979a2b,cust_a0e6a611,2024-11-29 16:06:23,paid,last_touch,meta,1,1,1,1.0,39.15,39.15
ord_8e979a2b,cust_a0e6a611,2024-11-29 16:06:23,paid,first_touch,meta,1,1,1,1.0,39.15,39.15
ord_8e979a2b,cust_a0e6a611,2024-11-29 16:06:23,paid,linear,meta,1,1,1,1.0,39.15,39.15
ord_8e979a2b,cust_a0e6a611,2024-11-29 16:06:23,paid,time_decay,meta,1,1,1,1.0,39.15,39.15
ord_aaadc8e9,cust_b027cf6d,2024-11-29 10:10:44,paid,last_touch,meta,1,1,1,1.0,87.17,87.17
ord_aaadc8e9,cust_b027cf6d,2024-11-29 10:10:44,paid,first_touch,meta,1,1,1,1.0,87.17,87.17
ord_aaadc8e9,cust_b027cf6d,2024-11-29 10:10:44,paid,linear,meta,1,1,1,1.0,87.17,87.17
ord_aaadc8e9,cust_b027cf6d,2024-11-29 10:10:44,paid,time_decay,meta,1,1,1,1.0,87.17,87.17
ord_081f6772,cust_fff6e558,2024-11-29 13:54:06,paid,last_touch,google,1,1,1,1.0,42.06,42.06
ord_081f6772,cust_fff6e558,2024-11-29 13:54:06,paid,first_touch,google,1,1,1,1.0,42.06,42.06
ord_081f6772,cust_fff6e558,2024-11-29 13:54:06,paid,linear,google,1,1,1,1.0,42.06,42.06
ord_081f6772,cust_fff6e558,2024-11-29 13:54:06,paid,time_decay,google,1,1,1,1.0,42.06,42.06
ord_dd8a936f,cust_51233b09,2024-11-30 21:00:37,paid,last_touch,direct,1,1,1,1.0,94.67,94.67
ord_dd8a936f,cust_51233b09,2024-11-30 21:00:37,paid,first_touch,meta,1,1,1,1.0,94.67,94.67
ord_dd8a936f,cust_51233b09,2024-11-30 21:00:37,paid,linear,meta,1,1,1,1.0,94.67,94.67
ord_dd8a936f,cust_51233b09,2024-11-30 21:00:37,paid,time_decay,meta,1,1,1,1.0,94.67,94.67
ord_5332c6e1,cust_b582e1fd,2024-11-30 20:38:21,refunded,last_touch,google,1,1,1,1.0,68.07,68.07
ord_5332c6e1,cust_b582e1fd,2024-11-30 20:38:21,refunded,first_touch,google,1,1,1,1.0,68.07,68.07
ord_5332c6e1,cust_b582e1fd,2024-11-30 20:38:21,refunded,linear,google,1,1,1,1.0,68.07,68.07
ord_5332c6e1,cust_b582e1fd,2024-11-30 20:38:21,refunded,time_decay,google,1,1,1,1.0,68.07,68.07
ord_560d6317,cust_899d74ae,2024-11-30 19:31:12,paid,last_touch,direct,1,1,1,1.0,35.95,35.95
ord_560d6317,cust_899d74ae,2024-11-30 19:31:12,paid,first_touch,meta,1,1,1,1.0,35.95,35.95
ord_560d6317,cust_899d74ae,2024-11-30 19:31:12,paid,linear,meta,1,1,1,1.0,35.95,35.95
ord_560d6317,cust_899d74ae,2024-11-30 19:31:12,paid,time_decay,meta,1,1,1,1.0,35.95,35.95
ord_83bf32df,cust_01ac3954,2024-11-30 20:13:26,refunded,last_touch,direct,1,1,1,1.0,183.75,183.75
ord_83bf32df,cust_01ac3954,2024-11-30 20:13:26,refunded,first_touch,tiktok,1,1,1,1.0,183.75,183.75
ord_83bf32df,cust_01ac3954,2024-11-30 20:13:26,refunded,linear,tiktok,1,1,1,1.0,183.75,183.75
ord_83bf32df,cust_01ac3954,2024-11-30 20:13:26,refunded,time_decay,tiktok,1,1,1,1.0,183.75,183.75
ord_6746b5ae,cust_6bf551a4,2024-11-30 17:33:17,paid,last_touch,tiktok,1,1,1,1.0,194.95,194.95
ord_6746b5ae,cust_6bf551a4,2024-11-30 17:33:17,paid,first_touch,tiktok,1,1,1,1.0,194.95,194.95
ord_6746b5ae,cust_6bf551a4,2024-11-30 17:33:17,paid,linear,tiktok,1,1,1,1.0,194.95,194.95
ord_6746b5ae,cust_6bf551a4,2024-11-30 17:33:17,paid,time_decay,tiktok,1,1,1,1.0,194.95,194.95
ord_3a5bf427,cust_0aa0c0d2,2024-11-30 08:08:07,paid,last_touch,direct,1,1,1,1.0,90.62,90.62
ord_3a5bf427,cust_0aa0c0d2,2024-11-30 08:08:07,paid,first_touch,meta,1,1,1,1.0,90.62,90.62
ord_3a5bf427,cust_0aa0c0d2,2024-11-30 08:08:07,paid,linear,meta,1,1,1,1.0,90.62,90.62
ord_3a5bf427,cust_0aa0c0d2,2024-11-30 08:08:07,paid,time_decay,meta,1,1,1,1.0,90.62,90.62
ord_431d4d7b,cust_28e310a3,2024-11-30 07:24:17,paid,last_touch,tiktok,1,1,1,1.0,53.21,53.21
ord_431d4d7b,cust_28e310a3,2024-11-30 07:24:17,paid,first_touch,tiktok,1,1,1,1.0,53.21,53.21
ord_431d4d7b,cust_28e310a3,2024-11-30 07:24:17,paid,linear,tiktok,1,1,1,1.0,53.21,53.21
ord_431d4d7b,cust_28e310a3,2024-11-30 07:24:17,paid,time_decay,tiktok,1,1,1,1.0,53.21,53.21
ord_b4dc6de8,cust_8a37a4da,2024-11-30 12:37:21,paid,last_touch,direct,1,1,1,1.0,55.61,55.61
ord_b4dc6de8,cust_8a37a4da,2024-11-30 12:37:21,paid,first_touch,google,1,1,1,1.0,55.61,55.61
ord_b4dc6de8,cust_8a37a4da,2024-11-30 12:37:21,paid,linear,google,1,1,1,1.0,55.61,55.61
ord_b4dc6de8,cust_8a37a4da,2024-11-30 12:37:21,paid,time_decay,google,1,1,1,1.0,55.61,55.61
ord_fa371599,cust_d9b3d3ab,2024-11-30 18:46:38,paid,last_touch,organic,1,1,1,1.0,174.48,174.48
ord_fa371599,cust_d9b3d3ab,2024-11-30 18:46:38,paid,first_touch,organic,1,1,1,1.0,174.48,174.48
ord_fa371599,cust_d9b3d3ab,2024-11-30 18:46:38,paid,linear,organic,1,1,1,1.0,174.48,174.48
ord_fa371599,cust_d9b3d3ab,2024-11-30 18:46:38,paid,time_decay,organic,1,1,1,1.0,174.48,174.48
ord_77ee2d3c,cust_0d7b4f90,2024-11-30 22:41:08,paid,last_touch,google,1,1,1,1.0,79.09,79.09
ord_77ee2d3c,cust_0d7b4f90,2024-11-30 22:41:08,paid,first_touch,google,1,1,1,1.0,79.09,79.09
ord_77ee2d3c,cust_0d7b4f90,2024-11-30 22:41:08,paid,linear,google,1,1,1,1.0,79.09,79.09
ord_77ee2d3c,cust_0d7b4f90,2024-11-30 22:41:08,paid,time_decay,google,1,1,1,1.0,79.09,79.09
ord_173c9a34,cust_8ba77417,2024-11-30 10:52:09,paid,last_touch,meta,1,1,1,1.0,53.56,53.56
ord_173c9a34,cust_8ba77417,2024-11-30 10:52:09,paid,first_touch,meta,1,1,1,1.0,53.56,53.56
ord_173c9a34,cust_8ba77417,2024-11-30 10:52:09,paid,linear,meta,1,1,1,1.0,53.56,53.56
ord_173c9a34,cust_8ba77417,2024-11-30 10:52:09,paid,time_decay,meta,1,1,1,1.0,53.56,53.56
ord_0b91b0cb,cust_e84c8051,2024-11-30 18:53:51,paid,last_touch,organic,1,1,1,1.0,128.16,128.16
ord_0b91b0cb,cust_e84c8051,2024-11-30 18:53:51,paid,first_touch,organic,1,1,1,1.0,128.16,128.16
ord_0b91b0cb,cust_e84c8051,2024-11-30 18:53:51,paid,linear,organic,1,1,1,1.0,128.16,128.16
ord_0b91b0cb,cust_e84c8051,2024-11-30 18:53:51,paid,time_decay,organic,1,1,1,1.0,128.16,128.16
ord_be3af618,cust_f87dde39,2024-11-30 08:13:12,paid,last_touch,meta,1,1,1,1.0,126.85,126.85
ord_be3af618,cust_f87dde39,2024-11-30 08:13:12,paid,first_touch,meta,1,1,1,1.0,126.85,126.85
ord_be3af618,cust_f87dde39,2024-11-30 08:13:12,paid,linear,meta,1,1,1,1.0,126.85,126.85
ord_be3af618,cust_f87dde39,2024-11-30 08:13:12,paid,time_decay,meta,1,1,1,1.0,126.85,126.85
ord_9c7f3080,cust_058b770b,2024-11-30 15:35:48,paid,last_touch,organic,1,1,1,1.0,56.39,56.39
ord_9c7f3080,cust_058b770b,2024-11-30 15:35:48,paid,first_touch,organic,1,1,1,1.0,56.39,56.39
ord_9c7f3080,cust_058b770b,2024-11-30 15:35:48,paid,linear,organic,1,1,1,1.0,56.39,56.39
ord_9c7f3080,cust_058b770b,2024-11-30 15:35:48,paid,time_decay,organic,1,1,1,1.0,56.39,56.39
ord_711d255f,cust_4ceea07c,2024-11-30 15:18:09,paid,last_touch,tiktok,1,1,1,1.0,42.37,42.37
ord_711d255f,cust_4ceea07c,2024-11-30 15:18:09,paid,first_touch,tiktok,1,1,1,1.0,42.37,42.37
ord_711d255f,cust_4ceea07c,2024-11-30 15:18:09,paid,linear,tiktok,1,1,1,1.0,42.37,42.37
ord_711d255f,cust_4ceea07c,2024-11-30 15:18:09,paid,time_decay,tiktok,1,1,1,1.0,42.37,42.37
ord_efae97cc,cust_70bc0f69,2024-11-30 09:13:10,paid,last_touch,direct,1,1,1,1.0,82.71,82.71
ord_efae97cc,cust_70bc0f69,2024-11-30 09:13:10,paid,first_touch,direct,1,1,1,1.0,82.71,82.71
ord_efae97cc,cust_70bc0f69,2024-11-30 09:13:10,paid,linear,direct,1,1,1,1.0,82.71,82.71
ord_efae97cc,cust_70bc0f69,2024-11-30 09:13:10,paid,time_decay,direct,1,1,1,1.0,82.71,82.71
ord_52d114aa,cust_804cc5ba,2024-11-30 20:27:06,paid,last_touch,meta,1,1,1,1.0,101.67,101.67
ord_52d114aa,cust_804cc5ba,2024-11-30 20:27:06,paid,first_touch,meta,1,1,1,1.0,101.67,101.67
ord_52d114aa,cust_804cc5ba,2024-11-30 20:27:06,paid,linear,meta,1,1,1,1.0,101.67,101.67
ord_52d114aa,cust_804cc5ba,2024-11-30 20:27:06,paid,time_decay,meta,1,1,1,1.0,101.67,101.67
ord_716050c4,cust_4d21dd11,2024-12-01 20:59:37,paid,last_touch,email,1,1,1,1.0,223.18,223.18
ord_716050c4,cust_4d21dd11,2024-12-01 20:59:37,paid,first_touch,email,1,1,1,1.0,223.18,223.18
ord_716050c4,cust_4d21dd11,2024-12-01 20:59:37,paid,linear,email,1,1,1,1.0,223.18,223.18
ord_716050c4,cust_4d21dd11,2024-12-01 20:59:37,paid,time_decay,email,1,1,1,1.0,223.18,223.18
ord_16dfd47c,cust_13bb501b,2024-12-01 18:23:48,paid,last_touch,tiktok,1,1,1,1.0,148.22,148.22
ord_16dfd47c,cust_13bb501b,2024-12-01 18:23:48,paid,first_touch,tiktok,1,1,1,1.0,148.22,148.22
ord_16dfd47c,cust_13bb501b,2024-12-01 18:23:48,paid,linear,tiktok,1,1,1,1.0,148.22,148.22
ord_16dfd47c,cust_13bb501b,2024-12-01 18:23:48,paid,time_decay,tiktok,1,1,1,1.0,148.22,148.22
ord_e12671ce,cust_4eabaab6,2024-12-01 12:22:14,paid,last_touch,direct,1,1,1,1.0,64.01,64.01
ord_e12671ce,cust_4eabaab6,2024-12-01 12:22:14,paid,first_touch,organic,1,1,1,1.0,64.01,64.01
ord_e12671ce,cust_4eabaab6,2024-12-01 12:22:14,paid,linear,organic,1,1,1,1.0,64.01,64.01
ord_e12671ce,cust_4eabaab6,2024-12-01 12:22:14,paid,time_decay,organic,1,1,1,1.0,64.01,64.01
ord_b8dbf190,cust_d1d2c9b0,2024-12-01 11:16:39,paid,last_touch,meta,1,1,1,1.0,109.32,109.32
ord_b8dbf190,cust_d1d2c9b0,2024-12-01 11:16:39,paid,first_touch,meta,1,1,1,1.0,109.32,109.32
ord_b8dbf190,cust_d1d2c9b0,2024-12-01 11:16:39,paid,linear,meta,1,1,1,1.0,109.32,109.32
ord_b8dbf190,cust_d1d2c9b0,2024-12-01 11:16:39,paid,time_decay,meta,1,1,1,1.0,109.32,109.32
ord_8824ecc2,cust_77fe5c86,2024-12-01 19:16:06,paid,last_touch,direct,1,1,1,1.0,108.95,108.95
ord_8824ecc2,cust_77fe5c86,2024-12-01 19:16:06,paid,first_touch,email,1,1,1,1.0,108.95,108.95
ord_8824ecc2,cust_77fe5c86,2024-12-01 19:16:06,paid,linear,email,1,1,1,1.0,108.95,108.95
ord_8824ecc2,cust_77fe5c86,2024-12-01 19:16:06,paid,time_decay,email,1,1,1,1.0,108.95,108.95
ord_c3837033,cust_2f6637a7,2024-12-01 20:33:59,refunded,last_touch,organic,1,1,1,1.0,32.11,32.11
ord_c3837033,cust_2f6637a7,2024-12-01 20:33:59,refunded,first_touch,organic,1,1,1,1.0,32.11,32.11
ord_c3837033,cust_2f6637a7,2024-12-01 20:33:59,refunded,linear,organic,1,1,1,1.0,32.11,32.11
ord_c3837033,cust_2f6637a7,2024-12-01 20:33:59,refunded,time_decay,organic,1,1,1,1.0,32.11,32.11
ord_b44a0b38,cust_fe011c1b,2024-12-01 18:00:37,paid,last_touch,direct,1,1,1,1.0,88.96,88.96
ord_b44a0b38,cust_fe011c1b,2024-12-01 18:00:37,paid,first_touch,meta,1,1,1,1.0,88.96,88.96
ord_b44a0b38,cust_fe011c1b,2024-12-01 18:00:37,paid,linear,meta,1,1,1,1.0,88.96,88.96
ord_b44a0b38,cust_fe011c1b,2024-12-01 18:00:37,paid,time_decay,meta,1,1,1,1.0,88.96,88.96
ord_4f68238b,cust_b9a48e44,2024-12-01 18:18:19,paid,last_touch,google,1,1,1,1.0,50.52,50.52
ord_4f68238b,cust_b9a48e44,2024-12-01 18:18:19,paid,first_touch,google,1,1,1,1.0,50.52,50.52
ord_4f68238b,cust_b9a48e44,2024-12-01 18:18:19,paid,linear,google,1,1,1,1.0,50.52,50.52
ord_4f68238b,cust_b9a48e44,2024-12-01 18:18:19,paid,time_decay,google,1,1,1,1.0,50.52,50.52
ord_f3596938,cust_36163fd4,2024-12-02 10:22:53,paid,last_touch,meta,1,1,1,1.0,211.25,211.25
ord_f3596938,cust_36163fd4,2024-12-02 10:22:53,paid,first_touch,meta,1,1,1,1.0,211.25,211.25
ord_f3596938,cust_36163fd4,2024-12-02 10:22:53,paid,linear,meta,1,1,1,1.0,211.25,211.25
ord_f3596938,cust_36163fd4,2024-12-02 10:22:53,paid,time_decay,meta,1,1,1,1.0,211.25,211.25
ord_6457d5a4,cust_cc99491f,2024-12-02 16:02:21,paid,last_touch,direct,1,1,1,1.0,132.09,132.09
ord_6457d5a4,cust_cc99491f,2024-12-02 16:02:21,paid,first_touch,google,1,1,1,1.0,132.09,132.09
ord_6457d5a4,cust_cc99491f,2024-12-02 16:02:21,paid,linear,google,1,1,1,1.0,132.09,132.09
ord_6457d5a4,cust_cc99491f,2024-12-02 16:02:21,paid,time_decay,google,1,1,1,1.0,132.09,132.09
ord_9bfa6ad0,cust_65d04068,2024-12-02 20:33:16,paid,last_touch,google,1,1,1,1.0,193.61,193.61
ord_9bfa6ad0,cust_65d04068,2024-12-02 20:33:16,paid,first_touch,google,1,1,1,1.0,193.61,193.61
ord_9bfa6ad0,cust_65d04068,2024-12-02 20:33:16,paid,linear,google,1,1,1,1.0,193.61,193.61
ord_9bfa6ad0,cust_65d04068,2024-12-02 20:33:16,paid,time_decay,google,1,1,1,1.0,193.61,193.61
ord_94b05248,cust_e78f5398,2024-12-02 09:26:03,refunded,last_touch,meta,1,1,1,1.0,53.37,53.37
ord_94b05248,cust_e78f5398,2024-12-02 09:26:03,refunded,first_touch,meta,1,1,1,1.0,53.37,53.37
ord_94b05248,cust_e78f5398,2024-12-02 09:26:03,refunded,linear,meta,1,1,1,1.0,53.37,53.37
ord_94b05248,cust_e78f5398,2024-12-02 09:26:03,refunded,time_decay,meta,1,1,1,1.0,53.37,53.37
ord_de4da949,cust_fc489818,2024-12-02 14:25:42,paid,last_touch,tiktok,1,1,1,1.0,82.79,82.79
ord_de4da949,cust_fc489818,2024-12-02 14:25:42,paid,first_touch,tiktok,1,1,1,1.0,82.79,82.79
ord_de4da949,cust_fc489818,2024-12-02 14:25:42,paid,linear,tiktok,1,1,1,1.0,82.79,82.79
ord_de4da949,cust_fc489818,2024-12-02 14:25:42,paid,time_decay,tiktok,1,1,1,1.0,82.79,82.79
ord_406952bd,cust_661dd469,2024-12-02 14:00:11,paid,last_touch,direct,1,1,1,1.0,401.22,401.22
ord_406952bd,cust_661dd469,2024-12-02 14:00:11,paid,first_touch,direct,1,1,1,1.0,401.22,401.22
ord_406952bd,cust_661dd469,2024-12-02 14:00:11,paid,linear,direct,1,1,1,1.0,401.22,401.22
ord_406952bd,cust_661dd469,2024-12-02 14:00:11,paid,time_decay,direct,1,1,1,1.0,401.22,401.22
ord_0e66e3d2,cust_64b9c0f9,2024-12-02 22:59:36,paid,last_touch,tiktok,1,1,1,1.0,69.32,69.32
ord_0e66e3d2,cust_64b9c0f9,2024-12-02 22:59:36,paid,first_touch,tiktok,1,1,1,1.0,69.32,69.32
ord_0e66e3d2,cust_64b9c0f9,2024-12-02 22:59:36,paid,linear,tiktok,1,1,1,1.0,69.32,69.32
ord_0e66e3d2,cust_64b9c0f9,2024-12-02 22:59:36,paid,time_decay,tiktok,1,1,1,1.0,69.32,69.32
ord_768822dc,cust_17f4f075,2024-12-02 12:37:14,paid,last_touch,organic,1,1,1,1.0,152.81,152.81
ord_768822dc,cust_17f4f075,2024-12-02 12:37:14,paid,first_touch,organic,1,1,1,1.0,152.81,152.81
ord_768822dc,cust_17f4f075,2024-12-02 12:37:14,paid,linear,organic,1,1,1,1.0,152.81,152.81
ord_768822dc,cust_17f4f075,2024-12-02 12:37:14,paid,time_decay,organic,1,1,1,1.0,152.81,152.81
ord_5a70d735,cust_dee3223b,2024-12-03 09:54:53,refunded,last_touch,direct,1,1,1,1.0,43.15,43.15
ord_5a70d735,cust_dee3223b,2024-12-03 09:54:53,refunded,first_touch,meta,1,1,1,1.0,43.15,43.15
ord_5a70d735,cust_dee3223b,2024-12-03 09:54:53,refunded,linear,meta,1,1,1,1.0,43.15,43.15
ord_5a70d735,cust_dee3223b,2024-12-03 09:54:53,refunded,time_decay,meta,1,1,1,1.0,43.15,43.15
ord_566c87cd,cust_503d721b,2024-12-03 12:13:18,paid,last_touch,direct,1,1,1,1.0,138.66,138.66
ord_566c87cd,cust_503d721b,2024-12-03 12:13:18,paid,first_touch,organic,1,1,1,1.0,138.66,138.66
ord_566c87cd,cust_503d721b,2024-12-03 12:13:18,paid,linear,organic,1,1,1,1.0,138.66,138.66
ord_566c87cd,cust_503d721b,2024-12-03 12:13:18,paid,time_decay,organic,1,1,1,1.0,138.66,138.66
ord_390faedd,cust_bc804454,2024-12-03 14:14:35,paid,last_touch,direct,1,1,1,1.0,225.64,225.64
ord_390faedd,cust_bc804454,2024-12-03 14:14:35,paid,first_touch,direct,1,1,1,1.0,225.64,225.64
ord_390faedd,cust_bc804454,2024-12-03 14:14:35,paid,linear,direct,1,1,1,1.0,225.64,225.64
ord_390faedd,cust_bc804454,2024-12-03 14:14:35,paid,time_decay,direct,1,1,1,1.0,225.64,225.64
ord_c088000a,cust_25395d2e,2024-12-03 17:17:52,paid,last_touch,meta,1,1,1,1.0,35.29,35.29
ord_c088000a,cust_25395d2e,2024-12-03 17:17:52,paid,first_touch,meta,1,1,1,1.0,35.29,35.29
ord_c088000a,cust_25395d2e,2024-12-03 17:17:52,paid,linear,meta,1,1,1,1.0,35.29,35.29
ord_c088000a,cust_25395d2e,2024-12-03 17:17:52,paid,time_decay,meta,1,1,1,1.0,35.29,35.29
ord_dc724565,cust_4af3f835,2024-12-03 14:57:17,paid,last_touch,google,1,1,1,1.0,146.21,146.21
ord_dc724565,cust_4af3f835,2024-12-03 14:57:17,paid,first_touch,google,1,1,1,1.0,146.21,146.21
ord_dc724565,cust_4af3f835,2024-12-03 14:57:17,paid,linear,google,1,1,1,1.0,146.21,146.21
ord_dc724565,cust_4af3f835,2024-12-03 14:57:17,paid,time_decay,google,1,1,1,1.0,146.21,146.21
ord_95b2a316,cust_616ca6a4,2024-12-03 23:25:44,paid,last_touch,direct,1,1,1,1.0,88.08,88.08
ord_95b2a316,cust_616ca6a4,2024-12-03 23:25:44,paid,first_touch,google,1,1,1,1.0,88.08,88.08
ord_95b2a316,cust_616ca6a4,2024-12-03 23:25:44,paid,linear,google,1,1,1,1.0,88.08,88.08
ord_95b2a316,cust_616ca6a4,2024-12-03 23:25:44,paid,time_decay,google,1,1,1,1.0,88.08,88.08
ord_fdf63b60,cust_19d5ffac,2024-12-03 06:25:38,paid,last_touch,direct,1,1,1,1.0,143.78,143.78
ord_fdf63b60,cust_19d5ffac,2024-12-03 06:25:38,paid,first_touch,meta,1,1,1,1.0,143.78,143.78
ord_fdf63b60,cust_19d5ffac,2024-12-03 06:25:38,paid,linear,meta,1,1,1,1.0,143.78,143.78
ord_fdf63b60,cust_19d5ffac,2024-12-03 06:25:38,paid,time_decay,meta,1,1,1,1.0,143.78,143.78
ord_1d688b8e,cust_203beb09,2024-12-03 09:58:50,paid,last_touch,direct,1,1,1,1.0,177.0,177.0
ord_1d688b8e,cust_203beb09,2024-12-03 09:58:50,paid,first_touch,google,1,1,1,1.0,177.0,177.0
ord_1d688b8e,cust_203beb09,2024-12-03 09:58:50,paid,linear,google,1,1,1,1.0,177.0,177.0
ord_1d688b8e,cust_203beb09,2024-12-03 09:58:50,paid,time_decay,google,1,1,1,1.0,177.0,177.0
ord_328b2668,cust_e25e2dba,2024-12-03 11:42:25,paid,last_touch,direct,1,1,1,1.0,235.38,235.38
ord_328b2668,cust_e25e2dba,2024-12-03 11:42:25,paid,first_touch,direct,1,1,1,1.0,235.38,235.38
ord_328b2668,cust_e25e2dba,2024-12-03 11:42:25,paid,linear,direct,1,1,1,1.0,235.38,235.38
ord_328b2668,cust_e25e2dba,2024-12-03 11:42:25,paid,time_decay,direct,1,1,1,1.0,235.38,235.38
ord_6ee9e1ad,cust_4aae6265,2024-12-03 15:47:43,paid,last_touch,email,1,1,1,1.0,187.55,187.55
ord_6ee9e1ad,cust_4aae6265,2024-12-03 15:47:43,paid,first_touch,email,1,1,1,1.0,187.55,187.55
ord_6ee9e1ad,cust_4aae6265,2024-12-03 15:47:43,paid,linear,email,1,1,1,1.0,187.55,187.55
ord_6ee9e1ad,cust_4aae6265,2024-12-03 15:47:43,paid,time_decay,email,1,1,1,1.0,187.55,187.55
ord_870fee4a,cust_4a5dd4cb,2024-12-04 10:28:48,refunded,last_touch,direct,1,1,1,1.0,81.48,81.48
ord_870fee4a,cust_4a5dd4cb,2024-12-04 10:28:48,refunded,first_touch,google,1,1,1,1.0,81.48,81.48
ord_870fee4a,cust_4a5dd4cb,2024-12-04 10:28:48,refunded,linear,google,1,1,1,1.0,81.48,81.48
ord_870fee4a,cust_4a5dd4cb,2024-12-04 10:28:48,refunded,time_decay,google,1,1,1,1.0,81.48,81.48
ord_02244483,cust_92dad008,2024-12-04 13:50:47,paid,last_touch,organic,1,1,1,1.0,82.77,82.77
ord_02244483,cust_92dad008,2024-12-04 13:50:47,paid,first_touch,organic,1,1,1,1.0,82.77,82.77
ord_02244483,cust_92dad008,2024-12-04 13:50:47,paid,linear,organic,1,1,1,1.0,82.77,82.77
ord_02244483,cust_92dad008,2024-12-04 13:50:47,paid,time_decay,organic,1,1,1,1.0,82.77,82.77
ord_829f9449,cust_0ddec26b,2024-12-04 10:09:36,paid,last_touch,meta,1,1,1,1.0,126.37,126.37
ord_829f9449,cust_0ddec26b,2024-12-04 10:09:36,paid,first_touch,meta,1,1,1,1.0,126.37,126.37
ord_829f9449,cust_0ddec26b,2024-12-04 10:09:36,paid,linear,meta,1,1,1,1.0,126.37,126.37
ord_829f9449,cust_0ddec26b,2024-12-04 10:09:36,paid,time_decay,meta,1,1,1,1.0,126.37,126.37
ord_1d5cee12,cust_62b648e9,2024-12-04 19:50:21,paid,last_touch,meta,1,1,1,1.0,301.59,301.59
ord_1d5cee12,cust_62b648e9,2024-12-04 19:50:21,paid,first_touch,meta,1,1,1,1.0,301.59,301.59
ord_1d5cee12,cust_62b648e9,2024-12-04 19:50:21,paid,linear,meta,1,1,1,1.0,301.59,301.59
ord_1d5cee12,cust_62b648e9,2024-12-04 19:50:21,paid,time_decay,meta,1,1,1,1.0,301.59,301.59
ord_16055ca4,cust_21296d57,2024-12-04 16:52:18,paid,last_touch,organic,1,1,1,1.0,219.08,219.08
ord_16055ca4,cust_21296d57,2024-12-04 16:52:18,paid,first_touch,organic,1,1,1,1.0,219.08,219.08
ord_16055ca4,cust_21296d57,2024-12-04 16:52:18,paid,linear,organic,1,1,1,1.0,219.08,219.08
ord_16055ca4,cust_21296d57,2024-12-04 16:52:18,paid,time_decay,organic,1,1,1,1.0,219.08,219.08
ord_5ee9e61b,cust_ab9e5b09,2024-12-04 10:26:40,refunded,last_touch,meta,1,1,1,1.0,111.72,111.72
ord_5ee9e61b,cust_ab9e5b09,2024-12-04 10:26:40,refunded,first_touch,meta,1,1,1,1.0,111.72,111.72
ord_5ee9e61b,cust_ab9e5b09,2024-12-04 10:26:40,refunded,linear,meta,1,1,1,1.0,111.72,111.72
ord_5ee9e61b,cust_ab9e5b09,2024-12-04 10:26:40,refunded,time_decay,meta,1,1,1,1.0,111.72,111.72
ord_b591d710,cust_bdaef9a2,2024-12-04 10:08:52,refunded,last_touch,google,1,1,1,1.0,88.87,88.87
ord_b591d710,cust_bdaef9a2,2024-12-04 10:08:52,refunded,first_touch,google,1,1,1,1.0,88.87,88.87
ord_b591d710,cust_bdaef9a2,2024-12-04 10:08:52,refunded,linear,google,1,1,1,1.0,88.87,88.87
ord_b591d710,cust_bdaef9a2,2024-12-04 10:08:52,refunded,time_decay,google,1,1,1,1.0,88.87,88.87
ord_be503ad8,cust_0f12b189,2024-12-05 04:38:02,paid,last_touch,meta,1,1,1,1.0,41.62,41.62
ord_be503ad8,cust_0f12b189,2024-12-05 04:38:02,paid,first_touch,meta,1,1,1,1.0,41.62,41.62
ord_be503ad8,cust_0f12b189,2024-12-05 04:38:02,paid,linear,meta,1,1,1,1.0,41.62,41.62
ord_be503ad8,cust_0f12b189,2024-12-05 04:38:02,paid,time_decay,meta,1,1,1,1.0,41.62,41.62
ord_b53f8f67,cust_a159e925,2024-12-05 17:30:19,paid,last_touch,direct,1,1,1,1.0,134.63,134.63
ord_b53f8f67,cust_a159e925,2024-12-05 17:30:19,paid,first_touch,google,1,1,1,1.0,134.63,134.63
ord_b53f8f67,cust_a159e925,2024-12-05 17:30:19,paid,linear,google,1,1,1,1.0,134.63,134.63
ord_b53f8f67,cust_a159e925,2024-12-05 17:30:19,paid,time_decay,google,1,1,1,1.0,134.63,134.63
ord_e5b75243,cust_968da83f,2024-12-05 23:01:48,paid,last_touch,direct,1,1,1,1.0,240.6,240.6
ord_e5b75243,cust_968da83f,2024-12-05 23:01:48,paid,first_touch,tiktok,1,1,1,1.0,240.6,240.6
ord_e5b75243,cust_968da83f,2024-12-05 23:01:48,paid,linear,tiktok,1,1,1,1.0,240.6,240.6
ord_e5b75243,cust_968da83f,2024-12-05 23:01:48,paid,time_decay,tiktok,1,1,1,1.0,240.6,240.6
ord_796972cd,cust_cdbc4528,2024-12-05 17:05:24,paid,last_touch,email,1,1,1,1.0,61.63,61.63
ord_796972cd,cust_cdbc4528,2024-12-05 17:05:24,paid,first_touch,email,1,1,1,1.0,61.63,61.63
ord_796972cd,cust_cdbc4528,2024-12-05 17:05:24,paid,linear,email,1,1,1,1.0,61.63,61.63
ord_796972cd,cust_cdbc4528,2024-12-05 17:05:24,paid,time_decay,email,1,1,1,1.0,61.63,61.63
ord_9964eff6,cust_ea083d8b,2024-12-05 11:00:09,paid,last_touch,meta,1,1,1,1.0,41.81,41.81
ord_9964eff6,cust_ea083d8b,2024-12-05 11:00:09,paid,first_touch,meta,1,1,1,1.0,41.81,41.81
ord_9964eff6,cust_ea083d8b,2024-12-05 11:00:09,paid,linear,meta,1,1,1,1.0,41.81,41.81
ord_9964eff6,cust_ea083d8b,2024-12-05 11:00:09,paid,time_decay,meta,1,1,1,1.0,41.81,41.81
ord_73c7f2ce,cust_ef01bc5c,2024-12-05 15:45:03,paid,last_touch,direct,1,1,1,1.0,48.32,48.32
ord_73c7f2ce,cust_ef01bc5c,2024-12-05 15:45:03,paid,first_touch,direct,1,1,1,1.0,48.32,48.32
ord_73c7f2ce,cust_ef01bc5c,2024-12-05 15:45:03,paid,linear,direct,1,1,1,1.0,48.32,48.32
ord_73c7f2ce,cust_ef01bc5c,2024-12-05 15:45:03,paid,time_decay,direct,1,1,1,1.0,48.32,48.32
ord_c4412cf9,cust_6323ab4b,2024-12-06 00:03:17,paid,last_touch,direct,1,1,1,1.0,116.89,116.89
ord_c4412cf9,cust_6323ab4b,2024-12-06 00:03:17,paid,first_touch,tiktok,1,1,1,1.0,116.89,116.89
ord_c4412cf9,cust_6323ab4b,2024-12-06 00:03:17,paid,linear,tiktok,1,1,1,1.0,116.89,116.89
ord_c4412cf9,cust_6323ab4b,2024-12-06 00:03:17,paid,time_decay,tiktok,1,1,1,1.0,116.89,116.89
ord_4554c444,cust_af665f0f,2024-12-05 08:58:55,paid,last_touch,organic,1,1,1,1.0,133.16,133.16
ord_4554c444,cust_af665f0f,2024-12-05 08:58:55,paid,first_touch,organic,1,1,1,1.0,133.16,133.16
ord_4554c444,cust_af665f0f,2024-12-05 08:58:55,paid,linear,organic,1,1,1,1.0,133.16,133.16
ord_4554c444,cust_af665f0f,2024-12-05 08:58:55,paid,time_decay,organic,1,1,1,1.0,133.16,133.16
ord_88b12916,cust_333f85d1,2024-12-05 20:03:54,paid,last_touch,organic,1,1,1,1.0,203.91,203.91
ord_88b12916,cust_333f85d1,2024-12-05 20:03:54,paid,first_touch,organic,1,1,1,1.0,203.91,203.91
ord_88b12916,cust_333f85d1,2024-12-05 20:03:54,paid,linear,organic,1,1,1,1.0,203.91,203.91
ord_88b12916,cust_333f85d1,2024-12-05 20:03:54,paid,time_decay,organic,1,1,1,1.0,203.91,203.91
ord_d9a9d40e,cust_9233b641,2024-12-05 12:52:32,paid,last_touch,meta,1,1,1,1.0,17.46,17.46
ord_d9a9d40e,cust_9233b641,2024-12-05 12:52:32,paid,first_touch,meta,1,1,1,1.0,17.46,17.46
ord_d9a9d40e,cust_9233b641,2024-12-05 12:52:32,paid,linear,meta,1,1,1,1.0,17.46,17.46
ord_d9a9d40e,cust_9233b641,2024-12-05 12:52:32,paid,time_decay,meta,1,1,1,1.0,17.46,17.46
ord_a15b9061,cust_359c4f28,2024-12-05 15:33:15,paid,last_touch,direct,1,1,1,1.0,39.5,39.5
ord_a15b9061,cust_359c4f28,2024-12-05 15:33:15,paid,first_touch,meta,1,1,1,1.0,39.5,39.5
ord_a15b9061,cust_359c4f28,2024-12-05 15:33:15,paid,linear,meta,1,1,1,1.0,39.5,39.5
ord_a15b9061,cust_359c4f28,2024-12-05 15:33:15,paid,time_decay,meta,1,1,1,1.0,39.5,39.5
ord_077afad4,cust_e8c79f21,2024-12-06 15:23:46,paid,last_touch,meta,1,1,1,1.0,349.91,349.91
ord_077afad4,cust_e8c79f21,2024-12-06 15:23:46,paid,first_touch,meta,1,1,1,1.0,349.91,349.91
ord_077afad4,cust_e8c79f21,2024-12-06 15:23:46,paid,linear,meta,1,1,1,1.0,349.91,349.91
ord_077afad4,cust_e8c79f21,2024-12-06 15:23:46,paid,time_decay,meta,1,1,1,1.0,349.91,349.91
ord_fee88f5c,cust_d7306006,2024-12-06 21:22:31,paid,last_touch,meta,1,1,1,1.0,84.49,84.49
ord_fee88f5c,cust_d7306006,2024-12-06 21:22:31,paid,first_touch,meta,1,1,1,1.0,84.49,84.49
ord_fee88f5c,cust_d7306006,2024-12-06 21:22:31,paid,linear,meta,1,1,1,1.0,84.49,84.49
ord_fee88f5c,cust_d7306006,2024-12-06 21:22:31,paid,time_decay,meta,1,1,1,1.0,84.49,84.49
ord_7fdd9f0e,cust_a9141411,2024-12-06 20:57:03,paid,last_touch,direct,1,1,1,1.0,135.83,135.83
ord_7fdd9f0e,cust_a9141411,2024-12-06 20:57:03,paid,first_touch,direct,1,1,1,1.0,135.83,135.83
ord_7fdd9f0e,cust_a9141411,2024-12-06 20:57:03,paid,linear,direct,1,1,1,1.0,135.83,135.83
ord_7fdd9f0e,cust_a9141411,2024-12-06 20:57:03,paid,time_decay,direct,1,1,1,1.0,135.83,135.83
ord_181c1467,cust_f9cc7558,2024-12-06 15:02:54,paid,last_touch,direct,1,1,1,1.0,85.26,85.26
ord_181c1467,cust_f9cc7558,2024-12-06 15:02:54,paid,first_touch,tiktok,1,1,1,1.0,85.26,85.26
ord_181c1467,cust_f9cc7558,2024-12-06 15:02:54,paid,linear,tiktok,1,1,1,1.0,85.26,85.26
ord_181c1467,cust_f9cc7558,2024-12-06 15:02:54,paid,time_decay,tiktok,1,1,1,1.0,85.26,85.26
ord_ed755bf9,cust_a71c1cad,2024-12-06 12:00:16,paid,last_touch,direct,1,1,1,1.0,94.39,94.39
ord_ed755bf9,cust_a71c1cad,2024-12-06 12:00:16,paid,first_touch,meta,1,1,1,1.0,94.39,94.39
ord_ed755bf9,cust_a71c1cad,2024-12-06 12:00:16,paid,linear,meta,1,1,1,1.0,94.39,94.39
ord_ed755bf9,cust_a71c1cad,2024-12-06 12:00:16,paid,time_decay,meta,1,1,1,1.0,94.39,94.39
ord_68369ff3,cust_a417d018,2024-12-06 19:33:53,paid,last_touch,email,1,1,1,1.0,108.6,108.6
ord_68369ff3,cust_a417d018,2024-12-06 19:33:53,paid,first_touch,email,1,1,1,1.0,108.6,108.6
ord_68369ff3,cust_a417d018,2024-12-06 19:33:53,paid,linear,email,1,1,1,1.0,108.6,108.6
ord_68369ff3,cust_a417d018,2024-12-06 19:33:53,paid,time_decay,email,1,1,1,1.0,108.6,108.6
ord_465972b0,cust_6cacb61f,2024-12-06 13:18:26,refunded,last_touch,organic,1,1,1,1.0,64.11,64.11
ord_465972b0,cust_6cacb61f,2024-12-06 13:18:26,refunded,first_touch,organic,1,1,1,1.0,64.11,64.11
ord_465972b0,cust_6cacb61f,2024-12-06 13:18:26,refunded,linear,organic,1,1,1,1.0,64.11,64.11
ord_465972b0,cust_6cacb61f,2024-12-06 13:18:26,refunded,time_decay,organic,1,1,1,1.0,64.11,64.11
ord_daff887d,cust_ad8f18f2,2024-12-06 18:12:00,paid,last_touch,direct,1,1,1,1.0,111.58,111.58
ord_daff887d,cust_ad8f18f2,2024-12-06 18:12:00,paid,first_touch,organic,1,1,1,1.0,111.58,111.58
ord_daff887d,cust_ad8f18f2,2024-12-06 18:12:00,paid,linear,organic,1,1,1,1.0,111.58,111.58
ord_daff887d,cust_ad8f18f2,2024-12-06 18:12:00,paid,time_decay,organic,1,1,1,1.0,111.58,111.58
ord_c007e1ab,cust_95049c06,2024-12-06 15:16:04,paid,last_touch,direct,1,1,1,1.0,87.44,87.44
ord_c007e1ab,cust_95049c06,2024-12-06 15:16:04,paid,first_touch,meta,1,1,1,1.0,87.44,87.44
ord_c007e1ab,cust_95049c06,2024-12-06 15:16:04,paid,linear,meta,1,1,1,1.0,87.44,87.44
ord_c007e1ab,cust_95049c06,2024-12-06 15:16:04,paid,time_decay,meta,1,1,1,1.0,87.44,87.44
ord_5e710430,cust_71ab070b,2024-12-06 10:27:39,refunded,last_touch,google,1,1,1,1.0,321.58,321.58
ord_5e710430,cust_71ab070b,2024-12-06 10:27:39,refunded,first_touch,google,1,1,1,1.0,321.58,321.58
ord_5e710430,cust_71ab070b,2024-12-06 10:27:39,refunded,linear,google,1,1,1,1.0,321.58,321.58
ord_5e710430,cust_71ab070b,2024-12-06 10:27:39,refunded,time_decay,google,1,1,1,1.0,321.58,321.58
ord_5b8073d1,cust_4f9d4bb7,2024-12-06 20:13:41,paid,last_touch,direct,1,1,1,1.0,78.72,78.72
ord_5b8073d1,cust_4f9d4bb7,2024-12-06 20:13:41,paid,first_touch,google,1,1,1,1.0,78.72,78.72
ord_5b8073d1,cust_4f9d4bb7,2024-12-06 20:13:41,paid,linear,google,1,1,1,1.0,78.72,78.72
ord_5b8073d1,cust_4f9d4bb7,2024-12-06 20:13:41,paid,time_decay,google,1,1,1,1.0,78.72,78.72
ord_9d7f2efb,cust_c67f1a19,2024-12-07 19:43:51,paid,last_touch,direct,1,1,1,1.0,56.47,56.47
ord_9d7f2efb,cust_c67f1a19,2024-12-07 19:43:51,paid,first_touch,direct,1,1,1,1.0,56.47,56.47
ord_9d7f2efb,cust_c67f1a19,2024-12-07 19:43:51,paid,linear,direct,1,1,1,1.0,56.47,56.47
ord_9d7f2efb,cust_c67f1a19,2024-12-07 19:43:51,paid,time_decay,direct,1,1,1,1.0,56.47,56.47
ord_a51135fc,cust_739b2ce3,2024-12-07 12:43:23,paid,last_touch,google,1,1,1,1.0,75.02,75.02
ord_a51135fc,cust_739b2ce3,2024-12-07 12:43:23,paid,first_touch,google,1,1,1,1.0,75.02,75.02
ord_a51135fc,cust_739b2ce3,2024-12-07 12:43:23,paid,linear,google,1,1,1,1.0,75.02,75.02
ord_a51135fc,cust_739b2ce3,2024-12-07 12:43:23,paid,time_decay,google,1,1,1,1.0,75.02,75.02
ord_8a490ba2,cust_ce3a5864,2024-12-07 05:22:14,paid,last_touch,direct,1,1,1,1.0,40.37,40.37
ord_8a490ba2,cust_ce3a5864,2024-12-07 05:22:14,paid,first_touch,direct,1,1,1,1.0,40.37,40.37
ord_8a490ba2,cust_ce3a5864,2024-12-07 05:22:14,paid,linear,direct,1,1,1,1.0,40.37,40.37
ord_8a490ba2,cust_ce3a5864,2024-12-07 05:22:14,paid,time_decay,direct,1,1,1,1.0,40.37,40.37
ord_f295ea59,cust_e0773e20,2024-12-07 16:32:17,paid,last_touch,direct,1,1,1,1.0,44.35,44.35
ord_f295ea59,cust_e0773e20,2024-12-07 16:32:17,paid,first_touch,tiktok,1,1,1,1.0,44.35,44.35
ord_f295ea59,cust_e0773e20,2024-12-07 16:32:17,paid,linear,tiktok,1,1,1,1.0,44.35,44.35
ord_f295ea59,cust_e0773e20,2024-12-07 16:32:17,paid,time_decay,tiktok,1,1,1,1.0,44.35,44.35
ord_34fbdbd1,cust_007261bf,2024-12-07 10:11:43,paid,last_touch,google,1,1,1,1.0,54.75,54.75
ord_34fbdbd1,cust_007261bf,2024-12-07 10:11:43,paid,first_touch,google,1,1,1,1.0,54.75,54.75
ord_34fbdbd1,cust_007261bf,2024-12-07 10:11:43,paid,linear,google,1,1,1,1.0,54.75,54.75
ord_34fbdbd1,cust_007261bf,2024-12-07 10:11:43,paid,time_decay,google,1,1,1,1.0,54.75,54.75
ord_f7e51aca,cust_79d9a61b,2024-12-07 13:39:32,paid,last_touch,direct,1,1,1,1.0,33.86,33.86
ord_f7e51aca,cust_79d9a61b,2024-12-07 13:39:32,paid,first_touch,organic,1,1,1,1.0,33.86,33.86
ord_f7e51aca,cust_79d9a61b,2024-12-07 13:39:32,paid,linear,organic,1,1,1,1.0,33.86,33.86
ord_f7e51aca,cust_79d9a61b,2024-12-07 13:39:32,paid,time_decay,organic,1,1,1,1.0,33.86,33.86
ord_29141919,cust_2846f38f,2024-12-07 20:37:02,paid,last_touch,organic,1,1,1,1.0,61.64,61.64
ord_29141919,cust_2846f38f,2024-12-07 20:37:02,paid,first_touch,organic,1,1,1,1.0,61.64,61.64
ord_29141919,cust_2846f38f,2024-12-07 20:37:02,paid,linear,organic,1,1,1,1.0,61.64,61.64
ord_29141919,cust_2846f38f,2024-12-07 20:37:02,paid,time_decay,organic,1,1,1,1.0,61.64,61.64
ord_36b823ca,cust_2a24c86e,2024-12-07 10:14:52,paid,last_touch,meta,1,1,1,1.0,158.68,158.68
ord_36b823ca,cust_2a24c86e,2024-12-07 10:14:52,paid,first_touch,meta,1,1,1,1.0,158.68,158.68
ord_36b823ca,cust_2a24c86e,2024-12-07 10:14:52,paid,linear,meta,1,1,1,1.0,158.68,158.68
ord_36b823ca,cust_2a24c86e,2024-12-07 10:14:52,paid,time_decay,meta,1,1,1,1.0,158.68,158.68
ord_84548f5a,cust_29eb162a,2024-12-07 08:10:34,paid,last_touch,meta,1,1,1,1.0,174.23,174.23
ord_84548f5a,cust_29eb162a,2024-12-07 08:10:34,paid,first_touch,meta,1,1,1,1.0,174.23,174.23
ord_84548f5a,cust_29eb162a,2024-12-07 08:10:34,paid,linear,meta,1,1,1,1.0,174.23,174.23
ord_84548f5a,cust_29eb162a,2024-12-07 08:10:34,paid,time_decay,meta,1,1,1,1.0,174.23,174.23
ord_d56fd116,cust_5a9f99b1,2024-12-07 20:12:00,paid,last_touch,direct,1,1,1,1.0,130.41,130.41
ord_d56fd116,cust_5a9f99b1,2024-12-07 20:12:00,paid,first_touch,tiktok,1,1,1,1.0,130.41,130.41
ord_d56fd116,cust_5a9f99b1,2024-12-07 20:12:00,paid,linear,tiktok,1,1,1,1.0,130.41,130.41
ord_d56fd116,cust_5a9f99b1,2024-12-07 20:12:00,paid,time_decay,tiktok,1,1,1,1.0,130.41,130.41
ord_a37d2107,cust_09c473a7,2024-12-07 14:39:27,paid,last_touch,direct,1,1,1,1.0,85.24,85.24
ord_a37d2107,cust_09c473a7,2024-12-07 14:39:27,paid,first_touch,google,1,1,1,1.0,85.24,85.24
ord_a37d2107,cust_09c473a7,2024-12-07 14:39:27,paid,linear,google,1,1,1,1.0,85.24,85.24
ord_a37d2107,cust_09c473a7,2024-12-07 14:39:27,paid,time_decay,google,1,1,1,1.0,85.24,85.24
ord_45bc1b4b,cust_b87c55aa,2024-12-07 13:26:24,paid,last_touch,tiktok,1,1,1,1.0,98.06,98.06
ord_45bc1b4b,cust_b87c55aa,2024-12-07 13:26:24,paid,first_touch,tiktok,1,1,1,1.0,98.06,98.06
ord_45bc1b4b,cust_b87c55aa,2024-12-07 13:26:24,paid,linear,tiktok,1,1,1,1.0,98.06,98.06
ord_45bc1b4b,cust_b87c55aa,2024-12-07 13:26:24,paid,time_decay,tiktok,1,1,1,1.0,98.06,98.06
ord_8868f085,cust_871c61e5,2024-12-08 11:57:41,paid,last_touch,google,1,1,1,1.0,58.69,58.69
ord_8868f085,cust_871c61e5,2024-12-08 11:57:41,paid,first_touch,google,1,1,1,1.0,58.69,58.69
ord_8868f085,cust_871c61e5,2024-12-08 11:57:41,paid,linear,google,1,1,1,1.0,58.69,58.69
ord_8868f085,cust_871c61e5,2024-12-08 11:57:41,paid,time_decay,google,1,1,1,1.0,58.69,58.69
ord_aaad2f24,cust_0bb04d4b,2024-12-08 23:20:53,paid,last_touch,meta,1,1,1,1.0,41.56,41.56
ord_aaad2f24,cust_0bb04d4b,2024-12-08 23:20:53,paid,first_touch,meta,1,1,1,1.0,41.56,41.56
ord_aaad2f24,cust_0bb04d4b,2024-12-08 23:20:53,paid,linear,meta,1,1,1,1.0,41.56,41.56
ord_aaad2f24,cust_0bb04d4b,2024-12-08 23:20:53,paid,time_decay,meta,1,1,1,1.0,41.56,41.56
ord_9b27295a,cust_00d26a0a,2024-12-08 21:33:54,refunded,last_touch,direct,1,1,1,1.0,90.12,90.12
ord_9b27295a,cust_00d26a0a,2024-12-08 21:33:54,refunded,first_touch,google,1,1,1,1.0,90.12,90.12
ord_9b27295a,cust_00d26a0a,2024-12-08 21:33:54,refunded,linear,google,1,1,1,1.0,90.12,90.12
ord_9b27295a,cust_00d26a0a,2024-12-08 21:33:54,refunded,time_decay,google,1,1,1,1.0,90.12,90.12
ord_4aefed03,cust_6518f04d,2024-12-08 21:20:05,paid,last_touch,google,1,1,1,1.0,85.4,85.4
ord_4aefed03,cust_6518f04d,2024-12-08 21:20:05,paid,first_touch,google,1,1,1,1.0,85.4,85.4
ord_4aefed03,cust_6518f04d,2024-12-08 21:20:05,paid,linear,google,1,1,1,1.0,85.4,85.4
ord_4aefed03,cust_6518f04d,2024-12-08 21:20:05,paid,time_decay,google,1,1,1,1.0,85.4,85.4
ord_3ee888e1,cust_ca711753,2024-12-08 08:37:06,paid,last_touch,meta,1,1,1,1.0,72.37,72.37
ord_3ee888e1,cust_ca711753,2024-12-08 08:37:06,paid,first_touch,meta,1,1,1,1.0,72.37,72.37
ord_3ee888e1,cust_ca711753,2024-12-08 08:37:06,paid,linear,meta,1,1,1,1.0,72.37,72.37
ord_3ee888e1,cust_ca711753,2024-12-08 08:37:06,paid,time_decay,meta,1,1,1,1.0,72.37,72.37
ord_3edd3506,cust_9a65ee1c,2024-12-08 15:29:23,paid,last_touch,organic,1,1,1,1.0,108.21,108.21
ord_3edd3506,cust_9a65ee1c,2024-12-08 15:29:23,paid,first_touch,organic,1,1,1,1.0,108.21,108.21
ord_3edd3506,cust_9a65ee1c,2024-12-08 15:29:23,paid,linear,organic,1,1,1,1.0,108.21,108.21
ord_3edd3506,cust_9a65ee1c,2024-12-08 15:29:23,paid,time_decay,organic,1,1,1,1.0,108.21,108.21
ord_f90c645e,cust_3a01d269,2024-12-08 16:37:11,paid,last_touch,direct,1,1,1,1.0,34.97,34.97
ord_f90c645e,cust_3a01d269,2024-12-08 16:37:11,paid,first_touch,google,1,1,1,1.0,34.97,34.97
ord_f90c645e,cust_3a01d269,2024-12-08 16:37:11,paid,linear,google,1,1,1,1.0,34.97,34.97
ord_f90c645e,cust_3a01d269,2024-12-08 16:37:11,paid,time_decay,google,1,1,1,1.0,34.97,34.97
ord_3945b0b0,cust_3bc98014,2024-12-08 06:15:47,paid,last_touch,direct,1,1,1,1.0,81.66,81.66
ord_3945b0b0,cust_3bc98014,2024-12-08 06:15:47,paid,first_touch,meta,1,1,1,1.0,81.66,81.66
ord_3945b0b0,cust_3bc98014,2024-12-08 06:15:47,paid,linear,meta,1,1,1,1.0,81.66,81.66
ord_3945b0b0,cust_3bc98014,2024-12-08 06:15:47,paid,time_decay,meta,1,1,1,1.0,81.66,81.66
ord_5b6ae4e6,cust_3339e988,2024-12-08 21:14:52,paid,last_touch,direct,1,1,1,1.0,33.49,33.49
ord_5b6ae4e6,cust_3339e988,2024-12-08 21:14:52,paid,first_touch,direct,1,1,1,1.0,33.49,33.49
ord_5b6ae4e6,cust_3339e988,2024-12-08 21:14:52,paid,linear,direct,1,1,1,1.0,33.49,33.49
ord_5b6ae4e6,cust_3339e988,2024-12-08 21:14:52,paid,time_decay,direct,1,1,1,1.0,33.49,33.49
ord_03cc4db6,cust_de9462d1,2024-12-09 10:31:44,paid,last_touch,email,1,1,1,1.0,147.27,147.27
ord_03cc4db6,cust_de9462d1,2024-12-09 10:31:44,paid,first_touch,email,1,1,1,1.0,147.27,147.27
ord_03cc4db6,cust_de9462d1,2024-12-09 10:31:44,paid,linear,email,1,1,1,1.0,147.27,147.27
ord_03cc4db6,cust_de9462d1,2024-12-09 10:31:44,paid,time_decay,email,1,1,1,1.0,147.27,147.27
ord_64adf1db,cust_99257e46,2024-12-09 16:48:14,paid,last_touch,meta,1,1,1,1.0,143.97,143.97
ord_64adf1db,cust_99257e46,2024-12-09 16:48:14,paid,first_touch,meta,1,1,1,1.0,143.97,143.97
ord_64adf1db,cust_99257e46,2024-12-09 16:48:14,paid,linear,meta,1,1,1,1.0,143.97,143.97
ord_64adf1db,cust_99257e46,2024-12-09 16:48:14,paid,time_decay,meta,1,1,1,1.0,143.97,143.97
ord_3d6b608e,cust_9a972179,2024-12-09 14:38:03,paid,last_touch,direct,1,1,1,1.0,70.66,70.66
ord_3d6b608e,cust_9a972179,2024-12-09 14:38:03,paid,first_touch,direct,1,1,1,1.0,70.66,70.66
ord_3d6b608e,cust_9a972179,2024-12-09 14:38:03,paid,linear,direct,1,1,1,1.0,70.66,70.66
ord_3d6b608e,cust_9a972179,2024-12-09 14:38:03,paid,time_decay,direct,1,1,1,1.0,70.66,70.66
ord_c4b7cfdb,cust_5707a0fa,2024-12-09 07:35:11,paid,last_touch,meta,1,1,1,1.0,22.34,22.34
ord_c4b7cfdb,cust_5707a0fa,2024-12-09 07:35:11,paid,first_touch,meta,1,1,1,1.0,22.34,22.34
ord_c4b7cfdb,cust_5707a0fa,2024-12-09 07:35:11,paid,linear,meta,1,1,1,1.0,22.34,22.34
ord_c4b7cfdb,cust_5707a0fa,2024-12-09 07:35:11,paid,time_decay,meta,1,1,1,1.0,22.34,22.34
ord_49f174ac,cust_b9c94e0b,2024-12-09 09:41:22,paid,last_touch,meta,1,1,1,1.0,70.84,70.84
ord_49f174ac,cust_b9c94e0b,2024-12-09 09:41:22,paid,first_touch,meta,1,1,1,1.0,70.84,70.84
ord_49f174ac,cust_b9c94e0b,2024-12-09 09:41:22,paid,linear,meta,1,1,1,1.0,70.84,70.84
ord_49f174ac,cust_b9c94e0b,2024-12-09 09:41:22,paid,time_decay,meta,1,1,1,1.0,70.84,70.84
ord_92ecde58,cust_03217c1f,2024-12-09 08:23:24,paid,last_touch,direct,1,1,1,1.0,53.8,53.8
ord_92ecde58,cust_03217c1f,2024-12-09 08:23:24,paid,first_touch,google,1,1,1,1.0,53.8,53.8
ord_92ecde58,cust_03217c1f,2024-12-09 08:23:24,paid,linear,google,1,1,1,1.0,53.8,53.8
ord_92ecde58,cust_03217c1f,2024-12-09 08:23:24,paid,time_decay,google,1,1,1,1.0,53.8,53.8
ord_7dc1462a,cust_be586d90,2024-12-09 15:38:49,paid,last_touch,direct,1,1,1,1.0,110.8,110.8
ord_7dc1462a,cust_be586d90,2024-12-09 15:38:49,paid,first_touch,google,1,1,1,1.0,110.8,110.8
ord_7dc1462a,cust_be586d90,2024-12-09 15:38:49,paid,linear,google,1,1,1,1.0,110.8,110.8
ord_7dc1462a,cust_be586d90,2024-12-09 15:38:49,paid,time_decay,google,1,1,1,1.0,110.8,110.8
ord_77f59ebd,cust_4e68ed1d,2024-12-09 08:38:40,paid,last_touch,google,1,1,1,1.0,305.14,305.14
ord_77f59ebd,cust_4e68ed1d,2024-12-09 08:38:40,paid,first_touch,google,1,1,1,1.0,305.14,305.14
ord_77f59ebd,cust_4e68ed1d,2024-12-09 08:38:40,paid,linear,google,1,1,1,1.0,305.14,305.14
ord_77f59ebd,cust_4e68ed1d,2024-12-09 08:38:40,paid,time_decay,google,1,1,1,1.0,305.14,305.14
ord_665e809e,cust_dc8bcc80,2024-12-09 07:28:18,paid,last_touch,direct,1,1,1,1.0,167.68,167.68
ord_665e809e,cust_dc8bcc80,2024-12-09 07:28:18,paid,first_touch,google,1,1,1,1.0,167.68,167.68
ord_665e809e,cust_dc8bcc80,2024-12-09 07:28:18,paid,linear,google,1,1,1,1.0,167.68,167.68
ord_665e809e,cust_dc8bcc80,2024-12-09 07:28:18,paid,time_decay,google,1,1,1,1.0,167.68,167.68
ord_6fd93960,cust_32fe7455,2024-12-09 15:45:59,paid,last_touch,tiktok,1,1,1,1.0,105.92,105.92
ord_6fd93960,cust_32fe7455,2024-12-09 15:45:59,paid,first_touch,tiktok,1,1,1,1.0,105.92,105.92
ord_6fd93960,cust_32fe7455,2024-12-09 15:45:59,paid,linear,tiktok,1,1,1,1.0,105.92,105.92
ord_6fd93960,cust_32fe7455,2024-12-09 15:45:59,paid,time_decay,tiktok,1,1,1,1.0,105.92,105.92
ord_49de4151,cust_57fe9cc5,2024-12-09 19:33:06,chargeback,last_touch,google,1,1,1,1.0,106.25,106.25
ord_49de4151,cust_57fe9cc5,2024-12-09 19:33:06,chargeback,first_touch,google,1,1,1,1.0,106.25,106.25
ord_49de4151,cust_57fe9cc5,2024-12-09 19:33:06,chargeback,linear,google,1,1,1,1.0,106.25,106.25
ord_49de4151,cust_57fe9cc5,2024-12-09 19:33:06,chargeback,time_decay,google,1,1,1,1.0,106.25,106.25
ord_ffd80c10,cust_91eb905c,2024-12-09 19:46:04,paid,last_touch,google,1,1,1,1.0,140.94,140.94
ord_ffd80c10,cust_91eb905c,2024-12-09 19:46:04,paid,first_touch,google,1,1,1,1.0,140.94,140.94
ord_ffd80c10,cust_91eb905c,2024-12-09 19:46:04,paid,linear,google,1,1,1,1.0,140.94,140.94
ord_ffd80c10,cust_91eb905c,2024-12-09 19:46:04,paid,time_decay,google,1,1,1,1.0,140.94,140.94
ord_dc366a19,cust_60fd2f97,2024-12-09 03:23:37,paid,last_touch,organic,1,1,1,1.0,59.36,59.36
ord_dc366a19,cust_60fd2f97,2024-12-09 03:23:37,paid,first_touch,organic,1,1,1,1.0,59.36,59.36
ord_dc366a19,cust_60fd2f97,2024-12-09 03:23:37,paid,linear,organic,1,1,1,1.0,59.36,59.36
ord_dc366a19,cust_60fd2f97,2024-12-09 03:23:37,paid,time_decay,organic,1,1,1,1.0,59.36,59.36
ord_d691f7f3,cust_3d7a8058,2024-12-09 22:12:42,paid,last_touch,organic,1,1,1,1.0,114.28,114.28
ord_d691f7f3,cust_3d7a8058,2024-12-09 22:12:42,paid,first_touch,organic,1,1,1,1.0,114.28,114.28
ord_d691f7f3,cust_3d7a8058,2024-12-09 22:12:42,paid,linear,organic,1,1,1,1.0,114.28,114.28
ord_d691f7f3,cust_3d7a8058,2024-12-09 22:12:42,paid,time_decay,organic,1,1,1,1.0,114.28,114.28
ord_10d24dd8,cust_1cefc895,2024-12-09 10:50:17,paid,last_touch,direct,1,1,1,1.0,113.36,113.36
ord_10d24dd8,cust_1cefc895,2024-12-09 10:50:17,paid,first_touch,google,1,1,1,1.0,113.36,113.36
ord_10d24dd8,cust_1cefc895,2024-12-09 10:50:17,paid,linear,google,1,1,1,1.0,113.36,113.36
ord_10d24dd8,cust_1cefc895,2024-12-09 10:50:17,paid,time_decay,google,1,1,1,1.0,113.36,113.36
ord_1382dd1b,cust_bb6c5f36,2024-12-09 09:26:11,paid,last_touch,direct,1,1,1,1.0,59.3,59.3
ord_1382dd1b,cust_bb6c5f36,2024-12-09 09:26:11,paid,first_touch,meta,1,1,1,1.0,59.3,59.3
ord_1382dd1b,cust_bb6c5f36,2024-12-09 09:26:11,paid,linear,meta,1,1,1,1.0,59.3,59.3
ord_1382dd1b,cust_bb6c5f36,2024-12-09 09:26:11,paid,time_decay,meta,1,1,1,1.0,59.3,59.3
ord_57dda90d,cust_f12457c3,2024-12-09 11:19:53,paid,last_touch,tiktok,1,1,1,1.0,110.38,110.38
ord_57dda90d,cust_f12457c3,2024-12-09 11:19:53,paid,first_touch,tiktok,1,1,1,1.0,110.38,110.38
ord_57dda90d,cust_f12457c3,2024-12-09 11:19:53,paid,linear,tiktok,1,1,1,1.0,110.38,110.38
ord_57dda90d,cust_f12457c3,2024-12-09 11:19:53,paid,time_decay,tiktok,1,1,1,1.0,110.38,110.38
ord_42a6cb2a,cust_6eb1d2f4,2024-12-10 17:21:06,paid,last_touch,direct,1,1,1,1.0,28.6,28.6
ord_42a6cb2a,cust_6eb1d2f4,2024-12-10 17:21:06,paid,first_touch,direct,1,1,1,1.0,28.6,28.6
ord_42a6cb2a,cust_6eb1d2f4,2024-12-10 17:21:06,paid,linear,direct,1,1,1,1.0,28.6,28.6
ord_42a6cb2a,cust_6eb1d2f4,2024-12-10 17:21:06,paid,time_decay,direct,1,1,1,1.0,28.6,28.6
ord_1a1b3b26,cust_7b7dc9a6,2024-12-10 10:45:13,paid,last_touch,tiktok,1,1,1,1.0,36.89,36.89
ord_1a1b3b26,cust_7b7dc9a6,2024-12-10 10:45:13,paid,first_touch,tiktok,1,1,1,1.0,36.89,36.89
ord_1a1b3b26,cust_7b7dc9a6,2024-12-10 10:45:13,paid,linear,tiktok,1,1,1,1.0,36.89,36.89
ord_1a1b3b26,cust_7b7dc9a6,2024-12-10 10:45:13,paid,time_decay,tiktok,1,1,1,1.0,36.89,36.89
ord_e67aa465,cust_f822b81c,2024-12-10 21:33:01,paid,last_touch,organic,1,1,1,1.0,69.07,69.07
ord_e67aa465,cust_f822b81c,2024-12-10 21:33:01,paid,first_touch,organic,1,1,1,1.0,69.07,69.07
ord_e67aa465,cust_f822b81c,2024-12-10 21:33:01,paid,linear,organic,1,1,1,1.0,69.07,69.07
ord_e67aa465,cust_f822b81c,2024-12-10 21:33:01,paid,time_decay,organic,1,1,1,1.0,69.07,69.07
ord_d443429b,cust_aaf606c4,2024-12-10 19:27:20,paid,last_touch,direct,1,1,1,1.0,82.15,82.15
ord_d443429b,cust_aaf606c4,2024-12-10 19:27:20,paid,first_touch,tiktok,1,1,1,1.0,82.15,82.15
ord_d443429b,cust_aaf606c4,2024-12-10 19:27:20,paid,linear,tiktok,1,1,1,1.0,82.15,82.15
ord_d443429b,cust_aaf606c4,2024-12-10 19:27:20,paid,time_decay,tiktok,1,1,1,1.0,82.15,82.15
ord_40e9c189,cust_89937d75,2024-12-10 17:24:32,paid,last_touch,google,1,1,1,1.0,175.06,175.06
ord_40e9c189,cust_89937d75,2024-12-10 17:24:32,paid,first_touch,google,1,1,1,1.0,175.06,175.06
ord_40e9c189,cust_89937d75,2024-12-10 17:24:32,paid,linear,google,1,1,1,1.0,175.06,175.06
ord_40e9c189,cust_89937d75,2024-12-10 17:24:32,paid,time_decay,google,1,1,1,1.0,175.06,175.06
ord_d4f1028d,cust_92e574a4,2024-12-10 14:09:23,paid,last_touch,tiktok,1,1,1,1.0,66.41,66.41
ord_d4f1028d,cust_92e574a4,2024-12-10 14:09:23,paid,first_touch,tiktok,1,1,1,1.0,66.41,66.41
ord_d4f1028d,cust_92e574a4,2024-12-10 14:09:23,paid,linear,tiktok,1,1,1,1.0,66.41,66.41
ord_d4f1028d,cust_92e574a4,2024-12-10 14:09:23,paid,time_decay,tiktok,1,1,1,1.0,66.41,66.41
ord_d1a7774b,cust_86214556,2024-12-10 02:24:18,paid,last_touch,direct,1,1,1,1.0,225.4,225.4
ord_d1a7774b,cust_86214556,2024-12-10 02:24:18,paid,first_touch,meta,1,1,1,1.0,225.4,225.4
ord_d1a7774b,cust_86214556,2024-12-10 02:24:18,paid,linear,meta,1,1,1,1.0,225.4,225.4
ord_d1a7774b,cust_86214556,2024-12-10 02:24:18,paid,time_decay,meta,1,1,1,1.0,225.4,225.4
ord_cc5ca434,cust_9ce0d816,2024-12-10 15:23:24,paid,last_touch,google,1,1,1,1.0,58.06,58.06
ord_cc5ca434,cust_9ce0d816,2024-12-10 15:23:24,paid,first_touch,google,1,1,1,1.0,58.06,58.06
ord_cc5ca434,cust_9ce0d816,2024-12-10 15:23:24,paid,linear,google,1,1,1,1.0,58.06,58.06
ord_cc5ca434,cust_9ce0d816,2024-12-10 15:23:24,paid,time_decay,google,1,1,1,1.0,58.06,58.06
ord_6941791a,cust_5d251470,2024-12-10 20:44:49,paid,last_touch,tiktok,1,1,1,1.0,166.19,166.19
ord_6941791a,cust_5d251470,2024-12-10 20:44:49,paid,first_touch,tiktok,1,1,1,1.0,166.19,166.19
ord_6941791a,cust_5d251470,2024-12-10 20:44:49,paid,linear,tiktok,1,1,1,1.0,166.19,166.19
ord_6941791a,cust_5d251470,2024-12-10 20:44:49,paid,time_decay,tiktok,1,1,1,1.0,166.19,166.19
ord_9eda2b35,cust_6fef667d,2024-12-10 20:40:44,paid,last_touch,organic,1,1,1,1.0,158.37,158.37
ord_9eda2b35,cust_6fef667d,2024-12-10 20:40:44,paid,first_touch,organic,1,1,1,1.0,158.37,158.37
ord_9eda2b35,cust_6fef667d,2024-12-10 20:40:44,paid,linear,organic,1,1,1,1.0,158.37,158.37
ord_9eda2b35,cust_6fef667d,2024-12-10 20:40:44,paid,time_decay,organic,1,1,1,1.0,158.37,158.37
ord_76a3338a,cust_e014465b,2024-12-10 23:00:46,paid,last_touch,direct,1,1,1,1.0,84.25,84.25
ord_76a3338a,cust_e014465b,2024-12-10 23:00:46,paid,first_touch,meta,1,1,1,1.0,84.25,84.25
ord_76a3338a,cust_e014465b,2024-12-10 23:00:46,paid,linear,meta,1,1,1,1.0,84.25,84.25
ord_76a3338a,cust_e014465b,2024-12-10 23:00:46,paid,time_decay,meta,1,1,1,1.0,84.25,84.25
ord_e3f39c7a,cust_e2c21248,2024-12-10 16:13:04,paid,last_touch,direct,1,1,1,1.0,56.83,56.83
ord_e3f39c7a,cust_e2c21248,2024-12-10 16:13:04,paid,first_touch,direct,1,1,1,1.0,56.83,56.83
ord_e3f39c7a,cust_e2c21248,2024-12-10 16:13:04,paid,linear,direct,1,1,1,1.0,56.83,56.83
ord_e3f39c7a,cust_e2c21248,2024-12-10 16:13:04,paid,time_decay,direct,1,1,1,1.0,56.83,56.83
ord_c3ddbcb8,cust_28f5b0ae,2024-12-10 06:21:44,paid,last_touch,google,1,1,1,1.0,96.1,96.1
ord_c3ddbcb8,cust_28f5b0ae,2024-12-10 06:21:44,paid,first_touch,google,1,1,1,1.0,96.1,96.1
ord_c3ddbcb8,cust_28f5b0ae,2024-12-10 06:21:44,paid,linear,google,1,1,1,1.0,96.1,96.1
ord_c3ddbcb8,cust_28f5b0ae,2024-12-10 06:21:44,paid,time_decay,google,1,1,1,1.0,96.1,96.1
ord_f15b0b16,cust_d95b545b,2024-12-10 16:38:06,paid,last_touch,direct,1,1,1,1.0,89.68,89.68
ord_f15b0b16,cust_d95b545b,2024-12-10 16:38:06,paid,first_touch,meta,1,1,1,1.0,89.68,89.68
ord_f15b0b16,cust_d95b545b,2024-12-10 16:38:06,paid,linear,meta,1,1,1,1.0,89.68,89.68
ord_f15b0b16,cust_d95b545b,2024-12-10 16:38:06,paid,time_decay,meta,1,1,1,1.0,89.68,89.68
ord_49854d49,cust_5798b21d,2024-12-10 14:14:16,paid,last_touch,meta,1,1,1,1.0,35.89,35.89
ord_49854d49,cust_5798b21d,2024-12-10 14:14:16,paid,first_touch,meta,1,1,1,1.0,35.89,35.89
ord_49854d49,cust_5798b21d,2024-12-10 14:14:16,paid,linear,meta,1,1,1,1.0,35.89,35.89
ord_49854d49,cust_5798b21d,2024-12-10 14:14:16,paid,time_decay,meta,1,1,1,1.0,35.89,35.89
ord_35159043,cust_4e30df49,2024-12-11 20:03:31,paid,last_touch,direct,1,1,1,1.0,78.41,78.41
ord_35159043,cust_4e30df49,2024-12-11 20:03:31,paid,first_touch,tiktok,1,1,1,1.0,78.41,78.41
ord_35159043,cust_4e30df49,2024-12-11 20:03:31,paid,linear,tiktok,1,1,1,1.0,78.41,78.41
ord_35159043,cust_4e30df49,2024-12-11 20:03:31,paid,time_decay,tiktok,1,1,1,1.0,78.41,78.41
ord_ed858c9d,cust_bac37565,2024-12-11 14:26:22,paid,last_touch,google,1,1,1,1.0,60.43,60.43
ord_ed858c9d,cust_bac37565,2024-12-11 14:26:22,paid,first_touch,google,1,1,1,1.0,60.43,60.43
ord_ed858c9d,cust_bac37565,2024-12-11 14:26:22,paid,linear,google,1,1,1,1.0,60.43,60.43
ord_ed858c9d,cust_bac37565,2024-12-11 14:26:22,paid,time_decay,google,1,1,1,1.0,60.43,60.43
ord_4e94b275,cust_ceed3acb,2024-12-11 10:10:23,paid,last_touch,email,1,1,1,1.0,341.67,341.67
ord_4e94b275,cust_ceed3acb,2024-12-11 10:10:23,paid,first_touch,email,1,1,1,1.0,341.67,341.67
ord_4e94b275,cust_ceed3acb,2024-12-11 10:10:23,paid,linear,email,1,1,1,1.0,341.67,341.67
ord_4e94b275,cust_ceed3acb,2024-12-11 10:10:23,paid,time_decay,email,1,1,1,1.0,341.67,341.67
ord_cb9ea28c,cust_f3db8551,2024-12-11 17:26:09,paid,last_touch,google,1,1,1,1.0,53.19,53.19
ord_cb9ea28c,cust_f3db8551,2024-12-11 17:26:09,paid,first_touch,google,1,1,1,1.0,53.19,53.19
ord_cb9ea28c,cust_f3db8551,2024-12-11 17:26:09,paid,linear,google,1,1,1,1.0,53.19,53.19
ord_cb9ea28c,cust_f3db8551,2024-12-11 17:26:09,paid,time_decay,google,1,1,1,1.0,53.19,53.19
ord_b4d16142,cust_2b7e7ceb,2024-12-11 12:56:18,refunded,last_touch,tiktok,1,1,1,1.0,91.97,91.97
ord_b4d16142,cust_2b7e7ceb,2024-12-11 12:56:18,refunded,first_touch,tiktok,1,1,1,1.0,91.97,91.97
ord_b4d16142,cust_2b7e7ceb,2024-12-11 12:56:18,refunded,linear,tiktok,1,1,1,1.0,91.97,91.97
ord_b4d16142,cust_2b7e7ceb,2024-12-11 12:56:18,refunded,time_decay,tiktok,1,1,1,1.0,91.97,91.97
ord_85971f8b,cust_84bfcee6,2024-12-12 11:43:42,paid,last_touch,organic,1,1,1,1.0,52.59,52.59
ord_85971f8b,cust_84bfcee6,2024-12-12 11:43:42,paid,first_touch,organic,1,1,1,1.0,52.59,52.59
ord_85971f8b,cust_84bfcee6,2024-12-12 11:43:42,paid,linear,organic,1,1,1,1.0,52.59,52.59
ord_85971f8b,cust_84bfcee6,2024-12-12 11:43:42,paid,time_decay,organic,1,1,1,1.0,52.59,52.59
ord_4e53e9de,cust_0ac09856,2024-12-12 11:37:00,paid,last_touch,organic,1,1,1,1.0,45.08,45.08
ord_4e53e9de,cust_0ac09856,2024-12-12 11:37:00,paid,first_touch,organic,1,1,1,1.0,45.08,45.08
ord_4e53e9de,cust_0ac09856,2024-12-12 11:37:00,paid,linear,organic,1,1,1,1.0,45.08,45.08
ord_4e53e9de,cust_0ac09856,2024-12-12 11:37:00,paid,time_decay,organic,1,1,1,1.0,45.08,45.08
ord_3d72c550,cust_e8c30062,2024-12-12 20:43:43,paid,last_touch,meta,1,1,1,1.0,36.98,36.98
ord_3d72c550,cust_e8c30062,2024-12-12 20:43:43,paid,first_touch,meta,1,1,1,1.0,36.98,36.98
ord_3d72c550,cust_e8c30062,2024-12-12 20:43:43,paid,linear,meta,1,1,1,1.0,36.98,36.98
ord_3d72c550,cust_e8c30062,2024-12-12 20:43:43,paid,time_decay,meta,1,1,1,1.0,36.98,36.98
ord_a9db979c,cust_b0d1ef19,2024-12-12 17:04:49,paid,last_touch,email,1,1,1,1.0,170.93,170.93
ord_a9db979c,cust_b0d1ef19,2024-12-12 17:04:49,paid,first_touch,email,1,1,1,1.0,170.93,170.93
ord_a9db979c,cust_b0d1ef19,2024-12-12 17:04:49,paid,linear,email,1,1,1,1.0,170.93,170.93
ord_a9db979c,cust_b0d1ef19,2024-12-12 17:04:49,paid,time_decay,email,1,1,1,1.0,170.93,170.93
ord_29f36232,cust_e2d3b6f4,2024-12-12 07:58:22,paid,last_touch,google,1,1,1,1.0,489.07,489.07
ord_29f36232,cust_e2d3b6f4,2024-12-12 07:58:22,paid,first_touch,google,1,1,1,1.0,489.07,489.07
ord_29f36232,cust_e2d3b6f4,2024-12-12 07:58:22,paid,linear,google,1,1,1,1.0,489.07,489.07
ord_29f36232,cust_e2d3b6f4,2024-12-12 07:58:22,paid,time_decay,google,1,1,1,1.0,489.07,489.07
ord_f3f1cd29,cust_d6d00228,2024-12-12 12:28:14,paid,last_touch,direct,1,1,1,1.0,30.05,30.05
ord_f3f1cd29,cust_d6d00228,2024-12-12 12:28:14,paid,first_touch,google,1,1,1,1.0,30.05,30.05
ord_f3f1cd29,cust_d6d00228,2024-12-12 12:28:14,paid,linear,google,1,1,1,1.0,30.05,30.05
ord_f3f1cd29,cust_d6d00228,2024-12-12 12:28:14,paid,time_decay,google,1,1,1,1.0,30.05,30.05
ord_388f6132,cust_a70f6a12,2024-12-12 19:00:39,paid,last_touch,direct,1,1,1,1.0,160.36,160.36
ord_388f6132,cust_a70f6a12,2024-12-12 19:00:39,paid,first_touch,direct,1,1,1,1.0,160.36,160.36
ord_388f6132,cust_a70f6a12,2024-12-12 19:00:39,paid,linear,direct,1,1,1,1.0,160.36,160.36
ord_388f6132,cust_a70f6a12,2024-12-12 19:00:39,paid,time_decay,direct,1,1,1,1.0,160.36,160.36
ord_0979f3c5,cust_96e4648c,2024-12-12 05:48:19,paid,last_touch,direct,1,1,1,1.0,233.91,233.91
ord_0979f3c5,cust_96e4648c,2024-12-12 05:48:19,paid,first_touch,meta,1,1,1,1.0,233.91,233.91
ord_0979f3c5,cust_96e4648c,2024-12-12 05:48:19,paid,linear,meta,1,1,1,1.0,233.91,233.91
ord_0979f3c5,cust_96e4648c,2024-12-12 05:48:19,paid,time_decay,meta,1,1,1,1.0,233.91,233.91
ord_c098eb36,cust_67f1758b,2024-12-12 18:03:20,refunded,last_touch,google,1,1,1,1.0,236.08,236.08
ord_c098eb36,cust_67f1758b,2024-12-12 18:03:20,refunded,first_touch,google,1,1,1,1.0,236.08,236.08
ord_c098eb36,cust_67f1758b,2024-12-12 18:03:20,refunded,linear,google,1,1,1,1.0,236.08,236.08
ord_c098eb36,cust_67f1758b,2024-12-12 18:03:20,refunded,time_decay,google,1,1,1,1.0,236.08,236.08
ord_271de77f,cust_e6f375d1,2024-12-13 22:09:38,paid,last_touch,meta,1,1,1,1.0,237.69,237.69
ord_271de77f,cust_e6f375d1,2024-12-13 22:09:38,paid,first_touch,meta,1,1,1,1.0,237.69,237.69
ord_271de77f,cust_e6f375d1,2024-12-13 22:09:38,paid,linear,meta,1,1,1,1.0,237.69,237.69
ord_271de77f,cust_e6f375d1,2024-12-13 22:09:38,paid,time_decay,meta,1,1,1,1.0,237.69,237.69
ord_b621eb91,cust_912835f5,2024-12-13 20:50:05,paid,last_touch,direct,1,1,1,1.0,35.55,35.55
ord_b621eb91,cust_912835f5,2024-12-13 20:50:05,paid,first_touch,meta,1,1,1,1.0,35.55,35.55
ord_b621eb91,cust_912835f5,2024-12-13 20:50:05,paid,linear,meta,1,1,1,1.0,35.55,35.55
ord_b621eb91,cust_912835f5,2024-12-13 20:50:05,paid,time_decay,meta,1,1,1,1.0,35.55,35.55
ord_936f09ab,cust_6173f6dd,2024-12-13 21:25:59,paid,last_touch,direct,1,1,1,1.0,139.75,139.75
ord_936f09ab,cust_6173f6dd,2024-12-13 21:25:59,paid,first_touch,organic,1,1,1,1.0,139.75,139.75
ord_936f09ab,cust_6173f6dd,2024-12-13 21:25:59,paid,linear,organic,1,1,1,1.0,139.75,139.75
ord_936f09ab,cust_6173f6dd,2024-12-13 21:25:59,paid,time_decay,organic,1,1,1,1.0,139.75,139.75
ord_001c45fb,cust_1c95491d,2024-12-13 10:25:06,paid,last_touch,email,1,1,1,1.0,45.28,45.28
ord_001c45fb,cust_1c95491d,2024-12-13 10:25:06,paid,first_touch,email,1,1,1,1.0,45.28,45.28
ord_001c45fb,cust_1c95491d,2024-12-13 10:25:06,paid,linear,email,1,1,1,1.0,45.28,45.28
ord_001c45fb,cust_1c95491d,2024-12-13 10:25:06,paid,time_decay,email,1,1,1,1.0,45.28,45.28
ord_51e62d84,cust_f2ad2d58,2024-12-13 18:14:57,paid,last_touch,organic,1,1,1,1.0,139.87,139.87
ord_51e62d84,cust_f2ad2d58,2024-12-13 18:14:57,paid,first_touch,organic,1,1,1,1.0,139.87,139.87
ord_51e62d84,cust_f2ad2d58,2024-12-13 18:14:57,paid,linear,organic,1,1,1,1.0,139.87,139.87
ord_51e62d84,cust_f2ad2d58,2024-12-13 18:14:57,paid,time_decay,organic,1,1,1,1.0,139.87,139.87
ord_9fcf28e0,cust_ee69ffad,2024-12-13 02:12:56,paid,last_touch,direct,1,1,1,1.0,109.76,109.76
ord_9fcf28e0,cust_ee69ffad,2024-12-13 02:12:56,paid,first_touch,direct,1,1,1,1.0,109.76,109.76
ord_9fcf28e0,cust_ee69ffad,2024-12-13 02:12:56,paid,linear,direct,1,1,1,1.0,109.76,109.76
ord_9fcf28e0,cust_ee69ffad,2024-12-13 02:12:56,paid,time_decay,direct,1,1,1,1.0,109.76,109.76
ord_8f92edfa,cust_00acca40,2024-12-13 09:26:22,paid,last_touch,google,1,1,1,1.0,206.58,206.58
ord_8f92edfa,cust_00acca40,2024-12-13 09:26:22,paid,first_touch,google,1,1,1,1.0,206.58,206.58
ord_8f92edfa,cust_00acca40,2024-12-13 09:26:22,paid,linear,google,1,1,1,1.0,206.58,206.58
ord_8f92edfa,cust_00acca40,2024-12-13 09:26:22,paid,time_decay,google,1,1,1,1.0,206.58,206.58
ord_cfe96722,cust_66a74750,2024-12-13 21:17:06,paid,last_touch,google,1,1,1,1.0,172.71,172.71
ord_cfe96722,cust_66a74750,2024-12-13 21:17:06,paid,first_touch,google,1,1,1,1.0,172.71,172.71
ord_cfe96722,cust_66a74750,2024-12-13 21:17:06,paid,linear,google,1,1,1,1.0,172.71,172.71
ord_cfe96722,cust_66a74750,2024-12-13 21:17:06,paid,time_decay,google,1,1,1,1.0,172.71,172.71
ord_3638aec5,cust_d07f833b,2024-12-13 19:55:44,paid,last_touch,google,1,1,1,1.0,84.04,84.04
ord_3638aec5,cust_d07f833b,2024-12-13 19:55:44,paid,first_touch,google,1,1,1,1.0,84.04,84.04
ord_3638aec5,cust_d07f833b,2024-12-13 19:55:44,paid,linear,google,1,1,1,1.0,84.04,84.04
ord_3638aec5,cust_d07f833b,2024-12-13 19:55:44,paid,time_decay,google,1,1,1,1.0,84.04,84.04
ord_d272cf54,cust_6900dd35,2024-12-14 16:28:04,paid,last_touch,direct,1,1,1,1.0,198.56,198.56
ord_d272cf54,cust_6900dd35,2024-12-14 16:28:04,paid,first_touch,meta,1,1,1,1.0,198.56,198.56
ord_d272cf54,cust_6900dd35,2024-12-14 16:28:04,paid,linear,meta,1,1,1,1.0,198.56,198.56
ord_d272cf54,cust_6900dd35,2024-12-14 16:28:04,paid,time_decay,meta,1,1,1,1.0,198.56,198.56
ord_dffbc23f,cust_0f725803,2024-12-14 16:01:51,paid,last_touch,direct,1,1,1,1.0,188.12,188.12
ord_dffbc23f,cust_0f725803,2024-12-14 16:01:51,paid,first_touch,tiktok,1,1,1,1.0,188.12,188.12
ord_dffbc23f,cust_0f725803,2024-12-14 16:01:51,paid,linear,tiktok,1,1,1,1.0,188.12,188.12
ord_dffbc23f,cust_0f725803,2024-12-14 16:01:51,paid,time_decay,tiktok,1,1,1,1.0,188.12,188.12
ord_75827ffe,cust_ce5f5b84,2024-12-14 10:48:11,paid,last_touch,organic,1,1,1,1.0,41.62,41.62
ord_75827ffe,cust_ce5f5b84,2024-12-14 10:48:11,paid,first_touch,organic,1,1,1,1.0,41.62,41.62
ord_75827ffe,cust_ce5f5b84,2024-12-14 10:48:11,paid,linear,organic,1,1,1,1.0,41.62,41.62
ord_75827ffe,cust_ce5f5b84,2024-12-14 10:48:11,paid,time_decay,organic,1,1,1,1.0,41.62,41.62
ord_b9da087a,cust_e8150eaa,2024-12-14 23:40:35,paid,last_touch,direct,1,1,1,1.0,42.01,42.01
ord_b9da087a,cust_e8150eaa,2024-12-14 23:40:35,paid,first_touch,direct,1,1,1,1.0,42.01,42.01
ord_b9da087a,cust_e8150eaa,2024-12-14 23:40:35,paid,linear,direct,1,1,1,1.0,42.01,42.01
ord_b9da087a,cust_e8150eaa,2024-12-14 23:40:35,paid,time_decay,direct,1,1,1,1.0,42.01,42.01
ord_f16acc14,cust_20718fdb,2024-12-14 07:46:52,paid,last_touch,organic,1,1,1,1.0,72.53,72.53
ord_f16acc14,cust_20718fdb,2024-12-14 07:46:52,paid,first_touch,organic,1,1,1,1.0,72.53,72.53
ord_f16acc14,cust_20718fdb,2024-12-14 07:46:52,paid,linear,organic,1,1,1,1.0,72.53,72.53
ord_f16acc14,cust_20718fdb,2024-12-14 07:46:52,paid,time_decay,organic,1,1,1,1.0,72.53,72.53
ord_154373be,cust_cd3fa571,2024-12-14 12:56:31,refunded,last_touch,direct,1,1,1,1.0,226.02,226.02
ord_154373be,cust_cd3fa571,2024-12-14 12:56:31,refunded,first_touch,direct,1,1,1,1.0,226.02,226.02
ord_154373be,cust_cd3fa571,2024-12-14 12:56:31,refunded,linear,direct,1,1,1,1.0,226.02,226.02
ord_154373be,cust_cd3fa571,2024-12-14 12:56:31,refunded,time_decay,direct,1,1,1,1.0,226.02,226.02
ord_d7734592,cust_92e37e3d,2024-12-14 09:09:32,paid,last_touch,direct,1,1,1,1.0,80.04,80.04
ord_d7734592,cust_92e37e3d,2024-12-14 09:09:32,paid,first_touch,organic,1,1,1,1.0,80.04,80.04
ord_d7734592,cust_92e37e3d,2024-12-14 09:09:32,paid,linear,organic,1,1,1,1.0,80.04,80.04
ord_d7734592,cust_92e37e3d,2024-12-14 09:09:32,paid,time_decay,organic,1,1,1,1.0,80.04,80.04
ord_0c4af35f,cust_ea322f94,2024-12-14 04:26:02,paid,last_touch,meta,1,1,1,1.0,90.31,90.31
ord_0c4af35f,cust_ea322f94,2024-12-14 04:26:02,paid,first_touch,meta,1,1,1,1.0,90.31,90.31
ord_0c4af35f,cust_ea322f94,2024-12-14 04:26:02,paid,linear,meta,1,1,1,1.0,90.31,90.31
ord_0c4af35f,cust_ea322f94,2024-12-14 04:26:02,paid,time_decay,meta,1,1,1,1.0,90.31,90.31
ord_c0871295,cust_c5568231,2024-12-14 13:40:59,paid,last_touch,meta,1,1,1,1.0,105.12,105.12
ord_c0871295,cust_c5568231,2024-12-14 13:40:59,paid,first_touch,meta,1,1,1,1.0,105.12,105.12
ord_c0871295,cust_c5568231,2024-12-14 13:40:59,paid,linear,meta,1,1,1,1.0,105.12,105.12
ord_c0871295,cust_c5568231,2024-12-14 13:40:59,paid,time_decay,meta,1,1,1,1.0,105.12,105.12
ord_e57d36d0,cust_9cc7a22e,2024-12-14 22:31:11,paid,last_touch,google,1,1,1,1.0,74.38,74.38
ord_e57d36d0,cust_9cc7a22e,2024-12-14 22:31:11,paid,first_touch,google,1,1,1,1.0,74.38,74.38
ord_e57d36d0,cust_9cc7a22e,2024-12-14 22:31:11,paid,linear,google,1,1,1,1.0,74.38,74.38
ord_e57d36d0,cust_9cc7a22e,2024-12-14 22:31:11,paid,time_decay,google,1,1,1,1.0,74.38,74.38
ord_a4d18edb,cust_efcd0821,2024-12-14 15:05:58,paid,last_touch,google,1,1,1,1.0,81.14,81.14
ord_a4d18edb,cust_efcd0821,2024-12-14 15:05:58,paid,first_touch,google,1,1,1,1.0,81.14,81.14
ord_a4d18edb,cust_efcd0821,2024-12-14 15:05:58,paid,linear,google,1,1,1,1.0,81.14,81.14
ord_a4d18edb,cust_efcd0821,2024-12-14 15:05:58,paid,time_decay,google,1,1,1,1.0,81.14,81.14
ord_a3b2d266,cust_066b0cf3,2024-12-14 20:04:21,paid,last_touch,tiktok,1,1,1,1.0,33.94,33.94
ord_a3b2d266,cust_066b0cf3,2024-12-14 20:04:21,paid,first_touch,tiktok,1,1,1,1.0,33.94,33.94
ord_a3b2d266,cust_066b0cf3,2024-12-14 20:04:21,paid,linear,tiktok,1,1,1,1.0,33.94,33.94
ord_a3b2d266,cust_066b0cf3,2024-12-14 20:04:21,paid,time_decay,tiktok,1,1,1,1.0,33.94,33.94
ord_d4e23b37,cust_0e74b445,2024-12-15 17:55:50,paid,last_touch,tiktok,1,1,1,1.0,167.35,167.35
ord_d4e23b37,cust_0e74b445,2024-12-15 17:55:50,paid,first_touch,tiktok,1,1,1,1.0,167.35,167.35
ord_d4e23b37,cust_0e74b445,2024-12-15 17:55:50,paid,linear,tiktok,1,1,1,1.0,167.35,167.35
ord_d4e23b37,cust_0e74b445,2024-12-15 17:55:50,paid,time_decay,tiktok,1,1,1,1.0,167.35,167.35
ord_a03cbad3,cust_cf892466,2024-12-15 21:54:36,paid,last_touch,organic,1,1,1,1.0,59.13,59.13
ord_a03cbad3,cust_cf892466,2024-12-15 21:54:36,paid,first_touch,organic,1,1,1,1.0,59.13,59.13
ord_a03cbad3,cust_cf892466,2024-12-15 21:54:36,paid,linear,organic,1,1,1,1.0,59.13,59.13
ord_a03cbad3,cust_cf892466,2024-12-15 21:54:36,paid,time_decay,organic,1,1,1,1.0,59.13,59.13
ord_cc654564,cust_f413dc84,2024-12-15 04:50:48,paid,last_touch,direct,1,1,1,1.0,192.5,192.5
ord_cc654564,cust_f413dc84,2024-12-15 04:50:48,paid,first_touch,organic,1,1,1,1.0,192.5,192.5
ord_cc654564,cust_f413dc84,2024-12-15 04:50:48,paid,linear,organic,1,1,1,1.0,192.5,192.5
ord_cc654564,cust_f413dc84,2024-12-15 04:50:48,paid,time_decay,organic,1,1,1,1.0,192.5,192.5
ord_6a1303c2,cust_a39dadfc,2024-12-15 19:41:44,paid,last_touch,direct,1,1,1,1.0,44.34,44.34
ord_6a1303c2,cust_a39dadfc,2024-12-15 19:41:44,paid,first_touch,organic,1,1,1,1.0,44.34,44.34
ord_6a1303c2,cust_a39dadfc,2024-12-15 19:41:44,paid,linear,organic,1,1,1,1.0,44.34,44.34
ord_6a1303c2,cust_a39dadfc,2024-12-15 19:41:44,paid,time_decay,organic,1,1,1,1.0,44.34,44.34
ord_aaabfcb0,cust_4e18c283,2024-12-15 08:20:56,paid,last_touch,direct,1,1,1,1.0,176.71,176.71
ord_aaabfcb0,cust_4e18c283,2024-12-15 08:20:56,paid,first_touch,direct,1,1,1,1.0,176.71,176.71
ord_aaabfcb0,cust_4e18c283,2024-12-15 08:20:56,paid,linear,direct,1,1,1,1.0,176.71,176.71
ord_aaabfcb0,cust_4e18c283,2024-12-15 08:20:56,paid,time_decay,direct,1,1,1,1.0,176.71,176.71
ord_221980c8,cust_90a1021f,2024-12-15 16:51:00,paid,last_touch,email,1,1,1,1.0,134.59,134.59
ord_221980c8,cust_90a1021f,2024-12-15 16:51:00,paid,first_touch,email,1,1,1,1.0,134.59,134.59
ord_221980c8,cust_90a1021f,2024-12-15 16:51:00,paid,linear,email,1,1,1,1.0,134.59,134.59
ord_221980c8,cust_90a1021f,2024-12-15 16:51:00,paid,time_decay,email,1,1,1,1.0,134.59,134.59
ord_ceba4f15,cust_b2d23a3b,2024-12-15 09:38:47,paid,last_touch,organic,1,1,1,1.0,93.33,93.33
ord_ceba4f15,cust_b2d23a3b,2024-12-15 09:38:47,paid,first_touch,organic,1,1,1,1.0,93.33,93.33
ord_ceba4f15,cust_b2d23a3b,2024-12-15 09:38:47,paid,linear,organic,1,1,1,1.0,93.33,93.33
ord_ceba4f15,cust_b2d23a3b,2024-12-15 09:38:47,paid,time_decay,organic,1,1,1,1.0,93.33,93.33
ord_e2fc6cb6,cust_10340e7b,2024-12-15 15:15:57,paid,last_touch,direct,1,1,1,1.0,102.89,102.89
ord_e2fc6cb6,cust_10340e7b,2024-12-15 15:15:57,paid,first_touch,direct,1,1,1,1.0,102.89,102.89
ord_e2fc6cb6,cust_10340e7b,2024-12-15 15:15:57,paid,linear,direct,1,1,1,1.0,102.89,102.89
ord_e2fc6cb6,cust_10340e7b,2024-12-15 15:15:57,paid,time_decay,direct,1,1,1,1.0,102.89,102.89
ord_51489481,cust_75f9405e,2024-12-15 12:50:34,paid,last_touch,google,1,1,1,1.0,39.71,39.71
ord_51489481,cust_75f9405e,2024-12-15 12:50:34,paid,first_touch,google,1,1,1,1.0,39.71,39.71
ord_51489481,cust_75f9405e,2024-12-15 12:50:34,paid,linear,google,1,1,1,1.0,39.71,39.71
ord_51489481,cust_75f9405e,2024-12-15 12:50:34,paid,time_decay,google,1,1,1,1.0,39.71,39.71
ord_2a8d1911,cust_cd06e7e3,2024-12-16 08:04:10,paid,last_touch,google,1,1,1,1.0,319.5,319.5
ord_2a8d1911,cust_cd06e7e3,2024-12-16 08:04:10,paid,first_touch,google,1,1,1,1.0,319.5,319.5
ord_2a8d1911,cust_cd06e7e3,2024-12-16 08:04:10,paid,linear,google,1,1,1,1.0,319.5,319.5
ord_2a8d1911,cust_cd06e7e3,2024-12-16 08:04:10,paid,time_decay,google,1,1,1,1.0,319.5,319.5
ord_302be44f,cust_82d8b2e4,2024-12-16 22:33:37,paid,last_touch,direct,1,1,1,1.0,107.16,107.16
ord_302be44f,cust_82d8b2e4,2024-12-16 22:33:37,paid,first_touch,tiktok,1,1,1,1.0,107.16,107.16
ord_302be44f,cust_82d8b2e4,2024-12-16 22:33:37,paid,linear,tiktok,1,1,1,1.0,107.16,107.16
ord_302be44f,cust_82d8b2e4,2024-12-16 22:33:37,paid,time_decay,tiktok,1,1,1,1.0,107.16,107.16
ord_51059af7,cust_bbddb791,2024-12-16 21:19:53,paid,last_touch,direct,1,1,1,1.0,54.08,54.08
ord_51059af7,cust_bbddb791,2024-12-16 21:19:53,paid,first_touch,google,1,1,1,1.0,54.08,54.08
ord_51059af7,cust_bbddb791,2024-12-16 21:19:53,paid,linear,google,1,1,1,1.0,54.08,54.08
ord_51059af7,cust_bbddb791,2024-12-16 21:19:53,paid,time_decay,google,1,1,1,1.0,54.08,54.08
ord_6bbe5602,cust_0cbfe91d,2024-12-16 13:53:05,paid,last_touch,google,1,1,1,1.0,132.59,132.59
ord_6bbe5602,cust_0cbfe91d,2024-12-16 13:53:05,paid,first_touch,google,1,1,1,1.0,132.59,132.59
ord_6bbe5602,cust_0cbfe91d,2024-12-16 13:53:05,paid,linear,google,1,1,1,1.0,132.59,132.59
ord_6bbe5602,cust_0cbfe91d,2024-12-16 13:53:05,paid,time_decay,google,1,1,1,1.0,132.59,132.59
ord_bcfc3513,cust_d028e068,2024-12-16 10:29:07,paid,last_touch,meta,1,1,1,1.0,84.02,84.02
ord_bcfc3513,cust_d028e068,2024-12-16 10:29:07,paid,first_touch,meta,1,1,1,1.0,84.02,84.02
ord_bcfc3513,cust_d028e068,2024-12-16 10:29:07,paid,linear,meta,1,1,1,1.0,84.02,84.02
ord_bcfc3513,cust_d028e068,2024-12-16 10:29:07,paid,time_decay,meta,1,1,1,1.0,84.02,84.02
ord_60bc24f4,cust_f92c82ca,2024-12-16 10:10:44,paid,last_touch,meta,1,1,1,1.0,82.24,82.24
ord_60bc24f4,cust_f92c82ca,2024-12-16 10:10:44,paid,first_touch,meta,1,1,1,1.0,82.24,82.24
ord_60bc24f4,cust_f92c82ca,2024-12-16 10:10:44,paid,linear,meta,1,1,1,1.0,82.24,82.24
ord_60bc24f4,cust_f92c82ca,2024-12-16 10:10:44,paid,time_decay,meta,1,1,1,1.0,82.24,82.24
ord_d23e4419,cust_0de52bb9,2024-12-17 22:22:19,paid,last_touch,google,1,1,1,1.0,77.98,77.98
ord_d23e4419,cust_0de52bb9,2024-12-17 22:22:19,paid,first_touch,google,1,1,1,1.0,77.98,77.98
ord_d23e4419,cust_0de52bb9,2024-12-17 22:22:19,paid,linear,google,1,1,1,1.0,77.98,77.98
ord_d23e4419,cust_0de52bb9,2024-12-17 22:22:19,paid,time_decay,google,1,1,1,1.0,77.98,77.98
ord_ce91f3d3,cust_55296640,2024-12-17 21:26:22,paid,last_touch,direct,1,1,1,1.0,110.46,110.46
ord_ce91f3d3,cust_55296640,2024-12-17 21:26:22,paid,first_touch,organic,1,1,1,1.0,110.46,110.46
ord_ce91f3d3,cust_55296640,2024-12-17 21:26:22,paid,linear,organic,1,1,1,1.0,110.46,110.46
ord_ce91f3d3,cust_55296640,2024-12-17 21:26:22,paid,time_decay,organic,1,1,1,1.0,110.46,110.46
ord_03775ff6,cust_f270fd11,2024-12-17 12:12:25,paid,last_touch,direct,1,1,1,1.0,107.87,107.87
ord_03775ff6,cust_f270fd11,2024-12-17 12:12:25,paid,first_touch,meta,1,1,1,1.0,107.87,107.87
ord_03775ff6,cust_f270fd11,2024-12-17 12:12:25,paid,linear,meta,1,1,1,1.0,107.87,107.87
ord_03775ff6,cust_f270fd11,2024-12-17 12:12:25,paid,time_decay,meta,1,1,1,1.0,107.87,107.87
ord_4968b073,cust_157d2820,2024-12-17 12:46:52,paid,last_touch,google,1,1,1,1.0,105.72,105.72
ord_4968b073,cust_157d2820,2024-12-17 12:46:52,paid,first_touch,google,1,1,1,1.0,105.72,105.72
ord_4968b073,cust_157d2820,2024-12-17 12:46:52,paid,linear,google,1,1,1,1.0,105.72,105.72
ord_4968b073,cust_157d2820,2024-12-17 12:46:52,paid,time_decay,google,1,1,1,1.0,105.72,105.72
ord_4f78601e,cust_adb63e19,2024-12-17 19:39:42,paid,last_touch,meta,1,1,1,1.0,149.09,149.09
ord_4f78601e,cust_adb63e19,2024-12-17 19:39:42,paid,first_touch,meta,1,1,1,1.0,149.09,149.09
ord_4f78601e,cust_adb63e19,2024-12-17 19:39:42,paid,linear,meta,1,1,1,1.0,149.09,149.09
ord_4f78601e,cust_adb63e19,2024-12-17 19:39:42,paid,time_decay,meta,1,1,1,1.0,149.09,149.09
ord_eb3d207b,cust_11ab6637,2024-12-17 12:00:05,paid,last_touch,tiktok,1,1,1,1.0,50.65,50.65
ord_eb3d207b,cust_11ab6637,2024-12-17 12:00:05,paid,first_touch,tiktok,1,1,1,1.0,50.65,50.65
ord_eb3d207b,cust_11ab6637,2024-12-17 12:00:05,paid,linear,tiktok,1,1,1,1.0,50.65,50.65
ord_eb3d207b,cust_11ab6637,2024-12-17 12:00:05,paid,time_decay,tiktok,1,1,1,1.0,50.65,50.65
ord_fa3fd77c,cust_85b79862,2024-12-17 20:19:41,paid,last_touch,direct,1,1,1,1.0,83.12,83.12
ord_fa3fd77c,cust_85b79862,2024-12-17 20:19:41,paid,first_touch,meta,1,1,1,1.0,83.12,83.12
ord_fa3fd77c,cust_85b79862,2024-12-17 20:19:41,paid,linear,meta,1,1,1,1.0,83.12,83.12
ord_fa3fd77c,cust_85b79862,2024-12-17 20:19:41,paid,time_decay,meta,1,1,1,1.0,83.12,83.12
ord_2d09b3f3,cust_57c6878d,2024-12-17 06:29:06,paid,last_touch,tiktok,1,1,1,1.0,94.29,94.29
ord_2d09b3f3,cust_57c6878d,2024-12-17 06:29:06,paid,first_touch,tiktok,1,1,1,1.0,94.29,94.29
ord_2d09b3f3,cust_57c6878d,2024-12-17 06:29:06,paid,linear,tiktok,1,1,1,1.0,94.29,94.29
ord_2d09b3f3,cust_57c6878d,2024-12-17 06:29:06,paid,time_decay,tiktok,1,1,1,1.0,94.29,94.29
ord_8917e8c0,cust_8d5081a6,2024-12-17 20:38:07,paid,last_touch,direct,1,1,1,1.0,53.5,53.5
ord_8917e8c0,cust_8d5081a6,2024-12-17 20:38:07,paid,first_touch,direct,1,1,1,1.0,53.5,53.5
ord_8917e8c0,cust_8d5081a6,2024-12-17 20:38:07,paid,linear,direct,1,1,1,1.0,53.5,53.5
ord_8917e8c0,cust_8d5081a6,2024-12-17 20:38:07,paid,time_decay,direct,1,1,1,1.0,53.5,53.5
ord_6dfc6650,cust_a87c7927,2024-12-17 17:32:20,paid,last_touch,google,1,1,1,1.0,63.42,63.42
ord_6dfc6650,cust_a87c7927,2024-12-17 17:32:20,paid,first_touch,google,1,1,1,1.0,63.42,63.42
ord_6dfc6650,cust_a87c7927,2024-12-17 17:32:20,paid,linear,google,1,1,1,1.0,63.42,63.42
ord_6dfc6650,cust_a87c7927,2024-12-17 17:32:20,paid,time_decay,google,1,1,1,1.0,63.42,63.42
ord_0843689f,cust_cf34991f,2024-12-17 14:32:12,paid,last_touch,google,1,1,1,1.0,116.7,116.7
ord_0843689f,cust_cf34991f,2024-12-17 14:32:12,paid,first_touch,google,1,1,1,1.0,116.7,116.7
ord_0843689f,cust_cf34991f,2024-12-17 14:32:12,paid,linear,google,1,1,1,1.0,116.7,116.7
ord_0843689f,cust_cf34991f,2024-12-17 14:32:12,paid,time_decay,google,1,1,1,1.0,116.7,116.7
ord_dc1a762c,cust_6ddf8bc5,2024-12-17 17:21:21,paid,last_touch,direct,1,1,1,1.0,60.36,60.36
ord_dc1a762c,cust_6ddf8bc5,2024-12-17 17:21:21,paid,first_touch,tiktok,1,1,1,1.0,60.36,60.36
ord_dc1a762c,cust_6ddf8bc5,2024-12-17 17:21:21,paid,linear,tiktok,1,1,1,1.0,60.36,60.36
ord_dc1a762c,cust_6ddf8bc5,2024-12-17 17:21:21,paid,time_decay,tiktok,1,1,1,1.0,60.36,60.36
ord_a6208f69,cust_d5bb123e,2024-12-18 20:51:26,paid,last_touch,organic,1,1,1,1.0,98.23,98.23
ord_a6208f69,cust_d5bb123e,2024-12-18 20:51:26,paid,first_touch,organic,1,1,1,1.0,98.23,98.23
ord_a6208f69,cust_d5bb123e,2024-12-18 20:51:26,paid,linear,organic,1,1,1,1.0,98.23,98.23
ord_a6208f69,cust_d5bb123e,2024-12-18 20:51:26,paid,time_decay,organic,1,1,1,1.0,98.23,98.23
ord_5ab51ea8,cust_f61a93d2,2024-12-18 08:40:01,paid,last_touch,direct,1,1,1,1.0,140.84,140.84
ord_5ab51ea8,cust_f61a93d2,2024-12-18 08:40:01,paid,first_touch,email,1,1,1,1.0,140.84,140.84
ord_5ab51ea8,cust_f61a93d2,2024-12-18 08:40:01,paid,linear,email,1,1,1,1.0,140.84,140.84
ord_5ab51ea8,cust_f61a93d2,2024-12-18 08:40:01,paid,time_decay,email,1,1,1,1.0,140.84,140.84
ord_240dcfb3,cust_bff562d8,2024-12-18 22:04:52,paid,last_touch,google,1,1,1,1.0,79.67,79.67
ord_240dcfb3,cust_bff562d8,2024-12-18 22:04:52,paid,first_touch,google,1,1,1,1.0,79.67,79.67
ord_240dcfb3,cust_bff562d8,2024-12-18 22:04:52,paid,linear,google,1,1,1,1.0,79.67,79.67
ord_240dcfb3,cust_bff562d8,2024-12-18 22:04:52,paid,time_decay,google,1,1,1,1.0,79.67,79.67
ord_d0293135,cust_778864f8,2024-12-19 10:26:30,paid,last_touch,google,1,1,1,1.0,66.26,66.26
ord_d0293135,cust_778864f8,2024-12-19 10:26:30,paid,first_touch,google,1,1,1,1.0,66.26,66.26
ord_d0293135,cust_778864f8,2024-12-19 10:26:30,paid,linear,google,1,1,1,1.0,66.26,66.26
ord_d0293135,cust_778864f8,2024-12-19 10:26:30,paid,time_decay,google,1,1,1,1.0,66.26,66.26
ord_f37ecbc9,cust_59286705,2024-12-19 09:54:40,paid,last_touch,direct,1,1,1,1.0,38.67,38.67
ord_f37ecbc9,cust_59286705,2024-12-19 09:54:40,paid,first_touch,direct,1,1,1,1.0,38.67,38.67
ord_f37ecbc9,cust_59286705,2024-12-19 09:54:40,paid,linear,direct,1,1,1,1.0,38.67,38.67
ord_f37ecbc9,cust_59286705,2024-12-19 09:54:40,paid,time_decay,direct,1,1,1,1.0,38.67,38.67
ord_8a014b01,cust_4dc35d61,2024-12-19 22:25:38,paid,last_touch,direct,1,1,1,1.0,124.24,124.24
ord_8a014b01,cust_4dc35d61,2024-12-19 22:25:38,paid,first_touch,google,1,1,1,1.0,124.24,124.24
ord_8a014b01,cust_4dc35d61,2024-12-19 22:25:38,paid,linear,google,1,1,1,1.0,124.24,124.24
ord_8a014b01,cust_4dc35d61,2024-12-19 22:25:38,paid,time_decay,google,1,1,1,1.0,124.24,124.24
ord_fb40afac,cust_b7659067,2024-12-19 10:31:32,paid,last_touch,tiktok,1,1,1,1.0,65.72,65.72
ord_fb40afac,cust_b7659067,2024-12-19 10:31:32,paid,first_touch,tiktok,1,1,1,1.0,65.72,65.72
ord_fb40afac,cust_b7659067,2024-12-19 10:31:32,paid,linear,tiktok,1,1,1,1.0,65.72,65.72
ord_fb40afac,cust_b7659067,2024-12-19 10:31:32,paid,time_decay,tiktok,1,1,1,1.0,65.72,65.72
ord_2f9399b3,cust_b1ff3da2,2024-12-20 08:44:51,paid,last_touch,direct,1,1,1,1.0,74.6,74.6
ord_2f9399b3,cust_b1ff3da2,2024-12-20 08:44:51,paid,first_touch,direct,1,1,1,1.0,74.6,74.6
ord_2f9399b3,cust_b1ff3da2,2024-12-20 08:44:51,paid,linear,direct,1,1,1,1.0,74.6,74.6
ord_2f9399b3,cust_b1ff3da2,2024-12-20 08:44:51,paid,time_decay,direct,1,1,1,1.0,74.6,74.6
ord_a6996c67,cust_83112582,2024-12-20 06:32:57,paid,last_touch,google,1,1,1,1.0,86.73,86.73
ord_a6996c67,cust_83112582,2024-12-20 06:32:57,paid,first_touch,google,1,1,1,1.0,86.73,86.73
ord_a6996c67,cust_83112582,2024-12-20 06:32:57,paid,linear,google,1,1,1,1.0,86.73,86.73
ord_a6996c67,cust_83112582,2024-12-20 06:32:57,paid,time_decay,google,1,1,1,1.0,86.73,86.73
ord_542bc8af,cust_2a185153,2024-12-20 12:19:00,paid,last_touch,google,1,1,1,1.0,121.67,121.67
ord_542bc8af,cust_2a185153,2024-12-20 12:19:00,paid,first_touch,google,1,1,1,1.0,121.67,121.67
ord_542bc8af,cust_2a185153,2024-12-20 12:19:00,paid,linear,google,1,1,1,1.0,121.67,121.67
ord_542bc8af,cust_2a185153,2024-12-20 12:19:00,paid,time_decay,google,1,1,1,1.0,121.67,121.67
ord_1040aa14,cust_79468ecc,2024-12-20 17:11:33,paid,last_touch,organic,1,1,1,1.0,117.36,117.36
ord_1040aa14,cust_79468ecc,2024-12-20 17:11:33,paid,first_touch,organic,1,1,1,1.0,117.36,117.36
ord_1040aa14,cust_79468ecc,2024-12-20 17:11:33,paid,linear,organic,1,1,1,1.0,117.36,117.36
ord_1040aa14,cust_79468ecc,2024-12-20 17:11:33,paid,time_decay,organic,1,1,1,1.0,117.36,117.36
ord_6701326c,cust_f26250a9,2024-12-20 18:16:12,paid,last_touch,meta,1,1,1,1.0,83.37,83.37
ord_6701326c,cust_f26250a9,2024-12-20 18:16:12,paid,first_touch,meta,1,1,1,1.0,83.37,83.37
ord_6701326c,cust_f26250a9,2024-12-20 18:16:12,paid,linear,meta,1,1,1,1.0,83.37,83.37
ord_6701326c,cust_f26250a9,2024-12-20 18:16:12,paid,time_decay,meta,1,1,1,1.0,83.37,83.37
ord_9b91aff6,cust_15b1808a,2024-12-20 16:47:25,paid,last_touch,direct,1,1,1,1.0,39.26,39.26
ord_9b91aff6,cust_15b1808a,2024-12-20 16:47:25,paid,first_touch,direct,1,1,1,1.0,39.26,39.26
ord_9b91aff6,cust_15b1808a,2024-12-20 16:47:25,paid,linear,direct,1,1,1,1.0,39.26,39.26
ord_9b91aff6,cust_15b1808a,2024-12-20 16:47:25,paid,time_decay,direct,1,1,1,1.0,39.26,39.26
ord_8aa39f07,cust_e25c1345,2024-12-20 22:13:09,paid,last_touch,tiktok,1,1,1,1.0,68.79,68.79
ord_8aa39f07,cust_e25c1345,2024-12-20 22:13:09,paid,first_touch,tiktok,1,1,1,1.0,68.79,68.79
ord_8aa39f07,cust_e25c1345,2024-12-20 22:13:09,paid,linear,tiktok,1,1,1,1.0,68.79,68.79
ord_8aa39f07,cust_e25c1345,2024-12-20 22:13:09,paid,time_decay,tiktok,1,1,1,1.0,68.79,68.79
ord_2a50e680,cust_c544ed2e,2024-12-21 15:03:22,paid,last_touch,direct,1,1,1,1.0,40.72,40.72
ord_2a50e680,cust_c544ed2e,2024-12-21 15:03:22,paid,first_touch,organic,1,1,1,1.0,40.72,40.72
ord_2a50e680,cust_c544ed2e,2024-12-21 15:03:22,paid,linear,organic,1,1,1,1.0,40.72,40.72
ord_2a50e680,cust_c544ed2e,2024-12-21 15:03:22,paid,time_decay,organic,1,1,1,1.0,40.72,40.72
ord_a6c0b6da,cust_556aaaae,2024-12-21 13:33:30,paid,last_touch,direct,1,1,1,1.0,213.45,213.45
ord_a6c0b6da,cust_556aaaae,2024-12-21 13:33:30,paid,first_touch,organic,1,1,1,1.0,213.45,213.45
ord_a6c0b6da,cust_556aaaae,2024-12-21 13:33:30,paid,linear,organic,1,1,1,1.0,213.45,213.45
ord_a6c0b6da,cust_556aaaae,2024-12-21 13:33:30,paid,time_decay,organic,1,1,1,1.0,213.45,213.45
ord_ef2d5fb8,cust_ee786324,2024-12-22 15:27:07,paid,last_touch,google,1,1,1,1.0,40.92,40.92
ord_ef2d5fb8,cust_ee786324,2024-12-22 15:27:07,paid,first_touch,google,1,1,1,1.0,40.92,40.92
ord_ef2d5fb8,cust_ee786324,2024-12-22 15:27:07,paid,linear,google,1,1,1,1.0,40.92,40.92
ord_ef2d5fb8,cust_ee786324,2024-12-22 15:27:07,paid,time_decay,google,1,1,1,1.0,40.92,40.92
ord_d70f3dbb,cust_a2f6610f,2024-12-22 20:36:26,paid,last_touch,meta,1,1,1,1.0,89.2,89.2
ord_d70f3dbb,cust_a2f6610f,2024-12-22 20:36:26,paid,first_touch,meta,1,1,1,1.0,89.2,89.2
ord_d70f3dbb,cust_a2f6610f,2024-12-22 20:36:26,paid,linear,meta,1,1,1,1.0,89.2,89.2
ord_d70f3dbb,cust_a2f6610f,2024-12-22 20:36:26,paid,time_decay,meta,1,1,1,1.0,89.2,89.2
ord_341d834e,cust_36fd3c58,2024-12-22 06:51:34,paid,last_touch,direct,1,1,1,1.0,136.67,136.67
ord_341d834e,cust_36fd3c58,2024-12-22 06:51:34,paid,first_touch,organic,1,1,1,1.0,136.67,136.67
ord_341d834e,cust_36fd3c58,2024-12-22 06:51:34,paid,linear,organic,1,1,1,1.0,136.67,136.67
ord_341d834e,cust_36fd3c58,2024-12-22 06:51:34,paid,time_decay,organic,1,1,1,1.0,136.67,136.67
ord_7b6f934b,cust_8ba10080,2024-12-23 12:18:48,paid,last_touch,meta,1,1,1,1.0,206.82,206.82
ord_7b6f934b,cust_8ba10080,2024-12-23 12:18:48,paid,first_touch,meta,1,1,1,1.0,206.82,206.82
ord_7b6f934b,cust_8ba10080,2024-12-23 12:18:48,paid,linear,meta,1,1,1,1.0,206.82,206.82
ord_7b6f934b,cust_8ba10080,2024-12-23 12:18:48,paid,time_decay,meta,1,1,1,1.0,206.82,206.82
ord_96323645,cust_68c5665b,2024-12-23 09:47:33,paid,last_touch,organic,1,1,1,1.0,91.57,91.57
ord_96323645,cust_68c5665b,2024-12-23 09:47:33,paid,first_touch,organic,1,1,1,1.0,91.57,91.57
ord_96323645,cust_68c5665b,2024-12-23 09:47:33,paid,linear,organic,1,1,1,1.0,91.57,91.57
ord_96323645,cust_68c5665b,2024-12-23 09:47:33,paid,time_decay,organic,1,1,1,1.0,91.57,91.57
ord_8a760bb6,cust_f6f48d6c,2024-12-23 17:37:53,paid,last_touch,direct,1,1,1,1.0,68.12,68.12
ord_8a760bb6,cust_f6f48d6c,2024-12-23 17:37:53,paid,first_touch,organic,1,1,1,1.0,68.12,68.12
ord_8a760bb6,cust_f6f48d6c,2024-12-23 17:37:53,paid,linear,organic,1,1,1,1.0,68.12,68.12
ord_8a760bb6,cust_f6f48d6c,2024-12-23 17:37:53,paid,time_decay,organic,1,1,1,1.0,68.12,68.12
ord_94fcc15a,cust_a76f3c58,2024-12-23 09:41:15,paid,last_touch,direct,1,1,1,1.0,105.18,105.18
ord_94fcc15a,cust_a76f3c58,2024-12-23 09:41:15,paid,first_touch,direct,1,1,1,1.0,105.18,105.18
ord_94fcc15a,cust_a76f3c58,2024-12-23 09:41:15,paid,linear,direct,1,1,1,1.0,105.18,105.18
ord_94fcc15a,cust_a76f3c58,2024-12-23 09:41:15,paid,time_decay,direct,1,1,1,1.0,105.18,105.18
ord_1c905b00,cust_f21caf09,2024-12-23 18:22:52,paid,last_touch,meta,1,1,1,1.0,355.68,355.68
ord_1c905b00,cust_f21caf09,2024-12-23 18:22:52,paid,first_touch,meta,1,1,1,1.0,355.68,355.68
ord_1c905b00,cust_f21caf09,2024-12-23 18:22:52,paid,linear,meta,1,1,1,1.0,355.68,355.68
ord_1c905b00,cust_f21caf09,2024-12-23 18:22:52,paid,time_decay,meta,1,1,1,1.0,355.68,355.68
ord_62a9e135,cust_9e206e40,2024-12-24 06:23:52,paid,last_touch,direct,1,1,1,1.0,94.07,94.07
ord_62a9e135,cust_9e206e40,2024-12-24 06:23:52,paid,first_touch,tiktok,1,1,1,1.0,94.07,94.07
ord_62a9e135,cust_9e206e40,2024-12-24 06:23:52,paid,linear,tiktok,1,1,1,1.0,94.07,94.07
ord_62a9e135,cust_9e206e40,2024-12-24 06:23:52,paid,time_decay,tiktok,1,1,1,1.0,94.07,94.07
ord_6bce8772,cust_ba4fb5dc,2024-12-24 16:38:34,paid,last_touch,meta,1,1,1,1.0,235.55,235.55
ord_6bce8772,cust_ba4fb5dc,2024-12-24 16:38:34,paid,first_touch,meta,1,1,1,1.0,235.55,235.55
ord_6bce8772,cust_ba4fb5dc,2024-12-24 16:38:34,paid,linear,meta,1,1,1,1.0,235.55,235.55
ord_6bce8772,cust_ba4fb5dc,2024-12-24 16:38:34,paid,time_decay,meta,1,1,1,1.0,235.55,235.55
ord_c4592e40,cust_974104df,2024-12-24 08:18:24,paid,last_touch,organic,1,1,1,1.0,150.35,150.35
ord_c4592e40,cust_974104df,2024-12-24 08:18:24,paid,first_touch,organic,1,1,1,1.0,150.35,150.35
ord_c4592e40,cust_974104df,2024-12-24 08:18:24,paid,linear,organic,1,1,1,1.0,150.35,150.35
ord_c4592e40,cust_974104df,2024-12-24 08:18:24,paid,time_decay,organic,1,1,1,1.0,150.35,150.35
ord_27066084,cust_94173416,2024-12-24 22:34:47,paid,last_touch,google,1,1,1,1.0,92.73,92.73
ord_27066084,cust_94173416,2024-12-24 22:34:47,paid,first_touch,google,1,1,1,1.0,92.73,92.73
ord_27066084,cust_94173416,2024-12-24 22:34:47,paid,linear,google,1,1,1,1.0,92.73,92.73
ord_27066084,cust_94173416,2024-12-24 22:34:47,paid,time_decay,google,1,1,1,1.0,92.73,92.73
ord_6b68921a,cust_7383698a,2024-12-25 16:01:05,paid,last_touch,email,1,1,1,1.0,127.58,127.58
ord_6b68921a,cust_7383698a,2024-12-25 16:01:05,paid,first_touch,email,1,1,1,1.0,127.58,127.58
ord_6b68921a,cust_7383698a,2024-12-25 16:01:05,paid,linear,email,1,1,1,1.0,127.58,127.58
ord_6b68921a,cust_7383698a,2024-12-25 16:01:05,paid,time_decay,email,1,1,1,1.0,127.58,127.58
ord_5a26a205,cust_3938f386,2024-12-25 13:06:05,paid,last_touch,direct,1,1,1,1.0,197.67,197.67
ord_5a26a205,cust_3938f386,2024-12-25 13:06:05,paid,first_touch,direct,1,1,1,1.0,197.67,197.67
ord_5a26a205,cust_3938f386,2024-12-25 13:06:05,paid,linear,direct,1,1,1,1.0,197.67,197.67
ord_5a26a205,cust_3938f386,2024-12-25 13:06:05,paid,time_decay,direct,1,1,1,1.0,197.67,197.67
ord_8393f72c,cust_65c8f5b2,2024-12-25 16:57:43,paid,last_touch,direct,1,1,1,1.0,47.15,47.15
ord_8393f72c,cust_65c8f5b2,2024-12-25 16:57:43,paid,first_touch,organic,1,1,1,1.0,47.15,47.15
ord_8393f72c,cust_65c8f5b2,2024-12-25 16:57:43,paid,linear,organic,1,1,1,1.0,47.15,47.15
ord_8393f72c,cust_65c8f5b2,2024-12-25 16:57:43,paid,time_decay,organic,1,1,1,1.0,47.15,47.15
ord_9dfe4066,cust_74e4b02f,2024-12-25 16:36:24,paid,last_touch,direct,1,1,1,1.0,96.31,96.31
ord_9dfe4066,cust_74e4b02f,2024-12-25 16:36:24,paid,first_touch,meta,1,1,1,1.0,96.31,96.31
ord_9dfe4066,cust_74e4b02f,2024-12-25 16:36:24,paid,linear,meta,1,1,1,1.0,96.31,96.31
ord_9dfe4066,cust_74e4b02f,2024-12-25 16:36:24,paid,time_decay,meta,1,1,1,1.0,96.31,96.31
ord_9d065cbc,cust_fc8cddd7,2024-12-26 17:28:35,paid,last_touch,meta,1,1,1,1.0,85.51,85.51
ord_9d065cbc,cust_fc8cddd7,2024-12-26 17:28:35,paid,first_touch,meta,1,1,1,1.0,85.51,85.51
ord_9d065cbc,cust_fc8cddd7,2024-12-26 17:28:35,paid,linear,meta,1,1,1,1.0,85.51,85.51
ord_9d065cbc,cust_fc8cddd7,2024-12-26 17:28:35,paid,time_decay,meta,1,1,1,1.0,85.51,85.51
ord_a9f65706,cust_156c4773,2024-12-26 12:26:36,paid,last_touch,direct,1,1,1,1.0,112.06,112.06
ord_a9f65706,cust_156c4773,2024-12-26 12:26:36,paid,first_touch,meta,1,1,1,1.0,112.06,112.06
ord_a9f65706,cust_156c4773,2024-12-26 12:26:36,paid,linear,meta,1,1,1,1.0,112.06,112.06
ord_a9f65706,cust_156c4773,2024-12-26 12:26:36,paid,time_decay,meta,1,1,1,1.0,112.06,112.06
ord_0874dbac,cust_fbcc124f,2024-12-26 19:30:40,paid,last_touch,organic,1,1,1,1.0,244.48,244.48
ord_0874dbac,cust_fbcc124f,2024-12-26 19:30:40,paid,first_touch,organic,1,1,1,1.0,244.48,244.48
ord_0874dbac,cust_fbcc124f,2024-12-26 19:30:40,paid,linear,organic,1,1,1,1.0,244.48,244.48
ord_0874dbac,cust_fbcc124f,2024-12-26 19:30:40,paid,time_decay,organic,1,1,1,1.0,244.48,244.48
ord_b9168a1f,cust_cb408276,2024-12-27 10:19:16,paid,last_touch,organic,1,1,1,1.0,49.78,49.78
ord_b9168a1f,cust_cb408276,2024-12-27 10:19:16,paid,first_touch,organic,1,1,1,1.0,49.78,49.78
ord_b9168a1f,cust_cb408276,2024-12-27 10:19:16,paid,linear,organic,1,1,1,1.0,49.78,49.78
ord_b9168a1f,cust_cb408276,2024-12-27 10:19:16,paid,time_decay,organic,1,1,1,1.0,49.78,49.78
ord_34e64eb4,cust_f53f5ae7,2024-12-28 15:06:59,paid,last_touch,direct,1,1,1,1.0,68.49,68.49
ord_34e64eb4,cust_f53f5ae7,2024-12-28 15:06:59,paid,first_touch,direct,1,1,1,1.0,68.49,68.49
ord_34e64eb4,cust_f53f5ae7,2024-12-28 15:06:59,paid,linear,direct,1,1,1,1.0,68.49,68.49
ord_34e64eb4,cust_f53f5ae7,2024-12-28 15:06:59,paid,time_decay,direct,1,1,1,1.0,68.49,68.49
ord_aba0bc59,cust_f21ccd55,2024-12-29 16:24:34,paid,last_touch,direct,1,1,1,1.0,41.95,41.95
ord_aba0bc59,cust_f21ccd55,2024-12-29 16:24:34,paid,first_touch,meta,1,1,1,1.0,41.95,41.95
ord_aba0bc59,cust_f21ccd55,2024-12-29 16:24:34,paid,linear,meta,1,1,1,1.0,41.95,41.95
ord_aba0bc59,cust_f21ccd55,2024-12-29 16:24:34,paid,time_decay,meta,1,1,1,1.0,41.95,41.95
ord_ee8fcbee,cust_5b24625d,2024-12-29 07:33:09,paid,last_touch,tiktok,1,1,1,1.0,149.06,149.06
ord_ee8fcbee,cust_5b24625d,2024-12-29 07:33:09,paid,first_touch,tiktok,1,1,1,1.0,149.06,149.06
ord_ee8fcbee,cust_5b24625d,2024-12-29 07:33:09,paid,linear,tiktok,1,1,1,1.0,149.06,149.06
ord_ee8fcbee,cust_5b24625d,2024-12-29 07:33:09,paid,time_decay,tiktok,1,1,1,1.0,149.06,149.06
ord_96e1c8fc,cust_a4a031d2,2024-12-29 18:20:47,paid,last_touch,organic,1,1,1,1.0,44.72,44.72
ord_96e1c8fc,cust_a4a031d2,2024-12-29 18:20:47,paid,first_touch,organic,1,1,1,1.0,44.72,44.72
ord_96e1c8fc,cust_a4a031d2,2024-12-29 18:20:47,paid,linear,organic,1,1,1,1.0,44.72,44.72
ord_96e1c8fc,cust_a4a031d2,2024-12-29 18:20:47,paid,time_decay,organic,1,1,1,1.0,44.72,44.72
ord_02bc011e,cust_923b2563,2024-12-29 16:41:46,paid,last_touch,email,1,1,1,1.0,129.31,129.31
ord_02bc011e,cust_923b2563,2024-12-29 16:41:46,paid,first_touch,email,1,1,1,1.0,129.31,129.31
ord_02bc011e,cust_923b2563,2024-12-29 16:41:46,paid,linear,email,1,1,1,1.0,129.31,129.31
ord_02bc011e,cust_923b2563,2024-12-29 16:41:46,paid,time_decay,email,1,1,1,1.0,129.31,129.31
ord_1736ac99,cust_b28c3720,2024-12-29 22:01:10,paid,last_touch,direct,1,1,1,1.0,91.52,91.52
ord_1736ac99,cust_b28c3720,2024-12-29 22:01:10,paid,first_touch,tiktok,1,1,1,1.0,91.52,91.52
ord_1736ac99,cust_b28c3720,2024-12-29 22:01:10,paid,linear,tiktok,1,1,1,1.0,91.52,91.52
ord_1736ac99,cust_b28c3720,2024-12-29 22:01:10,paid,time_decay,tiktok,1,1,1,1.0,91.52,91.52
ord_6b585a10,cust_12f8dc96,2024-12-30 14:24:32,paid,last_touch,direct,1,1,1,1.0,419.98,419.98
ord_6b585a10,cust_12f8dc96,2024-12-30 14:24:32,paid,first_touch,google,1,1,1,1.0,419.98,419.98
ord_6b585a10,cust_12f8dc96,2024-12-30 14:24:32,paid,linear,google,1,1,1,1.0,419.98,419.98
ord_6b585a10,cust_12f8dc96,2024-12-30 14:24:32,paid,time_decay,google,1,1,1,1.0,419.98,419.98
ord_1fc1e488,cust_3e40b4c3,2024-12-30 22:42:29,paid,last_touch,meta,1,1,1,1.0,30.26,30.26
ord_1fc1e488,cust_3e40b4c3,2024-12-30 22:42:29,paid,first_touch,meta,1,1,1,1.0,30.26,30.26
ord_1fc1e488,cust_3e40b4c3,2024-12-30 22:42:29,paid,linear,meta,1,1,1,1.0,30.26,30.26
ord_1fc1e488,cust_3e40b4c3,2024-12-30 22:42:29,paid,time_decay,meta,1,1,1,1.0,30.26,30.26
ord_1a4b35e7,cust_8bdc05e0,2024-12-30 17:20:01,paid,last_touch,direct,1,1,1,1.0,62.54,62.54
ord_1a4b35e7,cust_8bdc05e0,2024-12-30 17:20:01,paid,first_touch,direct,1,1,1,1.0,62.54,62.54
ord_1a4b35e7,cust_8bdc05e0,2024-12-30 17:20:01,paid,linear,direct,1,1,1,1.0,62.54,62.54
ord_1a4b35e7,cust_8bdc05e0,2024-12-30 17:20:01,paid,time_decay,direct,1,1,1,1.0,62.54,62.54
ord_22dedecf,cust_b8078fe1,2024-12-31 14:05:00,paid,last_touch,direct,1,1,1,1.0,37.1,37.1
ord_22dedecf,cust_b8078fe1,2024-12-31 14:05:00,paid,first_touch,organic,1,1,1,1.0,37.1,37.1
ord_22dedecf,cust_b8078fe1,2024-12-31 14:05:00,paid,linear,organic,1,1,1,1.0,37.1,37.1
ord_22dedecf,cust_b8078fe1,2024-12-31 14:05:00,paid,time_decay,organic,1,1,1,1.0,37.1,37.1
ord_0431a971,cust_f217fb93,2024-12-31 10:48:31,paid,last_touch,google,1,1,1,1.0,114.66,114.66
ord_0431a971,cust_f217fb93,2024-12-31 10:48:31,paid,first_touch,google,1,1,1,1.0,114.66,114.66
ord_0431a971,cust_f217fb93,2024-12-31 10:48:31,paid,linear,google,1,1,1,1.0,114.66,114.66
ord_0431a971,cust_f217fb93,2024-12-31 10:48:31,paid,time_decay,google,1,1,1,1.0,114.66,114.66
ord_53405deb,cust_18d462ba,2024-12-31 10:43:36,paid,last_touch,direct,1,1,1,1.0,194.41,194.41
ord_53405deb,cust_18d462ba,2024-12-31 10:43:36,paid,first_touch,tiktok,1,1,1,1.0,194.41,194.41
ord_53405deb,cust_18d462ba,2024-12-31 10:43:36,paid,linear,tiktok,1,1,1,1.0,194.41,194.41
ord_53405deb,cust_18d462ba,2024-12-31 10:43:36,paid,time_decay,tiktok,1,1,1,1.0,194.41,194.41
