customer_id,first_paid_order_month,order_month,month_index,payment_status,first_order_in_month,last_order_in_month,orders_in_month,month_revenue,first_utm_source,first_utm_medium,first_utm_campaign
cust_000a2b55,2024-06,2024-06,0,paid,2024-06-16 08:32:22,2024-06-16 08:32:22,1,51.0,tiktok,cpc,tiktok_campaign_16
cust_00274780,2024-05,2024-05,0,paid,2024-05-01 10:26:18,2024-05-01 10:26:18,1,87.08,direct,direct,direct
cust_002d0843,2024-04,2024-04,0,paid,2024-04-23 12:19:56,2024-04-23 12:19:56,1,88.26,organic,organic,direct
cust_004c8d70,2024-09,2024-09,0,paid,2024-09-08 14:42:06,2024-09-08 14:42:06,1,396.02,google,cpc,google_campaign_6
cust_0058404c,2024-10,2024-10,0,paid,2024-10-11 20:09:56,2024-10-11 20:09:56,1,102.5,organic,organic,direct
cust_007261bf,2024-12,2024-12,0,paid,2024-12-07 10:11:43,2024-12-07 10:11:43,1,54.75,google,cpc,google_campaign_18
cust_00735990,2024-01,2024-01,0,paid,2024-01-24 18:42:20,2024-01-24 18:42:20,1,148.53,direct,direct,direct
cust_008ccc7d,2024-02,2024-02,0,paid,2024-02-29 23:19:33,2024-02-29 23:19:33,1,76.71,organic,organic,direct
cust_009063d5,2024-11,2024-11,0,paid,2024-11-17 11:06:27,2024-11-17 11:06:27,1,46.28,google,cpc,google_campaign_6
cust_00acca40,2024-12,2024-12,0,paid,2024-12-13 09:26:22,2024-12-13 09:26:22,1,206.58,google,cpc,google_campaign_1
cust_00bf11bc,2024-10,2024-10,0,paid,2024-10-14 07:22:05,2024-10-14 07:22:05,1,106.81,organic,organic,direct
cust_00f118d2,2024-08,2024-08,0,paid,2024-08-14 20:05:11,2024-08-14 20:05:11,1,139.1,meta,cpc,meta_campaign_7
cust_01136aca,2024-07,2024-07,0,paid,2024-07-28 22:48:30,2024-07-28 22:48:30,1,222.61,direct,direct,direct
cust_011ec2ce,2024-10,2024-10,0,paid,2024-10-10 13:35:18,2024-10-10 13:35:18,1,139.66,google,cpc,google_campaign_6
cust_0132cf59,2024-07,2024-07,0,paid,2024-07-19 11:19:08,2024-07-19 11:19:08,1,39.76,meta,cpc,meta_campaign_6
cust_0138c952,2024-08,2024-08,0,paid,2024-08-07 14:14:25,2024-08-07 14:14:25,1,132.42,direct,direct,direct
cust_017dcf73,2024-11,2024-11,0,paid,2024-11-09 15:53:47,2024-11-09 15:53:47,1,121.29,google,cpc,google_campaign_11
cust_018ecb4a,2024-10,2024-10,0,paid,2024-10-20 16:32:46,2024-10-20 16:32:46,1,208.39,direct,direct,direct
cust_019425e0,2024-11,2024-11,0,paid,2024-11-25 15:16:20,2024-11-25 15:16:20,1,49.94,tiktok,cpc,tiktok_campaign_7
cust_01c74bf4,2024-08,2024-08,0,paid,2024-08-18 08:42:29,2024-08-18 08:42:29,1,153.12,direct,direct,direct
cust_020a7566,2024-06,2024-06,0,paid,2024-06-26 06:47:31,2024-06-26 06:47:31,1,81.02,direct,direct,direct
cust_0212ad3c,2024-10,2024-10,0,paid,2024-10-02 15:04:57,2024-10-02 15:04:57,1,35.55,google,cpc,google_campaign_13
cust_02321411,2024-04,2024-04,0,paid,2024-04-14 15:38:52,2024-04-14 15:38:52,1,90.76,tiktok,cpc,tiktok_campaign_3
cust_02aafd0f,2024-03,2024-03,0,paid,2024-03-08 09:18:08,2024-03-08 09:18:08,1,92.9,direct,direct,direct
cust_02b4dbbb,2024-06,2024-06,0,paid,2024-06-04 15:53:15,2024-06-04 15:53:15,1,29.8,meta,cpc,meta_campaign_14
cust_02ee30d2,2024-08,2024-08,0,paid,2024-08-22 22:36:18,2024-08-22 22:36:18,1,115.89,direct,direct,direct
cust_02f3a191,2024-10,2024-10,0,paid,2024-10-26 00:16:24,2024-10-26 00:16:24,1,68.02,direct,direct,direct
cust_030b9c03,2024-04,2024-04,0,paid,2024-04-26 19:53:27,2024-04-26 19:53:27,1,40.64,direct,direct,direct
cust_03217c1f,2024-12,2024-12,0,paid,2024-12-09 08:23:24,2024-12-09 08:23:24,1,53.8,direct,direct,direct
cust_033f6834,2024-11,2024-11,0,paid,2024-11-27 21:33:58,2024-11-27 21:33:58,1,123.67,direct,direct,direct
cust_0340f517,2024-11,2024-11,0,paid,2024-11-08 17:57:24,2024-11-08 17:57:24,1,150.47,organic,organic,direct
cust_034c2eda,2024-06,2024-06,0,paid,2024-06-06 15:02:05,2024-06-06 15:02:05,1,85.5,direct,direct,direct
cust_03506676,2024-03,2024-03,0,paid,2024-03-22 10:44:24,2024-03-22 10:44:24,1,51.9,meta,cpc,meta_campaign_5
cust_03731436,2024-01,2024-01,0,paid,2024-01-15 13:59:52,2024-01-15 13:59:52,1,275.03,meta,cpc,meta_campaign_3
cust_0396257d,2024-01,2024-01,0,paid,2024-01-09 12:07:19,2024-01-09 12:07:19,1,130.82,google,cpc,google_campaign_4
cust_03a0b9d2,2024-03,2024-03,0,paid,2024-03-16 23:34:39,2024-03-16 23:34:39,1,88.25,direct,direct,direct
cust_03ad1b2c,2024-11,2024-11,0,paid,2024-11-02 20:13:21,2024-11-02 20:13:21,1,52.83,meta,cpc,meta_campaign_16
cust_03bc294b,2024-01,2024-01,0,paid,2024-01-20 12:24:23,2024-01-20 12:24:23,1,43.11,tiktok,cpc,tiktok_campaign_13
cust_03cd171d,2024-01,2024-01,0,paid,2024-01-29 08:41:00,2024-01-29 08:41:00,1,222.57,google,cpc,google_campaign_2
cust_03f5e56b,2024-02,2024-02,0,paid,2024-02-25 20:15:01,2024-02-25 20:15:01,1,129.12,direct,direct,direct
cust_0400922f,2024-04,2024-04,0,paid,2024-04-23 20:44:33,2024-04-23 20:44:33,1,34.13,direct,direct,direct
cust_04445252,2024-10,2024-10,0,paid,2024-10-06 16:25:57,2024-10-06 16:25:57,1,148.88,google,cpc,google_campaign_17
cust_044f0a3e,2024-02,2024-02,0,paid,2024-02-06 22:20:15,2024-02-06 22:20:15,1,86.71,direct,direct,direct
cust_0454a640,2024-10,2024-10,0,paid,2024-10-16 17:20:50,2024-10-16 17:20:50,1,37.01,google,cpc,google_campaign_5
cust_045c63b4,2024-03,2024-03,0,paid,2024-03-03 11:39:07,2024-03-03 11:39:07,1,139.79,direct,direct,direct
cust_0483898e,2024-04,2024-04,0,paid,2024-04-18 15:20:03,2024-04-18 15:20:03,1,30.77,meta,cpc,meta_campaign_19
cust_0491caa1,2024-08,2024-08,0,paid,2024-08-26 07:11:12,2024-08-26 07:11:12,1,52.75,direct,direct,direct
cust_0503004c,2024-09,2024-09,0,paid,2024-09-25 15:51:11,2024-09-25 15:51:11,1,86.29,organic,organic,direct
cust_050be217,2024-10,2024-10,0,paid,2024-10-06 07:31:51,2024-10-06 07:31:51,1,47.37,direct,direct,direct
cust_0561d34e,2024-06,2024-06,0,paid,2024-06-24 19:43:53,2024-06-24 19:43:53,1,178.46,direct,direct,direct
cust_0569a5ad,2024-04,2024-04,0,paid,2024-04-13 08:30:20,2024-04-13 08:30:20,1,135.81,direct,direct,direct
cust_058b770b,2024-11,2024-11,0,paid,2024-11-30 15:35:48,2024-11-30 15:35:48,1,56.39,organic,organic,direct
cust_05ad4eab,2024-11,2024-11,0,paid,2024-11-03 12:56:45,2024-11-03 12:56:45,1,79.27,meta,cpc,meta_campaign_10
cust_0610871b,2024-11,2024-11,0,paid,2024-11-23 19:05:25,2024-11-23 19:05:25,1,232.76,google,cpc,google_campaign_4
cust_0647d8bf,2024-04,2024-04,0,paid,2024-04-10 18:29:56,2024-04-10 18:29:56,1,59.98,tiktok,cpc,tiktok_campaign_15
cust_0666a7ff,2024-09,2024-09,0,paid,2024-09-17 08:04:51,2024-09-17 08:04:51,1,147.78,direct,direct,direct
cust_0668b7a7,2024-04,2024-04,0,paid,2024-04-02 21:27:42,2024-04-02 21:27:42,1,122.71,direct,direct,direct
cust_066b0cf3,2024-12,2024-12,0,paid,2024-12-14 20:04:21,2024-12-14 20:04:21,1,33.94,tiktok,cpc,tiktok_campaign_11
cust_066bc1ff,2024-05,2024-05,0,paid,2024-05-25 15:41:21,2024-05-25 15:41:21,1,48.07,meta,cpc,meta_campaign_6
cust_0692d7cd,2024-11,2024-11,0,paid,2024-11-04 22:52:08,2024-11-04 22:52:08,1,215.2,meta,cpc,meta_campaign_19
cust_07142331,2024-11,2024-11,0,paid,2024-11-21 09:10:19,2024-11-21 09:10:19,1,102.32,organic,organic,direct
cust_0723977a,2024-02,2024-02,0,paid,2024-02-21 22:48:29,2024-02-21 22:48:29,1,97.76,direct,direct,direct
cust_0733ef3e,2024-06,2024-06,0,paid,2024-06-02 21:24:56,2024-06-02 21:24:56,1,180.97,direct,direct,direct
cust_07353a1e,2024-05,2024-05,0,paid,2024-05-07 20:20:56,2024-05-07 20:20:56,1,134.18,direct,direct,direct
cust_075f1792,2024-08,2024-08,0,paid,2024-08-01 20:49:50,2024-08-01 20:49:50,1,282.98,direct,direct,direct
cust_078fdb61,2024-11,2024-11,0,paid,2024-11-18 20:11:02,2024-11-18 20:11:02,1,25.34,meta,cpc,meta_campaign_2
cust_07cf188d,2024-05,2024-05,0,paid,2024-05-05 22:41:14,2024-05-05 22:41:14,1,126.89,direct,direct,direct
cust_07e6e4d1,2024-05,2024-05,0,paid,2024-05-17 11:12:54,2024-05-17 11:12:54,1,53.07,google,cpc,google_campaign_19
cust_08079db0,2024-11,2024-11,0,paid,2024-11-29 18:15:15,2024-11-29 18:15:15,1,87.46,google,cpc,google_campaign_10
cust_08096668,2024-06,2024-06,0,paid,2024-06-06 21:05:16,2024-06-06 21:05:16,1,81.97,direct,direct,direct
cust_0823eff7,2024-01,2024-01,0,paid,2024-01-05 20:30:30,2024-01-05 20:30:30,1,104.35,google,cpc,google_campaign_8
cust_08346900,2024-07,2024-07,0,paid,2024-07-26 19:49:01,2024-07-26 19:49:01,1,180.14,meta,cpc,meta_campaign_15
cust_08456b8c,2024-11,2024-11,0,paid,2024-11-21 11:39:07,2024-11-21 11:39:07,1,129.24,direct,direct,direct
cust_085eb17d,2024-01,2024-01,0,paid,2024-01-23 15:51:02,2024-01-23 15:51:02,1,216.15,direct,direct,direct
cust_0892e558,2024-06,2024-06,0,paid,2024-06-13 19:17:08,2024-06-13 19:17:08,1,43.76,organic,organic,direct
cust_08baf85f,2024-07,2024-07,0,paid,2024-07-27 19:27:48,2024-07-27 19:27:48,1,92.69,meta,cpc,meta_campaign_17
cust_08c55c74,2024-04,2024-04,0,paid,2024-04-29 09:54:53,2024-04-29 09:54:53,1,55.26,email,email,email_campaign_7
cust_08d6e44a,2024-08,2024-08,0,paid,2024-08-26 17:32:52,2024-08-26 17:32:52,1,65.65,meta,cpc,meta_campaign_9
cust_08e2593f,2024-09,2024-09,0,paid,2024-09-23 10:16:33,2024-09-23 10:16:33,1,39.52,direct,direct,direct
cust_08e897ff,2024-11,2024-11,0,paid,2024-11-07 10:20:19,2024-11-07 10:20:19,1,56.22,organic,organic,direct
cust_08f95c75,2024-08,2024-08,0,paid,2024-08-08 23:29:48,2024-08-08 23:29:48,1,31.82,meta,cpc,meta_campaign_4
cust_092258ff,2024-10,2024-10,0,paid,2024-10-07 09:25:49,2024-10-07 09:25:49,1,213.17,google,cpc,google_campaign_8
cust_09497cf3,2024-03,2024-03,0,paid,2024-03-06 14:06:19,2024-03-06 14:06:19,1,122.21,organic,organic,direct
cust_09676ea9,2024-10,2024-10,0,paid,2024-10-30 19:13:55,2024-10-30 19:13:55,1,119.29,organic,organic,direct
cust_0986407e,2024-06,2024-06,0,paid,2024-06-21 22:06:06,2024-06-21 22:06:06,1,122.2,direct,direct,direct
cust_09c473a7,2024-12,2024-12,0,paid,2024-12-07 14:39:27,2024-12-07 14:39:27,1,85.24,direct,direct,direct
cust_09f36b6d,2024-07,2024-07,0,paid,2024-07-28 20:21:12,2024-07-28 20:21:12,1,70.0,direct,direct,direct
cust_09f3ec2a,2024-11,2024-11,0,paid,2024-11-18 19:12:21,2024-11-18 19:12:21,1,242.98,direct,direct,direct
cust_0a2e0299,2024-06,2024-06,0,paid,2024-06-19 20:56:33,2024-06-19 20:56:33,1,123.4,meta,cpc,meta_campaign_4
cust_0a32b3b5,2024-06,2024-06,0,paid,2024-06-24 11:36:10,2024-06-24 11:36:10,1,96.34,google,cpc,google_campaign_13
cust_0a35e893,2024-09,2024-09,0,paid,2024-09-18 20:40:54,2024-09-18 20:40:54,1,89.95,tiktok,cpc,tiktok_campaign_13
cust_0a754690,2024-02,2024-02,0,paid,2024-02-27 21:42:10,2024-02-27 21:42:10,1,97.28,organic,organic,direct
cust_0a9cd414,2024-08,2024-08,0,paid,2024-08-21 20:43:49,2024-08-21 20:43:49,1,250.61,organic,organic,direct
cust_0a9de5b4,2024-09,2024-09,0,paid,2024-09-27 14:00:34,2024-09-27 14:00:34,1,73.78,google,cpc,google_campaign_19
cust_0aa0c0d2,2024-11,2024-11,0,paid,2024-11-30 08:08:07,2024-11-30 08:08:07,1,90.62,direct,direct,direct
cust_0ac09856,2024-12,2024-12,0,paid,2024-12-12 11:37:00,2024-12-12 11:37:00,1,45.08,organic,organic,direct
cust_0ae80bdb,2024-03,2024-03,0,paid,2024-03-28 11:20:17,2024-03-28 11:20:17,1,84.75,direct,direct,direct
cust_0b1866ed,2024-11,2024-11,0,paid,2024-11-23 21:04:14,2024-11-23 21:04:14,1,61.75,direct,direct,direct
cust_0b859378,2024-01,2024-01,0,paid,2024-01-28 11:23:05,2024-01-28 11:23:05,1,101.7,direct,direct,direct
cust_0baca716,2024-09,2024-09,0,paid,2024-09-23 22:36:07,2024-09-23 22:36:07,1,113.7,organic,organic,direct
cust_0bb04d4b,2024-12,2024-12,0,paid,2024-12-08 23:20:53,2024-12-08 23:20:53,1,41.56,meta,cpc,meta_campaign_9
cust_0bd461aa,2024-03,2024-03,0,paid,2024-03-06 08:00:58,2024-03-06 08:00:58,1,163.84,meta,cpc,meta_campaign_13
cust_0be60790,2024-04,2024-04,0,paid,2024-04-30 08:41:25,2024-04-30 08:41:25,1,100.23,direct,direct,direct
cust_0bec91cb,2024-10,2024-10,0,paid,2024-10-29 18:49:01,2024-10-29 18:49:01,1,270.72,tiktok,cpc,tiktok_campaign_4
cust_0c12ed29,2024-04,2024-04,0,paid,2024-04-27 12:49:25,2024-04-27 12:49:25,1,150.37,organic,organic,direct
cust_0c4f9f04,2024-07,2024-07,0,paid,2024-07-16 19:09:26,2024-07-16 19:09:26,1,187.79,meta,cpc,meta_campaign_1
cust_0c5692c6,2024-06,2024-06,0,paid,2024-06-23 18:16:04,2024-06-23 18:16:04,1,117.9,meta,cpc,meta_campaign_4
cust_0c95ecdc,2024-02,2024-02,0,paid,2024-02-20 22:31:49,2024-02-20 22:31:49,1,125.52,direct,direct,direct
cust_0cbfe91d,2024-12,2024-12,0,paid,2024-12-16 13:53:05,2024-12-16 13:53:05,1,132.59,google,cpc,google_campaign_8
cust_0cef175d,2024-08,2024-08,0,paid,2024-08-21 18:58:20,2024-08-21 18:58:20,1,139.84,direct,direct,direct
cust_0d121561,2024-11,2024-11,0,paid,2024-11-15 19:40:22,2024-11-15 19:40:22,1,59.24,direct,direct,direct
cust_0d41713a,2024-11,2024-11,0,paid,2024-11-23 20:07:08,2024-11-23 20:07:08,1,96.37,email,email,email_campaign_2
cust_0d57bf77,2024-03,2024-03,0,paid,2024-03-25 21:14:25,2024-03-25 21:14:25,1,61.35,direct,direct,direct
cust_0d634881,2024-02,2024-02,0,paid,2024-02-25 10:38:50,2024-02-25 10:38:50,1,31.37,email,email,email_campaign_9
cust_0d7b4f90,2024-11,2024-11,0,paid,2024-11-30 22:41:08,2024-11-30 22:41:08,1,79.09,google,cpc,google_campaign_3
cust_0d9612ac,2024-04,2024-04,0,paid,2024-04-02 19:38:29,2024-04-02 19:38:29,1,81.09,meta,cpc,meta_campaign_12
cust_0ddec26b,2024-12,2024-12,0,paid,2024-12-04 10:09:36,2024-12-04 10:09:36,1,126.37,meta,cpc,meta_campaign_14
cust_0de52bb9,2024-12,2024-12,0,paid,2024-12-17 22:22:19,2024-12-17 22:22:19,1,77.98,google,cpc,google_campaign_3
cust_0de59263,2024-10,2024-10,0,paid,2024-10-13 11:20:55,2024-10-13 11:20:55,1,106.23,organic,organic,direct
cust_0deb211f,2024-11,2024-11,0,paid,2024-11-28 09:48:57,2024-11-28 09:48:57,1,110.08,direct,direct,direct
cust_0e6e2d56,2024-10,2024-10,0,paid,2024-10-07 10:29:37,2024-10-07 10:29:37,1,144.16,direct,direct,direct
cust_0e74b445,2024-12,2024-12,0,paid,2024-12-15 17:55:50,2024-12-15 17:55:50,1,167.35,tiktok,cpc,tiktok_campaign_13
cust_0eb816ac,2024-02,2024-02,0,paid,2024-02-27 08:50:14,2024-02-27 08:50:14,1,275.64,meta,cpc,meta_campaign_15
cust_0f12b189,2024-12,2024-12,0,paid,2024-12-05 04:38:02,2024-12-05 04:38:02,1,41.62,meta,cpc,meta_campaign_18
cust_0f41b25c,2024-05,2024-05,0,paid,2024-05-29 19:08:54,2024-05-29 19:08:54,1,167.23,google,cpc,google_campaign_1
cust_0f461fe1,2024-03,2024-03,0,paid,2024-03-17 02:47:39,2024-03-17 02:47:39,1,333.02,email,email,email_campaign_3
cust_0f51c251,2024-10,2024-10,0,paid,2024-10-18 20:28:28,2024-10-18 20:28:28,1,115.01,google,cpc,google_campaign_1
cust_0f725803,2024-12,2024-12,0,paid,2024-12-14 16:01:51,2024-12-14 16:01:51,1,188.12,direct,direct,direct
cust_0ff0e594,2024-11,2024-11,0,paid,2024-11-24 17:01:31,2024-11-24 17:01:31,1,132.44,meta,cpc,meta_campaign_8
cust_10340e7b,2024-12,2024-12,0,paid,2024-12-15 15:15:57,2024-12-15 15:15:57,1,102.89,direct,direct,direct
cust_10926f77,2024-09,2024-09,0,paid,2024-09-13 13:17:54,2024-09-13 13:17:54,1,88.87,google,cpc,google_campaign_11
cust_10f61b46,2024-10,2024-10,0,paid,2024-10-26 05:33:30,2024-10-26 05:33:30,1,161.28,meta,cpc,meta_campaign_10
cust_1104d7ac,2024-07,2024-07,0,paid,2024-07-20 09:00:10,2024-07-20 09:00:10,1,343.59,meta,cpc,meta_campaign_16
cust_112a1494,2024-03,2024-03,0,paid,2024-03-18 09:04:28,2024-03-18 09:04:28,1,123.58,direct,direct,direct
cust_11762ee5,2024-05,2024-05,0,paid,2024-05-09 15:56:40,2024-05-09 15:56:40,1,21.16,meta,cpc,meta_campaign_18
cust_1186daf1,2024-06,2024-06,0,paid,2024-06-29 03:54:39,2024-06-29 03:54:39,1,136.31,meta,cpc,meta_campaign_8
cust_118fed4f,2024-11,2024-11,0,paid,2024-11-05 11:04:35,2024-11-05 11:04:35,1,47.62,direct,direct,direct
cust_11ab6637,2024-12,2024-12,0,paid,2024-12-17 12:00:05,2024-12-17 12:00:05,1,50.65,tiktok,cpc,tiktok_campaign_13
cust_11f58b78,2024-09,2024-09,0,paid,2024-09-09 19:46:58,2024-09-09 19:46:58,1,32.23,google,cpc,google_campaign_6
cust_11ff17d2,2024-11,2024-11,0,paid,2024-11-27 22:00:59,2024-11-27 22:00:59,1,133.84,google,cpc,google_campaign_6
cust_12471efc,2024-05,2024-05,0,paid,2024-05-29 10:04:45,2024-05-29 10:04:45,1,87.39,direct,direct,direct
cust_126cfaba,2024-10,2024-10,0,paid,2024-10-12 16:10:24,2024-10-12 16:10:24,1,76.17,tiktok,cpc,tiktok_campaign_14
cust_126e3f5a,2024-08,2024-08,0,paid,2024-08-14 09:04:11,2024-08-14 09:04:11,1,25.03,direct,direct,direct
cust_12a2bb6d,2024-10,2024-10,0,paid,2024-10-30 14:00:28,2024-10-30 14:00:28,1,75.6,google,cpc,google_campaign_4
cust_12e09733,2024-08,2024-08,0,paid,2024-08-10 09:18:01,2024-08-10 09:18:01,1,46.28,meta,cpc,meta_campaign_18
cust_12e8e365,2024-06,2024-06,0,paid,2024-06-18 16:41:16,2024-06-18 16:41:16,1,132.63,meta,cpc,meta_campaign_4
cust_12f8dc96,2024-12,2024-12,0,paid,2024-12-30 14:24:32,2024-12-30 14:24:32,1,419.98,direct,direct,direct
cust_13212d2a,2024-06,2024-06,0,paid,2024-06-28 14:05:42,2024-06-28 14:05:42,1,89.82,direct,direct,direct
cust_134a5d03,2024-01,2024-01,0,paid,2024-01-15 14:28:04,2024-01-15 14:28:04,1,106.18,direct,direct,direct
cust_137760fa,2024-09,2024-09,0,paid,2024-09-11 10:24:27,2024-09-11 10:24:27,1,321.86,direct,direct,direct
cust_13bb501b,2024-12,2024-12,0,paid,2024-12-01 18:23:48,2024-12-01 18:23:48,1,148.22,tiktok,cpc,tiktok_campaign_15
cust_13d6bc05,2024-07,2024-07,0,paid,2024-07-03 10:16:26,2024-07-03 10:16:26,1,187.32,direct,direct,direct
cust_141cce1a,2024-11,2024-11,0,paid,2024-11-18 07:31:31,2024-11-18 07:31:31,1,34.87,google,cpc,google_campaign_8
cust_14276e90,2024-11,2024-11,0,paid,2024-11-09 17:21:53,2024-11-09 17:21:53,1,115.55,tiktok,cpc,tiktok_campaign_11
cust_14950f00,2024-04,2024-04,0,paid,2024-04-29 15:10:51,2024-04-29 15:10:51,1,84.38,google,cpc,google_campaign_8
cust_14aa30d1,2024-03,2024-03,0,paid,2024-03-30 15:08:27,2024-03-30 15:08:27,1,305.73,organic,organic,direct
cust_14ae6ac0,2024-03,2024-03,0,paid,2024-03-20 10:58:04,2024-03-20 10:58:04,1,38.07,google,cpc,google_campaign_14
cust_14b9948a,2024-02,2024-02,0,paid,2024-02-12 12:50:14,2024-02-12 12:50:14,1,130.83,direct,direct,direct
cust_14f9ace7,2024-05,2024-05,0,paid,2024-05-23 18:51:26,2024-05-23 18:51:26,1,145.47,organic,organic,direct
cust_153cee51,2024-03,2024-03,0,paid,2024-03-14 04:55:52,2024-03-14 04:55:52,1,80.69,direct,direct,direct
cust_155341bb,2024-03,2024-03,0,paid,2024-03-01 22:12:17,2024-03-01 22:12:17,1,36.99,direct,direct,direct
cust_156c4773,2024-12,2024-12,0,paid,2024-12-26 12:26:36,2024-12-26 12:26:36,1,112.06,direct,direct,direct
cust_157d2820,2024-12,2024-12,0,paid,2024-12-17 12:46:52,2024-12-17 12:46:52,1,105.72,google,cpc,google_campaign_3
cust_1598bcb0,2024-08,2024-08,0,paid,2024-08-12 13:25:45,2024-08-12 13:25:45,1,87.76,email,email,email_campaign_1
cust_159e4452,2024-10,2024-10,0,paid,2024-10-12 14:44:25,2024-10-12 14:44:25,1,228.43,tiktok,cpc,tiktok_campaign_1
cust_15b1808a,2024-12,2024-12,0,paid,2024-12-20 16:47:25,2024-12-20 16:47:25,1,39.26,direct,direct,direct
cust_15e142e7,2024-08,2024-08,0,paid,2024-08-30 05:00:22,2024-08-30 05:00:22,1,29.64,organic,organic,direct
cust_15ed0108,2024-06,2024-06,0,paid,2024-06-16 17:06:57,2024-06-16 17:06:57,1,42.34,google,cpc,google_campaign_13
cust_15fb12fb,2024-05,2024-05,0,paid,2024-05-27 12:06:45,2024-05-27 12:06:45,1,353.13,direct,direct,direct
cust_16145cd1,2024-07,2024-07,0,paid,2024-07-01 18:21:08,2024-07-01 18:21:08,1,113.87,google,cpc,google_campaign_10
cust_1622e41c,2024-10,2024-10,0,paid,2024-10-02 20:25:02,2024-10-02 20:25:02,1,78.53,organic,organic,direct
cust_16627cea,2024-03,2024-03,0,paid,2024-03-08 15:38:30,2024-03-08 15:38:30,1,51.2,direct,direct,direct
cust_1696c000,2024-05,2024-05,0,paid,2024-05-30 22:30:58,2024-05-30 22:30:58,1,228.74,direct,direct,direct
cust_16a4b8b2,2024-08,2024-08,0,paid,2024-08-15 17:49:11,2024-08-15 17:49:11,1,204.11,direct,direct,direct
cust_16b0d77b,2024-09,2024-09,0,paid,2024-09-24 23:51:28,2024-09-24 23:51:28,1,189.46,organic,organic,direct
cust_16b1b885,2024-07,2024-07,0,paid,2024-07-13 09:47:05,2024-07-13 09:47:05,1,68.67,meta,cpc,meta_campaign_6
cust_16eeb354,2024-07,2024-07,0,paid,2024-07-15 18:42:13,2024-07-15 18:42:13,1,134.1,meta,cpc,meta_campaign_19
cust_16f5d3fa,2024-03,2024-03,0,paid,2024-03-20 20:54:25,2024-03-20 20:54:25,1,32.24,meta,cpc,meta_campaign_6
cust_1709d4ab,2024-06,2024-06,0,paid,2024-06-30 22:03:03,2024-06-30 22:03:03,1,117.19,tiktok,cpc,tiktok_campaign_7
cust_176cb377,2024-09,2024-09,0,paid,2024-09-24 09:51:55,2024-09-24 09:51:55,1,44.35,direct,direct,direct
cust_1778260e,2024-06,2024-06,0,paid,2024-06-23 16:14:55,2024-06-23 16:14:55,1,77.96,google,cpc,google_campaign_5
cust_17f4f075,2024-12,2024-12,0,paid,2024-12-02 12:37:14,2024-12-02 12:37:14,1,152.81,organic,organic,direct
cust_17f744c9,2024-02,2024-02,0,paid,2024-02-04 19:09:31,2024-02-04 19:09:31,1,203.78,direct,direct,direct
cust_1802ee54,2024-07,2024-07,0,paid,2024-07-12 16:37:07,2024-07-12 16:37:07,1,129.65,meta,cpc,meta_campaign_6
cust_180e9670,2024-04,2024-04,0,paid,2024-04-08 10:15:16,2024-04-08 10:15:16,1,112.45,direct,direct,direct
cust_1810254b,2024-11,2024-11,0,paid,2024-11-15 09:36:24,2024-11-15 09:36:24,1,202.28,direct,direct,direct
cust_1819cacc,2024-03,2024-03,0,paid,2024-03-17 08:38:28,2024-03-17 08:38:28,1,35.17,google,cpc,google_campaign_8
cust_182ec3a1,2024-04,2024-04,0,paid,2024-04-28 11:33:40,2024-04-28 11:33:40,1,47.21,organic,organic,direct
cust_183cc26a,2024-03,2024-03,0,paid,2024-03-11 08:21:16,2024-03-11 08:21:16,1,40.15,direct,direct,direct
cust_183fa7a8,2024-02,2024-02,0,paid,2024-02-28 22:16:45,2024-02-28 22:16:45,1,47.05,email,email,email_campaign_5
cust_1888ba4f,2024-09,2024-09,0,paid,2024-09-07 22:28:44,2024-09-07 22:28:44,1,58.92,meta,cpc,meta_campaign_11
cust_188c331d,2024-09,2024-09,0,paid,2024-09-07 11:03:49,2024-09-07 11:03:49,1,188.24,google,cpc,google_campaign_19
cust_18d462ba,2024-10,2024-10,0,paid,2024-10-20 09:00:45,2024-10-20 09:00:45,1,107.69,direct,direct,direct
cust_18d462ba,2024-10,2024-12,2,paid,2024-12-31 10:43:36,2024-12-31 10:43:36,1,194.41,direct,direct,direct
cust_18f0c8df,2024-07,2024-07,0,paid,2024-07-26 19:14:05,2024-07-26 19:14:05,1,60.54,google,cpc,google_campaign_4
cust_19330267,2024-09,2024-09,0,paid,2024-09-07 20:09:52,2024-09-07 20:09:52,1,136.51,email,email,email_campaign_6
cust_19346961,2024-11,2024-11,0,paid,2024-11-29 10:42:39,2024-11-29 10:42:39,1,86.81,direct,direct,direct
cust_194b093d,2024-10,2024-10,0,paid,2024-10-19 10:45:16,2024-10-19 10:45:16,1,197.21,direct,direct,direct
cust_1953124c,2024-10,2024-10,0,paid,2024-10-20 21:05:28,2024-10-20 21:05:28,1,92.95,meta,cpc,meta_campaign_2
cust_1975839e,2024-10,2024-10,0,paid,2024-10-21 17:08:31,2024-10-21 17:08:31,1,208.28,google,cpc,google_campaign_4
cust_19d5ffac,2024-12,2024-12,0,paid,2024-12-03 06:25:38,2024-12-03 06:25:38,1,143.78,direct,direct,direct
cust_19dacde3,2024-09,2024-09,0,paid,2024-09-02 10:37:31,2024-09-02 10:37:31,1,99.89,organic,organic,direct
cust_19e59b41,2024-09,2024-09,0,paid,2024-09-24 20:09:31,2024-09-24 20:09:31,1,132.06,meta,cpc,meta_campaign_5
cust_19fd2b66,2024-10,2024-10,0,paid,2024-10-28 09:10:04,2024-10-28 09:10:04,1,101.95,direct,direct,direct
cust_1a1a592d,2024-06,2024-06,0,paid,2024-06-10 07:54:05,2024-06-10 07:54:05,1,159.63,direct,direct,direct
cust_1afc288f,2024-01,2024-01,0,paid,2024-01-10 20:51:30,2024-01-10 20:51:30,1,56.67,meta,cpc,meta_campaign_19
cust_1b32556f,2024-06,2024-06,0,paid,2024-06-19 07:37:41,2024-06-19 07:37:41,1,93.49,google,cpc,google_campaign_16
cust_1b58ce5e,2024-08,2024-08,0,paid,2024-08-21 19:55:07,2024-08-21 19:55:07,1,90.64,direct,direct,direct
cust_1b601b8a,2024-05,2024-05,0,paid,2024-05-08 12:38:16,2024-05-08 12:38:16,1,54.91,organic,organic,direct
cust_1ba9b111,2024-02,2024-02,0,paid,2024-02-25 23:33:05,2024-02-25 23:33:05,1,84.57,tiktok,cpc,tiktok_campaign_6
cust_1bc1c2b3,2024-02,2024-02,0,paid,2024-02-06 02:20:09,2024-02-06 02:20:09,1,90.49,meta,cpc,meta_campaign_13
cust_1bcc792e,2024-01,2024-01,0,paid,2024-01-21 07:59:13,2024-01-21 07:59:13,1,81.23,meta,cpc,meta_campaign_2
cust_1c09d71f,2024-10,2024-10,0,paid,2024-10-27 17:58:21,2024-10-27 17:58:21,1,145.57,tiktok,cpc,tiktok_campaign_12
cust_1c0ce5d1,2024-03,2024-03,0,paid,2024-03-23 17:56:48,2024-03-23 17:56:48,1,67.23,organic,organic,direct
cust_1c1c516b,2024-07,2024-07,0,paid,2024-07-23 15:44:26,2024-07-23 15:44:26,1,99.23,google,cpc,google_campaign_4
cust_1c3e5314,2024-09,2024-09,0,paid,2024-09-25 13:47:29,2024-09-25 13:47:29,1,85.0,direct,direct,direct
cust_1c95491d,2024-12,2024-12,0,paid,2024-12-13 10:25:06,2024-12-13 10:25:06,1,45.28,email,email,email_campaign_4
cust_1ca1416a,2024-03,2024-03,0,paid,2024-03-22 15:38:30,2024-03-22 15:38:30,1,51.21,organic,organic,direct
cust_1cc57a37,2024-10,2024-10,0,paid,2024-10-07 08:48:37,2024-10-07 08:48:37,1,79.72,organic,organic,direct
cust_1cefc895,2024-12,2024-12,0,paid,2024-12-09 10:50:17,2024-12-09 10:50:17,1,113.36,direct,direct,direct
cust_1cf8d106,2024-05,2024-05,0,paid,2024-05-28 14:49:20,2024-05-28 14:49:20,1,133.93,google,cpc,google_campaign_10
cust_1cfd1d6a,2024-08,2024-08,0,paid,2024-08-20 01:57:11,2024-08-20 01:57:11,1,133.24,organic,organic,direct
cust_1d1497b7,2024-06,2024-06,0,paid,2024-06-09 10:39:05,2024-06-09 10:39:05,1,275.04,organic,organic,direct
cust_1d1e2476,2024-03,2024-03,0,paid,2024-03-18 13:41:51,2024-03-18 13:41:51,1,277.49,organic,organic,direct
cust_1d8e2f02,2024-11,2024-11,0,paid,2024-11-23 14:04:37,2024-11-23 14:04:37,1,41.79,direct,direct,direct
cust_1d9639ad,2024-11,2024-11,0,paid,2024-11-25 19:56:51,2024-11-25 19:56:51,1,149.37,google,cpc,google_campaign_3
cust_1dda1fd5,2024-11,2024-11,0,paid,2024-11-20 20:48:58,2024-11-20 20:48:58,1,43.92,direct,direct,direct
cust_1e14d2c8,2024-11,2024-11,0,paid,2024-11-10 10:44:06,2024-11-10 10:44:06,1,93.25,direct,direct,direct
cust_1e51404f,2024-09,2024-09,0,paid,2024-09-01 15:52:13,2024-09-01 15:52:13,1,35.93,email,email,email_campaign_1
cust_1e561f8d,2024-07,2024-07,0,paid,2024-07-11 17:57:27,2024-07-11 17:57:27,1,168.63,meta,cpc,meta_campaign_18
cust_1e9bdb89,2024-05,2024-05,0,paid,2024-05-25 21:58:04,2024-05-25 21:58:04,1,94.27,direct,direct,direct
cust_1eeeb52e,2024-07,2024-07,0,paid,2024-07-16 16:37:59,2024-07-16 16:37:59,1,111.43,direct,direct,direct
cust_1f2e79dc,2024-09,2024-09,0,paid,2024-09-22 15:29:48,2024-09-22 15:29:48,1,62.62,tiktok,cpc,tiktok_campaign_13
cust_1f63e438,2024-07,2024-07,0,paid,2024-07-17 10:03:35,2024-07-17 10:03:35,1,67.09,direct,direct,direct
cust_1f732281,2024-01,2024-01,0,paid,2024-01-25 00:32:55,2024-01-25 00:32:55,1,204.86,tiktok,cpc,tiktok_campaign_13
cust_1f7bbe6d,2024-05,2024-05,0,paid,2024-05-14 22:52:14,2024-05-14 22:52:14,1,70.11,organic,organic,direct
cust_1fa12484,2024-05,2024-05,0,paid,2024-05-27 18:05:39,2024-05-27 18:05:39,1,97.91,google,cpc,google_campaign_6
cust_1fd19972,2024-09,2024-09,0,paid,2024-09-03 09:23:37,2024-09-03 09:23:37,1,58.82,direct,direct,direct
cust_1ff9cc0b,2024-09,2024-09,0,paid,2024-09-13 13:55:48,2024-09-13 13:55:48,1,162.67,meta,cpc,meta_campaign_9
cust_2004d214,2024-04,2024-04,0,paid,2024-04-21 08:08:30,2024-04-21 08:08:30,1,157.56,organic,organic,direct
cust_20097e80,2024-06,2024-06,0,paid,2024-06-30 13:06:32,2024-06-30 13:06:32,1,35.81,google,cpc,google_campaign_19
cust_20212d75,2024-03,2024-03,0,paid,2024-03-28 08:38:21,2024-03-28 08:38:21,1,70.54,direct,direct,direct
cust_20278b95,2024-04,2024-04,0,paid,2024-04-09 21:04:32,2024-04-09 21:04:32,1,149.4,direct,direct,direct
cust_203beb09,2024-12,2024-12,0,paid,2024-12-03 09:58:50,2024-12-03 09:58:50,1,177.0,direct,direct,direct
cust_20424fbc,2024-01,2024-01,0,paid,2024-01-19 12:09:12,2024-01-19 12:09:12,1,141.09,meta,cpc,meta_campaign_15
cust_2064f835,2024-05,2024-05,0,paid,2024-05-03 16:21:39,2024-05-03 16:21:39,1,98.67,organic,organic,direct
cust_2066c772,2024-04,2024-04,0,paid,2024-04-22 12:35:29,2024-04-22 12:35:29,1,84.37,email,email,email_campaign_7
cust_20718fdb,2024-12,2024-12,0,paid,2024-12-14 07:46:52,2024-12-14 07:46:52,1,72.53,organic,organic,direct
cust_20928140,2024-02,2024-02,0,paid,2024-02-02 10:39:28,2024-02-02 10:39:28,1,53.26,meta,cpc,meta_campaign_2
cust_20c68164,2024-08,2024-08,0,paid,2024-08-18 10:04:18,2024-08-18 10:04:18,1,28.42,meta,cpc,meta_campaign_13
cust_20e1aa2e,2024-06,2024-06,0,paid,2024-06-15 21:55:32,2024-06-15 21:55:32,1,106.18,direct,direct,direct
cust_20edff5c,2024-09,2024-09,0,paid,2024-09-26 06:51:39,2024-09-26 06:51:39,1,213.36,tiktok,cpc,tiktok_campaign_14
cust_20f87cec,2024-03,2024-03,0,paid,2024-03-20 13:34:43,2024-03-20 13:34:43,1,87.69,google,cpc,google_campaign_3
cust_21167a4f,2024-01,2024-01,0,paid,2024-01-21 21:38:29,2024-01-21 21:38:29,1,32.87,google,cpc,google_campaign_12
cust_21296d57,2024-12,2024-12,0,paid,2024-12-04 16:52:18,2024-12-04 16:52:18,1,219.08,organic,organic,direct
cust_212c34ff,2024-09,2024-09,0,paid,2024-09-14 20:13:45,2024-09-14 20:13:45,1,106.1,google,cpc,google_campaign_18
cust_213d9be1,2024-01,2024-01,0,paid,2024-01-25 21:47:05,2024-01-25 21:47:05,1,57.18,direct,direct,direct
cust_218548e5,2024-08,2024-08,0,paid,2024-08-26 21:50:27,2024-08-26 21:50:27,1,55.25,email,email,email_campaign_1
cust_21b75d70,2024-10,2024-10,0,paid,2024-10-03 11:20:15,2024-10-03 11:20:15,1,165.69,meta,cpc,meta_campaign_15
cust_21e855c6,2024-09,2024-09,0,paid,2024-09-04 13:29:25,2024-09-04 13:29:25,1,156.76,direct,direct,direct
cust_21f00b50,2024-09,2024-09,0,paid,2024-09-07 11:05:13,2024-09-07 11:05:13,1,32.18,tiktok,cpc,tiktok_campaign_7
cust_2225cc4b,2024-01,2024-01,0,paid,2024-01-08 09:10:10,2024-01-08 09:10:10,1,74.7,meta,cpc,meta_campaign_4
cust_224fa71d,2024-02,2024-02,0,paid,2024-02-20 13:29:01,2024-02-20 13:29:01,1,198.88,email,email,email_campaign_2
cust_22cb55e1,2024-07,2024-07,0,paid,2024-07-15 14:33:17,2024-07-15 14:33:17,1,37.16,direct,direct,direct
cust_22e46f06,2024-03,2024-03,0,paid,2024-03-18 14:05:06,2024-03-18 14:05:06,1,203.77,direct,direct,direct
cust_22fdab4f,2024-11,2024-11,0,paid,2024-11-14 18:24:06,2024-11-14 18:24:06,1,222.12,direct,direct,direct
cust_2303e275,2024-11,2024-11,0,paid,2024-11-10 10:24:30,2024-11-10 10:24:30,1,78.09,google,cpc,google_campaign_8
cust_23d81e56,2024-05,2024-05,0,paid,2024-05-14 23:10:09,2024-05-14 23:10:09,1,82.49,meta,cpc,meta_campaign_4
cust_2415b425,2024-03,2024-03,0,paid,2024-03-22 18:25:02,2024-03-22 18:25:02,1,78.61,direct,direct,direct
cust_245d5db9,2024-11,2024-11,0,paid,2024-11-03 14:47:38,2024-11-03 14:47:38,1,16.84,google,cpc,google_campaign_2
cust_24966896,2024-05,2024-05,0,paid,2024-05-06 16:05:24,2024-05-06 16:05:24,1,87.98,google,cpc,google_campaign_10
cust_24f4d553,2024-06,2024-06,0,paid,2024-06-04 14:19:34,2024-06-04 14:19:34,1,175.79,email,email,email_campaign_5
cust_25075c1b,2024-07,2024-07,0,paid,2024-07-23 17:32:52,2024-07-23 17:32:52,1,67.38,meta,cpc,meta_campaign_5
cust_252b01b6,2024-09,2024-09,0,paid,2024-09-13 10:08:14,2024-09-13 10:08:14,1,373.66,meta,cpc,meta_campaign_5
cust_25395d2e,2024-12,2024-12,0,paid,2024-12-03 17:17:52,2024-12-03 17:17:52,1,35.29,meta,cpc,meta_campaign_4
cust_253d38c2,2024-05,2024-05,0,paid,2024-05-09 08:59:09,2024-05-09 08:59:09,1,64.83,organic,organic,direct
cust_256c7079,2024-06,2024-06,0,paid,2024-06-09 19:47:12,2024-06-09 19:47:12,1,189.48,direct,direct,direct
cust_2587c33e,2024-03,2024-03,0,paid,2024-03-29 08:37:32,2024-03-29 08:37:32,1,319.49,tiktok,cpc,tiktok_campaign_12
cust_25c4b2a0,2024-08,2024-08,0,paid,2024-08-12 12:24:16,2024-08-12 12:24:16,1,54.33,direct,direct,direct
cust_265bd3fd,2024-05,2024-05,0,paid,2024-05-28 22:49:16,2024-05-28 22:49:16,1,116.99,direct,direct,direct
cust_266ee50b,2024-04,2024-04,0,paid,2024-04-06 00:02:36,2024-04-06 00:02:36,1,114.18,tiktok,cpc,tiktok_campaign_10
cust_26a13bda,2024-03,2024-03,0,paid,2024-03-15 11:31:54,2024-03-15 11:31:54,1,183.69,direct,direct,direct
cust_26d1182a,2024-11,2024-11,0,paid,2024-11-03 19:31:51,2024-11-03 19:31:51,1,163.41,tiktok,cpc,tiktok_campaign_18
cust_27416f26,2024-02,2024-02,0,paid,2024-02-07 21:36:35,2024-02-07 21:36:35,1,73.17,tiktok,cpc,tiktok_campaign_10
cust_2749dc62,2024-10,2024-10,0,paid,2024-10-04 09:23:28,2024-10-04 09:23:28,1,172.64,meta,cpc,meta_campaign_10
cust_27b4f445,2024-08,2024-08,0,paid,2024-08-24 08:34:18,2024-08-24 08:34:18,1,30.93,direct,direct,direct
cust_281b88a9,2024-09,2024-09,0,paid,2024-09-27 17:59:19,2024-09-27 17:59:19,1,71.03,direct,direct,direct
cust_28213771,2024-11,2024-11,0,paid,2024-11-17 13:33:22,2024-11-17 13:33:22,1,141.95,direct,direct,direct
cust_283c382d,2024-11,2024-11,0,paid,2024-11-22 10:52:59,2024-11-22 10:52:59,1,119.13,meta,cpc,meta_campaign_12
cust_2846f38f,2024-12,2024-12,0,paid,2024-12-07 20:37:02,2024-12-07 20:37:02,1,61.64,organic,organic,direct
cust_2848ead8,2024-09,2024-09,0,paid,2024-09-24 21:51:17,2024-09-24 21:51:17,1,292.35,direct,direct,direct
cust_286d772a,2024-08,2024-08,0,paid,2024-08-27 10:28:00,2024-08-27 10:28:00,1,136.39,organic,organic,direct
cust_288f6f40,2024-10,2024-10,0,paid,2024-10-10 11:36:48,2024-10-10 11:36:48,1,452.44,organic,organic,direct
cust_28982142,2024-05,2024-05,0,paid,2024-05-26 10:07:40,2024-05-26 10:07:40,1,189.07,direct,direct,direct
cust_28990bfa,2024-09,2024-09,0,paid,2024-09-03 20:55:24,2024-09-03 20:55:24,1,42.13,direct,direct,direct
cust_28d73f07,2024-09,2024-09,0,paid,2024-09-11 19:33:51,2024-09-11 19:33:51,1,26.88,meta,cpc,meta_campaign_18
cust_28e310a3,2024-11,2024-11,0,paid,2024-11-30 07:24:17,2024-11-30 07:24:17,1,53.21,tiktok,cpc,tiktok_campaign_10
cust_28e809b2,2024-07,2024-07,0,paid,2024-07-19 09:05:38,2024-07-19 09:05:38,1,87.42,google,cpc,google_campaign_7
cust_28f5b0ae,2024-12,2024-12,0,paid,2024-12-10 06:21:44,2024-12-10 06:21:44,1,96.1,google,cpc,google_campaign_13
cust_28f60767,2024-02,2024-02,0,paid,2024-02-01 13:35:44,2024-02-01 13:35:44,1,45.53,direct,direct,direct
cust_292456f5,2024-11,2024-11,0,paid,2024-11-10 09:49:43,2024-11-10 09:49:43,1,106.65,meta,cpc,meta_campaign_10
cust_2924e0aa,2024-08,2024-08,0,paid,2024-08-11 09:31:59,2024-08-11 09:31:59,1,242.98,meta,cpc,meta_campaign_1
cust_2925af18,2024-02,2024-02,0,paid,2024-02-14 08:36:05,2024-02-14 08:36:05,1,232.09,organic,organic,direct
cust_292dd69d,2024-08,2024-08,0,paid,2024-08-08 20:23:01,2024-08-08 20:23:01,1,82.56,google,cpc,google_campaign_4
cust_295285b8,2024-05,2024-05,0,paid,2024-05-15 07:06:43,2024-05-15 07:06:43,1,65.41,direct,direct,direct
cust_299555cc,2024-03,2024-03,0,paid,2024-03-22 19:15:07,2024-03-22 19:15:07,1,32.87,meta,cpc,meta_campaign_12
cust_29ca4a95,2024-09,2024-09,0,paid,2024-09-13 07:22:37,2024-09-13 07:22:37,1,465.53,organic,organic,direct
cust_29e4cd1f,2024-09,2024-09,0,paid,2024-09-01 08:45:41,2024-09-01 08:45:41,1,121.72,direct,direct,direct
cust_29eb162a,2024-12,2024-12,0,paid,2024-12-07 08:10:34,2024-12-07 08:10:34,1,174.23,meta,cpc,meta_campaign_13
cust_29fde014,2024-04,2024-04,0,paid,2024-04-23 19:41:07,2024-04-23 19:41:07,1,115.54,direct,direct,direct
cust_2a185153,2024-12,2024-12,0,paid,2024-12-20 12:19:00,2024-12-20 12:19:00,1,121.67,google,cpc,google_campaign_13
cust_2a24c86e,2024-12,2024-12,0,paid,2024-12-07 10:14:52,2024-12-07 10:14:52,1,158.68,meta,cpc,meta_campaign_6
cust_2a336d20,2024-07,2024-07,0,paid,2024-07-16 14:07:23,2024-07-16 14:07:23,1,58.8,direct,direct,direct
cust_2a5ad54f,2024-08,2024-08,0,paid,2024-08-14 23:24:30,2024-08-14 23:24:30,1,104.76,google,cpc,google_campaign_13
cust_2a6fdb80,2024-03,2024-03,0,paid,2024-03-30 17:08:28,2024-03-30 17:08:28,1,136.37,direct,direct,direct
cust_2a7ed6d2,2024-01,2024-01,0,paid,2024-01-03 08:23:34,2024-01-03 08:23:34,1,37.07,direct,direct,direct
cust_2a91dee4,2024-02,2024-02,0,paid,2024-02-02 10:17:59,2024-02-02 10:17:59,1,90.87,direct,direct,direct
cust_2aa805c4,2024-11,2024-11,0,paid,2024-11-24 20:07:24,2024-11-24 20:07:24,1,29.72,direct,direct,direct
cust_2ab06db5,2024-10,2024-10,0,paid,2024-10-10 17:43:13,2024-10-10 17:43:13,1,39.78,google,cpc,google_campaign_18
cust_2abb1fee,2024-08,2024-08,0,paid,2024-08-22 00:02:41,2024-08-22 00:02:41,1,42.32,direct,direct,direct
cust_2ac1635f,2024-04,2024-04,0,paid,2024-04-22 14:37:06,2024-04-22 14:37:06,1,89.32,google,cpc,google_campaign_15
cust_2adb6b70,2024-05,2024-05,0,paid,2024-05-19 16:56:18,2024-05-19 16:56:18,1,61.97,google,cpc,google_campaign_17
cust_2b126e0c,2024-02,2024-02,0,paid,2024-02-12 20:28:00,2024-02-12 20:28:00,1,201.46,direct,direct,direct
cust_2b25b74d,2024-11,2024-11,0,paid,2024-11-25 22:22:44,2024-11-25 22:22:44,1,122.43,direct,direct,direct
cust_2b4fcf0d,2024-10,2024-10,0,paid,2024-10-14 11:46:56,2024-10-14 11:46:56,1,79.58,direct,direct,direct
cust_2b55600f,2024-02,2024-02,0,paid,2024-02-16 10:41:09,2024-02-16 10:41:09,1,45.49,google,cpc,google_campaign_5
cust_2b57b4cb,2024-01,2024-01,0,paid,2024-01-25 23:54:10,2024-01-25 23:54:10,1,119.52,organic,organic,direct
cust_2b68ebef,2024-05,2024-05,0,paid,2024-05-26 13:33:30,2024-05-26 13:33:30,1,43.18,direct,direct,direct
cust_2b728526,2024-10,2024-10,0,paid,2024-10-14 18:14:23,2024-10-14 18:14:23,1,109.93,meta,cpc,meta_campaign_3
cust_2bc96755,2024-08,2024-08,0,paid,2024-08-16 21:55:48,2024-08-16 21:55:48,1,70.38,organic,organic,direct
cust_2c0e3b4d,2024-09,2024-09,0,paid,2024-09-01 19:29:44,2024-09-01 19:29:44,1,159.67,organic,organic,direct
cust_2c1d6cde,2024-11,2024-11,0,paid,2024-11-03 14:38:05,2024-11-03 14:38:05,1,123.26,direct,direct,direct
cust_2c67d97e,2024-06,2024-06,0,paid,2024-06-23 22:50:37,2024-06-23 22:50:37,1,37.55,tiktok,cpc,tiktok_campaign_13
cust_2c8e4eaf,2024-04,2024-04,0,paid,2024-04-10 17:24:30,2024-04-10 17:24:30,1,64.91,direct,direct,direct
cust_2cd063d5,2024-01,2024-01,0,paid,2024-01-20 13:48:31,2024-01-20 13:48:31,1,244.83,direct,direct,direct
cust_2cec2827,2024-04,2024-04,0,paid,2024-04-01 12:59:52,2024-04-01 12:59:52,1,51.61,direct,direct,direct
cust_2d3aa6b0,2024-04,2024-04,0,paid,2024-04-28 09:17:16,2024-04-28 09:17:16,1,55.63,tiktok,cpc,tiktok_campaign_18
cust_2d3f5d13,2024-07,2024-07,0,paid,2024-07-29 14:25:43,2024-07-29 14:25:43,1,45.28,email,email,email_campaign_9
cust_2d448732,2024-10,2024-10,0,paid,2024-10-28 19:48:53,2024-10-28 19:48:53,1,66.19,google,cpc,google_campaign_15
cust_2da30d84,2024-04,2024-04,0,paid,2024-04-16 15:46:09,2024-04-16 15:46:09,1,147.04,direct,direct,direct
cust_2dec8452,2024-11,2024-11,0,paid,2024-11-11 14:18:16,2024-11-11 14:18:16,1,81.9,google,cpc,google_campaign_15
cust_2e046b3a,2024-03,2024-03,0,paid,2024-03-04 21:21:16,2024-03-04 21:21:16,1,336.09,direct,direct,direct
cust_2e478d40,2024-03,2024-03,0,paid,2024-03-28 06:07:29,2024-03-28 06:07:29,1,151.26,meta,cpc,meta_campaign_16
cust_2e741b2e,2024-02,2024-02,0,paid,2024-02-21 07:53:51,2024-02-21 07:53:51,1,54.42,meta,cpc,meta_campaign_13
cust_2ebc2573,2024-06,2024-06,0,paid,2024-06-18 17:27:54,2024-06-18 17:27:54,1,53.79,direct,direct,direct
cust_2eea2f44,2024-11,2024-11,0,paid,2024-11-07 10:57:02,2024-11-07 10:57:02,1,156.57,organic,organic,direct
cust_2eefeec4,2024-03,2024-03,0,paid,2024-03-29 00:55:31,2024-03-29 00:55:31,1,57.74,google,cpc,google_campaign_7
cust_2f206a99,2024-03,2024-03,0,paid,2024-03-22 17:30:43,2024-03-22 17:30:43,1,106.67,organic,organic,direct
cust_2f3ef398,2024-05,2024-05,0,paid,2024-05-18 11:30:05,2024-05-18 11:30:05,1,96.77,direct,direct,direct
cust_2f4f147b,2024-02,2024-02,0,paid,2024-02-06 21:44:37,2024-02-06 21:44:37,1,60.56,direct,direct,direct
cust_2f8158be,2024-06,2024-06,0,paid,2024-06-17 13:19:20,2024-06-17 13:19:20,1,37.08,direct,direct,direct
cust_2fa8e3c7,2024-07,2024-07,0,paid,2024-07-06 06:41:13,2024-07-06 06:41:13,1,28.9,direct,direct,direct
cust_2fb3aa6b,2024-09,2024-09,0,paid,2024-09-16 21:30:44,2024-09-16 21:30:44,1,28.39,direct,direct,direct
cust_2fd0b0ad,2024-05,2024-05,0,paid,2024-05-03 07:31:56,2024-05-03 07:31:56,1,271.51,organic,organic,direct
cust_2fec24e5,2024-11,2024-11,0,paid,2024-11-07 07:44:11,2024-11-07 07:44:11,1,94.27,direct,direct,direct
cust_3004b255,2024-04,2024-04,0,paid,2024-04-16 21:37:43,2024-04-16 21:37:43,1,41.2,google,cpc,google_campaign_13
cust_302568c6,2024-02,2024-02,0,paid,2024-02-27 17:28:12,2024-02-27 17:28:12,1,69.33,direct,direct,direct
cust_304bf448,2024-11,2024-11,0,paid,2024-11-22 06:28:58,2024-11-22 06:28:58,1,44.44,google,cpc,google_campaign_5
cust_3065793f,2024-06,2024-06,0,paid,2024-06-05 20:50:29,2024-06-05 20:50:29,1,123.67,direct,direct,direct
cust_3070b472,2024-04,2024-04,0,paid,2024-04-04 15:34:58,2024-04-04 15:34:58,1,165.49,direct,direct,direct
cust_30ba036d,2024-06,2024-06,0,paid,2024-06-19 19:52:56,2024-06-19 19:52:56,1,337.83,google,cpc,google_campaign_5
cust_30e62ada,2024-04,2024-04,0,paid,2024-04-28 07:01:58,2024-04-28 07:01:58,1,100.77,google,cpc,google_campaign_3
cust_30f510ea,2024-10,2024-10,0,paid,2024-10-09 21:08:13,2024-10-09 21:08:13,1,287.96,meta,cpc,meta_campaign_13
cust_31253a5d,2024-08,2024-08,0,paid,2024-08-24 09:29:47,2024-08-24 09:29:47,1,83.4,direct,direct,direct
cust_315cc123,2024-09,2024-09,0,paid,2024-09-01 20:53:16,2024-09-01 20:53:16,1,51.03,tiktok,cpc,tiktok_campaign_12
cust_319855d1,2024-04,2024-04,0,paid,2024-04-28 11:15:03,2024-04-28 11:15:03,1,96.27,direct,direct,direct
cust_319948e6,2024-03,2024-03,0,paid,2024-03-04 10:00:31,2024-03-04 10:00:31,1,101.99,direct,direct,direct
cust_31be9434,2024-08,2024-08,0,paid,2024-08-08 07:41:11,2024-08-08 07:41:11,1,82.65,direct,direct,direct
cust_3243219e,2024-01,2024-01,0,paid,2024-01-09 19:53:39,2024-01-09 19:53:39,1,264.77,direct,direct,direct
cust_324781ab,2024-01,2024-01,0,paid,2024-01-31 02:41:26,2024-01-31 02:41:26,1,31.22,google,cpc,google_campaign_10
cust_3278b2d3,2024-07,2024-07,0,paid,2024-07-22 11:50:20,2024-07-22 11:50:20,1,95.77,direct,direct,direct
cust_32b13afc,2024-07,2024-07,0,paid,2024-07-12 11:33:29,2024-07-12 11:33:29,1,214.32,meta,cpc,meta_campaign_6
cust_32fe7455,2024-12,2024-12,0,paid,2024-12-09 15:45:59,2024-12-09 15:45:59,1,105.92,tiktok,cpc,tiktok_campaign_5
cust_3302f2a1,2024-05,2024-05,0,paid,2024-05-03 16:38:18,2024-05-03 16:38:18,1,151.28,organic,organic,direct
cust_3306a4e4,2024-11,2024-11,0,paid,2024-11-11 20:50:35,2024-11-11 20:50:35,1,87.84,organic,organic,direct
cust_3324ded5,2024-05,2024-05,0,paid,2024-05-05 09:06:44,2024-05-05 09:06:44,1,42.51,google,cpc,google_campaign_6
cust_3339e988,2024-12,2024-12,0,paid,2024-12-08 21:14:52,2024-12-08 21:14:52,1,33.49,direct,direct,direct
cust_333f85d1,2024-12,2024-12,0,paid,2024-12-05 20:03:54,2024-12-05 20:03:54,1,203.91,organic,organic,direct
cust_334ca58b,2024-09,2024-09,0,paid,2024-09-19 09:11:29,2024-09-19 09:11:29,1,32.91,direct,direct,direct
cust_33515331,2024-02,2024-02,0,paid,2024-02-05 18:28:00,2024-02-05 18:28:00,1,183.56,organic,organic,direct
cust_33888fac,2024-07,2024-07,0,paid,2024-07-13 11:41:06,2024-07-13 11:41:06,1,38.84,direct,direct,direct
cust_339cddd3,2024-03,2024-03,0,paid,2024-03-15 20:38:30,2024-03-15 20:38:30,1,163.92,tiktok,cpc,tiktok_campaign_18
cust_33ba2f27,2024-11,2024-11,0,paid,2024-11-06 14:04:34,2024-11-06 14:04:34,1,17.54,google,cpc,google_campaign_9
cust_33c19a2f,2024-08,2024-08,0,paid,2024-08-25 19:29:54,2024-08-25 19:29:54,1,29.19,organic,organic,direct
cust_352cecd6,2024-04,2024-04,0,paid,2024-04-10 14:02:35,2024-04-10 14:02:35,1,68.4,meta,cpc,meta_campaign_6
cust_3554ecaa,2024-03,2024-03,0,paid,2024-03-03 12:22:04,2024-03-03 12:22:04,1,59.17,email,email,email_campaign_3
cust_355b36b4,2024-09,2024-09,0,paid,2024-09-11 09:32:23,2024-09-11 09:32:23,1,85.09,tiktok,cpc,tiktok_campaign_13
cust_356f320b,2024-07,2024-07,0,paid,2024-07-05 17:39:02,2024-07-05 17:39:02,1,206.53,google,cpc,google_campaign_19
cust_359c4f28,2024-12,2024-12,0,paid,2024-12-05 15:33:15,2024-12-05 15:33:15,1,39.5,direct,direct,direct
cust_35a53b3c,2024-01,2024-01,0,paid,2024-01-21 19:54:08,2024-01-21 19:54:08,1,205.82,tiktok,cpc,tiktok_campaign_15
cust_35abe521,2024-11,2024-11,0,paid,2024-11-28 16:59:41,2024-11-28 16:59:41,1,108.62,google,cpc,google_campaign_11
cust_35b83096,2024-08,2024-08,0,paid,2024-08-04 18:19:40,2024-08-04 18:19:40,1,83.84,google,cpc,google_campaign_13
cust_35c7f1e7,2024-03,2024-03,0,paid,2024-03-06 11:34:58,2024-03-06 11:34:58,1,173.32,direct,direct,direct
cust_35c9c637,2024-08,2024-08,0,paid,2024-08-26 22:17:48,2024-08-26 22:17:48,1,82.88,google,cpc,google_campaign_11
cust_35dbd927,2024-10,2024-10,0,paid,2024-10-16 19:47:22,2024-10-16 19:47:22,1,89.45,organic,organic,direct
cust_36120c3a,2024-05,2024-05,0,paid,2024-05-20 19:12:32,2024-05-20 19:12:32,1,82.3,tiktok,cpc,tiktok_campaign_2
cust_36163fd4,2024-12,2024-12,0,paid,2024-12-02 10:22:53,2024-12-02 10:22:53,1,211.25,meta,cpc,meta_campaign_12
cust_362ea706,2024-02,2024-02,0,paid,2024-02-28 12:26:02,2024-02-28 12:26:02,1,140.47,meta,cpc,meta_campaign_19
cust_36437f22,2024-11,2024-11,0,paid,2024-11-04 15:50:35,2024-11-04 15:50:35,1,33.64,google,cpc,google_campaign_9
cust_3674ae3a,2024-11,2024-11,0,paid,2024-11-13 12:21:42,2024-11-13 12:21:42,1,238.05,organic,organic,direct
cust_367b656d,2024-04,2024-04,0,paid,2024-04-25 06:21:18,2024-04-25 06:21:18,1,81.07,direct,direct,direct
cust_367eddb6,2024-08,2024-08,0,paid,2024-08-08 10:12:20,2024-08-08 10:12:20,1,31.49,organic,organic,direct
cust_36949f72,2024-03,2024-03,0,paid,2024-03-03 12:42:10,2024-03-03 12:42:10,1,37.1,meta,cpc,meta_campaign_17
cust_36a6d6fd,2024-11,2024-11,0,paid,2024-11-27 14:06:53,2024-11-27 14:06:53,1,155.92,email,email,email_campaign_6
cust_36babd2f,2024-09,2024-09,0,paid,2024-09-28 11:02:07,2024-09-28 11:02:07,1,182.98,direct,direct,direct
cust_36fd3c58,2024-12,2024-12,0,paid,2024-12-22 06:51:34,2024-12-22 06:51:34,1,136.67,direct,direct,direct
cust_36fdc734,2024-09,2024-09,0,paid,2024-09-04 12:19:25,2024-09-04 12:19:25,1,66.97,direct,direct,direct
cust_372fafc7,2024-03,2024-03,0,paid,2024-03-25 10:38:18,2024-03-25 10:38:18,1,76.3,email,email,email_campaign_3
cust_373c6bf8,2024-01,2024-01,0,paid,2024-01-09 20:16:56,2024-01-09 20:16:56,1,88.86,tiktok,cpc,tiktok_campaign_3
cust_374845fd,2024-07,2024-07,0,paid,2024-07-25 11:55:28,2024-07-25 11:55:28,1,349.33,meta,cpc,meta_campaign_12
cust_376cd9ad,2024-10,2024-10,0,paid,2024-10-04 16:42:45,2024-10-04 16:42:45,1,34.19,direct,direct,direct
cust_3772c3df,2024-01,2024-01,0,paid,2024-01-15 19:37:05,2024-01-15 19:37:05,1,81.79,organic,organic,direct
cust_379db5ab,2024-08,2024-08,0,paid,2024-08-03 08:24:28,2024-08-03 08:24:28,1,415.49,google,cpc,google_campaign_7
cust_37b45751,2024-09,2024-09,0,paid,2024-09-07 12:54:58,2024-09-07 12:54:58,1,82.08,meta,cpc,meta_campaign_2
cust_37bd6595,2024-06,2024-06,0,paid,2024-06-09 20:35:02,2024-06-09 20:35:02,1,390.2,direct,direct,direct
cust_37e79090,2024-11,2024-11,0,paid,2024-11-10 20:55:34,2024-11-10 20:55:34,1,147.08,direct,direct,direct
cust_37f6bb47,2024-07,2024-07,0,paid,2024-07-24 15:46:02,2024-07-24 15:46:02,1,123.21,tiktok,cpc,tiktok_campaign_13
cust_383d4825,2024-10,2024-10,0,paid,2024-10-04 19:43:41,2024-10-04 19:43:41,1,160.47,direct,direct,direct
cust_38403de1,2024-02,2024-02,0,paid,2024-02-28 19:01:22,2024-02-28 19:01:22,1,364.66,email,email,email_campaign_2
cust_387a3c66,2024-11,2024-11,0,paid,2024-11-07 11:55:10,2024-11-07 11:55:10,1,60.41,direct,direct,direct
cust_3883e299,2024-07,2024-07,0,paid,2024-07-26 09:32:10,2024-07-26 09:32:10,1,131.59,tiktok,cpc,tiktok_campaign_4
cust_38870c6f,2024-09,2024-09,0,paid,2024-09-17 21:27:29,2024-09-17 21:27:29,1,104.02,google,cpc,google_campaign_5
cust_388c0dc0,2024-06,2024-06,0,paid,2024-06-28 00:47:59,2024-06-28 00:47:59,1,85.17,email,email,email_campaign_6
cust_38cac146,2024-08,2024-08,0,paid,2024-08-25 16:25:02,2024-08-25 16:25:02,1,127.35,direct,direct,direct
cust_38d4a8c6,2024-02,2024-02,0,paid,2024-02-29 22:56:13,2024-02-29 22:56:13,1,183.1,direct,direct,direct
cust_38f74949,2024-04,2024-04,0,paid,2024-04-26 21:26:25,2024-04-26 21:26:25,1,97.89,email,email,email_campaign_8
cust_39155d9f,2024-02,2024-02,0,paid,2024-02-15 14:46:19,2024-02-15 14:46:19,1,63.92,direct,direct,direct
cust_39341fed,2024-04,2024-04,0,paid,2024-04-28 10:05:15,2024-04-28 10:05:15,1,49.83,email,email,email_campaign_6
cust_3938f386,2024-12,2024-12,0,paid,2024-12-25 13:06:05,2024-12-25 13:06:05,1,197.67,direct,direct,direct
cust_39516c30,2024-04,2024-04,0,paid,2024-04-21 19:49:04,2024-04-21 19:49:04,1,103.14,direct,direct,direct
cust_395d2022,2024-11,2024-11,0,paid,2024-11-25 06:50:42,2024-11-25 06:50:42,1,21.47,tiktok,cpc,tiktok_campaign_7
cust_396abae7,2024-06,2024-06,0,paid,2024-06-02 19:30:57,2024-06-02 19:30:57,1,405.67,google,cpc,google_campaign_8
cust_3985f7d3,2024-01,2024-01,0,paid,2024-01-18 00:16:31,2024-01-18 00:16:31,1,71.42,meta,cpc,meta_campaign_19
cust_39d937d7,2024-04,2024-04,0,paid,2024-04-12 12:17:00,2024-04-12 12:17:00,1,286.99,google,cpc,google_campaign_2
cust_39f8bcd8,2024-01,2024-01,0,paid,2024-01-05 08:46:45,2024-01-05 08:46:45,1,58.49,direct,direct,direct
cust_3a003a32,2024-10,2024-10,0,paid,2024-10-08 12:58:04,2024-10-08 12:58:04,1,84.04,direct,direct,direct
cust_3a01d269,2024-12,2024-12,0,paid,2024-12-08 16:37:11,2024-12-08 16:37:11,1,34.97,direct,direct,direct
cust_3a459051,2024-01,2024-01,0,paid,2024-01-07 14:18:11,2024-01-07 14:18:11,1,52.29,meta,cpc,meta_campaign_1
cust_3a5aa5b7,2024-07,2024-07,0,paid,2024-07-18 19:44:21,2024-07-18 19:44:21,1,179.95,tiktok,cpc,tiktok_campaign_14
cust_3a7486e4,2024-07,2024-07,0,paid,2024-07-14 19:20:54,2024-07-14 19:20:54,1,94.99,direct,direct,direct
cust_3a91347d,2024-06,2024-06,0,paid,2024-06-07 04:37:22,2024-06-07 04:37:22,1,84.56,direct,direct,direct
cust_3a948c14,2024-10,2024-10,0,paid,2024-10-02 08:14:43,2024-10-02 08:14:43,1,39.73,direct,direct,direct
cust_3a99b4bb,2024-11,2024-11,0,paid,2024-11-10 18:37:58,2024-11-10 18:37:58,1,130.46,google,cpc,google_campaign_11
cust_3aafdea2,2024-01,2024-01,0,paid,2024-01-12 20:40:45,2024-01-12 20:40:45,1,26.9,google,cpc,google_campaign_6
cust_3abd6ff2,2024-03,2024-03,0,paid,2024-03-20 11:42:08,2024-03-20 11:42:08,1,89.25,direct,direct,direct
cust_3ac4f63a,2024-01,2024-01,0,paid,2024-01-29 15:46:42,2024-01-29 15:46:42,1,200.27,direct,direct,direct
cust_3af65304,2024-09,2024-09,0,paid,2024-09-15 17:00:14,2024-09-15 17:00:14,1,74.83,direct,direct,direct
cust_3af93329,2024-05,2024-05,0,paid,2024-05-15 10:07:58,2024-05-15 10:07:58,1,119.73,meta,cpc,meta_campaign_5
cust_3b7aef7d,2024-05,2024-05,0,paid,2024-05-23 14:51:48,2024-05-23 14:51:48,1,54.11,meta,cpc,meta_campaign_1
cust_3bae3f15,2024-01,2024-01,0,paid,2024-01-14 09:05:47,2024-01-14 09:05:47,1,40.71,tiktok,cpc,tiktok_campaign_4
cust_3bc98014,2024-12,2024-12,0,paid,2024-12-08 06:15:47,2024-12-08 06:15:47,1,81.66,direct,direct,direct
cust_3c00f392,2024-11,2024-11,0,paid,2024-11-22 22:20:02,2024-11-22 22:20:02,1,145.3,email,email,email_campaign_2
cust_3c0bb47e,2024-11,2024-11,0,paid,2024-11-28 09:36:29,2024-11-28 09:36:29,1,111.01,direct,direct,direct
cust_3c48bd74,2024-03,2024-03,0,paid,2024-03-09 15:11:58,2024-03-09 15:11:58,1,153.72,meta,cpc,meta_campaign_4
cust_3c538b48,2024-01,2024-01,0,paid,2024-01-16 22:05:33,2024-01-16 22:05:33,1,68.45,google,cpc,google_campaign_4
cust_3c55f2df,2024-06,2024-06,0,paid,2024-06-22 12:38:53,2024-06-22 12:38:53,1,94.98,meta,cpc,meta_campaign_14
cust_3c6b3451,2024-08,2024-08,0,paid,2024-08-02 14:13:30,2024-08-02 14:13:30,1,80.79,email,email,email_campaign_7
cust_3caade98,2024-07,2024-07,0,paid,2024-07-01 15:05:07,2024-07-01 15:05:07,1,48.16,direct,direct,direct
cust_3cad6395,2024-03,2024-03,0,paid,2024-03-15 21:43:50,2024-03-15 21:43:50,1,129.66,organic,organic,direct
cust_3cd9db5b,2024-01,2024-01,0,paid,2024-01-22 15:05:25,2024-01-22 15:05:25,1,35.93,direct,direct,direct
cust_3d10f1fe,2024-04,2024-04,0,paid,2024-04-20 09:09:10,2024-04-20 09:09:10,1,75.79,tiktok,cpc,tiktok_campaign_10
cust_3d68d984,2024-04,2024-04,0,paid,2024-04-18 12:48:18,2024-04-18 12:48:18,1,166.56,direct,direct,direct
cust_3d6dbb7a,2024-05,2024-05,0,paid,2024-05-27 23:44:37,2024-05-27 23:44:37,1,64.21,google,cpc,google_campaign_1
cust_3d7a8058,2024-12,2024-12,0,paid,2024-12-09 22:12:42,2024-12-09 22:12:42,1,114.28,organic,organic,direct
cust_3d944831,2024-09,2024-09,0,paid,2024-09-03 21:16:36,2024-09-03 21:16:36,1,82.27,tiktok,cpc,tiktok_campaign_6
cust_3db664e4,2024-04,2024-04,0,paid,2024-04-17 06:33:15,2024-04-17 06:33:15,1,129.23,direct,direct,direct
cust_3dbf5443,2024-09,2024-09,0,paid,2024-09-08 08:12:54,2024-09-08 08:12:54,1,69.74,tiktok,cpc,tiktok_campaign_16
cust_3dfdfadf,2024-02,2024-02,0,paid,2024-02-12 20:24:51,2024-02-12 20:24:51,1,50.66,direct,direct,direct
cust_3e279000,2024-11,2024-11,0,paid,2024-11-02 17:32:55,2024-11-02 17:32:55,1,98.43,email,email,email_campaign_4
cust_3e40b4c3,2024-12,2024-12,0,paid,2024-12-30 22:42:29,2024-12-30 22:42:29,1,30.26,meta,cpc,meta_campaign_4
cust_3e6685ba,2024-03,2024-03,0,paid,2024-03-03 19:47:18,2024-03-03 19:47:18,1,55.96,tiktok,cpc,tiktok_campaign_14
cust_3eae911f,2024-08,2024-08,0,paid,2024-08-11 23:48:51,2024-08-11 23:48:51,1,63.72,direct,direct,direct
cust_3f0a64ca,2024-03,2024-03,0,paid,2024-03-25 19:53:14,2024-03-25 19:53:14,1,224.36,direct,direct,direct
cust_3f498256,2024-01,2024-01,0,paid,2024-01-13 21:48:30,2024-01-13 21:48:30,1,31.71,direct,direct,direct
cust_3f51e764,2024-05,2024-05,0,paid,2024-05-05 18:43:25,2024-05-05 18:43:25,1,190.02,organic,organic,direct
cust_3f76f493,2024-09,2024-09,0,paid,2024-09-30 12:31:37,2024-09-30 12:31:37,1,75.33,email,email,email_campaign_1
cust_3fa2afb9,2024-03,2024-03,0,paid,2024-03-04 20:47:00,2024-03-04 20:47:00,1,214.62,email,email,email_campaign_9
cust_3fa8b4d0,2024-10,2024-10,0,paid,2024-10-17 07:00:44,2024-10-17 07:00:44,1,62.19,meta,cpc,meta_campaign_1
cust_3fad1efa,2024-10,2024-10,0,paid,2024-10-26 11:16:46,2024-10-26 11:16:46,1,333.48,meta,cpc,meta_campaign_7
cust_3fc7cc42,2024-04,2024-04,0,paid,2024-04-14 21:11:29,2024-04-14 21:11:29,1,162.76,direct,direct,direct
cust_3fcc9b13,2024-04,2024-04,0,paid,2024-04-30 13:14:43,2024-04-30 13:14:43,1,79.34,direct,direct,direct
cust_3fd68d73,2024-06,2024-06,0,paid,2024-06-18 14:05:58,2024-06-18 14:05:58,1,105.77,organic,organic,direct
cust_3fe1bf14,2024-07,2024-07,0,paid,2024-07-23 15:33:03,2024-07-23 15:33:03,1,81.2,meta,cpc,meta_campaign_12
cust_3ff57d47,2024-01,2024-01,0,paid,2024-01-20 07:34:31,2024-01-20 07:34:31,1,64.8,tiktok,cpc,tiktok_campaign_11
cust_40079784,2024-02,2024-02,0,paid,2024-02-04 07:54:50,2024-02-04 07:54:50,1,95.32,direct,direct,direct
cust_40145348,2024-11,2024-11,0,paid,2024-11-26 15:50:43,2024-11-26 15:50:43,1,104.4,organic,organic,direct
cust_40341e21,2024-11,2024-11,0,paid,2024-11-24 13:56:13,2024-11-24 13:56:13,1,184.41,organic,organic,direct
cust_403d66a9,2024-11,2024-11,0,paid,2024-11-03 19:21:11,2024-11-03 19:21:11,1,186.95,direct,direct,direct
cust_40573e96,2024-09,2024-09,0,paid,2024-09-16 07:54:16,2024-09-16 07:54:16,1,57.82,organic,organic,direct
cust_405c2206,2024-02,2024-02,0,paid,2024-02-14 05:31:06,2024-02-14 05:31:06,1,86.75,direct,direct,direct
cust_409ee84f,2024-07,2024-07,0,paid,2024-07-31 20:47:17,2024-07-31 20:47:17,1,48.58,tiktok,cpc,tiktok_campaign_2
cust_40fea9cf,2024-09,2024-09,0,paid,2024-09-29 17:46:42,2024-09-29 17:46:42,1,116.01,tiktok,cpc,tiktok_campaign_6
cust_41d5392a,2024-10,2024-10,0,paid,2024-10-22 13:39:51,2024-10-22 13:39:51,1,82.18,direct,direct,direct
cust_421d0f3a,2024-06,2024-06,0,paid,2024-06-17 13:11:27,2024-06-17 13:11:27,1,38.52,direct,direct,direct
cust_4228c5d8,2024-07,2024-07,0,paid,2024-07-24 23:46:38,2024-07-24 23:46:38,1,149.07,meta,cpc,meta_campaign_4
cust_4258d82a,2024-09,2024-09,0,paid,2024-09-24 15:17:44,2024-09-24 15:17:44,1,31.37,meta,cpc,meta_campaign_5
cust_4278931a,2024-02,2024-02,0,paid,2024-02-25 19:21:32,2024-02-25 19:21:32,1,68.74,direct,direct,direct
cust_42908f16,2024-10,2024-10,0,paid,2024-10-27 11:30:34,2024-10-27 11:30:34,1,55.88,direct,direct,direct
cust_4294739f,2024-05,2024-05,0,paid,2024-05-19 17:20:38,2024-05-19 17:20:38,1,115.79,direct,direct,direct
cust_42e6ecee,2024-03,2024-03,0,paid,2024-03-01 15:13:00,2024-03-01 15:13:00,1,83.93,direct,direct,direct
cust_4313fe11,2024-09,2024-09,0,paid,2024-09-19 11:23:05,2024-09-19 11:23:05,1,36.45,organic,organic,direct
cust_433a59ce,2024-05,2024-05,0,paid,2024-05-22 18:26:09,2024-05-22 18:26:09,1,252.94,google,cpc,google_campaign_17
cust_43793bf7,2024-08,2024-08,0,paid,2024-08-07 13:24:19,2024-08-07 13:24:19,1,103.79,direct,direct,direct
cust_43a14cc8,2024-03,2024-03,0,paid,2024-03-09 19:22:29,2024-03-09 19:22:29,1,114.5,meta,cpc,meta_campaign_16
cust_43a752cb,2024-03,2024-03,0,paid,2024-03-11 20:15:20,2024-03-11 20:15:20,1,106.76,google,cpc,google_campaign_9
cust_43d427fc,2024-09,2024-09,0,paid,2024-09-21 13:50:05,2024-09-21 13:50:05,1,51.47,organic,organic,direct
cust_43d76d6b,2024-10,2024-10,0,paid,2024-10-05 19:08:33,2024-10-05 19:08:33,1,159.29,meta,cpc,meta_campaign_3
cust_43fbd1d1,2024-05,2024-05,0,paid,2024-05-04 13:12:45,2024-05-04 13:12:45,1,94.22,organic,organic,direct
cust_4480e514,2024-08,2024-08,0,paid,2024-08-11 10:24:53,2024-08-11 10:24:53,1,39.66,google,cpc,google_campaign_11
cust_44966d81,2024-10,2024-10,0,paid,2024-10-21 19:44:25,2024-10-21 19:44:25,1,38.71,tiktok,cpc,tiktok_campaign_18
cust_44ac7b60,2024-03,2024-03,0,paid,2024-03-04 11:35:58,2024-03-04 11:35:58,1,131.12,google,cpc,google_campaign_2
cust_44affb2a,2024-03,2024-03,0,paid,2024-03-31 16:26:41,2024-03-31 16:26:41,1,38.79,direct,direct,direct
cust_44b4450e,2024-09,2024-09,0,paid,2024-09-06 08:13:22,2024-09-06 08:13:22,1,175.14,direct,direct,direct
cust_44ffb703,2024-10,2024-10,0,paid,2024-10-14 10:01:09,2024-10-14 10:01:09,1,91.92,organic,organic,direct
cust_4504fe47,2024-11,2024-11,0,paid,2024-11-27 22:33:27,2024-11-27 22:33:27,1,158.69,meta,cpc,meta_campaign_12
cust_452b93f6,2024-05,2024-05,0,paid,2024-05-03 21:16:45,2024-05-03 21:16:45,1,63.32,tiktok,cpc,tiktok_campaign_14
cust_452d0a1f,2024-02,2024-02,0,paid,2024-02-22 21:54:07,2024-02-22 21:54:07,1,414.23,direct,direct,direct
cust_4556c0be,2024-02,2024-02,0,paid,2024-02-18 10:26:09,2024-02-18 10:26:09,1,34.48,direct,direct,direct
cust_45792ea1,2024-09,2024-09,0,paid,2024-09-09 12:45:44,2024-09-09 12:45:44,1,110.56,direct,direct,direct
cust_45cb4344,2024-02,2024-02,0,paid,2024-02-04 11:45:00,2024-02-04 11:45:00,1,115.5,direct,direct,direct
cust_462223c5,2024-08,2024-08,0,paid,2024-08-23 22:04:41,2024-08-23 22:04:41,1,67.7,google,cpc,google_campaign_10
cust_4655debe,2024-10,2024-10,0,paid,2024-10-31 17:55:45,2024-10-31 17:55:45,1,57.31,direct,direct,direct
cust_46c0217f,2024-11,2024-11,0,paid,2024-11-02 15:19:10,2024-11-02 15:19:10,1,79.25,direct,direct,direct
cust_46e216e6,2024-01,2024-01,0,paid,2024-01-07 11:43:41,2024-01-07 11:43:41,1,187.47,meta,cpc,meta_campaign_9
cust_46f943ee,2024-02,2024-02,0,paid,2024-02-07 15:47:12,2024-02-07 15:47:12,1,81.82,direct,direct,direct
cust_47207973,2024-03,2024-03,0,paid,2024-03-31 15:02:01,2024-03-31 15:02:01,1,47.63,direct,direct,direct
cust_4738e31e,2024-11,2024-11,0,paid,2024-11-22 09:44:47,2024-11-22 09:44:47,1,117.24,tiktok,cpc,tiktok_campaign_17
cust_47441717,2024-11,2024-11,0,paid,2024-11-24 10:43:12,2024-11-24 10:43:12,1,104.51,meta,cpc,meta_campaign_16
cust_47749a04,2024-03,2024-03,0,paid,2024-03-11 09:42:26,2024-03-11 09:42:26,1,73.06,google,cpc,google_campaign_12
cust_4793b89b,2024-10,2024-10,0,paid,2024-10-01 09:26:20,2024-10-01 09:26:20,1,80.72,organic,organic,direct
cust_47f6b496,2024-10,2024-10,0,paid,2024-10-13 19:02:39,2024-10-13 19:02:39,1,393.94,google,cpc,google_campaign_17
cust_47fbdbb6,2024-11,2024-11,0,paid,2024-11-11 22:34:39,2024-11-11 22:34:39,1,311.34,direct,direct,direct
cust_4810036b,2024-02,2024-02,0,paid,2024-02-01 21:31:10,2024-02-01 21:31:10,1,160.31,direct,direct,direct
cust_4812ce8b,2024-01,2024-01,0,paid,2024-01-11 11:31:21,2024-01-11 11:31:21,1,32.48,direct,direct,direct
cust_482969ca,2024-11,2024-11,0,paid,2024-11-13 17:08:43,2024-11-13 17:08:43,1,355.86,direct,direct,direct
cust_489c1d00,2024-04,2024-04,0,paid,2024-04-11 21:15:02,2024-04-11 21:15:02,1,133.27,direct,direct,direct
cust_48aeafd3,2024-01,2024-01,0,paid,2024-01-26 23:05:18,2024-01-26 23:05:18,1,54.88,direct,direct,direct
cust_48aeb936,2024-11,2024-11,0,paid,2024-11-27 08:34:50,2024-11-27 08:34:50,1,267.06,google,cpc,google_campaign_1
cust_48bf1096,2024-05,2024-05,0,paid,2024-05-22 15:55:46,2024-05-22 15:55:46,1,87.07,direct,direct,direct
cust_48cc5362,2024-04,2024-04,0,paid,2024-04-02 18:11:09,2024-04-02 18:11:09,1,56.09,organic,organic,direct
cust_48ce7998,2024-04,2024-04,0,paid,2024-04-22 19:53:52,2024-04-22 19:53:52,1,38.38,direct,direct,direct
cust_48ef6025,2024-07,2024-07,0,paid,2024-07-31 09:51:05,2024-07-31 09:51:05,1,108.2,direct,direct,direct
cust_493e040c,2024-10,2024-10,0,paid,2024-10-16 15:21:25,2024-10-16 15:21:25,1,164.5,google,cpc,google_campaign_9
cust_495a1c4e,2024-11,2024-11,0,paid,2024-11-24 09:49:39,2024-11-24 09:49:39,1,164.53,organic,organic,direct
cust_4999a098,2024-08,2024-08,0,paid,2024-08-03 14:32:41,2024-08-03 14:32:41,1,57.42,organic,organic,direct
cust_49f353ab,2024-08,2024-08,0,paid,2024-08-11 10:27:47,2024-08-11 10:27:47,1,44.36,tiktok,cpc,tiktok_campaign_6
cust_4a0333f2,2024-04,2024-04,0,paid,2024-04-28 12:55:48,2024-04-28 12:55:48,1,63.99,direct,direct,direct
cust_4a6a138d,2024-08,2024-08,0,paid,2024-08-24 18:07:15,2024-08-24 18:07:15,1,55.66,tiktok,cpc,tiktok_campaign_3
cust_4a76773c,2024-03,2024-03,0,paid,2024-03-08 07:35:10,2024-03-08 07:35:10,1,99.54,direct,direct,direct
cust_4aae6265,2024-12,2024-12,0,paid,2024-12-03 15:47:43,2024-12-03 15:47:43,1,187.55,email,email,email_campaign_7
cust_4ab7686e,2024-08,2024-08,0,paid,2024-08-27 13:27:44,2024-08-27 13:27:44,1,88.81,email,email,email_campaign_2
cust_4ac515ac,2024-07,2024-07,0,paid,2024-07-15 09:36:14,2024-07-15 09:36:14,1,100.06,tiktok,cpc,tiktok_campaign_6
cust_4ae4871e,2024-10,2024-10,0,paid,2024-10-17 17:22:17,2024-10-17 17:22:17,1,141.89,meta,cpc,meta_campaign_2
cust_4af3f835,2024-12,2024-12,0,paid,2024-12-03 14:57:17,2024-12-03 14:57:17,1,146.21,google,cpc,google_campaign_14
cust_4b1ca9f2,2024-06,2024-06,0,paid,2024-06-12 19:01:03,2024-06-12 19:01:03,1,44.74,direct,direct,direct
cust_4ba73ce4,2024-09,2024-09,0,paid,2024-09-07 16:50:53,2024-09-07 16:50:53,1,55.45,google,cpc,google_campaign_14
cust_4bee1041,2024-06,2024-06,0,paid,2024-06-17 20:47:46,2024-06-17 20:47:46,1,64.57,google,cpc,google_campaign_17
cust_4bef0a57,2024-03,2024-03,0,paid,2024-03-11 10:10:33,2024-03-11 10:10:33,1,138.84,direct,direct,direct
cust_4bfce2d6,2024-10,2024-10,0,paid,2024-10-04 11:35:54,2024-10-04 11:35:54,1,223.36,email,email,email_campaign_9
cust_4c153a02,2024-09,2024-09,0,paid,2024-09-30 21:32:28,2024-09-30 21:32:28,1,218.9,email,email,email_campaign_3
cust_4c34a0a7,2024-09,2024-09,0,paid,2024-09-14 09:48:47,2024-09-14 09:48:47,1,84.53,direct,direct,direct
cust_4c4e12c3,2024-11,2024-11,0,paid,2024-11-17 15:00:50,2024-11-17 15:00:50,1,85.94,organic,organic,direct
cust_4c82c6d8,2024-09,2024-09,0,paid,2024-09-12 17:17:25,2024-09-12 17:17:25,1,85.23,tiktok,cpc,tiktok_campaign_7
cust_4c9e0863,2024-06,2024-06,0,paid,2024-06-08 19:09:01,2024-06-08 19:09:01,1,116.43,direct,direct,direct
cust_4ca592fa,2024-02,2024-02,0,paid,2024-02-23 20:16:01,2024-02-23 20:16:01,1,84.42,email,email,email_campaign_1
cust_4cd0e0ee,2024-03,2024-03,0,paid,2024-03-27 18:39:46,2024-03-27 18:39:46,1,43.87,email,email,email_campaign_2
cust_4ceea07c,2024-11,2024-11,0,paid,2024-11-30 15:18:09,2024-11-30 15:18:09,1,42.37,tiktok,cpc,tiktok_campaign_16
cust_4d0e8901,2024-09,2024-09,0,paid,2024-09-25 17:41:57,2024-09-25 17:41:57,1,58.91,direct,direct,direct
cust_4d21dd11,2024-12,2024-12,0,paid,2024-12-01 20:59:37,2024-12-01 20:59:37,1,223.18,email,email,email_campaign_1
cust_4d2ff298,2024-10,2024-10,0,paid,2024-10-02 19:57:39,2024-10-02 19:57:39,1,52.67,organic,organic,direct
cust_4d3fd6f6,2024-01,2024-01,0,paid,2024-01-15 20:22:54,2024-01-15 20:22:54,1,103.86,google,cpc,google_campaign_6
cust_4d572588,2024-11,2024-11,0,paid,2024-11-18 00:36:20,2024-11-18 00:36:20,1,49.94,google,cpc,google_campaign_4
cust_4d703475,2024-03,2024-03,0,paid,2024-03-05 09:40:00,2024-03-05 09:40:00,1,44.59,meta,cpc,meta_campaign_8
cust_4dba3950,2024-01,2024-01,0,paid,2024-01-18 23:01:06,2024-01-18 23:01:06,1,101.09,meta,cpc,meta_campaign_14
cust_4dc35d61,2024-12,2024-12,0,paid,2024-12-19 22:25:38,2024-12-19 22:25:38,1,124.24,direct,direct,direct
cust_4e00f574,2024-11,2024-11,0,paid,2024-11-11 21:27:48,2024-11-11 21:27:48,1,89.79,direct,direct,direct
cust_4e02b520,2024-03,2024-03,0,paid,2024-03-11 21:49:41,2024-03-11 21:49:41,1,38.87,direct,direct,direct
cust_4e18c283,2024-07,2024-07,0,paid,2024-07-06 13:48:51,2024-07-06 13:48:51,1,28.4,direct,direct,direct
cust_4e18c283,2024-07,2024-12,5,paid,2024-12-15 08:20:56,2024-12-15 08:20:56,1,176.71,direct,direct,direct
cust_4e1efdc9,2024-01,2024-01,0,paid,2024-01-22 18:25:02,2024-01-22 18:25:02,1,46.77,direct,direct,direct
cust_4e28273f,2024-10,2024-10,0,paid,2024-10-15 09:10:36,2024-10-15 09:10:36,1,102.79,direct,direct,direct
cust_4e30df49,2024-12,2024-12,0,paid,2024-12-11 20:03:31,2024-12-11 20:03:31,1,78.41,direct,direct,direct
cust_4e478ce8,2024-11,2024-11,0,paid,2024-11-21 14:53:59,2024-11-21 14:53:59,1,45.44,direct,direct,direct
cust_4e65c89e,2024-02,2024-02,0,paid,2024-02-06 16:20:28,2024-02-06 16:20:28,1,190.06,meta,cpc,meta_campaign_1
cust_4e68ed1d,2024-12,2024-12,0,paid,2024-12-09 08:38:40,2024-12-09 08:38:40,1,305.14,google,cpc,google_campaign_5
cust_4eabaab6,2024-12,2024-12,0,paid,2024-12-01 12:22:14,2024-12-01 12:22:14,1,64.01,direct,direct,direct
cust_4eacd951,2024-10,2024-10,0,paid,2024-10-27 10:19:49,2024-10-27 10:19:49,1,85.91,organic,organic,direct
cust_4ed1769a,2024-01,2024-01,0,paid,2024-01-15 16:29:06,2024-01-15 16:29:06,1,41.92,google,cpc,google_campaign_2
cust_4f9d4bb7,2024-12,2024-12,0,paid,2024-12-06 20:13:41,2024-12-06 20:13:41,1,78.72,direct,direct,direct
cust_4facebbd,2024-04,2024-04,0,paid,2024-04-04 14:31:15,2024-04-04 14:31:15,1,39.96,google,cpc,google_campaign_10
cust_4fea5294,2024-01,2024-01,0,paid,2024-01-23 10:38:27,2024-01-23 10:38:27,1,73.27,meta,cpc,meta_campaign_19
cust_4ff1f4ce,2024-09,2024-09,0,paid,2024-09-23 09:52:39,2024-09-23 09:52:39,1,68.27,meta,cpc,meta_campaign_13
cust_4ffb98cf,2024-09,2024-09,0,paid,2024-09-16 18:28:19,2024-09-16 18:28:19,1,147.93,meta,cpc,meta_campaign_8
cust_4ffd9b05,2024-02,2024-02,0,paid,2024-02-13 17:57:47,2024-02-13 17:57:47,1,227.4,email,email,email_campaign_4
cust_4ffe288a,2024-02,2024-02,0,paid,2024-02-15 22:20:55,2024-02-15 22:20:55,1,98.1,google,cpc,google_campaign_18
cust_50290544,2024-05,2024-05,0,paid,2024-05-12 11:35:59,2024-05-12 11:35:59,1,43.55,direct,direct,direct
cust_503d721b,2024-12,2024-12,0,paid,2024-12-03 12:13:18,2024-12-03 12:13:18,1,138.66,direct,direct,direct
cust_503dca58,2024-04,2024-04,0,paid,2024-04-11 19:38:43,2024-04-11 19:38:43,1,85.62,direct,direct,direct
cust_5050c3c3,2024-08,2024-08,0,paid,2024-08-29 21:40:03,2024-08-29 21:40:03,1,174.83,organic,organic,direct
cust_5070dcf8,2024-08,2024-08,0,paid,2024-08-20 19:44:22,2024-08-20 19:44:22,1,155.26,direct,direct,direct
cust_50bffc89,2024-06,2024-06,0,paid,2024-06-13 20:11:51,2024-06-13 20:11:51,1,78.25,tiktok,cpc,tiktok_campaign_16
cust_50c32218,2024-04,2024-04,0,paid,2024-04-15 20:50:54,2024-04-15 20:50:54,1,40.62,direct,direct,direct
cust_50d3fde5,2024-08,2024-08,0,paid,2024-08-24 12:59:44,2024-08-24 12:59:44,1,158.74,google,cpc,google_campaign_7
cust_50d48df8,2024-11,2024-11,0,paid,2024-11-24 06:08:48,2024-11-24 06:08:48,1,443.14,google,cpc,google_campaign_1
cust_51233b09,2024-11,2024-11,0,paid,2024-11-30 21:00:37,2024-11-30 21:00:37,1,94.67,direct,direct,direct
cust_51236f88,2024-09,2024-09,0,paid,2024-09-23 19:33:17,2024-09-23 19:33:17,1,68.47,google,cpc,google_campaign_7
cust_512529ee,2024-02,2024-02,0,paid,2024-02-01 08:36:17,2024-02-01 08:36:17,1,283.36,google,cpc,google_campaign_14
cust_5126f8ea,2024-04,2024-04,0,paid,2024-04-26 11:31:49,2024-04-26 11:31:49,1,133.66,direct,direct,direct
cust_516441de,2024-10,2024-10,0,paid,2024-10-29 11:19:19,2024-10-29 11:19:19,1,149.53,organic,organic,direct
cust_516d5fbd,2024-01,2024-01,0,paid,2024-01-11 20:21:48,2024-01-11 20:21:48,1,78.08,email,email,email_campaign_5
cust_517756ae,2024-05,2024-05,0,paid,2024-05-03 19:43:49,2024-05-03 19:43:49,1,144.55,direct,direct,direct
cust_518276c9,2024-07,2024-07,0,paid,2024-07-08 13:52:09,2024-07-08 13:52:09,1,107.2,direct,direct,direct
cust_519281cf,2024-03,2024-03,0,paid,2024-03-22 22:30:57,2024-03-22 22:30:57,1,213.94,google,cpc,google_campaign_16
cust_51a9a0ab,2024-07,2024-07,0,paid,2024-07-12 21:54:43,2024-07-12 21:54:43,1,150.0,direct,direct,direct
cust_51c3aab5,2024-07,2024-07,0,paid,2024-07-24 13:32:27,2024-07-24 13:32:27,1,49.57,organic,organic,direct
cust_51da1a52,2024-06,2024-06,0,paid,2024-06-25 21:24:08,2024-06-25 21:24:08,1,122.37,meta,cpc,meta_campaign_17
cust_51deff71,2024-03,2024-03,0,paid,2024-03-01 18:51:48,2024-03-01 18:51:48,1,29.41,google,cpc,google_campaign_5
cust_5217167b,2024-07,2024-07,0,paid,2024-07-13 18:25:51,2024-07-13 18:25:51,1,62.68,meta,cpc,meta_campaign_11
cust_525a05ba,2024-06,2024-06,0,paid,2024-06-28 08:22:33,2024-06-28 08:22:33,1,80.88,meta,cpc,meta_campaign_6
cust_5264c625,2024-05,2024-05,0,paid,2024-05-08 05:31:23,2024-05-08 05:31:23,1,81.9,direct,direct,direct
cust_528354e6,2024-02,2024-02,0,paid,2024-02-19 21:11:00,2024-02-19 21:11:00,1,74.85,direct,direct,direct
cust_52979fb8,2024-06,2024-06,0,paid,2024-06-09 10:37:46,2024-06-09 10:37:46,1,48.53,meta,cpc,meta_campaign_5
cust_52b698d2,2024-07,2024-07,0,paid,2024-07-09 13:33:37,2024-07-09 13:33:37,1,53.72,google,cpc,google_campaign_15
cust_52d6f352,2024-05,2024-05,0,paid,2024-05-26 21:42:02,2024-05-26 21:42:02,1,210.4,direct,direct,direct
cust_5317a98c,2024-03,2024-03,0,paid,2024-03-15 05:04:25,2024-03-15 05:04:25,1,83.89,google,cpc,google_campaign_1
cust_531dddf6,2024-10,2024-10,0,paid,2024-10-27 13:23:24,2024-10-27 13:23:24,1,97.42,direct,direct,direct
cust_53885061,2024-05,2024-05,0,paid,2024-05-22 18:26:04,2024-05-22 18:26:04,1,75.95,tiktok,cpc,tiktok_campaign_9
cust_538caa8e,2024-04,2024-04,0,paid,2024-04-23 09:43:39,2024-04-23 09:43:39,1,89.08,direct,direct,direct
cust_5395703c,2024-01,2024-01,0,paid,2024-01-28 07:40:24,2024-01-28 07:40:24,1,40.74,meta,cpc,meta_campaign_5
cust_53a482bd,2024-06,2024-06,0,paid,2024-06-05 20:12:29,2024-06-05 20:12:29,1,22.78,direct,direct,direct
cust_53b80301,2024-10,2024-10,0,paid,2024-10-12 07:55:56,2024-10-12 07:55:56,1,36.21,direct,direct,direct
cust_53c003c8,2024-06,2024-06,0,paid,2024-06-12 22:07:19,2024-06-12 22:07:19,1,84.29,tiktok,cpc,tiktok_campaign_18
cust_53e71db5,2024-03,2024-03,0,paid,2024-03-29 07:48:56,2024-03-29 07:48:56,1,99.74,direct,direct,direct
cust_540e9723,2024-10,2024-10,0,paid,2024-10-14 15:25:45,2024-10-14 15:25:45,1,81.23,direct,direct,direct
cust_54791db5,2024-04,2024-04,0,paid,2024-04-10 23:42:01,2024-04-10 23:42:01,1,43.98,google,cpc,google_campaign_14
cust_549a4e1f,2024-11,2024-11,0,paid,2024-11-28 06:25:15,2024-11-28 06:25:15,1,182.76,tiktok,cpc,tiktok_campaign_2
cust_54bbd08c,2024-02,2024-02,0,paid,2024-02-02 06:53:13,2024-02-02 06:53:13,1,49.02,direct,direct,direct
cust_55296640,2024-12,2024-12,0,paid,2024-12-17 21:26:22,2024-12-17 21:26:22,1,110.46,direct,direct,direct
cust_554ca13d,2024-09,2024-09,0,paid,2024-09-12 17:07:10,2024-09-12 17:07:10,1,62.83,tiktok,cpc,tiktok_campaign_18
cust_556aaaae,2024-12,2024-12,0,paid,2024-12-21 13:33:30,2024-12-21 13:33:30,1,213.45,direct,direct,direct
cust_5577ead9,2024-09,2024-09,0,paid,2024-09-09 08:10:14,2024-09-09 08:10:14,1,115.11,google,cpc,google_campaign_7
cust_5585e274,2024-11,2024-11,0,paid,2024-11-08 09:15:08,2024-11-08 09:15:08,1,51.89,direct,direct,direct
cust_5606f1c7,2024-05,2024-05,0,paid,2024-05-26 11:33:50,2024-05-26 11:33:50,1,50.26,meta,cpc,meta_campaign_3
cust_562eeb63,2024-07,2024-07,0,paid,2024-07-04 14:49:14,2024-07-04 14:49:14,1,114.95,google,cpc,google_campaign_9
cust_5632b698,2024-07,2024-07,0,paid,2024-07-14 00:40:34,2024-07-14 00:40:34,1,173.24,google,cpc,google_campaign_2
cust_5650a6c1,2024-03,2024-03,0,paid,2024-03-03 19:04:04,2024-03-03 19:04:04,1,115.91,direct,direct,direct
cust_566ce6ab,2024-06,2024-06,0,paid,2024-06-02 19:27:05,2024-06-02 19:27:05,1,71.92,meta,cpc,meta_campaign_17
cust_567ca1a1,2024-02,2024-02,0,paid,2024-02-11 18:30:16,2024-02-11 18:30:16,1,46.01,google,cpc,google_campaign_3
cust_568b21ce,2024-07,2024-07,0,paid,2024-07-29 07:26:07,2024-07-29 07:26:07,1,52.1,direct,direct,direct
cust_56975729,2024-08,2024-08,0,paid,2024-08-12 12:06:00,2024-08-12 12:06:00,1,149.87,google,cpc,google_campaign_15
cust_56c5fd8a,2024-04,2024-04,0,paid,2024-04-26 20:38:38,2024-04-26 20:38:38,1,88.14,google,cpc,google_campaign_15
cust_56e3ebb9,2024-04,2024-04,0,paid,2024-04-27 10:02:01,2024-04-27 10:02:01,1,39.49,direct,direct,direct
cust_56f06f45,2024-03,2024-03,0,paid,2024-03-28 08:08:11,2024-03-28 08:08:11,1,135.84,meta,cpc,meta_campaign_10
cust_56f106b1,2024-04,2024-04,0,paid,2024-04-30 17:09:13,2024-04-30 17:09:13,1,37.77,direct,direct,direct
cust_5705ecbc,2024-04,2024-04,0,paid,2024-04-28 21:38:05,2024-04-28 21:38:05,1,45.92,google,cpc,google_campaign_7
cust_5707a0fa,2024-12,2024-12,0,paid,2024-12-09 07:35:11,2024-12-09 07:35:11,1,22.34,meta,cpc,meta_campaign_1
cust_57100401,2024-04,2024-04,0,paid,2024-04-17 01:25:14,2024-04-17 01:25:14,1,74.49,organic,organic,direct
cust_575344f5,2024-08,2024-08,0,paid,2024-08-06 13:52:21,2024-08-06 13:52:21,1,81.78,google,cpc,google_campaign_2
cust_575cf089,2024-03,2024-03,0,paid,2024-03-01 21:06:58,2024-03-01 21:06:58,1,590.4,meta,cpc,meta_campaign_12
cust_5780e783,2024-10,2024-10,0,paid,2024-10-23 20:26:25,2024-10-23 20:26:25,1,40.51,google,cpc,google_campaign_1
cust_57830286,2024-01,2024-01,0,paid,2024-01-11 09:50:36,2024-01-11 09:50:36,1,141.71,organic,organic,direct
cust_578ac5a7,2024-11,2024-11,0,paid,2024-11-22 19:51:28,2024-11-22 19:51:28,1,84.76,tiktok,cpc,tiktok_campaign_16
cust_579668cf,2024-04,2024-04,0,paid,2024-04-11 10:49:51,2024-04-11 10:49:51,1,223.86,direct,direct,direct
cust_5798b21d,2024-12,2024-12,0,paid,2024-12-10 14:14:16,2024-12-10 14:14:16,1,35.89,meta,cpc,meta_campaign_10
cust_57b51941,2024-08,2024-08,0,paid,2024-08-02 12:34:02,2024-08-02 12:34:02,1,68.01,direct,direct,direct
cust_57c6878d,2024-12,2024-12,0,paid,2024-12-17 06:29:06,2024-12-17 06:29:06,1,94.29,tiktok,cpc,tiktok_campaign_15
cust_57e81c37,2024-05,2024-05,0,paid,2024-05-14 14:28:26,2024-05-14 14:28:26,1,39.43,direct,direct,direct
cust_581d79bc,2024-05,2024-05,0,paid,2024-05-30 21:33:15,2024-05-30 21:33:15,1,148.52,meta,cpc,meta_campaign_14
cust_58263ded,2024-02,2024-02,0,paid,2024-02-24 23:21:26,2024-02-24 23:21:26,1,102.7,organic,organic,direct
cust_58385c17,2024-10,2024-10,0,paid,2024-10-22 20:54:35,2024-10-22 20:54:35,1,56.57,direct,direct,direct
cust_5845ab0c,2024-09,2024-09,0,paid,2024-09-22 20:42:24,2024-09-22 20:42:24,1,221.99,organic,organic,direct
cust_58585dd9,2024-05,2024-05,0,paid,2024-05-26 09:55:54,2024-05-26 09:55:54,1,265.43,google,cpc,google_campaign_15
cust_5883b5ca,2024-08,2024-08,0,paid,2024-08-20 17:28:29,2024-08-20 17:28:29,1,319.07,email,email,email_campaign_8
cust_58f59102,2024-04,2024-04,0,paid,2024-04-05 12:26:58,2024-04-05 12:26:58,1,140.99,google,cpc,google_campaign_6
cust_5922ba89,2024-10,2024-10,0,paid,2024-10-08 20:49:35,2024-10-08 20:49:35,1,52.01,direct,direct,direct
cust_59286705,2024-12,2024-12,0,paid,2024-12-19 09:54:40,2024-12-19 09:54:40,1,38.67,direct,direct,direct
cust_593c9a25,2024-11,2024-11,0,paid,2024-11-08 09:08:54,2024-11-08 09:08:54,1,233.83,direct,direct,direct
cust_5946a0cb,2024-04,2024-04,0,paid,2024-04-27 19:07:39,2024-04-27 19:07:39,1,188.19,google,cpc,google_campaign_6
cust_595eedd0,2024-04,2024-04,0,paid,2024-04-23 20:09:24,2024-04-23 20:09:24,1,59.09,organic,organic,direct
cust_596b49c0,2024-03,2024-03,0,paid,2024-03-09 09:32:58,2024-03-09 09:32:58,1,175.89,google,cpc,google_campaign_9
cust_597cc356,2024-03,2024-03,0,paid,2024-03-01 11:44:42,2024-03-01 11:44:42,1,32.1,direct,direct,direct
cust_59ad27b3,2024-08,2024-08,0,paid,2024-08-03 19:42:50,2024-08-03 19:42:50,1,100.6,google,cpc,google_campaign_10
cust_5a0bf653,2024-01,2024-01,0,paid,2024-01-31 09:33:11,2024-01-31 09:33:11,1,192.61,email,email,email_campaign_5
cust_5a21cbe2,2024-04,2024-04,0,paid,2024-04-21 22:39:43,2024-04-21 22:39:43,1,186.42,meta,cpc,meta_campaign_1
cust_5a68ff84,2024-08,2024-08,0,paid,2024-08-30 12:29:56,2024-08-30 12:29:56,1,134.94,email,email,email_campaign_5
cust_5a9f99b1,2024-12,2024-12,0,paid,2024-12-07 20:12:00,2024-12-07 20:12:00,1,130.41,direct,direct,direct
cust_5aaad594,2024-04,2024-04,0,paid,2024-04-20 14:45:17,2024-04-20 14:45:17,1,60.94,direct,direct,direct
cust_5ac00160,2024-02,2024-02,0,paid,2024-02-27 20:53:46,2024-02-27 20:53:46,1,54.47,tiktok,cpc,tiktok_campaign_10
cust_5aca6197,2024-01,2024-01,0,paid,2024-01-15 10:28:18,2024-01-15 10:28:18,1,165.87,tiktok,cpc,tiktok_campaign_9
cust_5ad09ee5,2024-11,2024-11,0,paid,2024-11-25 09:13:32,2024-11-25 09:13:32,1,101.02,direct,direct,direct
cust_5b1e8751,2024-03,2024-03,0,paid,2024-03-23 18:21:12,2024-03-23 18:21:12,1,176.66,organic,organic,direct
cust_5b24625d,2024-12,2024-12,0,paid,2024-12-29 07:33:09,2024-12-29 07:33:09,1,149.06,tiktok,cpc,tiktok_campaign_1
cust_5b83e26a,2024-04,2024-04,0,paid,2024-04-26 13:15:01,2024-04-26 13:15:01,1,87.25,direct,direct,direct
cust_5b9fb11d,2024-08,2024-08,0,paid,2024-08-16 10:09:37,2024-08-16 10:09:37,1,262.68,email,email,email_campaign_2
cust_5bb79b72,2024-07,2024-07,0,paid,2024-07-16 17:49:44,2024-07-16 17:49:44,1,339.5,direct,direct,direct
cust_5bcf96fa,2024-06,2024-06,0,paid,2024-06-09 18:14:27,2024-06-09 18:14:27,1,83.72,meta,cpc,meta_campaign_6
cust_5bd5cd1b,2024-11,2024-11,0,paid,2024-11-16 14:31:37,2024-11-16 14:31:37,1,126.38,direct,direct,direct
cust_5bdfda3a,2024-04,2024-04,0,paid,2024-04-06 08:30:43,2024-04-06 08:30:43,1,89.12,direct,direct,direct
cust_5bfbf5e4,2024-11,2024-11,0,paid,2024-11-24 11:27:19,2024-11-24 11:27:19,1,93.64,meta,cpc,meta_campaign_15
cust_5c08bcd6,2024-07,2024-07,0,paid,2024-07-20 22:16:23,2024-07-20 22:16:23,1,67.48,tiktok,cpc,tiktok_campaign_1
cust_5c59528b,2024-07,2024-07,0,paid,2024-07-24 07:06:04,2024-07-24 07:06:04,1,99.52,direct,direct,direct
cust_5caf0fa0,2024-10,2024-10,0,paid,2024-10-19 12:12:52,2024-10-19 12:12:52,1,73.71,organic,organic,direct
cust_5ceeb5f4,2024-07,2024-07,0,paid,2024-07-20 19:40:39,2024-07-20 19:40:39,1,241.22,direct,direct,direct
cust_5d04536d,2024-09,2024-09,0,paid,2024-09-29 08:02:32,2024-09-29 08:02:32,1,141.71,direct,direct,direct
cust_5d251470,2024-12,2024-12,0,paid,2024-12-10 20:44:49,2024-12-10 20:44:49,1,166.19,tiktok,cpc,tiktok_campaign_18
cust_5d58755e,2024-08,2024-08,0,paid,2024-08-28 19:12:45,2024-08-28 19:12:45,1,51.22,google,cpc,google_campaign_9
cust_5d64f977,2024-05,2024-05,0,paid,2024-05-08 18:27:26,2024-05-08 18:27:26,1,114.69,organic,organic,direct
cust_5d803fe2,2024-08,2024-08,0,paid,2024-08-27 11:12:00,2024-08-27 11:12:00,1,175.27,direct,direct,direct
cust_5dd2dac6,2024-02,2024-02,0,paid,2024-02-16 15:27:10,2024-02-16 15:27:10,1,68.93,organic,organic,direct
cust_5e15b990,2024-04,2024-04,0,paid,2024-04-13 19:23:36,2024-04-13 19:23:36,1,116.94,organic,organic,direct
cust_5ea27ce9,2024-01,2024-01,0,paid,2024-01-31 19:34:53,2024-01-31 19:34:53,1,95.69,google,cpc,google_campaign_3
cust_5ec08b37,2024-11,2024-11,0,paid,2024-11-01 19:17:34,2024-11-01 19:17:34,1,137.19,tiktok,cpc,tiktok_campaign_10
cust_5ec880d8,2024-01,2024-01,0,paid,2024-01-23 17:00:05,2024-01-23 17:00:05,1,81.91,meta,cpc,meta_campaign_7
cust_5f5b5687,2024-03,2024-03,0,paid,2024-03-27 08:41:36,2024-03-27 08:41:36,1,94.33,google,cpc,google_campaign_13
cust_5f604b4a,2024-05,2024-05,0,paid,2024-05-27 21:08:43,2024-05-27 21:08:43,1,36.16,meta,cpc,meta_campaign_18
cust_5f65e693,2024-09,2024-09,0,paid,2024-09-30 19:34:30,2024-09-30 19:34:30,1,96.18,google,cpc,google_campaign_9
cust_5f660968,2024-09,2024-09,0,paid,2024-09-30 17:12:21,2024-09-30 17:12:21,1,137.74,direct,direct,direct
cust_5f7aa210,2024-11,2024-11,0,paid,2024-11-07 03:16:45,2024-11-07 03:16:45,1,91.93,direct,direct,direct
cust_5fa1bae9,2024-04,2024-04,0,paid,2024-04-23 19:24:29,2024-04-23 19:24:29,1,48.11,google,cpc,google_campaign_15
cust_5fabef9f,2024-01,2024-01,0,paid,2024-01-05 21:44:58,2024-01-05 21:44:58,1,150.17,direct,direct,direct
cust_5fba4f2e,2024-10,2024-10,0,paid,2024-10-19 17:27:53,2024-10-19 17:27:53,1,139.86,meta,cpc,meta_campaign_17
cust_6036201b,2024-01,2024-01,0,paid,2024-01-16 19:54:52,2024-01-16 19:54:52,1,100.36,direct,direct,direct
cust_606e96d3,2024-04,2024-04,0,paid,2024-04-18 14:27:01,2024-04-18 14:27:01,1,110.67,direct,direct,direct
cust_6078b557,2024-11,2024-11,0,paid,2024-11-24 19:49:53,2024-11-24 19:49:53,1,88.21,email,email,email_campaign_7
cust_6082dddb,2024-07,2024-07,0,paid,2024-07-21 08:14:26,2024-07-21 08:14:26,1,113.8,direct,direct,direct
cust_60b18aee,2024-10,2024-10,0,paid,2024-10-08 14:30:03,2024-10-08 14:30:03,1,61.45,tiktok,cpc,tiktok_campaign_16
cust_60b30a92,2024-04,2024-04,0,paid,2024-04-30 12:49:01,2024-04-30 12:49:01,1,208.49,direct,direct,direct
cust_60cfbc95,2024-01,2024-01,0,paid,2024-01-07 13:56:45,2024-01-07 13:56:45,1,52.2,meta,cpc,meta_campaign_7
cust_60f98fef,2024-09,2024-09,0,paid,2024-09-30 15:28:59,2024-09-30 15:28:59,1,98.43,tiktok,cpc,tiktok_campaign_19
cust_60fd2f97,2024-12,2024-12,0,paid,2024-12-09 03:23:37,2024-12-09 03:23:37,1,59.36,organic,organic,direct
cust_6102b10e,2024-08,2024-08,0,paid,2024-08-27 21:03:03,2024-08-27 21:03:03,1,273.02,direct,direct,direct
cust_612303b7,2024-09,2024-09,0,paid,2024-09-24 15:39:29,2024-09-24 15:39:29,1,33.34,email,email,email_campaign_6
cust_6151bcf3,2024-10,2024-10,0,paid,2024-10-26 09:36:34,2024-10-26 09:36:34,1,91.17,direct,direct,direct
cust_616ca6a4,2024-12,2024-12,0,paid,2024-12-03 23:25:44,2024-12-03 23:25:44,1,88.08,direct,direct,direct
cust_6173f6dd,2024-12,2024-12,0,paid,2024-12-13 21:25:59,2024-12-13 21:25:59,1,139.75,direct,direct,direct
cust_61a79b83,2024-06,2024-06,0,paid,2024-06-19 17:34:05,2024-06-19 17:34:05,1,38.09,direct,direct,direct
cust_61e9f4b9,2024-09,2024-09,0,paid,2024-09-05 21:25:02,2024-09-05 21:25:02,1,44.95,direct,direct,direct
cust_61ebef6c,2024-06,2024-06,0,paid,2024-06-30 19:35:31,2024-06-30 19:35:31,1,77.19,organic,organic,direct
cust_61ed90e9,2024-06,2024-06,0,paid,2024-06-27 19:07:30,2024-06-27 19:07:30,1,112.48,organic,organic,direct
cust_6208a3b1,2024-03,2024-03,0,paid,2024-03-17 15:43:59,2024-03-17 15:43:59,1,78.79,direct,direct,direct
cust_621c8b45,2024-09,2024-09,0,paid,2024-09-14 10:04:13,2024-09-14 10:04:13,1,53.25,direct,direct,direct
cust_621dcd0f,2024-07,2024-07,0,paid,2024-07-04 07:16:49,2024-07-04 07:16:49,1,74.84,google,cpc,google_campaign_19
cust_625e330c,2024-05,2024-05,0,paid,2024-05-25 12:16:30,2024-05-25 12:16:30,1,101.65,direct,direct,direct
cust_627b1b27,2024-01,2024-01,0,paid,2024-01-18 20:41:46,2024-01-18 20:41:46,1,83.0,direct,direct,direct
cust_62818326,2024-10,2024-10,0,paid,2024-10-04 06:15:35,2024-10-04 06:15:35,1,85.17,direct,direct,direct
cust_6281f48c,2024-02,2024-02,0,paid,2024-02-18 21:11:42,2024-02-18 21:11:42,1,93.08,tiktok,cpc,tiktok_campaign_7
cust_62b648e9,2024-12,2024-12,0,paid,2024-12-04 19:50:21,2024-12-04 19:50:21,1,301.59,meta,cpc,meta_campaign_17
cust_62f593aa,2024-05,2024-05,0,paid,2024-05-20 18:28:23,2024-05-20 18:28:23,1,41.39,google,cpc,google_campaign_17
cust_62fa741d,2024-10,2024-10,0,paid,2024-10-27 07:47:59,2024-10-27 07:47:59,1,101.29,organic,organic,direct
cust_6315f192,2024-10,2024-10,0,paid,2024-10-24 12:47:34,2024-10-24 12:47:34,1,41.55,email,email,email_campaign_3
cust_631c0a98,2024-02,2024-02,0,paid,2024-02-08 12:13:53,2024-02-08 12:13:53,1,99.98,direct,direct,direct
cust_6323ab4b,2024-12,2024-12,0,paid,2024-12-06 00:03:17,2024-12-06 00:03:17,1,116.89,direct,direct,direct
cust_632ba25c,2024-05,2024-05,0,paid,2024-05-14 14:36:57,2024-05-14 14:36:57,1,92.24,direct,direct,direct
cust_63cc3405,2024-11,2024-11,0,paid,2024-11-27 11:31:34,2024-11-27 11:31:34,1,43.79,google,cpc,google_campaign_14
cust_63cc596c,2024-03,2024-03,0,paid,2024-03-17 03:14:13,2024-03-17 03:14:13,1,119.12,organic,organic,direct
cust_63d11874,2024-05,2024-05,0,paid,2024-05-25 09:50:37,2024-05-25 09:50:37,1,109.37,meta,cpc,meta_campaign_5
cust_63ff0e5f,2024-11,2024-11,0,paid,2024-11-18 22:01:30,2024-11-18 22:01:30,1,75.08,direct,direct,direct
cust_64b9c0f9,2024-12,2024-12,0,paid,2024-12-02 22:59:36,2024-12-02 22:59:36,1,69.32,tiktok,cpc,tiktok_campaign_16
cust_64dce7cc,2024-03,2024-03,0,paid,2024-03-22 08:40:01,2024-03-22 08:40:01,1,93.9,organic,organic,direct
cust_6518f04d,2024-12,2024-12,0,paid,2024-12-08 21:20:05,2024-12-08 21:20:05,1,85.4,google,cpc,google_campaign_18
cust_651973c0,2024-02,2024-02,0,paid,2024-02-14 21:27:49,2024-02-14 21:27:49,1,167.85,direct,direct,direct
cust_653282fa,2024-01,2024-01,0,paid,2024-01-31 15:35:46,2024-01-31 15:35:46,1,59.78,google,cpc,google_campaign_19
cust_65499731,2024-09,2024-09,0,paid,2024-09-22 18:33:58,2024-09-22 18:33:58,1,21.3,google,cpc,google_campaign_17
cust_65a5d3ea,2024-06,2024-06,0,paid,2024-06-16 11:25:03,2024-06-16 11:25:03,1,97.8,meta,cpc,meta_campaign_16
cust_65b46c2b,2024-11,2024-11,0,paid,2024-11-25 01:05:51,2024-11-25 01:05:51,1,113.84,direct,direct,direct
cust_65c8f5b2,2024-12,2024-12,0,paid,2024-12-25 16:57:43,2024-12-25 16:57:43,1,47.15,direct,direct,direct
cust_65ce728c,2024-05,2024-05,0,paid,2024-05-24 23:35:37,2024-05-24 23:35:37,1,58.23,google,cpc,google_campaign_6
cust_65d04068,2024-12,2024-12,0,paid,2024-12-02 20:33:16,2024-12-02 20:33:16,1,193.61,google,cpc,google_campaign_2
cust_65deb63c,2024-02,2024-02,0,paid,2024-02-24 09:34:04,2024-02-24 09:34:04,1,84.24,direct,direct,direct
cust_65fad4b9,2024-07,2024-07,0,paid,2024-07-03 15:26:04,2024-07-03 15:26:04,1,62.7,meta,cpc,meta_campaign_1
cust_65feae77,2024-05,2024-05,0,paid,2024-05-20 21:30:42,2024-05-20 21:30:42,1,83.9,direct,direct,direct
cust_66161882,2024-07,2024-07,0,paid,2024-07-21 10:40:59,2024-07-21 10:40:59,1,47.28,tiktok,cpc,tiktok_campaign_14
cust_661dd469,2024-12,2024-12,0,paid,2024-12-02 14:00:11,2024-12-02 14:00:11,1,401.22,direct,direct,direct
cust_6626ce61,2024-11,2024-11,0,paid,2024-11-20 22:29:23,2024-11-20 22:29:23,1,119.6,direct,direct,direct
cust_6647baf7,2024-10,2024-10,0,paid,2024-10-30 08:50:07,2024-10-30 08:50:07,1,258.78,meta,cpc,meta_campaign_1
cust_66a74750,2024-12,2024-12,0,paid,2024-12-13 21:17:06,2024-12-13 21:17:06,1,172.71,google,cpc,google_campaign_10
cust_66f42c6f,2024-01,2024-01,0,paid,2024-01-11 23:44:40,2024-01-11 23:44:40,1,64.63,direct,direct,direct
cust_66f78481,2024-08,2024-08,0,paid,2024-08-30 10:03:31,2024-08-30 10:03:31,1,90.15,tiktok,cpc,tiktok_campaign_9
cust_676e2768,2024-11,2024-11,0,paid,2024-11-27 19:06:14,2024-11-27 19:06:14,1,91.55,direct,direct,direct
cust_679b15b2,2024-09,2024-09,0,paid,2024-09-08 12:42:57,2024-09-08 12:42:57,1,71.08,google,cpc,google_campaign_7
cust_679d2a62,2024-11,2024-11,0,paid,2024-11-05 12:05:26,2024-11-05 12:05:26,1,273.85,direct,direct,direct
cust_67a75099,2024-11,2024-11,0,paid,2024-11-28 19:32:45,2024-11-28 19:32:45,1,72.37,google,cpc,google_campaign_7
cust_67c9dbc4,2024-09,2024-09,0,paid,2024-09-08 08:35:57,2024-09-08 08:35:57,1,44.71,google,cpc,google_campaign_1
cust_683b0350,2024-03,2024-03,0,paid,2024-03-15 20:20:02,2024-03-15 20:20:02,1,116.45,organic,organic,direct
cust_68acc616,2024-09,2024-09,0,paid,2024-09-25 08:34:30,2024-09-25 08:34:30,1,72.72,direct,direct,direct
cust_68c5665b,2024-12,2024-12,0,paid,2024-12-23 09:47:33,2024-12-23 09:47:33,1,91.57,organic,organic,direct
cust_68d87350,2024-11,2024-11,0,paid,2024-11-21 22:08:57,2024-11-21 22:08:57,1,232.5,direct,direct,direct
cust_68dcbd96,2024-10,2024-10,0,paid,2024-10-17 08:30:14,2024-10-17 08:30:14,1,35.46,meta,cpc,meta_campaign_19
cust_68e06755,2024-09,2024-09,0,paid,2024-09-20 10:27:42,2024-09-20 10:27:42,1,145.31,direct,direct,direct
cust_6900dd35,2024-12,2024-12,0,paid,2024-12-14 16:28:04,2024-12-14 16:28:04,1,198.56,direct,direct,direct
cust_6906016c,2024-07,2024-07,0,paid,2024-07-16 10:17:50,2024-07-16 10:17:50,1,327.33,meta,cpc,meta_campaign_3
cust_6913cfc2,2024-03,2024-03,0,paid,2024-03-28 13:37:17,2024-03-28 13:37:17,1,363.66,direct,direct,direct
cust_69c86e2f,2024-10,2024-10,0,paid,2024-10-14 15:28:32,2024-10-14 15:28:32,1,84.59,google,cpc,google_campaign_8
cust_69d7b8fc,2024-08,2024-08,0,paid,2024-08-30 11:41:12,2024-08-30 11:41:12,1,91.88,meta,cpc,meta_campaign_10
cust_69e4ae7d,2024-05,2024-05,0,paid,2024-05-28 13:15:58,2024-05-28 13:15:58,1,72.46,direct,direct,direct
cust_69f1f014,2024-06,2024-06,0,paid,2024-06-05 10:20:10,2024-06-05 10:20:10,1,198.58,organic,organic,direct
cust_69ff4a99,2024-03,2024-03,0,paid,2024-03-27 05:56:29,2024-03-27 05:56:29,1,140.76,google,cpc,google_campaign_14
cust_6a2eb557,2024-07,2024-07,0,paid,2024-07-15 07:28:58,2024-07-15 07:28:58,1,95.21,direct,direct,direct
cust_6a5023a8,2024-03,2024-03,0,paid,2024-03-05 21:28:11,2024-03-05 21:28:11,1,120.78,direct,direct,direct
cust_6a646e9d,2024-08,2024-08,0,paid,2024-08-05 16:18:52,2024-08-05 16:18:52,1,87.16,google,cpc,google_campaign_3
cust_6a6957da,2024-05,2024-05,0,paid,2024-05-14 10:34:08,2024-05-14 10:34:08,1,81.07,direct,direct,direct
cust_6a8c259c,2024-01,2024-01,0,paid,2024-01-21 10:05:56,2024-01-21 10:05:56,1,111.47,meta,cpc,meta_campaign_13
cust_6ad3fd6e,2024-03,2024-03,0,paid,2024-03-25 21:17:13,2024-03-25 21:17:13,1,113.34,direct,direct,direct
cust_6aecb4c7,2024-05,2024-05,0,paid,2024-05-25 19:58:39,2024-05-25 19:58:39,1,63.07,direct,direct,direct
cust_6b18601e,2024-05,2024-05,0,paid,2024-05-31 08:59:48,2024-05-31 08:59:48,1,176.05,google,cpc,google_campaign_16
cust_6b2f1ee2,2024-03,2024-03,0,paid,2024-03-04 11:23:02,2024-03-04 11:23:02,1,25.77,direct,direct,direct
cust_6bb7292a,2024-08,2024-08,0,paid,2024-08-10 15:13:31,2024-08-10 15:13:31,1,118.82,google,cpc,google_campaign_3
cust_6bf551a4,2024-11,2024-11,0,paid,2024-11-30 17:33:17,2024-11-30 17:33:17,1,194.95,tiktok,cpc,tiktok_campaign_16
cust_6c24b0fd,2024-07,2024-07,0,paid,2024-07-08 18:32:34,2024-07-08 18:32:34,1,133.84,organic,organic,direct
cust_6c24e339,2024-09,2024-09,0,paid,2024-09-09 17:00:19,2024-09-09 17:00:19,1,83.78,organic,organic,direct
cust_6c42b69d,2024-02,2024-02,0,paid,2024-02-28 18:40:01,2024-02-28 18:40:01,1,154.54,tiktok,cpc,tiktok_campaign_17
cust_6c445c49,2024-11,2024-11,0,paid,2024-11-05 13:52:28,2024-11-05 13:52:28,1,89.93,organic,organic,direct
cust_6cb7bb9a,2024-03,2024-03,0,paid,2024-03-08 07:49:03,2024-03-08 07:49:03,1,83.65,tiktok,cpc,tiktok_campaign_17
cust_6cc02baa,2024-05,2024-05,0,paid,2024-05-24 11:23:13,2024-05-24 11:23:13,1,140.03,direct,direct,direct
cust_6cddc920,2024-04,2024-04,0,paid,2024-04-06 17:47:25,2024-04-06 17:47:25,1,57.3,tiktok,cpc,tiktok_campaign_18
cust_6d138d40,2024-08,2024-08,0,paid,2024-08-04 06:08:29,2024-08-04 06:08:29,1,51.83,meta,cpc,meta_campaign_5
cust_6d6d4496,2024-11,2024-11,0,paid,2024-11-19 20:52:50,2024-11-19 20:52:50,1,146.7,direct,direct,direct
cust_6d721f8b,2024-10,2024-10,0,paid,2024-10-16 03:02:37,2024-10-16 03:02:37,1,51.12,meta,cpc,meta_campaign_11
cust_6d76eb88,2024-04,2024-04,0,paid,2024-04-30 09:58:00,2024-04-30 09:58:00,1,74.14,organic,organic,direct
cust_6ddf8bc5,2024-12,2024-12,0,paid,2024-12-17 17:21:21,2024-12-17 17:21:21,1,60.36,direct,direct,direct
cust_6df0cf50,2024-02,2024-02,0,paid,2024-02-10 17:46:23,2024-02-10 17:46:23,1,140.84,organic,organic,direct
cust_6e2a2064,2024-07,2024-07,0,paid,2024-07-05 10:11:10,2024-07-05 10:11:10,1,102.13,google,cpc,google_campaign_5
cust_6e889a49,2024-04,2024-04,0,paid,2024-04-21 18:41:56,2024-04-21 18:41:56,1,80.49,direct,direct,direct
cust_6e88f4df,2024-06,2024-06,0,paid,2024-06-05 12:48:58,2024-06-05 12:48:58,1,90.99,direct,direct,direct
cust_6eb1d2f4,2024-12,2024-12,0,paid,2024-12-10 17:21:06,2024-12-10 17:21:06,1,28.6,direct,direct,direct
cust_6ed6c3c5,2024-04,2024-04,0,paid,2024-04-12 18:42:10,2024-04-12 18:42:10,1,89.51,google,cpc,google_campaign_12
cust_6f429fc8,2024-10,2024-10,0,paid,2024-10-26 17:35:33,2024-10-26 17:35:33,1,49.19,meta,cpc,meta_campaign_16
cust_6f5298ee,2024-07,2024-07,0,paid,2024-07-24 12:57:43,2024-07-24 12:57:43,1,36.25,direct,direct,direct
cust_6f79f9d8,2024-09,2024-09,0,paid,2024-09-15 07:26:05,2024-09-15 07:26:05,1,173.43,direct,direct,direct
cust_6f832463,2024-01,2024-01,0,paid,2024-01-02 01:17:38,2024-01-02 01:17:38,1,85.81,google,cpc,google_campaign_7
cust_6f927c09,2024-10,2024-10,0,paid,2024-10-10 12:20:11,2024-10-10 12:20:11,1,33.12,direct,direct,direct
cust_6fba4f06,2024-04,2024-04,0,paid,2024-04-01 22:21:40,2024-04-01 22:21:40,1,90.41,direct,direct,direct
cust_6fe564ee,2024-09,2024-09,0,paid,2024-09-14 07:27:52,2024-09-14 07:27:52,1,86.57,google,cpc,google_campaign_7
cust_6fef667d,2024-12,2024-12,0,paid,2024-12-10 20:40:44,2024-12-10 20:40:44,1,158.37,organic,organic,direct
cust_6ff2c26c,2024-08,2024-08,0,paid,2024-08-31 11:39:43,2024-08-31 11:39:43,1,178.74,google,cpc,google_campaign_5
cust_6ffd9a72,2024-02,2024-02,0,paid,2024-02-05 22:41:15,2024-02-05 22:41:15,1,77.1,google,cpc,google_campaign_13
cust_70bc0f69,2024-11,2024-11,0,paid,2024-11-30 09:13:10,2024-11-30 09:13:10,1,82.71,direct,direct,direct
cust_70c71518,2024-07,2024-07,0,paid,2024-07-13 09:32:18,2024-07-13 09:32:18,1,79.62,google,cpc,google_campaign_8
cust_70cda276,2024-08,2024-08,0,paid,2024-08-10 14:07:36,2024-08-10 14:07:36,1,103.63,direct,direct,direct
cust_71100e2b,2024-11,2024-11,0,paid,2024-11-13 23:19:53,2024-11-13 23:19:53,1,101.73,direct,direct,direct
cust_713f236a,2024-01,2024-01,0,paid,2024-01-24 20:37:34,2024-01-24 20:37:34,1,56.11,google,cpc,google_campaign_18
cust_71b8f426,2024-01,2024-01,0,paid,2024-01-08 10:16:42,2024-01-08 10:16:42,1,63.36,organic,organic,direct
cust_71b8f426,2024-01,2024-08,7,paid,2024-08-26 20:31:48,2024-08-26 20:31:48,1,86.12,organic,organic,direct
cust_71eb9a2c,2024-01,2024-01,0,paid,2024-01-25 08:35:05,2024-01-25 08:35:05,1,67.07,direct,direct,direct
cust_71f77ecb,2024-06,2024-06,0,paid,2024-06-18 07:10:07,2024-06-18 07:10:07,1,113.56,direct,direct,direct
cust_71ff385e,2024-01,2024-01,0,paid,2024-01-29 11:22:28,2024-01-29 11:22:28,1,34.06,direct,direct,direct
cust_7203a736,2024-06,2024-06,0,paid,2024-06-15 09:19:13,2024-06-15 09:19:13,1,28.34,direct,direct,direct
cust_720bce16,2024-07,2024-07,0,paid,2024-07-01 19:31:49,2024-07-01 19:31:49,1,260.96,meta,cpc,meta_campaign_6
cust_72239818,2024-08,2024-08,0,paid,2024-08-27 21:12:25,2024-08-27 21:12:25,1,71.43,organic,organic,direct
cust_722d7e3e,2024-08,2024-08,0,paid,2024-08-19 08:29:29,2024-08-19 08:29:29,1,69.59,organic,organic,direct
cust_723c8964,2024-01,2024-01,0,paid,2024-01-17 21:00:30,2024-01-17 21:00:30,1,82.74,google,cpc,google_campaign_15
cust_725543b3,2024-02,2024-02,0,paid,2024-02-10 18:35:39,2024-02-10 18:35:39,1,147.47,tiktok,cpc,tiktok_campaign_5
cust_726e9d91,2024-11,2024-11,0,paid,2024-11-08 10:53:56,2024-11-08 10:53:56,1,92.75,organic,organic,direct
cust_72929ab3,2024-11,2024-11,0,paid,2024-11-10 17:53:12,2024-11-10 17:53:12,1,144.53,direct,direct,direct
cust_72a7f549,2024-03,2024-03,0,paid,2024-03-24 13:58:15,2024-03-24 13:58:15,1,44.79,direct,direct,direct
cust_72aa67ab,2024-03,2024-03,0,paid,2024-03-08 15:48:42,2024-03-08 15:48:42,1,48.71,direct,direct,direct
cust_72b3f3d8,2024-07,2024-07,0,paid,2024-07-05 08:28:41,2024-07-05 08:28:41,1,87.02,direct,direct,direct
cust_72fab500,2024-11,2024-11,0,paid,2024-11-15 10:27:52,2024-11-15 10:27:52,1,41.56,google,cpc,google_campaign_12
cust_7305157b,2024-01,2024-01,0,paid,2024-01-27 15:27:04,2024-01-27 15:27:04,1,78.68,direct,direct,direct
cust_7333ac07,2024-03,2024-03,0,paid,2024-03-15 18:48:57,2024-03-15 18:48:57,1,33.21,direct,direct,direct
cust_733b67f3,2024-11,2024-11,0,paid,2024-11-28 21:20:51,2024-11-28 21:20:51,1,71.59,direct,direct,direct
cust_73708941,2024-11,2024-11,0,paid,2024-11-17 20:38:56,2024-11-17 20:38:56,1,58.02,direct,direct,direct
cust_7383698a,2024-12,2024-12,0,paid,2024-12-25 16:01:05,2024-12-25 16:01:05,1,127.58,email,email,email_campaign_2
cust_739128f7,2024-02,2024-02,0,paid,2024-02-07 10:03:28,2024-02-07 10:03:28,1,160.83,direct,direct,direct
cust_739b2ce3,2024-12,2024-12,0,paid,2024-12-07 12:43:23,2024-12-07 12:43:23,1,75.02,google,cpc,google_campaign_5
cust_73d5afc4,2024-02,2024-02,0,paid,2024-02-16 15:49:17,2024-02-16 15:49:17,1,46.91,direct,direct,direct
cust_73d8078f,2024-09,2024-09,0,paid,2024-09-20 13:53:55,2024-09-20 13:53:55,1,101.97,organic,organic,direct
cust_74175d8f,2024-01,2024-01,0,paid,2024-01-05 00:56:57,2024-01-05 00:56:57,1,71.92,meta,cpc,meta_campaign_16
cust_7432b395,2024-08,2024-08,0,paid,2024-08-19 11:46:10,2024-08-19 11:46:10,1,95.86,tiktok,cpc,tiktok_campaign_10
cust_7442fb70,2024-10,2024-10,0,paid,2024-10-05 13:04:06,2024-10-05 13:04:06,1,251.68,direct,direct,direct
cust_748159ac,2024-11,2024-11,0,paid,2024-11-13 12:35:07,2024-11-13 12:35:07,1,96.17,direct,direct,direct
cust_748fedba,2024-03,2024-03,0,paid,2024-03-22 21:54:51,2024-03-22 21:54:51,1,95.39,google,cpc,google_campaign_6
cust_749fe628,2024-07,2024-07,0,paid,2024-07-27 18:41:24,2024-07-27 18:41:24,1,21.48,direct,direct,direct
cust_74de1318,2024-03,2024-03,0,paid,2024-03-30 11:00:15,2024-03-30 11:00:15,1,208.38,direct,direct,direct
cust_74e4b02f,2024-12,2024-12,0,paid,2024-12-25 16:36:24,2024-12-25 16:36:24,1,96.31,direct,direct,direct
cust_751eb061,2024-07,2024-07,0,paid,2024-07-15 17:56:46,2024-07-15 17:56:46,1,31.88,direct,direct,direct
cust_75336973,2024-04,2024-04,0,paid,2024-04-05 21:35:14,2024-04-05 21:35:14,1,177.87,direct,direct,direct
cust_759a11a9,2024-10,2024-10,0,paid,2024-10-21 06:53:18,2024-10-21 06:53:18,1,94.78,direct,direct,direct
cust_75b43426,2024-08,2024-08,0,paid,2024-08-17 13:36:18,2024-08-17 13:36:18,1,57.37,email,email,email_campaign_1
cust_75beb873,2024-09,2024-09,0,paid,2024-09-16 18:34:54,2024-09-16 18:34:54,1,280.25,organic,organic,direct
cust_75f9405e,2024-12,2024-12,0,paid,2024-12-15 12:50:34,2024-12-15 12:50:34,1,39.71,google,cpc,google_campaign_2
cust_76066cad,2024-05,2024-05,0,paid,2024-05-11 19:59:00,2024-05-11 19:59:00,1,87.46,organic,organic,direct
cust_76197dbc,2024-07,2024-07,0,paid,2024-07-26 11:10:02,2024-07-26 11:10:02,1,290.96,google,cpc,google_campaign_7
cust_768f4e49,2024-07,2024-07,0,paid,2024-07-13 10:09:07,2024-07-13 10:09:07,1,143.03,organic,organic,direct
cust_76ae99ad,2024-08,2024-08,0,paid,2024-08-24 21:24:36,2024-08-24 21:24:36,1,32.04,direct,direct,direct
cust_76b77278,2024-05,2024-05,0,paid,2024-05-05 18:10:54,2024-05-05 18:10:54,1,58.47,tiktok,cpc,tiktok_campaign_11
cust_76ef585a,2024-01,2024-01,0,paid,2024-01-27 21:40:52,2024-01-27 21:40:52,1,172.73,direct,direct,direct
cust_770146c2,2024-04,2024-04,0,paid,2024-04-23 17:35:00,2024-04-23 17:35:00,1,73.65,direct,direct,direct
cust_770a81fd,2024-06,2024-06,0,paid,2024-06-11 09:53:31,2024-06-11 09:53:31,1,119.18,direct,direct,direct
cust_770f14b4,2024-10,2024-10,0,paid,2024-10-26 20:17:47,2024-10-26 20:17:47,1,349.81,organic,organic,direct
cust_772cccca,2024-01,2024-01,0,paid,2024-01-29 07:48:29,2024-01-29 07:48:29,1,224.67,direct,direct,direct
cust_7733825b,2024-08,2024-08,0,paid,2024-08-11 09:14:07,2024-08-11 09:14:07,1,48.77,meta,cpc,meta_campaign_18
cust_778864f8,2024-12,2024-12,0,paid,2024-12-19 10:26:30,2024-12-19 10:26:30,1,66.26,google,cpc,google_campaign_10
cust_77b7f167,2024-05,2024-05,0,paid,2024-05-09 13:14:30,2024-05-09 13:14:30,1,39.25,google,cpc,google_campaign_9
cust_77ece1d6,2024-10,2024-10,0,paid,2024-10-22 08:57:02,2024-10-22 08:57:02,1,93.9,email,email,email_campaign_9
cust_77fe5c86,2024-12,2024-12,0,paid,2024-12-01 19:16:06,2024-12-01 19:16:06,1,108.95,direct,direct,direct
cust_783ab42d,2024-11,2024-11,0,paid,2024-11-08 23:53:48,2024-11-08 23:53:48,1,78.75,direct,direct,direct
cust_7844ab0b,2024-11,2024-11,0,paid,2024-11-05 08:20:29,2024-11-05 08:20:29,1,312.22,organic,organic,direct
cust_789924f6,2024-06,2024-06,0,paid,2024-06-05 12:53:21,2024-06-05 12:53:21,1,64.94,direct,direct,direct
cust_78a43c00,2024-09,2024-09,0,paid,2024-09-17 19:30:03,2024-09-17 19:30:03,1,77.15,organic,organic,direct
cust_78ca2de3,2024-01,2024-01,0,paid,2024-01-29 17:09:11,2024-01-29 17:09:11,1,33.13,direct,direct,direct
cust_78ccdb47,2024-02,2024-02,0,paid,2024-02-15 12:06:31,2024-02-15 12:06:31,1,102.28,tiktok,cpc,tiktok_campaign_10
cust_78ff646e,2024-07,2024-07,0,paid,2024-07-22 11:14:58,2024-07-22 11:14:58,1,82.14,google,cpc,google_campaign_4
cust_7919cd08,2024-05,2024-05,0,paid,2024-05-04 10:15:01,2024-05-04 10:15:01,1,111.66,direct,direct,direct
cust_792e6bb1,2024-05,2024-05,0,paid,2024-05-20 11:58:23,2024-05-20 11:58:23,1,86.81,tiktok,cpc,tiktok_campaign_12
cust_792fe5e5,2024-04,2024-04,0,paid,2024-04-12 19:51:16,2024-04-12 19:51:16,1,51.36,direct,direct,direct
cust_79336b0e,2024-03,2024-03,0,paid,2024-03-22 22:31:04,2024-03-22 22:31:04,1,95.17,tiktok,cpc,tiktok_campaign_7
cust_79468ecc,2024-12,2024-12,0,paid,2024-12-20 17:11:33,2024-12-20 17:11:33,1,117.36,organic,organic,direct
cust_794890b2,2024-10,2024-10,0,paid,2024-10-05 10:23:46,2024-10-05 10:23:46,1,54.85,google,cpc,google_campaign_5
cust_7974311a,2024-05,2024-05,0,paid,2024-05-10 03:05:21,2024-05-10 03:05:21,1,37.48,direct,direct,direct
cust_79ad072d,2024-08,2024-08,0,paid,2024-08-31 10:09:03,2024-08-31 10:09:03,1,150.58,direct,direct,direct
cust_79cfc6fc,2024-02,2024-02,0,paid,2024-02-22 11:58:48,2024-02-22 11:58:48,1,288.73,direct,direct,direct
cust_79d9a61b,2024-12,2024-12,0,paid,2024-12-07 13:39:32,2024-12-07 13:39:32,1,33.86,direct,direct,direct
cust_7a27fe8b,2024-06,2024-06,0,paid,2024-06-06 13:21:23,2024-06-06 13:21:23,1,75.33,email,email,email_campaign_4
cust_7a8077c5,2024-08,2024-08,0,paid,2024-08-12 22:47:23,2024-08-12 22:47:23,1,81.09,direct,direct,direct
cust_7aa0f7a7,2024-03,2024-03,0,paid,2024-03-11 12:49:42,2024-03-11 12:49:42,1,142.71,organic,organic,direct
cust_7ab4aad7,2024-09,2024-09,0,paid,2024-09-14 19:22:07,2024-09-14 19:22:07,1,56.18,meta,cpc,meta_campaign_4
cust_7ad267bd,2024-06,2024-06,0,paid,2024-06-13 16:39:18,2024-06-13 16:39:18,1,65.48,organic,organic,direct
cust_7b4b12f8,2024-04,2024-04,0,paid,2024-04-14 09:01:03,2024-04-14 09:01:03,1,73.24,direct,direct,direct
cust_7b4ea6f4,2024-10,2024-10,0,paid,2024-10-03 14:08:37,2024-10-03 14:08:37,1,132.16,tiktok,cpc,tiktok_campaign_10
cust_7b5a8ed3,2024-09,2024-09,0,paid,2024-09-14 19:47:51,2024-09-14 19:47:51,1,80.27,direct,direct,direct
cust_7b7a3989,2024-01,2024-01,0,paid,2024-01-21 17:32:39,2024-01-21 17:32:39,1,38.28,direct,direct,direct
cust_7b7dc9a6,2024-12,2024-12,0,paid,2024-12-10 10:45:13,2024-12-10 10:45:13,1,36.89,tiktok,cpc,tiktok_campaign_12
cust_7b987f22,2024-06,2024-06,0,paid,2024-06-08 23:09:49,2024-06-08 23:09:49,1,213.71,direct,direct,direct
cust_7ba8986f,2024-11,2024-11,0,paid,2024-11-12 08:18:20,2024-11-12 08:18:20,1,53.64,direct,direct,direct
cust_7bae4ff2,2024-11,2024-11,0,paid,2024-11-09 19:15:17,2024-11-09 19:15:17,1,73.82,direct,direct,direct
cust_7be458a0,2024-08,2024-08,0,paid,2024-08-19 18:51:57,2024-08-19 18:51:57,1,173.33,meta,cpc,meta_campaign_18
cust_7be5035e,2024-07,2024-07,0,paid,2024-07-15 21:48:19,2024-07-15 21:48:19,1,44.97,meta,cpc,meta_campaign_14
cust_7bef8539,2024-05,2024-05,0,paid,2024-05-03 10:09:42,2024-05-03 10:09:42,1,115.91,direct,direct,direct
cust_7c061df7,2024-10,2024-10,0,paid,2024-10-16 12:25:24,2024-10-16 12:25:24,1,226.96,email,email,email_campaign_2
cust_7c2338ea,2024-06,2024-06,0,paid,2024-06-05 06:57:14,2024-06-05 06:57:14,1,362.31,organic,organic,direct
cust_7c479599,2024-09,2024-09,0,paid,2024-09-19 17:05:40,2024-09-19 17:05:40,1,220.1,direct,direct,direct
cust_7c85baa4,2024-03,2024-03,0,paid,2024-03-29 09:07:34,2024-03-29 09:07:34,1,250.79,organic,organic,direct
cust_7cc0baa0,2024-01,2024-01,0,paid,2024-01-20 19:47:42,2024-01-20 19:47:42,1,225.54,direct,direct,direct
cust_7cc90d8f,2024-10,2024-10,0,paid,2024-10-24 05:25:49,2024-10-24 05:25:49,1,86.75,meta,cpc,meta_campaign_9
cust_7cdd3645,2024-03,2024-03,0,paid,2024-03-08 14:23:58,2024-03-08 14:23:58,1,46.42,email,email,email_campaign_5
cust_7ce65635,2024-05,2024-05,0,paid,2024-05-03 15:51:17,2024-05-03 15:51:17,1,287.72,google,cpc,google_campaign_15
cust_7cfde12d,2024-03,2024-03,0,paid,2024-03-27 10:51:34,2024-03-27 10:51:34,1,108.18,direct,direct,direct
cust_7d22ec43,2024-09,2024-09,0,paid,2024-09-30 21:43:30,2024-09-30 21:43:30,1,43.64,direct,direct,direct
cust_7d3b6864,2024-07,2024-07,0,paid,2024-07-09 07:20:11,2024-07-09 07:20:11,1,22.28,google,cpc,google_campaign_17
cust_7d4b2694,2024-10,2024-10,0,paid,2024-10-31 14:55:20,2024-10-31 14:55:20,1,260.14,organic,organic,direct
cust_7d6ae9b8,2024-10,2024-10,0,paid,2024-10-23 15:15:01,2024-10-23 15:15:01,1,69.57,direct,direct,direct
cust_7d70d58c,2024-08,2024-08,0,paid,2024-08-07 16:54:20,2024-08-07 16:54:20,1,208.84,google,cpc,google_campaign_14
cust_7d736f75,2024-02,2024-02,0,paid,2024-02-05 09:44:49,2024-02-05 09:44:49,1,152.96,direct,direct,direct
cust_7dd8b507,2024-09,2024-09,0,paid,2024-09-05 10:23:07,2024-09-05 10:23:07,1,71.66,meta,cpc,meta_campaign_17
cust_7de85006,2024-07,2024-07,0,paid,2024-07-09 16:00:36,2024-07-09 16:00:36,1,33.21,google,cpc,google_campaign_15
cust_7df2e628,2024-10,2024-10,0,paid,2024-10-29 09:26:38,2024-10-29 09:26:38,1,61.42,google,cpc,google_campaign_16
cust_7e89f0e8,2024-08,2024-08,0,paid,2024-08-17 19:16:07,2024-08-17 19:16:07,1,34.49,direct,direct,direct
cust_7ea1c04d,2024-11,2024-11,0,paid,2024-11-11 19:52:02,2024-11-11 19:52:02,1,123.08,direct,direct,direct
cust_7ec36969,2024-08,2024-08,0,paid,2024-08-27 20:28:34,2024-08-27 20:28:34,1,174.54,email,email,email_campaign_9
cust_7ef35822,2024-01,2024-01,0,paid,2024-01-20 21:03:32,2024-01-20 21:03:32,1,28.24,direct,direct,direct
cust_7f20ded9,2024-10,2024-10,0,paid,2024-10-18 11:02:03,2024-10-18 11:02:03,1,60.88,google,cpc,google_campaign_4
cust_7f2345c5,2024-10,2024-10,0,paid,2024-10-31 20:38:49,2024-10-31 20:38:49,1,111.15,tiktok,cpc,tiktok_campaign_14
cust_7f506cba,2024-08,2024-08,0,paid,2024-08-04 17:10:15,2024-08-04 17:10:15,1,147.34,google,cpc,google_campaign_3
cust_7fb6fe0a,2024-08,2024-08,0,paid,2024-08-26 21:07:28,2024-08-26 21:07:28,1,54.81,direct,direct,direct
cust_7fbce3fc,2024-09,2024-09,0,paid,2024-09-19 15:10:18,2024-09-19 15:10:18,1,63.38,organic,organic,direct
cust_7fc2cd5a,2024-03,2024-03,0,paid,2024-03-02 08:55:18,2024-03-02 08:55:18,1,282.24,organic,organic,direct
cust_7fcc6619,2024-08,2024-08,0,paid,2024-08-10 21:07:40,2024-08-10 21:07:40,1,83.77,direct,direct,direct
cust_7fd132f1,2024-10,2024-10,0,paid,2024-10-25 10:03:55,2024-10-25 10:03:55,1,122.1,organic,organic,direct
cust_7fd87f14,2024-04,2024-04,0,paid,2024-04-11 11:20:41,2024-04-11 11:20:41,1,36.05,organic,organic,direct
cust_7fee82de,2024-04,2024-04,0,paid,2024-04-30 18:20:44,2024-04-30 18:20:44,1,68.87,email,email,email_campaign_2
cust_7ff62dc9,2024-09,2024-09,0,paid,2024-09-03 18:06:21,2024-09-03 18:06:21,1,128.93,meta,cpc,meta_campaign_18
cust_7ff95092,2024-10,2024-10,0,paid,2024-10-23 19:35:08,2024-10-23 19:35:08,1,14.66,direct,direct,direct
cust_803094d3,2024-04,2024-04,0,paid,2024-04-10 09:31:02,2024-04-10 09:31:02,1,133.53,direct,direct,direct
cust_80385dcc,2024-11,2024-11,0,paid,2024-11-10 19:56:33,2024-11-10 19:56:33,1,74.38,organic,organic,direct
cust_804370d7,2024-11,2024-11,0,paid,2024-11-16 11:39:54,2024-11-16 11:39:54,1,103.85,tiktok,cpc,tiktok_campaign_1
cust_804cc5ba,2024-11,2024-11,0,paid,2024-11-30 20:27:06,2024-11-30 20:27:06,1,101.67,meta,cpc,meta_campaign_9
cust_804ead95,2024-11,2024-11,0,paid,2024-11-20 10:34:42,2024-11-20 10:34:42,1,26.42,direct,direct,direct
cust_80571014,2024-05,2024-05,0,paid,2024-05-07 08:51:10,2024-05-07 08:51:10,1,94.27,direct,direct,direct
cust_805d1dc3,2024-05,2024-05,0,paid,2024-05-24 22:26:57,2024-05-24 22:26:57,1,116.69,organic,organic,direct
cust_80b12a4a,2024-08,2024-08,0,paid,2024-08-16 20:57:18,2024-08-16 20:57:18,1,208.18,meta,cpc,meta_campaign_5
cust_80d0a3d3,2024-04,2024-04,0,paid,2024-04-02 10:06:08,2024-04-02 10:06:08,1,46.6,email,email,email_campaign_7
cust_81563f10,2024-08,2024-08,0,paid,2024-08-29 19:36:27,2024-08-29 19:36:27,1,54.92,direct,direct,direct
cust_81baf084,2024-09,2024-09,0,paid,2024-09-09 07:22:58,2024-09-09 07:22:58,1,103.33,google,cpc,google_campaign_8
cust_82260237,2024-01,2024-01,0,paid,2024-01-25 07:24:39,2024-01-25 07:24:39,1,84.04,direct,direct,direct
cust_82557cad,2024-06,2024-06,0,paid,2024-06-26 15:10:23,2024-06-26 15:10:23,1,96.8,google,cpc,google_campaign_7
cust_825af745,2024-11,2024-11,0,paid,2024-11-06 15:18:17,2024-11-06 15:18:17,1,149.86,meta,cpc,meta_campaign_13
cust_825c1460,2024-11,2024-11,0,paid,2024-11-26 17:27:05,2024-11-26 17:27:05,1,135.22,organic,organic,direct
cust_82692b51,2024-08,2024-08,0,paid,2024-08-07 10:42:21,2024-08-07 10:42:21,1,359.86,meta,cpc,meta_campaign_8
cust_8271fe8f,2024-04,2024-04,0,paid,2024-04-13 15:04:28,2024-04-13 15:04:28,1,143.76,meta,cpc,meta_campaign_2
cust_82d8b2e4,2024-12,2024-12,0,paid,2024-12-16 22:33:37,2024-12-16 22:33:37,1,107.16,direct,direct,direct
cust_82f24d5a,2024-07,2024-07,0,paid,2024-07-27 18:23:18,2024-07-27 18:23:18,1,85.52,direct,direct,direct
cust_8307795f,2024-03,2024-03,0,paid,2024-03-08 17:19:38,2024-03-08 17:19:38,1,35.75,direct,direct,direct
cust_83112582,2024-12,2024-12,0,paid,2024-12-20 06:32:57,2024-12-20 06:32:57,1,86.73,google,cpc,google_campaign_11
cust_832d8172,2024-09,2024-09,0,paid,2024-09-07 20:04:05,2024-09-07 20:04:05,1,87.39,direct,direct,direct
cust_83305b0b,2024-05,2024-05,0,paid,2024-05-24 09:22:24,2024-05-24 09:22:24,1,99.54,organic,organic,direct
cust_8345ebbd,2024-11,2024-11,0,paid,2024-11-14 07:54:56,2024-11-14 07:54:56,1,154.68,direct,direct,direct
cust_8356f97c,2024-02,2024-02,0,paid,2024-02-22 10:25:44,2024-02-22 10:25:44,1,83.5,meta,cpc,meta_campaign_16
cust_83a722df,2024-11,2024-11,0,paid,2024-11-12 15:06:12,2024-11-12 15:06:12,1,221.32,direct,direct,direct
cust_83d93c8d,2024-02,2024-02,0,paid,2024-02-02 15:44:01,2024-02-02 15:44:01,1,299.18,direct,direct,direct
cust_83f28ab8,2024-02,2024-02,0,paid,2024-02-13 16:04:32,2024-02-13 16:04:32,1,117.92,direct,direct,direct
cust_845f5209,2024-11,2024-11,0,paid,2024-11-09 22:25:42,2024-11-09 22:25:42,1,255.43,direct,direct,direct
cust_84778f78,2024-06,2024-06,0,paid,2024-06-14 09:34:09,2024-06-14 09:34:09,1,75.61,google,cpc,google_campaign_8
cust_84934bfc,2024-01,2024-01,0,paid,2024-01-06 20:38:09,2024-01-06 20:38:09,1,19.75,meta,cpc,meta_campaign_7
cust_84940cd7,2024-10,2024-10,0,paid,2024-10-04 11:20:49,2024-10-04 11:20:49,1,66.36,direct,direct,direct
cust_8494a04f,2024-05,2024-05,0,paid,2024-05-27 20:38:15,2024-05-27 20:38:15,1,75.11,direct,direct,direct
cust_84a7f618,2024-05,2024-05,0,paid,2024-05-08 07:15:08,2024-05-08 07:15:08,1,155.06,organic,organic,direct
cust_84b897f6,2024-09,2024-09,0,paid,2024-09-02 23:02:48,2024-09-02 23:02:48,1,190.8,organic,organic,direct
cust_84bfcee6,2024-12,2024-12,0,paid,2024-12-12 11:43:42,2024-12-12 11:43:42,1,52.59,organic,organic,direct
cust_84e475b8,2024-09,2024-09,0,paid,2024-09-06 04:30:11,2024-09-06 04:30:11,1,84.08,tiktok,cpc,tiktok_campaign_12
cust_84e8a3db,2024-09,2024-09,0,paid,2024-09-12 17:41:21,2024-09-12 17:41:21,1,96.88,email,email,email_campaign_1
cust_8506ef27,2024-11,2024-11,0,paid,2024-11-29 09:40:14,2024-11-29 09:40:14,1,48.69,direct,direct,direct
cust_85783c30,2024-10,2024-10,0,paid,2024-10-08 12:51:46,2024-10-08 12:51:46,1,92.1,email,email,email_campaign_7
cust_8598b0be,2024-05,2024-05,0,paid,2024-05-19 13:32:36,2024-05-19 13:32:36,1,80.63,direct,direct,direct
cust_85b79862,2024-12,2024-12,0,paid,2024-12-17 20:19:41,2024-12-17 20:19:41,1,83.12,direct,direct,direct
cust_85bd24c4,2024-09,2024-09,0,paid,2024-09-26 10:59:47,2024-09-26 10:59:47,1,146.6,google,cpc,google_campaign_9
cust_85c3cc75,2024-03,2024-03,0,paid,2024-03-06 10:23:06,2024-03-06 10:23:06,1,348.24,direct,direct,direct
cust_85cb4fd5,2024-09,2024-09,0,paid,2024-09-22 13:23:49,2024-09-22 13:23:49,1,139.42,tiktok,cpc,tiktok_campaign_12
cust_85f74630,2024-04,2024-04,0,paid,2024-04-27 19:39:13,2024-04-27 19:39:13,1,90.95,direct,direct,direct
cust_860b2abd,2024-09,2024-09,0,paid,2024-09-22 17:31:28,2024-09-22 17:31:28,1,210.71,direct,direct,direct
cust_861ab787,2024-11,2024-11,0,paid,2024-11-18 21:20:52,2024-11-18 21:20:52,1,48.26,direct,direct,direct
cust_86214556,2024-12,2024-12,0,paid,2024-12-10 02:24:18,2024-12-10 02:24:18,1,225.4,direct,direct,direct
cust_8633a43d,2024-11,2024-11,0,paid,2024-11-23 20:07:17,2024-11-23 20:07:17,1,136.28,direct,direct,direct
cust_8637f495,2024-05,2024-05,0,paid,2024-05-06 03:43:08,2024-05-06 03:43:08,1,159.56,tiktok,cpc,tiktok_campaign_14
cust_863af950,2024-01,2024-01,0,paid,2024-01-15 20:57:33,2024-01-15 20:57:33,1,31.56,direct,direct,direct
cust_86709099,2024-11,2024-11,0,paid,2024-11-24 20:05:48,2024-11-24 20:05:48,1,83.36,google,cpc,google_campaign_19
cust_86ee06b0,2024-05,2024-05,0,paid,2024-05-09 12:36:57,2024-05-09 12:36:57,1,90.16,organic,organic,direct
cust_871c61e5,2024-12,2024-12,0,paid,2024-12-08 11:57:41,2024-12-08 11:57:41,1,58.69,google,cpc,google_campaign_5
cust_877b34be,2024-04,2024-04,0,paid,2024-04-06 20:49:43,2024-04-06 20:49:43,1,68.65,google,cpc,google_campaign_11
cust_87ce9553,2024-07,2024-07,0,paid,2024-07-29 17:15:56,2024-07-29 17:15:56,1,102.53,direct,direct,direct
cust_87f4101b,2024-03,2024-03,0,paid,2024-03-12 18:57:55,2024-03-12 18:57:55,1,197.4,meta,cpc,meta_campaign_3
cust_880f5fbd,2024-10,2024-10,0,paid,2024-10-25 21:27:22,2024-10-25 21:27:22,1,118.7,tiktok,cpc,tiktok_campaign_10
cust_881aab3e,2024-08,2024-08,0,paid,2024-08-30 00:26:52,2024-08-30 00:26:52,1,343.21,meta,cpc,meta_campaign_14
cust_8837e744,2024-08,2024-08,0,paid,2024-08-07 10:51:42,2024-08-07 10:51:42,1,60.93,organic,organic,direct
cust_8890fef7,2024-05,2024-05,0,paid,2024-05-21 22:59:52,2024-05-21 22:59:52,1,147.32,tiktok,cpc,tiktok_campaign_4
cust_88a7b22e,2024-08,2024-08,0,paid,2024-08-24 13:48:09,2024-08-24 13:48:09,1,38.29,tiktok,cpc,tiktok_campaign_15
cust_891c8624,2024-08,2024-08,0,paid,2024-08-28 04:29:39,2024-08-28 04:29:39,1,164.1,direct,direct,direct
cust_89652b2b,2024-08,2024-08,0,paid,2024-08-12 12:21:01,2024-08-12 12:21:01,1,169.75,tiktok,cpc,tiktok_campaign_13
cust_897231c6,2024-06,2024-06,0,paid,2024-06-08 14:22:30,2024-06-08 14:22:30,1,103.79,direct,direct,direct
cust_898ea69e,2024-03,2024-03,0,paid,2024-03-07 18:27:49,2024-03-07 18:27:49,1,50.53,email,email,email_campaign_6
cust_89923324,2024-11,2024-11,0,paid,2024-11-27 09:18:41,2024-11-27 09:18:41,1,119.18,direct,direct,direct
cust_89937d75,2024-12,2024-12,0,paid,2024-12-10 17:24:32,2024-12-10 17:24:32,1,175.06,google,cpc,google_campaign_12
cust_899d74ae,2024-11,2024-11,0,paid,2024-11-30 19:31:12,2024-11-30 19:31:12,1,35.95,direct,direct,direct
cust_89d8b7e8,2024-05,2024-05,0,paid,2024-05-08 23:18:34,2024-05-08 23:18:34,1,66.8,direct,direct,direct
cust_89e25b20,2024-05,2024-05,0,paid,2024-05-21 18:22:55,2024-05-21 18:22:55,1,116.16,google,cpc,google_campaign_7
cust_89e5cc3d,2024-11,2024-11,0,paid,2024-11-10 20:52:58,2024-11-10 20:52:58,1,93.55,google,cpc,google_campaign_2
cust_89fa8587,2024-06,2024-06,0,paid,2024-06-28 20:28:50,2024-06-28 20:28:50,1,42.55,direct,direct,direct
cust_8a071c36,2024-10,2024-10,0,paid,2024-10-02 19:55:26,2024-10-02 19:55:26,1,69.93,organic,organic,direct
cust_8a0779b0,2024-06,2024-06,0,paid,2024-06-12 13:18:09,2024-06-12 13:18:09,1,226.27,google,cpc,google_campaign_8
cust_8a37a4da,2024-11,2024-11,0,paid,2024-11-30 12:37:21,2024-11-30 12:37:21,1,55.61,direct,direct,direct
cust_8acd2905,2024-07,2024-07,0,paid,2024-07-31 08:18:03,2024-07-31 08:18:03,1,128.81,meta,cpc,meta_campaign_9
cust_8acd6ce8,2024-03,2024-03,0,paid,2024-03-04 16:11:19,2024-03-04 16:11:19,1,145.05,organic,organic,direct
cust_8acf1a7a,2024-10,2024-10,0,paid,2024-10-03 20:16:02,2024-10-03 20:16:02,1,106.38,google,cpc,google_campaign_10
cust_8adb3a8f,2024-10,2024-10,0,paid,2024-10-07 21:38:06,2024-10-07 21:38:06,1,52.33,direct,direct,direct
cust_8adbf4f7,2024-08,2024-08,0,paid,2024-08-07 22:50:08,2024-08-07 22:50:08,1,145.62,direct,direct,direct
cust_8aedf8e1,2024-04,2024-04,0,paid,2024-04-26 08:35:48,2024-04-26 08:35:48,1,43.49,google,cpc,google_campaign_12
cust_8b639e78,2024-01,2024-01,0,paid,2024-01-12 19:04:03,2024-01-12 19:04:03,1,160.03,meta,cpc,meta_campaign_18
cust_8b7de77c,2024-08,2024-08,0,paid,2024-08-03 22:22:02,2024-08-03 22:22:02,1,77.25,email,email,email_campaign_7
cust_8ba10080,2024-12,2024-12,0,paid,2024-12-23 12:18:48,2024-12-23 12:18:48,1,206.82,meta,cpc,meta_campaign_16
cust_8ba77417,2024-11,2024-11,0,paid,2024-11-30 10:52:09,2024-11-30 10:52:09,1,53.56,meta,cpc,meta_campaign_2
cust_8bdc05e0,2024-12,2024-12,0,paid,2024-12-30 17:20:01,2024-12-30 17:20:01,1,62.54,direct,direct,direct
cust_8c32f881,2024-05,2024-05,0,paid,2024-05-12 20:24:21,2024-05-12 20:24:21,1,85.15,direct,direct,direct
cust_8cb2c7e9,2024-06,2024-06,0,paid,2024-06-08 20:43:54,2024-06-08 20:43:54,1,176.88,direct,direct,direct
cust_8cb2c7e9,2024-06,2024-11,5,paid,2024-11-12 10:40:48,2024-11-12 10:40:48,1,157.31,meta,cpc,meta_campaign_9
cust_8ccf3ffb,2024-02,2024-02,0,paid,2024-02-16 10:39:58,2024-02-16 10:39:58,1,414.14,google,cpc,google_campaign_13
cust_8d5081a6,2024-12,2024-12,0,paid,2024-12-17 20:38:07,2024-12-17 20:38:07,1,53.5,direct,direct,direct
cust_8dab01b6,2024-10,2024-10,0,paid,2024-10-01 21:48:13,2024-10-01 21:48:13,1,55.11,direct,direct,direct
cust_8dab45e0,2024-07,2024-07,0,paid,2024-07-31 14:46:36,2024-07-31 14:46:36,1,159.59,meta,cpc,meta_campaign_9
cust_8dd01099,2024-08,2024-08,0,paid,2024-08-20 22:09:45,2024-08-20 22:09:45,1,295.88,direct,direct,direct
cust_8de1eaca,2024-05,2024-05,0,paid,2024-05-26 19:56:10,2024-05-26 19:56:10,1,89.8,tiktok,cpc,tiktok_campaign_4
cust_8e03cc27,2024-07,2024-07,0,paid,2024-07-06 16:56:05,2024-07-06 16:56:05,1,163.0,organic,organic,direct
cust_8e043fbf,2024-03,2024-03,0,paid,2024-03-06 21:25:15,2024-03-06 21:25:15,1,40.07,email,email,email_campaign_7
cust_8e0aafd9,2024-05,2024-05,0,paid,2024-05-28 22:07:33,2024-05-28 22:07:33,1,36.17,organic,organic,direct
cust_8e1bd513,2024-04,2024-04,0,paid,2024-04-30 11:37:34,2024-04-30 11:37:34,1,85.9,email,email,email_campaign_2
cust_8e513fbe,2024-04,2024-04,0,paid,2024-04-18 14:38:38,2024-04-18 14:38:38,1,68.71,direct,direct,direct
cust_8e626458,2024-05,2024-05,0,paid,2024-05-17 20:53:19,2024-05-17 20:53:19,1,288.59,meta,cpc,meta_campaign_14
cust_8e6d6bd4,2024-09,2024-09,0,paid,2024-09-26 23:26:31,2024-09-26 23:26:31,1,58.92,email,email,email_campaign_2
cust_8ea1dc2d,2024-11,2024-11,0,paid,2024-11-29 14:05:00,2024-11-29 14:05:00,1,137.0,google,cpc,google_campaign_5
cust_8ec8fb89,2024-08,2024-08,0,paid,2024-08-04 14:21:04,2024-08-04 14:21:04,1,356.46,direct,direct,direct
cust_8edf9226,2024-10,2024-10,0,paid,2024-10-25 17:18:25,2024-10-25 17:18:25,1,50.84,organic,organic,direct
cust_8f455cec,2024-10,2024-10,0,paid,2024-10-30 09:37:39,2024-10-30 09:37:39,1,309.43,direct,direct,direct
cust_8f7e2d49,2024-07,2024-07,0,paid,2024-07-03 18:17:33,2024-07-03 18:17:33,1,329.07,meta,cpc,meta_campaign_11
cust_8f89cd98,2024-04,2024-04,0,paid,2024-04-03 22:02:25,2024-04-03 22:02:25,1,44.71,direct,direct,direct
cust_8f9e7919,2024-08,2024-08,0,paid,2024-08-30 14:22:11,2024-08-30 14:22:11,1,85.16,direct,direct,direct
cust_8fe30e87,2024-09,2024-09,0,paid,2024-09-25 18:29:48,2024-09-25 18:29:48,1,116.68,direct,direct,direct
cust_905127e8,2024-03,2024-03,0,paid,2024-03-06 15:09:06,2024-03-06 15:09:06,1,94.63,google,cpc,google_campaign_14
cust_90698e80,2024-02,2024-02,0,paid,2024-02-23 20:16:30,2024-02-23 20:16:30,1,36.62,direct,direct,direct
cust_9074e3ad,2024-08,2024-08,0,paid,2024-08-19 19:11:01,2024-08-19 19:11:01,1,62.56,direct,direct,direct
cust_90a1021f,2024-12,2024-12,0,paid,2024-12-15 16:51:00,2024-12-15 16:51:00,1,134.59,email,email,email_campaign_1
cust_90aa93f0,2024-08,2024-08,0,paid,2024-08-30 05:09:08,2024-08-30 05:09:08,1,87.33,direct,direct,direct
cust_91067943,2024-03,2024-03,0,paid,2024-03-15 20:25:09,2024-03-15 20:25:09,1,71.37,google,cpc,google_campaign_15
cust_9110dbe0,2024-09,2024-09,0,paid,2024-09-22 21:27:06,2024-09-22 21:27:06,1,343.79,google,cpc,google_campaign_6
cust_912835f5,2024-12,2024-12,0,paid,2024-12-13 20:50:05,2024-12-13 20:50:05,1,35.55,direct,direct,direct
cust_912ebf95,2024-03,2024-03,0,paid,2024-03-31 16:57:39,2024-03-31 16:57:39,1,56.25,tiktok,cpc,tiktok_campaign_6
cust_9152b327,2024-08,2024-08,0,paid,2024-08-31 12:33:24,2024-08-31 12:33:24,1,68.75,tiktok,cpc,tiktok_campaign_1
cust_917410a0,2024-06,2024-06,0,paid,2024-06-22 09:52:00,2024-06-22 09:52:00,1,58.95,tiktok,cpc,tiktok_campaign_6
cust_91957e6c,2024-03,2024-03,0,paid,2024-03-01 15:03:23,2024-03-01 15:03:23,1,120.61,direct,direct,direct
cust_919db8d1,2024-11,2024-11,0,paid,2024-11-24 05:29:27,2024-11-24 05:29:27,1,152.72,direct,direct,direct
cust_91a4d263,2024-02,2024-02,0,paid,2024-02-17 13:19:11,2024-02-17 13:19:11,1,240.34,email,email,email_campaign_4
cust_91e28797,2024-04,2024-04,0,paid,2024-04-02 07:49:38,2024-04-02 07:49:38,1,78.94,google,cpc,google_campaign_17
cust_91eb905c,2024-12,2024-12,0,paid,2024-12-09 19:46:04,2024-12-09 19:46:04,1,140.94,google,cpc,google_campaign_10
cust_91f8661b,2024-11,2024-11,0,paid,2024-11-15 20:30:04,2024-11-15 20:30:04,1,79.12,tiktok,cpc,tiktok_campaign_5
cust_92159f87,2024-01,2024-01,0,paid,2024-01-06 12:40:36,2024-01-06 12:40:36,1,216.44,google,cpc,google_campaign_7
cust_9233b641,2024-12,2024-12,0,paid,2024-12-05 12:52:32,2024-12-05 12:52:32,1,17.46,meta,cpc,meta_campaign_15
cust_923858cd,2024-10,2024-10,0,paid,2024-10-03 23:07:50,2024-10-03 23:07:50,1,123.43,google,cpc,google_campaign_5
cust_923b2563,2024-12,2024-12,0,paid,2024-12-29 16:41:46,2024-12-29 16:41:46,1,129.31,email,email,email_campaign_6
cust_92726bbb,2024-11,2024-11,0,paid,2024-11-13 15:28:52,2024-11-13 15:28:52,1,84.65,tiktok,cpc,tiktok_campaign_16
cust_92dad008,2024-12,2024-12,0,paid,2024-12-04 13:50:47,2024-12-04 13:50:47,1,82.77,organic,organic,direct
cust_92e37e3d,2024-12,2024-12,0,paid,2024-12-14 09:09:32,2024-12-14 09:09:32,1,80.04,direct,direct,direct
cust_92e574a4,2024-12,2024-12,0,paid,2024-12-10 14:09:23,2024-12-10 14:09:23,1,66.41,tiktok,cpc,tiktok_campaign_19
cust_92f5a808,2024-11,2024-11,0,paid,2024-11-17 19:45:44,2024-11-17 19:45:44,1,72.04,google,cpc,google_campaign_1
cust_93292c26,2024-02,2024-02,0,paid,2024-02-09 09:48:28,2024-02-09 09:48:28,1,53.66,google,cpc,google_campaign_17
cust_93295c44,2024-05,2024-05,0,paid,2024-05-08 13:55:39,2024-05-08 13:55:39,1,64.19,tiktok,cpc,tiktok_campaign_1
cust_9343e346,2024-01,2024-01,0,paid,2024-01-24 18:34:03,2024-01-24 18:34:03,1,108.21,direct,direct,direct
cust_93ead5d0,2024-11,2024-11,0,paid,2024-11-17 18:49:25,2024-11-17 18:49:25,1,74.26,tiktok,cpc,tiktok_campaign_8
cust_94160ade,2024-09,2024-09,0,paid,2024-09-03 08:16:06,2024-09-03 08:16:06,1,53.5,direct,direct,direct
cust_94173416,2024-12,2024-12,0,paid,2024-12-24 22:34:47,2024-12-24 22:34:47,1,92.73,google,cpc,google_campaign_5
cust_94244bcd,2024-05,2024-05,0,paid,2024-05-06 16:01:21,2024-05-06 16:01:21,1,65.25,tiktok,cpc,tiktok_campaign_18
cust_94249783,2024-08,2024-08,0,paid,2024-08-12 19:29:17,2024-08-12 19:29:17,1,46.44,organic,organic,direct
cust_944d2fb9,2024-03,2024-03,0,paid,2024-03-26 12:32:10,2024-03-26 12:32:10,1,126.38,email,email,email_campaign_5
cust_946daa74,2024-04,2024-04,0,paid,2024-04-26 16:59:21,2024-04-26 16:59:21,1,55.24,direct,direct,direct
cust_94ad3d35,2024-04,2024-04,0,paid,2024-04-17 20:01:23,2024-04-17 20:01:23,1,55.04,direct,direct,direct
cust_94ad9269,2024-04,2024-04,0,paid,2024-04-09 07:55:57,2024-04-09 07:55:57,1,110.14,direct,direct,direct
cust_94bdc9c6,2024-01,2024-01,0,paid,2024-01-07 10:09:35,2024-01-07 10:09:35,1,51.15,tiktok,cpc,tiktok_campaign_2
cust_94e439a7,2024-08,2024-08,0,paid,2024-08-08 18:55:54,2024-08-08 18:55:54,1,125.4,direct,direct,direct
cust_95033ebe,2024-03,2024-03,0,paid,2024-03-11 21:36:11,2024-03-11 21:36:11,1,108.24,direct,direct,direct
cust_95049c06,2024-12,2024-12,0,paid,2024-12-06 15:16:04,2024-12-06 15:16:04,1,87.44,direct,direct,direct
cust_95607a82,2024-04,2024-04,0,paid,2024-04-10 16:57:44,2024-04-10 16:57:44,1,461.06,direct,direct,direct
cust_95719fc9,2024-11,2024-11,0,paid,2024-11-28 14:12:40,2024-11-28 14:12:40,1,147.09,direct,direct,direct
cust_95dbf9a5,2024-03,2024-03,0,paid,2024-03-30 23:06:57,2024-03-30 23:06:57,1,86.07,google,cpc,google_campaign_6
cust_95f5ef87,2024-11,2024-11,0,paid,2024-11-11 18:05:17,2024-11-11 18:05:17,1,75.2,direct,direct,direct
cust_961e36fb,2024-09,2024-09,0,paid,2024-09-01 08:55:26,2024-09-01 08:55:26,1,33.3,tiktok,cpc,tiktok_campaign_19
cust_962f3c18,2024-07,2024-07,0,paid,2024-07-27 20:36:16,2024-07-27 20:36:16,1,74.69,meta,cpc,meta_campaign_11
cust_96449c1c,2024-08,2024-08,0,paid,2024-08-21 00:01:15,2024-08-21 00:01:15,1,28.3,google,cpc,google_campaign_3
cust_967dfbd0,2024-10,2024-10,0,paid,2024-10-24 17:17:04,2024-10-24 17:17:04,1,44.04,google,cpc,google_campaign_6
cust_968632da,2024-10,2024-10,0,paid,2024-10-15 23:56:45,2024-10-15 23:56:45,1,84.17,google,cpc,google_campaign_15
cust_968da83f,2024-12,2024-12,0,paid,2024-12-05 23:01:48,2024-12-05 23:01:48,1,240.6,direct,direct,direct
cust_96979203,2024-04,2024-04,0,paid,2024-04-28 12:09:55,2024-04-28 12:09:55,1,79.23,email,email,email_campaign_1
cust_96b7f4d8,2024-11,2024-11,0,paid,2024-11-09 13:43:08,2024-11-09 13:43:08,1,144.92,meta,cpc,meta_campaign_3
cust_96df53bd,2024-07,2024-07,0,paid,2024-07-15 16:19:14,2024-07-15 16:19:14,1,224.25,meta,cpc,meta_campaign_14
cust_96e2e401,2024-10,2024-10,0,paid,2024-10-17 19:18:00,2024-10-17 19:18:00,1,85.2,organic,organic,direct
cust_96e4648c,2024-12,2024-12,0,paid,2024-12-12 05:48:19,2024-12-12 05:48:19,1,233.91,direct,direct,direct
cust_9700d83a,2024-04,2024-04,0,paid,2024-04-22 19:14:25,2024-04-22 19:14:25,1,110.32,organic,organic,direct
cust_97079335,2024-08,2024-08,0,paid,2024-08-01 07:56:25,2024-08-01 07:56:25,1,112.69,meta,cpc,meta_campaign_11
cust_970bcee5,2024-02,2024-02,0,paid,2024-02-01 12:22:37,2024-02-01 12:22:37,1,73.73,direct,direct,direct
cust_9717c0fa,2024-11,2024-11,0,paid,2024-11-25 19:56:00,2024-11-25 19:56:00,1,130.16,meta,cpc,meta_campaign_5
cust_972502af,2024-04,2024-04,0,paid,2024-04-08 19:08:20,2024-04-08 19:08:20,1,36.15,meta,cpc,meta_campaign_5
cust_9740d705,2024-02,2024-02,0,paid,2024-02-25 19:28:22,2024-02-25 19:28:22,1,187.44,email,email,email_campaign_1
cust_974104df,2024-12,2024-12,0,paid,2024-12-24 08:18:24,2024-12-24 08:18:24,1,150.35,organic,organic,direct
cust_9742cd9e,2024-06,2024-06,0,paid,2024-06-30 19:38:49,2024-06-30 19:38:49,1,40.03,meta,cpc,meta_campaign_3
cust_975c5a49,2024-08,2024-08,0,paid,2024-08-18 09:32:56,2024-08-18 09:32:56,1,108.99,meta,cpc,meta_campaign_9
cust_97783b48,2024-05,2024-05,0,paid,2024-05-20 14:01:55,2024-05-20 14:01:55,1,89.9,direct,direct,direct
cust_9782bd21,2024-01,2024-01,0,paid,2024-01-17 20:51:50,2024-01-17 20:51:50,1,113.68,direct,direct,direct
cust_9787e206,2024-08,2024-08,0,paid,2024-08-13 11:47:06,2024-08-13 11:47:06,1,105.8,direct,direct,direct
cust_97a1e1b9,2024-11,2024-11,0,paid,2024-11-26 10:21:00,2024-11-26 10:21:00,1,82.02,email,email,email_campaign_1
cust_97c6cd7c,2024-03,2024-03,0,paid,2024-03-19 10:45:22,2024-03-19 10:45:22,1,105.25,google,cpc,google_campaign_11
cust_9836392e,2024-06,2024-06,0,paid,2024-06-19 14:55:35,2024-06-19 14:55:35,1,303.52,direct,direct,direct
cust_983d0bfd,2024-05,2024-05,0,paid,2024-05-30 19:34:33,2024-05-30 19:34:33,1,84.15,meta,cpc,meta_campaign_8
cust_983ee6cb,2024-07,2024-07,0,paid,2024-07-25 15:37:40,2024-07-25 15:37:40,1,70.87,organic,organic,direct
cust_98422b52,2024-08,2024-08,0,paid,2024-08-08 16:20:04,2024-08-08 16:20:04,1,57.22,direct,direct,direct
cust_985969cd,2024-11,2024-11,0,paid,2024-11-09 10:02:00,2024-11-09 10:02:00,1,41.6,direct,direct,direct
cust_986a004d,2024-01,2024-01,0,paid,2024-01-27 18:21:40,2024-01-27 18:21:40,1,406.26,organic,organic,direct
cust_98707df7,2024-07,2024-07,0,paid,2024-07-26 16:24:57,2024-07-26 16:24:57,1,73.15,meta,cpc,meta_campaign_17
cust_9883001c,2024-02,2024-02,0,paid,2024-02-10 08:20:16,2024-02-10 08:20:16,1,85.2,google,cpc,google_campaign_8
cust_98863c4c,2024-09,2024-09,0,paid,2024-09-28 12:09:47,2024-09-28 12:09:47,1,55.69,google,cpc,google_campaign_1
cust_9893d388,2024-08,2024-08,0,paid,2024-08-01 08:12:08,2024-08-01 08:12:08,1,54.98,tiktok,cpc,tiktok_campaign_16
cust_98a3e5b1,2024-10,2024-10,0,paid,2024-10-27 07:10:27,2024-10-27 07:10:27,1,56.76,organic,organic,direct
cust_98ba996e,2024-05,2024-05,0,paid,2024-05-18 15:04:22,2024-05-18 15:04:22,1,28.64,direct,direct,direct
cust_98c79d21,2024-03,2024-03,0,paid,2024-03-09 17:38:20,2024-03-09 17:38:20,1,83.06,direct,direct,direct
cust_98e7b814,2024-06,2024-06,0,paid,2024-06-29 08:57:05,2024-06-29 08:57:05,1,55.73,direct,direct,direct
cust_98f6d62c,2024-01,2024-01,0,paid,2024-01-13 20:49:25,2024-01-13 20:49:25,1,109.64,organic,organic,direct
cust_99257e46,2024-12,2024-12,0,paid,2024-12-09 16:48:14,2024-12-09 16:48:14,1,143.97,meta,cpc,meta_campaign_17
cust_992f1f03,2024-03,2024-03,0,paid,2024-03-05 18:28:58,2024-03-05 18:28:58,1,136.71,direct,direct,direct
cust_998e01f2,2024-11,2024-11,0,paid,2024-11-06 18:40:56,2024-11-06 18:40:56,1,203.77,google,cpc,google_campaign_15
cust_99c2d65d,2024-06,2024-06,0,paid,2024-06-01 23:00:19,2024-06-01 23:00:19,1,155.29,direct,direct,direct
cust_99f1d15b,2024-02,2024-02,0,paid,2024-02-01 08:55:18,2024-02-01 08:55:18,1,81.83,direct,direct,direct
cust_9a15e4ac,2024-09,2024-09,0,paid,2024-09-02 21:13:15,2024-09-02 21:13:15,1,19.36,direct,direct,direct
cust_9a18d056,2024-11,2024-11,0,paid,2024-11-10 13:24:07,2024-11-10 13:24:07,1,33.97,meta,cpc,meta_campaign_3
cust_9a20f581,2024-11,2024-11,0,paid,2024-11-18 15:36:17,2024-11-18 15:36:17,1,59.44,meta,cpc,meta_campaign_8
cust_9a65ee1c,2024-12,2024-12,0,paid,2024-12-08 15:29:23,2024-12-08 15:29:23,1,108.21,organic,organic,direct
cust_9a88dc12,2024-06,2024-06,0,paid,2024-06-03 19:34:37,2024-06-03 19:34:37,1,30.66,email,email,email_campaign_2
cust_9a914837,2024-09,2024-09,0,paid,2024-09-22 21:09:21,2024-09-22 21:09:21,1,95.83,direct,direct,direct
cust_9a94c081,2024-02,2024-02,0,paid,2024-02-11 23:03:07,2024-02-11 23:03:07,1,50.2,email,email,email_campaign_9
cust_9a972179,2024-12,2024-12,0,paid,2024-12-09 14:38:03,2024-12-09 14:38:03,1,70.66,direct,direct,direct
cust_9af471ef,2024-09,2024-09,0,paid,2024-09-01 10:26:44,2024-09-01 10:26:44,1,39.17,meta,cpc,meta_campaign_12
cust_9aff8e10,2024-09,2024-09,0,paid,2024-09-22 09:12:31,2024-09-22 09:12:31,1,130.05,google,cpc,google_campaign_5
cust_9b03cacf,2024-11,2024-11,0,paid,2024-11-14 16:34:53,2024-11-14 16:34:53,1,47.19,google,cpc,google_campaign_2
cust_9b453fce,2024-08,2024-08,0,paid,2024-08-30 18:28:50,2024-08-30 18:28:50,1,84.78,direct,direct,direct
cust_9b9bb1de,2024-06,2024-06,0,paid,2024-06-07 17:22:13,2024-06-07 17:22:13,1,168.09,direct,direct,direct
cust_9be3c29c,2024-07,2024-07,0,paid,2024-07-18 17:31:19,2024-07-18 17:31:19,1,52.29,google,cpc,google_campaign_11
cust_9befc681,2024-05,2024-05,0,paid,2024-05-18 18:21:18,2024-05-18 18:21:18,1,17.37,google,cpc,google_campaign_19
cust_9bf470c3,2024-06,2024-06,0,paid,2024-06-10 09:59:06,2024-06-10 09:59:06,1,88.14,google,cpc,google_campaign_12
cust_9c1a2f48,2024-07,2024-07,0,paid,2024-07-05 17:58:01,2024-07-05 17:58:01,1,116.36,direct,direct,direct
cust_9c206cce,2024-07,2024-07,0,paid,2024-07-30 06:18:38,2024-07-30 06:18:38,1,38.88,organic,organic,direct
cust_9c3665ce,2024-11,2024-11,0,paid,2024-11-23 16:14:15,2024-11-23 16:14:15,1,436.22,direct,direct,direct
cust_9c7ff83e,2024-11,2024-11,0,paid,2024-11-16 11:11:58,2024-11-16 11:11:58,1,37.11,direct,direct,direct
cust_9ca59db4,2024-09,2024-09,0,paid,2024-09-15 22:23:10,2024-09-15 22:23:10,1,363.27,meta,cpc,meta_campaign_16
cust_9cc7a22e,2024-12,2024-12,0,paid,2024-12-14 22:31:11,2024-12-14 22:31:11,1,74.38,google,cpc,google_campaign_11
cust_9cc7ac47,2024-04,2024-04,0,paid,2024-04-09 11:38:41,2024-04-09 11:38:41,1,366.1,direct,direct,direct
cust_9ce0d816,2024-12,2024-12,0,paid,2024-12-10 15:23:24,2024-12-10 15:23:24,1,58.06,google,cpc,google_campaign_1
cust_9d1e2d03,2024-05,2024-05,0,paid,2024-05-04 18:22:05,2024-05-04 18:22:05,1,30.04,organic,organic,direct
cust_9d47f650,2024-07,2024-07,0,paid,2024-07-16 20:21:07,2024-07-16 20:21:07,1,42.15,tiktok,cpc,tiktok_campaign_2
cust_9d844678,2024-07,2024-07,0,paid,2024-07-10 03:46:28,2024-07-10 03:46:28,1,143.79,organic,organic,direct
cust_9db13516,2024-07,2024-07,0,paid,2024-07-13 12:00:59,2024-07-13 12:00:59,1,125.87,tiktok,cpc,tiktok_campaign_18
cust_9db28bd6,2024-08,2024-08,0,paid,2024-08-27 13:20:44,2024-08-27 13:20:44,1,60.55,google,cpc,google_campaign_1
cust_9e11edfc,2024-10,2024-10,0,paid,2024-10-07 10:12:45,2024-10-07 10:12:45,1,57.31,meta,cpc,meta_campaign_17
cust_9e206e40,2024-12,2024-12,0,paid,2024-12-24 06:23:52,2024-12-24 06:23:52,1,94.07,direct,direct,direct
cust_9e221146,2024-08,2024-08,0,paid,2024-08-17 12:01:12,2024-08-17 12:01:12,1,114.68,direct,direct,direct
cust_9e329fef,2024-09,2024-09,0,paid,2024-09-28 09:22:59,2024-09-28 09:22:59,1,99.88,direct,direct,direct
cust_9e3f56e0,2024-03,2024-03,0,paid,2024-03-30 14:52:38,2024-03-30 14:52:38,1,40.11,direct,direct,direct
cust_9e928103,2024-02,2024-02,0,paid,2024-02-24 10:43:18,2024-02-24 10:43:18,1,269.08,organic,organic,direct
cust_9ea0e59b,2024-11,2024-11,0,paid,2024-11-19 16:32:08,2024-11-19 16:32:08,1,45.34,direct,direct,direct
cust_9ebc7d72,2024-02,2024-02,0,paid,2024-02-18 12:35:26,2024-02-18 12:35:26,1,77.33,organic,organic,direct
cust_9ec210bc,2024-03,2024-03,0,paid,2024-03-15 09:10:45,2024-03-15 09:10:45,1,46.96,direct,direct,direct
cust_9f0798ea,2024-01,2024-01,0,paid,2024-01-03 08:20:58,2024-01-03 08:20:58,1,80.62,organic,organic,direct
cust_9f0883d4,2024-04,2024-04,0,paid,2024-04-19 14:41:41,2024-04-19 14:41:41,1,47.81,tiktok,cpc,tiktok_campaign_11
cust_9ff84ffb,2024-01,2024-01,0,paid,2024-01-07 10:42:39,2024-01-07 10:42:39,1,73.54,email,email,email_campaign_3
cust_9ffbd824,2024-09,2024-09,0,paid,2024-09-07 19:48:41,2024-09-07 19:48:41,1,190.47,direct,direct,direct
cust_a02cff85,2024-04,2024-04,0,paid,2024-04-30 21:23:17,2024-04-30 21:23:17,1,80.89,google,cpc,google_campaign_16
cust_a075cf11,2024-04,2024-04,0,paid,2024-04-13 11:37:05,2024-04-13 11:37:05,1,45.83,google,cpc,google_campaign_12
cust_a07f6952,2024-10,2024-10,0,paid,2024-10-18 18:28:19,2024-10-18 18:28:19,1,113.64,meta,cpc,meta_campaign_1
cust_a0861d01,2024-10,2024-10,0,paid,2024-10-25 10:11:51,2024-10-25 10:11:51,1,89.75,direct,direct,direct
cust_a0afc567,2024-10,2024-10,0,paid,2024-10-28 11:37:31,2024-10-28 11:37:31,1,55.56,direct,direct,direct
cust_a0b8d26d,2024-08,2024-08,0,paid,2024-08-13 18:27:13,2024-08-13 18:27:13,1,302.32,direct,direct,direct
cust_a0e6a611,2024-11,2024-11,0,paid,2024-11-29 16:06:23,2024-11-29 16:06:23,1,39.15,meta,cpc,meta_campaign_8
cust_a1071a21,2024-09,2024-09,0,paid,2024-09-29 18:52:44,2024-09-29 18:52:44,1,273.84,organic,organic,direct
cust_a159e925,2024-12,2024-12,0,paid,2024-12-05 17:30:19,2024-12-05 17:30:19,1,134.63,direct,direct,direct
cust_a1776789,2024-01,2024-01,0,paid,2024-01-05 08:58:36,2024-01-05 08:58:36,1,156.61,direct,direct,direct
cust_a187b3db,2024-09,2024-09,0,paid,2024-09-22 17:39:23,2024-09-22 17:39:23,1,70.65,google,cpc,google_campaign_2
cust_a1e6f782,2024-05,2024-05,0,paid,2024-05-18 02:44:20,2024-05-18 02:44:20,1,142.96,direct,direct,direct
cust_a20418a5,2024-09,2024-09,0,paid,2024-09-24 20:05:51,2024-09-24 20:05:51,1,420.74,direct,direct,direct
cust_a2610ce5,2024-04,2024-04,0,paid,2024-04-06 10:42:36,2024-04-06 10:42:36,1,73.11,organic,organic,direct
cust_a2744242,2024-03,2024-03,0,paid,2024-03-07 19:08:31,2024-03-07 19:08:31,1,82.41,direct,direct,direct
cust_a2836e5a,2024-11,2024-11,0,paid,2024-11-28 07:18:22,2024-11-28 07:18:22,1,36.73,meta,cpc,meta_campaign_5
cust_a2b20f9c,2024-04,2024-04,0,paid,2024-04-27 07:43:10,2024-04-27 07:43:10,1,91.8,direct,direct,direct
cust_a2c27634,2024-02,2024-02,0,paid,2024-02-19 20:49:06,2024-02-19 20:49:06,1,100.74,email,email,email_campaign_2
cust_a2f6610f,2024-12,2024-12,0,paid,2024-12-22 20:36:26,2024-12-22 20:36:26,1,89.2,meta,cpc,meta_campaign_15
cust_a340c9f0,2024-06,2024-06,0,paid,2024-06-29 16:01:45,2024-06-29 16:01:45,1,48.94,direct,direct,direct
cust_a34b16fc,2024-07,2024-07,0,paid,2024-07-08 19:30:04,2024-07-08 19:30:04,1,38.99,tiktok,cpc,tiktok_campaign_1
cust_a3742b81,2024-10,2024-10,0,paid,2024-10-22 16:01:16,2024-10-22 16:01:16,1,127.84,direct,direct,direct
cust_a38c7a42,2024-02,2024-02,0,paid,2024-02-04 15:21:35,2024-02-04 15:21:35,1,51.48,meta,cpc,meta_campaign_5
cust_a39dadfc,2024-12,2024-12,0,paid,2024-12-15 19:41:44,2024-12-15 19:41:44,1,44.34,direct,direct,direct
cust_a3d14de5,2024-06,2024-06,0,paid,2024-06-12 12:34:06,2024-06-12 12:34:06,1,51.16,direct,direct,direct
cust_a3e2dbee,2024-11,2024-11,0,paid,2024-11-11 10:49:03,2024-11-11 10:49:03,1,139.35,meta,cpc,meta_campaign_14
cust_a3e3fc7f,2024-04,2024-04,0,paid,2024-04-18 08:01:03,2024-04-18 08:01:03,1,171.23,organic,organic,direct
cust_a417d018,2024-12,2024-12,0,paid,2024-12-06 19:33:53,2024-12-06 19:33:53,1,108.6,email,email,email_campaign_4
cust_a4205dde,2024-06,2024-06,0,paid,2024-06-27 11:39:49,2024-06-27 11:39:49,1,30.45,direct,direct,direct
cust_a447bf28,2024-10,2024-10,0,paid,2024-10-20 22:28:53,2024-10-20 22:28:53,1,78.06,tiktok,cpc,tiktok_campaign_13
cust_a4654993,2024-02,2024-02,0,paid,2024-02-14 21:17:02,2024-02-14 21:17:02,1,66.58,google,cpc,google_campaign_7
cust_a46cc639,2024-02,2024-02,0,paid,2024-02-18 12:04:19,2024-02-18 12:04:19,1,158.45,email,email,email_campaign_4
cust_a4a031d2,2024-12,2024-12,0,paid,2024-12-29 18:20:47,2024-12-29 18:20:47,1,44.72,organic,organic,direct
cust_a4e56a7b,2024-03,2024-03,0,paid,2024-03-23 06:54:36,2024-03-23 06:54:36,1,115.83,direct,direct,direct
cust_a51b3ed5,2024-06,2024-06,0,paid,2024-06-10 16:00:27,2024-06-10 16:00:27,1,132.3,google,cpc,google_campaign_19
cust_a52f139f,2024-06,2024-06,0,paid,2024-06-30 22:27:44,2024-06-30 22:27:44,1,82.9,direct,direct,direct
cust_a5483dd5,2024-08,2024-08,0,paid,2024-08-09 11:58:31,2024-08-09 11:58:31,1,300.47,direct,direct,direct
cust_a560d896,2024-11,2024-11,0,paid,2024-11-07 15:20:14,2024-11-07 15:20:14,1,121.19,direct,direct,direct
cust_a590a5df,2024-08,2024-08,0,paid,2024-08-04 22:01:29,2024-08-04 22:01:29,1,82.44,google,cpc,google_campaign_13
cust_a5aac3ed,2024-10,2024-10,0,paid,2024-10-08 20:06:09,2024-10-08 20:06:09,1,71.06,direct,direct,direct
cust_a5ae39f2,2024-03,2024-03,0,paid,2024-03-12 09:33:37,2024-03-12 09:33:37,1,86.46,direct,direct,direct
cust_a5d4c6ba,2024-02,2024-02,0,paid,2024-02-19 16:22:13,2024-02-19 16:22:13,1,42.61,direct,direct,direct
cust_a5ec48af,2024-11,2024-11,0,paid,2024-11-07 15:33:05,2024-11-07 15:33:05,1,97.17,direct,direct,direct
cust_a5ede133,2024-11,2024-11,0,paid,2024-11-02 08:15:44,2024-11-02 08:15:44,1,64.14,direct,direct,direct
cust_a616c5e7,2024-03,2024-03,0,paid,2024-03-25 06:49:20,2024-03-25 06:49:20,1,145.47,meta,cpc,meta_campaign_5
cust_a6317f99,2024-09,2024-09,0,paid,2024-09-22 13:27:29,2024-09-22 13:27:29,1,118.62,organic,organic,direct
cust_a643ed9a,2024-07,2024-07,0,paid,2024-07-03 18:39:36,2024-07-03 18:39:36,1,72.11,direct,direct,direct
cust_a64baa1d,2024-11,2024-11,0,paid,2024-11-02 16:48:33,2024-11-02 16:48:33,1,136.34,organic,organic,direct
cust_a652a610,2024-07,2024-07,0,paid,2024-07-09 23:04:58,2024-07-09 23:04:58,1,59.66,meta,cpc,meta_campaign_13
cust_a6598f83,2024-07,2024-07,0,paid,2024-07-22 10:39:14,2024-07-22 10:39:14,1,163.01,google,cpc,google_campaign_1
cust_a6bc134b,2024-01,2024-01,0,paid,2024-01-12 08:15:09,2024-01-12 08:15:09,1,31.14,meta,cpc,meta_campaign_1
cust_a6e5848d,2024-05,2024-05,0,paid,2024-05-06 20:03:36,2024-05-06 20:03:36,1,138.54,organic,organic,direct
cust_a70f6a12,2024-12,2024-12,0,paid,2024-12-12 19:00:39,2024-12-12 19:00:39,1,160.36,direct,direct,direct
cust_a71c1cad,2024-12,2024-12,0,paid,2024-12-06 12:00:16,2024-12-06 12:00:16,1,94.39,direct,direct,direct
cust_a72f640c,2024-08,2024-08,0,paid,2024-08-08 10:54:57,2024-08-08 10:54:57,1,143.63,tiktok,cpc,tiktok_campaign_7
cust_a74f55b6,2024-06,2024-06,0,paid,2024-06-21 16:09:56,2024-06-21 16:09:56,1,136.17,organic,organic,direct
cust_a76f3c58,2024-12,2024-12,0,paid,2024-12-23 09:41:15,2024-12-23 09:41:15,1,105.18,direct,direct,direct
cust_a786d1c3,2024-07,2024-07,0,paid,2024-07-25 10:31:20,2024-07-25 10:31:20,1,68.97,direct,direct,direct
cust_a7cbbfd4,2024-09,2024-09,0,paid,2024-09-26 10:10:28,2024-09-26 10:10:28,1,125.25,google,cpc,google_campaign_1
cust_a7d83dde,2024-09,2024-09,0,paid,2024-09-21 13:02:30,2024-09-21 13:02:30,1,110.61,tiktok,cpc,tiktok_campaign_18
cust_a8126699,2024-11,2024-11,0,paid,2024-11-02 15:11:00,2024-11-02 15:11:00,1,260.08,direct,direct,direct
cust_a82f8268,2024-09,2024-09,0,paid,2024-09-09 16:24:42,2024-09-09 16:24:42,1,36.26,google,cpc,google_campaign_6
cust_a8304bcd,2024-11,2024-11,0,paid,2024-11-01 17:04:56,2024-11-01 17:04:56,1,46.81,tiktok,cpc,tiktok_campaign_2
cust_a84efb2f,2024-10,2024-10,0,paid,2024-10-19 08:31:58,2024-10-19 08:31:58,1,111.26,tiktok,cpc,tiktok_campaign_19
cust_a85127f9,2024-01,2024-01,0,paid,2024-01-09 11:58:23,2024-01-09 11:58:23,1,28.86,direct,direct,direct
cust_a87c7927,2024-12,2024-12,0,paid,2024-12-17 17:32:20,2024-12-17 17:32:20,1,63.42,google,cpc,google_campaign_15
cust_a8a3b6f3,2024-07,2024-07,0,paid,2024-07-22 09:59:09,2024-07-22 09:59:09,1,56.76,direct,direct,direct
cust_a8c6f038,2024-11,2024-11,0,paid,2024-11-25 19:24:09,2024-11-25 19:24:09,1,84.47,tiktok,cpc,tiktok_campaign_5
cust_a9141411,2024-12,2024-12,0,paid,2024-12-06 20:57:03,2024-12-06 20:57:03,1,135.83,direct,direct,direct
cust_a93d78ba,2024-06,2024-06,0,paid,2024-06-25 12:38:57,2024-06-25 12:38:57,1,115.98,email,email,email_campaign_6
cust_a9589bdc,2024-09,2024-09,0,paid,2024-09-24 09:35:07,2024-09-24 09:35:07,1,57.3,direct,direct,direct
cust_a967e8f9,2024-09,2024-09,0,paid,2024-09-09 12:13:01,2024-09-09 12:13:01,1,81.03,google,cpc,google_campaign_19
cust_a96f32eb,2024-01,2024-01,0,paid,2024-01-13 17:13:15,2024-01-13 17:13:15,1,79.68,google,cpc,google_campaign_17
cust_a9879c20,2024-05,2024-05,0,paid,2024-05-27 20:40:37,2024-05-27 20:40:37,1,72.75,meta,cpc,meta_campaign_10
cust_a9bc4432,2024-10,2024-10,0,paid,2024-10-26 14:39:56,2024-10-26 14:39:56,1,79.08,google,cpc,google_campaign_12
cust_a9c9c632,2024-04,2024-04,0,paid,2024-04-26 10:10:18,2024-04-26 10:10:18,1,81.67,direct,direct,direct
cust_aa320868,2024-01,2024-01,0,paid,2024-01-08 06:51:10,2024-01-08 06:51:10,1,252.05,tiktok,cpc,tiktok_campaign_11
cust_aa38c0d8,2024-10,2024-10,0,paid,2024-10-24 11:48:11,2024-10-24 11:48:11,1,89.6,direct,direct,direct
cust_aa4fdd13,2024-03,2024-03,0,paid,2024-03-08 01:16:51,2024-03-08 01:16:51,1,29.47,tiktok,cpc,tiktok_campaign_6
cust_aa66704e,2024-04,2024-04,0,paid,2024-04-17 18:26:25,2024-04-17 18:26:25,1,103.26,organic,organic,direct
cust_aab3b155,2024-04,2024-04,0,paid,2024-04-04 11:51:51,2024-04-04 11:51:51,1,156.73,direct,direct,direct
cust_aabf56c3,2024-11,2024-11,0,paid,2024-11-19 20:14:39,2024-11-19 20:14:39,1,245.69,direct,direct,direct
cust_aae6663b,2024-07,2024-07,0,paid,2024-07-07 08:36:38,2024-07-07 08:36:38,1,120.54,direct,direct,direct
cust_aaf606c4,2024-12,2024-12,0,paid,2024-12-10 19:27:20,2024-12-10 19:27:20,1,82.15,direct,direct,direct
cust_ab62893f,2024-01,2024-01,0,paid,2024-01-02 15:07:36,2024-01-02 15:07:36,1,83.82,direct,direct,direct
cust_ab6594b2,2024-09,2024-09,0,paid,2024-09-19 15:56:02,2024-09-19 15:56:02,1,126.73,direct,direct,direct
cust_ab799a51,2024-10,2024-10,0,paid,2024-10-29 20:10:50,2024-10-29 20:10:50,1,67.26,meta,cpc,meta_campaign_15
cust_ab8fd2c2,2024-05,2024-05,0,paid,2024-05-05 11:34:43,2024-05-05 11:34:43,1,93.62,meta,cpc,meta_campaign_18
cust_abbc41b7,2024-11,2024-11,0,paid,2024-11-21 14:13:45,2024-11-21 14:13:45,1,108.46,direct,direct,direct
cust_abbc5d5c,2024-08,2024-08,0,paid,2024-08-24 16:20:50,2024-08-24 16:20:50,1,154.95,organic,organic,direct
cust_abe46a13,2024-06,2024-06,0,paid,2024-06-08 19:09:55,2024-06-08 19:09:55,1,105.48,direct,direct,direct
cust_ac0bca1d,2024-10,2024-10,0,paid,2024-10-23 20:09:42,2024-10-23 20:09:42,1,102.58,google,cpc,google_campaign_15
cust_ac9227de,2024-06,2024-06,0,paid,2024-06-20 10:33:18,2024-06-20 10:33:18,1,123.82,direct,direct,direct
cust_aca0680a,2024-07,2024-07,0,paid,2024-07-25 12:01:14,2024-07-25 12:01:14,1,34.1,direct,direct,direct
cust_acaa76aa,2024-03,2024-03,0,paid,2024-03-01 12:44:52,2024-03-01 12:44:52,1,168.69,meta,cpc,meta_campaign_7
cust_accb8689,2024-04,2024-04,0,paid,2024-04-18 00:12:01,2024-04-18 00:12:01,1,118.25,direct,direct,direct
cust_aceca183,2024-02,2024-02,0,paid,2024-02-15 22:03:47,2024-02-15 22:03:47,1,94.94,email,email,email_campaign_4
cust_acf5fd0a,2024-11,2024-11,0,paid,2024-11-01 23:02:02,2024-11-01 23:02:02,1,38.83,meta,cpc,meta_campaign_5
cust_ad03b63a,2024-02,2024-02,0,paid,2024-02-16 11:20:03,2024-02-16 11:20:03,1,34.7,tiktok,cpc,tiktok_campaign_8
cust_ad128f4a,2024-05,2024-05,0,paid,2024-05-23 07:12:47,2024-05-23 07:12:47,1,145.37,direct,direct,direct
cust_ad129cfe,2024-11,2024-11,0,paid,2024-11-06 20:38:02,2024-11-06 20:38:02,1,48.35,tiktok,cpc,tiktok_campaign_1
cust_ad3e26d5,2024-11,2024-11,0,paid,2024-11-12 10:17:58,2024-11-12 10:17:58,1,68.92,meta,cpc,meta_campaign_6
cust_ad4398f8,2024-01,2024-01,0,paid,2024-01-02 22:18:11,2024-01-02 22:18:11,1,169.44,direct,direct,direct
cust_ad590646,2024-11,2024-11,0,paid,2024-11-10 17:56:47,2024-11-10 17:56:47,1,33.15,direct,direct,direct
cust_ad594354,2024-11,2024-11,0,paid,2024-11-12 20:20:47,2024-11-12 20:20:47,1,73.19,direct,direct,direct
cust_ad8c23bc,2024-05,2024-05,0,paid,2024-05-30 19:12:11,2024-05-30 19:12:11,1,85.29,google,cpc,google_campaign_6
cust_ad8f18f2,2024-12,2024-12,0,paid,2024-12-06 18:12:00,2024-12-06 18:12:00,1,111.58,direct,direct,direct
cust_adb63e19,2024-12,2024-12,0,paid,2024-12-17 19:39:42,2024-12-17 19:39:42,1,149.09,meta,cpc,meta_campaign_13
cust_adce7be5,2024-04,2024-04,0,paid,2024-04-15 11:53:05,2024-04-15 11:53:05,1,155.62,direct,direct,direct
cust_ae07f22e,2024-10,2024-10,0,paid,2024-10-09 09:50:30,2024-10-09 09:50:30,1,138.38,google,cpc,google_campaign_17
cust_ae88f9fd,2024-03,2024-03,0,paid,2024-03-13 08:38:30,2024-03-13 08:38:30,1,483.38,direct,direct,direct
cust_ae8ba1c7,2024-05,2024-05,0,paid,2024-05-30 18:29:33,2024-05-30 18:29:33,1,194.41,direct,direct,direct
cust_ae99a112,2024-03,2024-03,0,paid,2024-03-26 14:27:00,2024-03-26 14:27:00,1,66.68,direct,direct,direct
cust_aebbbecf,2024-05,2024-05,0,paid,2024-05-25 18:00:41,2024-05-25 18:00:41,1,57.86,meta,cpc,meta_campaign_16
cust_af488ab6,2024-07,2024-07,0,paid,2024-07-18 11:34:49,2024-07-18 11:34:49,1,81.78,direct,direct,direct
cust_af4f7223,2024-03,2024-03,0,paid,2024-03-29 19:14:12,2024-03-29 19:14:12,1,123.38,direct,direct,direct
cust_af665f0f,2024-12,2024-12,0,paid,2024-12-05 08:58:55,2024-12-05 08:58:55,1,133.16,organic,organic,direct
cust_afda687c,2024-07,2024-07,0,paid,2024-07-13 21:36:51,2024-07-13 21:36:51,1,174.52,organic,organic,direct
cust_aff8fa47,2024-02,2024-02,0,paid,2024-02-09 12:49:14,2024-02-09 12:49:14,1,67.07,google,cpc,google_campaign_7
cust_b027cf6d,2024-11,2024-11,0,paid,2024-11-29 10:10:44,2024-11-29 10:10:44,1,87.17,meta,cpc,meta_campaign_13
cust_b0a48426,2024-11,2024-11,0,paid,2024-11-27 21:13:32,2024-11-27 21:13:32,1,76.38,organic,organic,direct
cust_b0d1ef19,2024-12,2024-12,0,paid,2024-12-12 17:04:49,2024-12-12 17:04:49,1,170.93,email,email,email_campaign_6
cust_b0d9f1cf,2024-07,2024-07,0,paid,2024-07-28 11:08:15,2024-07-28 11:08:15,1,70.68,google,cpc,google_campaign_6
cust_b1af7368,2024-07,2024-07,0,paid,2024-07-11 21:18:29,2024-07-11 21:18:29,1,62.54,meta,cpc,meta_campaign_17
cust_b1b79c0d,2024-04,2024-04,0,paid,2024-04-21 22:02:15,2024-04-21 22:02:15,1,42.34,meta,cpc,meta_campaign_14
cust_b1f2a3c2,2024-05,2024-05,0,paid,2024-05-30 11:18:24,2024-05-30 11:18:24,1,125.52,email,email,email_campaign_2
cust_b1ff3da2,2024-12,2024-12,0,paid,2024-12-20 08:44:51,2024-12-20 08:44:51,1,74.6,direct,direct,direct
cust_b216805c,2024-11,2024-11,0,paid,2024-11-24 10:06:36,2024-11-24 10:06:36,1,166.04,direct,direct,direct
cust_b2424b78,2024-04,2024-04,0,paid,2024-04-01 22:51:38,2024-04-01 22:51:38,1,79.29,google,cpc,google_campaign_6
cust_b2512122,2024-10,2024-10,0,paid,2024-10-17 14:11:30,2024-10-17 14:11:30,1,81.56,email,email,email_campaign_4
cust_b28c3720,2024-12,2024-12,0,paid,2024-12-29 22:01:10,2024-12-29 22:01:10,1,91.52,direct,direct,direct
cust_b2951432,2024-11,2024-11,0,paid,2024-11-22 19:43:55,2024-11-22 19:43:55,1,228.04,meta,cpc,meta_campaign_9
cust_b2ad47f8,2024-07,2024-07,0,paid,2024-07-18 20:05:02,2024-07-18 20:05:02,1,117.14,direct,direct,direct
cust_b2c446e9,2024-11,2024-11,0,paid,2024-11-16 16:36:39,2024-11-16 16:36:39,1,113.86,direct,direct,direct
cust_b2d23a3b,2024-12,2024-12,0,paid,2024-12-15 09:38:47,2024-12-15 09:38:47,1,93.33,organic,organic,direct
cust_b2da8de7,2024-10,2024-10,0,paid,2024-10-17 07:40:13,2024-10-17 07:40:13,1,37.41,direct,direct,direct
cust_b2e122c2,2024-08,2024-08,0,paid,2024-08-29 17:33:20,2024-08-29 17:33:20,1,285.99,direct,direct,direct
cust_b2ee8483,2024-10,2024-10,0,paid,2024-10-22 11:14:32,2024-10-22 11:14:32,1,390.95,organic,organic,direct
cust_b2f79f5c,2024-04,2024-04,0,paid,2024-04-22 08:02:45,2024-04-22 08:02:45,1,329.3,google,cpc,google_campaign_19
cust_b300c63b,2024-10,2024-10,0,paid,2024-10-19 11:21:43,2024-10-19 11:21:43,1,256.81,meta,cpc,meta_campaign_14
cust_b30b2964,2024-09,2024-09,0,paid,2024-09-07 15:09:26,2024-09-07 15:09:26,1,119.14,google,cpc,google_campaign_13
cust_b3195f0b,2024-08,2024-08,0,paid,2024-08-06 07:58:09,2024-08-06 07:58:09,1,282.18,direct,direct,direct
cust_b33842fb,2024-01,2024-01,0,paid,2024-01-16 08:14:14,2024-01-16 08:14:14,1,92.01,direct,direct,direct
cust_b345c77b,2024-03,2024-03,0,paid,2024-03-14 19:50:40,2024-03-14 19:50:40,1,164.33,direct,direct,direct
cust_b3656640,2024-05,2024-05,0,paid,2024-05-10 15:58:36,2024-05-10 15:58:36,1,65.87,direct,direct,direct
cust_b39f7963,2024-08,2024-08,0,paid,2024-08-01 19:35:58,2024-08-01 19:35:58,1,65.15,meta,cpc,meta_campaign_8
cust_b3d61c08,2024-06,2024-06,0,paid,2024-06-08 08:56:17,2024-06-08 08:56:17,1,78.44,meta,cpc,meta_campaign_15
cust_b3d7f290,2024-07,2024-07,0,paid,2024-07-05 12:43:17,2024-07-05 12:43:17,1,63.4,direct,direct,direct
cust_b40fa7d0,2024-02,2024-02,0,paid,2024-02-24 09:14:13,2024-02-24 09:14:13,1,88.94,tiktok,cpc,tiktok_campaign_16
cust_b45837ee,2024-11,2024-11,0,paid,2024-11-29 10:19:24,2024-11-29 10:19:24,1,39.44,direct,direct,direct
cust_b495d742,2024-01,2024-01,0,paid,2024-01-30 08:37:25,2024-01-30 08:37:25,1,198.03,google,cpc,google_campaign_19
cust_b4a6652d,2024-06,2024-06,0,paid,2024-06-25 01:02:16,2024-06-25 01:02:16,1,128.95,google,cpc,google_campaign_15
cust_b4e90d38,2024-03,2024-03,0,paid,2024-03-08 17:33:06,2024-03-08 17:33:06,1,30.44,organic,organic,direct
cust_b502bfd2,2024-05,2024-05,0,paid,2024-05-13 00:20:33,2024-05-13 00:20:33,1,65.56,email,email,email_campaign_3
cust_b5043cbc,2024-07,2024-07,0,paid,2024-07-04 12:08:04,2024-07-04 12:08:04,1,35.34,direct,direct,direct
cust_b52768a2,2024-10,2024-10,0,paid,2024-10-29 18:02:05,2024-10-29 18:02:05,1,226.31,google,cpc,google_campaign_14
cust_b5a8ea75,2024-03,2024-03,0,paid,2024-03-20 23:46:31,2024-03-20 23:46:31,1,35.03,organic,organic,direct
cust_b5ab39cb,2024-10,2024-10,0,paid,2024-10-06 22:48:08,2024-10-06 22:48:08,1,112.99,organic,organic,direct
cust_b5b7e28c,2024-06,2024-06,0,paid,2024-06-21 07:55:10,2024-06-21 07:55:10,1,137.75,direct,direct,direct
cust_b60a2ea2,2024-11,2024-11,0,paid,2024-11-10 09:37:32,2024-11-10 09:37:32,1,103.37,direct,direct,direct
cust_b621c454,2024-11,2024-11,0,paid,2024-11-17 19:19:12,2024-11-17 19:19:12,1,53.22,tiktok,cpc,tiktok_campaign_16
cust_b6441b40,2024-10,2024-10,0,paid,2024-10-26 19:56:09,2024-10-26 19:56:09,1,73.71,organic,organic,direct
cust_b64a5b47,2024-05,2024-05,0,paid,2024-05-25 00:21:37,2024-05-25 00:21:37,1,48.32,direct,direct,direct
cust_b6ac5443,2024-06,2024-06,0,paid,2024-06-16 08:35:10,2024-06-16 08:35:10,1,142.03,direct,direct,direct
cust_b6adf685,2024-01,2024-01,0,paid,2024-01-13 12:44:43,2024-01-13 12:44:43,1,78.25,email,email,email_campaign_9
cust_b6b2b518,2024-07,2024-07,0,paid,2024-07-10 19:33:31,2024-07-10 19:33:31,1,64.61,direct,direct,direct
cust_b6e9d351,2024-06,2024-06,0,paid,2024-06-11 22:57:14,2024-06-11 22:57:14,1,89.12,direct,direct,direct
cust_b73d5a3b,2024-09,2024-09,0,paid,2024-09-06 18:03:09,2024-09-06 18:03:09,1,123.43,tiktok,cpc,tiktok_campaign_4
cust_b7659067,2024-12,2024-12,0,paid,2024-12-19 10:31:32,2024-12-19 10:31:32,1,65.72,tiktok,cpc,tiktok_campaign_15
cust_b76afead,2024-08,2024-08,0,paid,2024-08-12 15:50:52,2024-08-12 15:50:52,1,251.28,meta,cpc,meta_campaign_8
cust_b7a492e4,2024-04,2024-04,0,paid,2024-04-12 13:39:59,2024-04-12 13:39:59,1,35.61,direct,direct,direct
cust_b7bb44f2,2024-08,2024-08,0,paid,2024-08-31 18:34:23,2024-08-31 18:34:23,1,95.57,direct,direct,direct
cust_b7ce7c4d,2024-05,2024-05,0,paid,2024-05-30 06:30:48,2024-05-30 06:30:48,1,70.94,direct,direct,direct
cust_b8078fe1,2024-12,2024-12,0,paid,2024-12-31 14:05:00,2024-12-31 14:05:00,1,37.1,direct,direct,direct
cust_b822e943,2024-08,2024-08,0,paid,2024-08-16 19:18:46,2024-08-16 19:18:46,1,91.16,meta,cpc,meta_campaign_17
cust_b8416f17,2024-07,2024-07,0,paid,2024-07-11 19:37:42,2024-07-11 19:37:42,1,64.47,direct,direct,direct
cust_b87c55aa,2024-12,2024-12,0,paid,2024-12-07 13:26:24,2024-12-07 13:26:24,1,98.06,tiktok,cpc,tiktok_campaign_5
cust_b8f61831,2024-09,2024-09,0,paid,2024-09-21 21:05:13,2024-09-21 21:05:13,1,89.01,organic,organic,direct
cust_b920634b,2024-06,2024-06,0,paid,2024-06-30 21:35:35,2024-06-30 21:35:35,1,113.18,google,cpc,google_campaign_12
cust_b9850f4a,2024-10,2024-10,0,paid,2024-10-21 19:14:14,2024-10-21 19:14:14,1,72.97,meta,cpc,meta_campaign_6
cust_b9a48e44,2024-12,2024-12,0,paid,2024-12-01 18:18:19,2024-12-01 18:18:19,1,50.52,google,cpc,google_campaign_11
cust_b9c94e0b,2024-12,2024-12,0,paid,2024-12-09 09:41:22,2024-12-09 09:41:22,1,70.84,meta,cpc,meta_campaign_10
cust_b9d4f3c4,2024-06,2024-06,0,paid,2024-06-14 18:47:05,2024-06-14 18:47:05,1,37.13,meta,cpc,meta_campaign_6
cust_ba0e1ee1,2024-07,2024-07,0,paid,2024-07-29 10:40:25,2024-07-29 10:40:25,1,124.16,meta,cpc,meta_campaign_11
cust_ba1b090d,2024-04,2024-04,0,paid,2024-04-10 11:25:45,2024-04-10 11:25:45,1,41.13,google,cpc,google_campaign_16
cust_ba4fb5dc,2024-12,2024-12,0,paid,2024-12-24 16:38:34,2024-12-24 16:38:34,1,235.55,meta,cpc,meta_campaign_15
cust_bac37565,2024-12,2024-12,0,paid,2024-12-11 14:26:22,2024-12-11 14:26:22,1,60.43,google,cpc,google_campaign_1
cust_bb04b4e1,2024-01,2024-01,0,paid,2024-01-16 13:44:45,2024-01-16 13:44:45,1,40.82,tiktok,cpc,tiktok_campaign_16
cust_bb0e7be9,2024-05,2024-05,0,paid,2024-05-12 15:37:52,2024-05-12 15:37:52,1,16.64,meta,cpc,meta_campaign_17
cust_bb336c34,2024-04,2024-04,0,paid,2024-04-01 21:50:56,2024-04-01 21:50:56,1,122.55,direct,direct,direct
cust_bb3a3104,2024-11,2024-11,0,paid,2024-11-29 22:09:35,2024-11-29 22:09:35,1,85.32,google,cpc,google_campaign_13
cust_bb461844,2024-06,2024-06,0,paid,2024-06-23 12:40:58,2024-06-23 12:40:58,1,53.91,direct,direct,direct
cust_bb4c6891,2024-06,2024-06,0,paid,2024-06-16 17:43:38,2024-06-16 17:43:38,1,77.27,direct,direct,direct
cust_bb677dd0,2024-10,2024-10,0,paid,2024-10-07 21:38:45,2024-10-07 21:38:45,1,134.25,direct,direct,direct
cust_bb6c5f36,2024-12,2024-12,0,paid,2024-12-09 09:26:11,2024-12-09 09:26:11,1,59.3,direct,direct,direct
cust_bb6fa370,2024-09,2024-09,0,paid,2024-09-15 09:59:20,2024-09-15 09:59:20,1,70.79,direct,direct,direct
cust_bbddb791,2024-12,2024-12,0,paid,2024-12-16 21:19:53,2024-12-16 21:19:53,1,54.08,direct,direct,direct
cust_bbe6c9ed,2024-10,2024-10,0,paid,2024-10-14 20:05:41,2024-10-14 20:05:41,1,39.48,direct,direct,direct
cust_bc177f73,2024-09,2024-09,0,paid,2024-09-10 21:15:20,2024-09-10 21:15:20,1,87.27,google,cpc,google_campaign_19
cust_bc47a80b,2024-09,2024-09,0,paid,2024-09-10 03:54:35,2024-09-10 03:54:35,1,125.81,tiktok,cpc,tiktok_campaign_10
cust_bc4f4fc3,2024-07,2024-07,0,paid,2024-07-04 20:05:39,2024-07-04 20:05:39,1,28.93,tiktok,cpc,tiktok_campaign_14
cust_bc714dc8,2024-04,2024-04,0,paid,2024-04-24 08:46:26,2024-04-24 08:46:26,1,146.95,google,cpc,google_campaign_17
cust_bc723509,2024-06,2024-06,0,paid,2024-06-19 03:34:52,2024-06-19 03:34:52,1,54.6,meta,cpc,meta_campaign_13
cust_bc804454,2024-12,2024-12,0,paid,2024-12-03 14:14:35,2024-12-03 14:14:35,1,225.64,direct,direct,direct
cust_bcaff4ea,2024-11,2024-11,0,paid,2024-11-10 08:55:22,2024-11-10 08:55:22,1,78.96,meta,cpc,meta_campaign_10
cust_bcbfbd28,2024-04,2024-04,0,paid,2024-04-30 19:02:30,2024-04-30 19:02:30,1,291.03,email,email,email_campaign_4
cust_bd022c77,2024-09,2024-09,0,paid,2024-09-26 16:27:17,2024-09-26 16:27:17,1,65.71,organic,organic,direct
cust_bd0c738a,2024-06,2024-06,0,paid,2024-06-03 20:54:20,2024-06-03 20:54:20,1,69.58,direct,direct,direct
cust_bd694d02,2024-07,2024-07,0,paid,2024-07-23 12:15:54,2024-07-23 12:15:54,1,130.66,organic,organic,direct
cust_bdae9b2e,2024-09,2024-09,0,paid,2024-09-07 10:01:17,2024-09-07 10:01:17,1,84.57,google,cpc,google_campaign_19
cust_bdfbfe23,2024-05,2024-05,0,paid,2024-05-13 20:28:21,2024-05-13 20:28:21,1,114.3,direct,direct,direct
cust_be1c483a,2024-02,2024-02,0,paid,2024-02-03 21:36:04,2024-02-03 21:36:04,1,142.09,organic,organic,direct
cust_be246550,2024-01,2024-01,0,paid,2024-01-05 18:05:12,2024-01-05 18:05:12,1,123.49,tiktok,cpc,tiktok_campaign_17
cust_be46d94b,2024-01,2024-01,0,paid,2024-01-07 14:39:34,2024-01-07 14:39:34,1,74.76,direct,direct,direct
cust_be586d90,2024-12,2024-12,0,paid,2024-12-09 15:38:49,2024-12-09 15:38:49,1,110.8,direct,direct,direct
cust_bebf3f4a,2024-06,2024-06,0,paid,2024-06-06 11:38:03,2024-06-06 11:38:03,1,154.45,google,cpc,google_campaign_4
cust_bec9aabd,2024-11,2024-11,0,paid,2024-11-24 13:31:08,2024-11-24 13:31:08,1,90.94,direct,direct,direct
cust_bf1de200,2024-03,2024-03,0,paid,2024-03-15 21:58:10,2024-03-15 21:58:10,1,58.53,direct,direct,direct
cust_bfa9dd73,2024-10,2024-10,0,paid,2024-10-28 00:01:50,2024-10-28 00:01:50,1,221.31,direct,direct,direct
cust_bfd94155,2024-06,2024-06,0,paid,2024-06-13 19:31:10,2024-06-13 19:31:10,1,89.62,organic,organic,direct
cust_bff562d8,2024-12,2024-12,0,paid,2024-12-18 22:04:52,2024-12-18 22:04:52,1,79.67,google,cpc,google_campaign_19
cust_c0191745,2024-09,2024-09,0,paid,2024-09-29 14:19:36,2024-09-29 14:19:36,1,30.9,organic,organic,direct
cust_c0236856,2024-06,2024-06,0,paid,2024-06-14 08:59:48,2024-06-14 08:59:48,1,40.23,google,cpc,google_campaign_5
cust_c042971a,2024-01,2024-01,0,paid,2024-01-27 13:40:21,2024-01-27 13:40:21,1,41.14,google,cpc,google_campaign_3
cust_c04ea1a6,2024-01,2024-01,0,paid,2024-01-17 08:14:31,2024-01-17 08:14:31,1,124.81,email,email,email_campaign_4
cust_c0a9976b,2024-10,2024-10,0,paid,2024-10-19 09:12:39,2024-10-19 09:12:39,1,96.81,meta,cpc,meta_campaign_1
cust_c13a237d,2024-02,2024-02,0,paid,2024-02-25 16:08:43,2024-02-25 16:08:43,1,107.73,meta,cpc,meta_campaign_8
cust_c14d873d,2024-02,2024-02,0,paid,2024-02-03 08:36:04,2024-02-03 08:36:04,1,79.72,tiktok,cpc,tiktok_campaign_7
cust_c15a8023,2024-03,2024-03,0,paid,2024-03-17 21:13:43,2024-03-17 21:13:43,1,142.39,direct,direct,direct
cust_c1a8bd3f,2024-02,2024-02,0,paid,2024-02-27 09:59:10,2024-02-27 09:59:10,1,68.19,google,cpc,google_campaign_5
cust_c1b50d22,2024-05,2024-05,0,paid,2024-05-31 10:43:05,2024-05-31 10:43:05,1,90.87,tiktok,cpc,tiktok_campaign_16
cust_c1e49c1b,2024-02,2024-02,0,paid,2024-02-02 02:11:00,2024-02-02 02:11:00,1,20.77,organic,organic,direct
cust_c25c2ea7,2024-07,2024-07,0,paid,2024-07-19 11:13:04,2024-07-19 11:13:04,1,103.52,meta,cpc,meta_campaign_2
cust_c25f500c,2024-08,2024-08,0,paid,2024-08-05 20:19:35,2024-08-05 20:19:35,1,48.3,tiktok,cpc,tiktok_campaign_6
cust_c26a9ce3,2024-09,2024-09,0,paid,2024-09-15 18:59:13,2024-09-15 18:59:13,1,22.99,direct,direct,direct
cust_c284fbd3,2024-11,2024-11,0,paid,2024-11-07 22:20:14,2024-11-07 22:20:14,1,135.83,direct,direct,direct
cust_c2936336,2024-06,2024-06,0,paid,2024-06-14 14:40:23,2024-06-14 14:40:23,1,67.27,google,cpc,google_campaign_6
cust_c2a5916c,2024-11,2024-11,0,paid,2024-11-26 12:32:24,2024-11-26 12:32:24,1,132.15,organic,organic,direct
cust_c31f0e21,2024-05,2024-05,0,paid,2024-05-02 20:40:45,2024-05-02 20:40:45,1,502.22,tiktok,cpc,tiktok_campaign_2
cust_c32885ca,2024-09,2024-09,0,paid,2024-09-02 11:13:36,2024-09-02 11:13:36,1,56.8,direct,direct,direct
cust_c333783a,2024-07,2024-07,0,paid,2024-07-08 19:39:33,2024-07-08 19:39:33,1,25.07,organic,organic,direct
cust_c3ed97fc,2024-01,2024-01,0,paid,2024-01-16 21:04:13,2024-01-16 21:04:13,1,38.16,email,email,email_campaign_5
cust_c3fcb646,2024-08,2024-08,0,paid,2024-08-22 00:32:15,2024-08-22 00:32:15,1,95.69,direct,direct,direct
cust_c4387e25,2024-04,2024-04,0,paid,2024-04-08 12:05:40,2024-04-08 12:05:40,1,192.47,meta,cpc,meta_campaign_5
cust_c4a0be55,2024-07,2024-07,0,paid,2024-07-19 21:12:51,2024-07-19 21:12:51,1,96.71,meta,cpc,meta_campaign_9
cust_c4a31b19,2024-10,2024-10,0,paid,2024-10-06 19:24:31,2024-10-06 19:24:31,1,55.52,direct,direct,direct
cust_c4ef5b75,2024-06,2024-06,0,paid,2024-06-24 12:38:46,2024-06-24 12:38:46,1,71.58,email,email,email_campaign_9
cust_c544ed2e,2024-12,2024-12,0,paid,2024-12-21 15:03:22,2024-12-21 15:03:22,1,40.72,direct,direct,direct
cust_c5568231,2024-12,2024-12,0,paid,2024-12-14 13:40:59,2024-12-14 13:40:59,1,105.12,meta,cpc,meta_campaign_15
cust_c58435e5,2024-02,2024-02,0,paid,2024-02-12 19:18:17,2024-02-12 19:18:17,1,121.85,google,cpc,google_campaign_3
cust_c598e42b,2024-10,2024-10,0,paid,2024-10-27 21:50:55,2024-10-27 21:50:55,1,90.47,direct,direct,direct
cust_c59ef482,2024-11,2024-11,0,paid,2024-11-12 19:50:21,2024-11-12 19:50:21,1,31.54,tiktok,cpc,tiktok_campaign_16
cust_c5aa8604,2024-10,2024-10,0,paid,2024-10-09 22:01:17,2024-10-09 22:01:17,1,90.78,direct,direct,direct
cust_c5e5d6bc,2024-01,2024-01,0,paid,2024-01-09 10:28:34,2024-01-09 10:28:34,1,94.06,direct,direct,direct
cust_c5eeb2a1,2024-08,2024-08,0,paid,2024-08-06 16:52:01,2024-08-06 16:52:01,1,85.14,meta,cpc,meta_campaign_9
cust_c63e9dc7,2024-11,2024-11,0,paid,2024-11-18 20:20:26,2024-11-18 20:20:26,1,43.33,direct,direct,direct
cust_c66596a8,2024-08,2024-08,0,paid,2024-08-05 17:38:14,2024-08-05 17:38:14,1,118.57,direct,direct,direct
cust_c67f1a19,2024-12,2024-12,0,paid,2024-12-07 19:43:51,2024-12-07 19:43:51,1,56.47,direct,direct,direct
cust_c6bd94a4,2024-06,2024-06,0,paid,2024-06-25 16:17:53,2024-06-25 16:17:53,1,36.02,direct,direct,direct
cust_c716593b,2024-08,2024-08,0,paid,2024-08-21 05:27:52,2024-08-21 05:27:52,1,79.38,organic,organic,direct
cust_c77e2c28,2024-02,2024-02,0,paid,2024-02-28 14:39:23,2024-02-28 14:39:23,1,81.26,direct,direct,direct
cust_c7aa7d0a,2024-02,2024-02,0,paid,2024-02-15 19:18:48,2024-02-15 19:18:48,1,42.86,google,cpc,google_campaign_11
cust_c7c31fb5,2024-01,2024-01,0,paid,2024-01-06 19:26:58,2024-01-06 19:26:58,1,73.54,direct,direct,direct
cust_c867548a,2024-10,2024-10,0,paid,2024-10-13 20:33:26,2024-10-13 20:33:26,1,57.54,organic,organic,direct
cust_c86b913e,2024-08,2024-08,0,paid,2024-08-25 19:38:56,2024-08-25 19:38:56,1,59.59,direct,direct,direct
cust_c86fb05c,2024-02,2024-02,0,paid,2024-02-15 13:36:47,2024-02-15 13:36:47,1,32.78,google,cpc,google_campaign_13
cust_c8b305f7,2024-02,2024-02,0,paid,2024-02-27 09:33:46,2024-02-27 09:33:46,1,128.18,meta,cpc,meta_campaign_17
cust_c8cd974b,2024-03,2024-03,0,paid,2024-03-28 17:38:50,2024-03-28 17:38:50,1,84.17,google,cpc,google_campaign_18
cust_c92daa33,2024-11,2024-11,0,paid,2024-11-11 17:14:07,2024-11-11 17:14:07,1,88.47,direct,direct,direct
cust_c93cf7cb,2024-10,2024-10,0,paid,2024-10-12 15:37:09,2024-10-12 15:37:09,1,123.76,direct,direct,direct
cust_c99f2bbe,2024-01,2024-01,0,paid,2024-01-13 17:16:28,2024-01-13 17:16:28,1,124.73,organic,organic,direct
cust_c9f979df,2024-04,2024-04,0,paid,2024-04-09 19:16:04,2024-04-09 19:16:04,1,28.15,direct,direct,direct
cust_ca1872e8,2024-08,2024-08,0,paid,2024-08-05 21:52:28,2024-08-05 21:52:28,1,146.59,meta,cpc,meta_campaign_8
cust_ca320d0f,2024-01,2024-01,0,paid,2024-01-16 09:38:55,2024-01-16 09:38:55,1,91.69,direct,direct,direct
cust_ca711753,2024-03,2024-03,0,paid,2024-03-16 15:51:19,2024-03-16 15:51:19,1,333.76,meta,cpc,meta_campaign_9
cust_ca711753,2024-03,2024-12,9,paid,2024-12-08 08:37:06,2024-12-08 08:37:06,1,72.37,meta,cpc,meta_campaign_7
cust_caff0189,2024-11,2024-11,0,paid,2024-11-08 08:58:17,2024-11-08 08:58:17,1,71.58,google,cpc,google_campaign_11
cust_cb284211,2024-04,2024-04,0,paid,2024-04-28 13:48:34,2024-04-28 13:48:34,1,43.82,meta,cpc,meta_campaign_3
cust_cb296447,2024-01,2024-01,0,paid,2024-01-13 03:41:29,2024-01-13 03:41:29,1,236.14,organic,organic,direct
cust_cb408276,2024-12,2024-12,0,paid,2024-12-27 10:19:16,2024-12-27 10:19:16,1,49.78,organic,organic,direct
cust_cb58594c,2024-10,2024-10,0,paid,2024-10-18 15:49:25,2024-10-18 15:49:25,1,71.56,tiktok,cpc,tiktok_campaign_7
cust_cb7d06a4,2024-11,2024-11,0,paid,2024-11-26 18:58:30,2024-11-26 18:58:30,1,55.4,meta,cpc,meta_campaign_16
cust_cbd3f3d5,2024-04,2024-04,0,paid,2024-04-10 21:06:07,2024-04-10 21:06:07,1,86.58,meta,cpc,meta_campaign_15
cust_cbe18638,2024-11,2024-11,0,paid,2024-11-12 07:20:59,2024-11-12 07:20:59,1,40.27,organic,organic,direct
cust_cc58de35,2024-09,2024-09,0,paid,2024-09-04 14:39:20,2024-09-04 14:39:20,1,74.16,organic,organic,direct
cust_cc61fb9a,2024-10,2024-10,0,paid,2024-10-30 22:19:06,2024-10-30 22:19:06,1,61.19,direct,direct,direct
cust_cc72620e,2024-04,2024-04,0,paid,2024-04-13 02:34:34,2024-04-13 02:34:34,1,42.44,meta,cpc,meta_campaign_6
cust_cc92c27b,2024-11,2024-11,0,paid,2024-11-14 12:49:49,2024-11-14 12:49:49,1,127.8,meta,cpc,meta_campaign_9
cust_cc99491f,2024-12,2024-12,0,paid,2024-12-02 16:02:21,2024-12-02 16:02:21,1,132.09,direct,direct,direct
cust_ccac14a8,2024-10,2024-10,0,paid,2024-10-03 21:27:01,2024-10-03 21:27:01,1,138.86,tiktok,cpc,tiktok_campaign_17
cust_ccaffc9b,2024-02,2024-02,0,paid,2024-02-24 20:03:28,2024-02-24 20:03:28,1,371.58,direct,direct,direct
cust_ccb955c8,2024-07,2024-07,0,paid,2024-07-28 06:12:26,2024-07-28 06:12:26,1,87.24,direct,direct,direct
cust_ccc277c0,2024-11,2024-11,0,paid,2024-11-09 00:31:50,2024-11-09 00:31:50,1,245.39,google,cpc,google_campaign_10
cust_ccd4ef3c,2024-09,2024-09,0,paid,2024-09-07 23:06:43,2024-09-07 23:06:43,1,80.63,tiktok,cpc,tiktok_campaign_11
cust_cceb81de,2024-04,2024-04,0,paid,2024-04-03 10:46:56,2024-04-03 10:46:56,1,122.25,google,cpc,google_campaign_16
cust_cd06e7e3,2024-12,2024-12,0,paid,2024-12-16 08:04:10,2024-12-16 08:04:10,1,319.5,google,cpc,google_campaign_3
cust_cd15c899,2024-03,2024-03,0,paid,2024-03-25 06:11:05,2024-03-25 06:11:05,1,152.42,google,cpc,google_campaign_15
cust_cd16cbef,2024-06,2024-06,0,paid,2024-06-25 10:51:34,2024-06-25 10:51:34,1,86.02,meta,cpc,meta_campaign_8
cust_cd2c4fc7,2024-05,2024-05,0,paid,2024-05-11 14:50:55,2024-05-11 14:50:55,1,40.36,direct,direct,direct
cust_cdbaef55,2024-07,2024-07,0,paid,2024-07-09 22:33:50,2024-07-09 22:33:50,1,56.35,meta,cpc,meta_campaign_13
cust_cdbc4528,2024-12,2024-12,0,paid,2024-12-05 17:05:24,2024-12-05 17:05:24,1,61.63,email,email,email_campaign_3
cust_cdfed7f8,2024-08,2024-08,0,paid,2024-08-27 20:51:55,2024-08-27 20:51:55,1,73.92,direct,direct,direct
cust_ce2705d7,2024-11,2024-11,0,paid,2024-11-26 18:38:43,2024-11-26 18:38:43,1,47.62,organic,organic,direct
cust_ce2b41fe,2024-03,2024-03,0,paid,2024-03-18 17:49:28,2024-03-18 17:49:28,1,52.46,organic,organic,direct
cust_ce3a5864,2024-12,2024-12,0,paid,2024-12-07 05:22:14,2024-12-07 05:22:14,1,40.37,direct,direct,direct
cust_ce5f5b84,2024-12,2024-12,0,paid,2024-12-14 10:48:11,2024-12-14 10:48:11,1,41.62,organic,organic,direct
cust_ceb8c0e6,2024-02,2024-02,0,paid,2024-02-28 14:56:11,2024-02-28 14:56:11,1,69.2,tiktok,cpc,tiktok_campaign_19
cust_cebb2e54,2024-03,2024-03,0,paid,2024-03-02 18:20:52,2024-03-02 18:20:52,1,85.99,direct,direct,direct
cust_ced8205d,2024-11,2024-11,0,paid,2024-11-26 00:01:18,2024-11-26 00:01:18,1,149.59,tiktok,cpc,tiktok_campaign_12
cust_ceed3acb,2024-12,2024-12,0,paid,2024-12-11 10:10:23,2024-12-11 10:10:23,1,341.67,email,email,email_campaign_4
cust_cf033012,2024-10,2024-10,0,paid,2024-10-06 12:49:29,2024-10-06 12:49:29,1,250.03,google,cpc,google_campaign_7
cust_cf0df2fb,2024-07,2024-07,0,paid,2024-07-14 21:14:20,2024-07-14 21:14:20,1,55.18,meta,cpc,meta_campaign_9
cust_cf34991f,2024-12,2024-12,0,paid,2024-12-17 14:32:12,2024-12-17 14:32:12,1,116.7,google,cpc,google_campaign_14
cust_cf3eb1f0,2024-05,2024-05,0,paid,2024-05-20 08:36:27,2024-05-20 08:36:27,1,56.29,google,cpc,google_campaign_9
cust_cf52673d,2024-11,2024-11,0,paid,2024-11-11 13:01:49,2024-11-11 13:01:49,1,64.46,google,cpc,google_campaign_1
cust_cf63f7b8,2024-01,2024-01,0,paid,2024-01-31 22:01:16,2024-01-31 22:01:16,1,77.96,tiktok,cpc,tiktok_campaign_6
cust_cf892466,2024-12,2024-12,0,paid,2024-12-15 21:54:36,2024-12-15 21:54:36,1,59.13,organic,organic,direct
cust_cff2dc78,2024-09,2024-09,0,paid,2024-09-08 20:48:04,2024-09-08 20:48:04,1,88.07,direct,direct,direct
cust_cffab188,2024-09,2024-09,0,paid,2024-09-15 22:22:40,2024-09-15 22:22:40,1,62.44,google,cpc,google_campaign_11
cust_cffbbeb0,2024-03,2024-03,0,paid,2024-03-06 15:46:07,2024-03-06 15:46:07,1,86.29,direct,direct,direct
cust_d0170566,2024-05,2024-05,0,paid,2024-05-13 15:22:28,2024-05-13 15:22:28,1,276.64,direct,direct,direct
cust_d01816bd,2024-08,2024-08,0,paid,2024-08-20 07:11:59,2024-08-20 07:11:59,1,49.82,google,cpc,google_campaign_16
cust_d01db3bd,2024-11,2024-11,0,paid,2024-11-03 15:45:44,2024-11-03 15:45:44,1,229.48,direct,direct,direct
cust_d028e068,2024-12,2024-12,0,paid,2024-12-16 10:29:07,2024-12-16 10:29:07,1,84.02,meta,cpc,meta_campaign_14
cust_d07f833b,2024-12,2024-12,0,paid,2024-12-13 19:55:44,2024-12-13 19:55:44,1,84.04,google,cpc,google_campaign_13
cust_d09d0d21,2024-10,2024-10,0,paid,2024-10-11 02:19:47,2024-10-11 02:19:47,1,130.1,direct,direct,direct
cust_d0a61de8,2024-05,2024-05,0,paid,2024-05-20 08:12:01,2024-05-20 08:12:01,1,199.6,organic,organic,direct
cust_d12e7b85,2024-07,2024-07,0,paid,2024-07-27 21:10:09,2024-07-27 21:10:09,1,74.67,direct,direct,direct
cust_d143c6cb,2024-02,2024-02,0,paid,2024-02-17 10:42:35,2024-02-17 10:42:35,1,146.36,organic,organic,direct
cust_d14dc276,2024-07,2024-07,0,paid,2024-07-24 08:43:02,2024-07-24 08:43:02,1,47.35,direct,direct,direct
cust_d17195ff,2024-11,2024-11,0,paid,2024-11-09 21:25:26,2024-11-09 21:25:26,1,72.5,organic,organic,direct
cust_d17244b8,2024-05,2024-05,0,paid,2024-05-02 22:12:19,2024-05-02 22:12:19,1,55.08,direct,direct,direct
cust_d180580b,2024-05,2024-05,0,paid,2024-05-11 08:53:41,2024-05-11 08:53:41,1,63.21,google,cpc,google_campaign_5
cust_d1b77f9b,2024-08,2024-08,0,paid,2024-08-06 08:28:44,2024-08-06 08:28:44,1,52.4,meta,cpc,meta_campaign_19
cust_d1d2c9b0,2024-12,2024-12,0,paid,2024-12-01 11:16:39,2024-12-01 11:16:39,1,109.32,meta,cpc,meta_campaign_7
cust_d1e2c0c7,2024-05,2024-05,0,paid,2024-05-17 08:12:52,2024-05-17 08:12:52,1,47.75,direct,direct,direct
cust_d1f612dc,2024-09,2024-09,0,paid,2024-09-08 07:50:32,2024-09-08 07:50:32,1,137.78,google,cpc,google_campaign_1
cust_d221fe61,2024-10,2024-10,0,paid,2024-10-19 21:43:43,2024-10-19 21:43:43,1,125.06,meta,cpc,meta_campaign_16
cust_d246a145,2024-03,2024-03,0,paid,2024-03-05 14:31:19,2024-03-05 14:31:19,1,182.11,direct,direct,direct
cust_d2696e7a,2024-08,2024-08,0,paid,2024-08-11 20:22:25,2024-08-11 20:22:25,1,79.03,google,cpc,google_campaign_17
cust_d2897687,2024-06,2024-06,0,paid,2024-06-17 11:36:19,2024-06-17 11:36:19,1,62.93,meta,cpc,meta_campaign_3
cust_d2a59ad9,2024-11,2024-11,0,paid,2024-11-24 01:12:46,2024-11-24 01:12:46,1,79.63,direct,direct,direct
cust_d319c70e,2024-11,2024-11,0,paid,2024-11-11 15:32:47,2024-11-11 15:32:47,1,88.54,meta,cpc,meta_campaign_7
cust_d333e76f,2024-06,2024-06,0,paid,2024-06-07 20:57:28,2024-06-07 20:57:28,1,84.1,direct,direct,direct
cust_d3883054,2024-05,2024-05,0,paid,2024-05-23 19:29:55,2024-05-23 19:29:55,1,134.68,direct,direct,direct
cust_d3b38a84,2024-01,2024-01,0,paid,2024-01-15 13:18:57,2024-01-15 13:18:57,1,71.13,tiktok,cpc,tiktok_campaign_3
cust_d3ee4aea,2024-05,2024-05,0,paid,2024-05-27 17:41:02,2024-05-27 17:41:02,1,211.47,direct,direct,direct
cust_d3f462d6,2024-03,2024-03,0,paid,2024-03-06 14:54:35,2024-03-06 14:54:35,1,29.1,direct,direct,direct
cust_d463b836,2024-09,2024-09,0,paid,2024-09-21 16:21:05,2024-09-21 16:21:05,1,192.3,direct,direct,direct
cust_d46fb2e1,2024-03,2024-03,0,paid,2024-03-19 23:35:38,2024-03-19 23:35:38,1,103.0,organic,organic,direct
cust_d4c38a5e,2024-04,2024-04,0,paid,2024-04-09 18:59:54,2024-04-09 18:59:54,1,81.8,direct,direct,direct
cust_d4d992a7,2024-05,2024-05,0,paid,2024-05-15 19:15:15,2024-05-15 19:15:15,1,143.85,direct,direct,direct
cust_d51c7fd2,2024-02,2024-02,0,paid,2024-02-24 09:29:18,2024-02-24 09:29:18,1,242.26,direct,direct,direct
cust_d545c454,2024-06,2024-06,0,paid,2024-06-19 20:25:41,2024-06-19 20:25:41,1,53.91,meta,cpc,meta_campaign_8
cust_d54eeab7,2024-03,2024-03,0,paid,2024-03-08 08:07:04,2024-03-08 08:07:04,1,144.37,organic,organic,direct
cust_d55ac03f,2024-09,2024-09,0,paid,2024-09-24 09:33:36,2024-09-24 09:33:36,1,191.7,tiktok,cpc,tiktok_campaign_7
cust_d58b2843,2024-04,2024-04,0,paid,2024-04-02 16:06:11,2024-04-02 16:06:11,1,70.14,direct,direct,direct
cust_d58f9ff4,2024-09,2024-09,0,paid,2024-09-14 18:33:39,2024-09-14 18:33:39,1,86.83,tiktok,cpc,tiktok_campaign_19
cust_d5a0ad4d,2024-11,2024-11,0,paid,2024-11-04 08:36:45,2024-11-04 08:36:45,1,33.04,direct,direct,direct
cust_d5bb123e,2024-12,2024-12,0,paid,2024-12-18 20:51:26,2024-12-18 20:51:26,1,98.23,organic,organic,direct
cust_d5c02e47,2024-02,2024-02,0,paid,2024-02-14 06:38:33,2024-02-14 06:38:33,1,56.05,meta,cpc,meta_campaign_9
cust_d60aa63b,2024-03,2024-03,0,paid,2024-03-24 20:50:52,2024-03-24 20:50:52,1,45.6,direct,direct,direct
cust_d66aeb66,2024-10,2024-10,0,paid,2024-10-02 11:13:12,2024-10-02 11:13:12,1,39.94,direct,direct,direct
cust_d67229e1,2024-09,2024-09,0,paid,2024-09-01 20:51:34,2024-09-01 20:51:34,1,82.14,direct,direct,direct
cust_d68705f7,2024-03,2024-03,0,paid,2024-03-29 05:11:13,2024-03-29 05:11:13,1,270.82,direct,direct,direct
cust_d68705f7,2024-03,2024-09,6,paid,2024-09-01 10:41:19,2024-09-01 10:41:19,1,114.56,direct,direct,direct
cust_d687d2be,2024-08,2024-08,0,paid,2024-08-18 21:15:37,2024-08-18 21:15:37,1,242.86,direct,direct,direct
cust_d69855e3,2024-07,2024-07,0,paid,2024-07-21 11:31:34,2024-07-21 11:31:34,1,34.92,google,cpc,google_campaign_8
cust_d6acdfc4,2024-05,2024-05,0,paid,2024-05-19 06:13:35,2024-05-19 06:13:35,1,63.77,organic,organic,direct
cust_d6d00228,2024-12,2024-12,0,paid,2024-12-12 12:28:14,2024-12-12 12:28:14,1,30.05,direct,direct,direct
cust_d6efa8bb,2024-06,2024-06,0,paid,2024-06-08 07:21:51,2024-06-08 07:21:51,1,101.61,meta,cpc,meta_campaign_6
cust_d71a99f0,2024-07,2024-07,0,paid,2024-07-23 10:03:35,2024-07-23 10:03:35,1,66.25,direct,direct,direct
cust_d727d665,2024-01,2024-01,0,paid,2024-01-02 11:37:27,2024-01-02 11:37:27,1,285.82,tiktok,cpc,tiktok_campaign_7
cust_d7306006,2024-12,2024-12,0,paid,2024-12-06 21:22:31,2024-12-06 21:22:31,1,84.49,meta,cpc,meta_campaign_19
cust_d756ee4c,2024-07,2024-07,0,paid,2024-07-22 11:21:29,2024-07-22 11:21:29,1,186.93,organic,organic,direct
cust_d7673144,2024-08,2024-08,0,paid,2024-08-18 16:30:41,2024-08-18 16:30:41,1,117.41,organic,organic,direct
cust_d7f40e88,2024-08,2024-08,0,paid,2024-08-25 20:15:27,2024-08-25 20:15:27,1,94.51,google,cpc,google_campaign_14
cust_d80204b7,2024-07,2024-07,0,paid,2024-07-07 17:58:41,2024-07-07 17:58:41,1,70.38,direct,direct,direct
cust_d8081501,2024-10,2024-10,0,paid,2024-10-21 18:36:33,2024-10-21 18:36:33,1,310.62,direct,direct,direct
cust_d859113a,2024-01,2024-01,0,paid,2024-01-16 18:13:41,2024-01-16 18:13:41,1,46.85,google,cpc,google_campaign_3
cust_d86770a5,2024-08,2024-08,0,paid,2024-08-01 21:29:29,2024-08-01 21:29:29,1,58.43,tiktok,cpc,tiktok_campaign_9
cust_d89b5820,2024-05,2024-05,0,paid,2024-05-21 09:46:01,2024-05-21 09:46:01,1,100.03,direct,direct,direct
cust_d8a9bb80,2024-05,2024-05,0,paid,2024-05-26 21:28:32,2024-05-26 21:28:32,1,30.33,organic,organic,direct
cust_d8fc8bbf,2024-04,2024-04,0,paid,2024-04-28 11:01:14,2024-04-28 11:01:14,1,56.06,direct,direct,direct
cust_d90597ec,2024-09,2024-09,0,paid,2024-09-29 18:57:54,2024-09-29 18:57:54,1,82.06,direct,direct,direct
cust_d91a2f47,2024-10,2024-10,0,paid,2024-10-10 10:47:16,2024-10-10 10:47:16,1,55.17,organic,organic,direct
cust_d95aea04,2024-03,2024-03,0,paid,2024-03-25 11:01:34,2024-03-25 11:01:34,1,60.91,google,cpc,google_campaign_19
cust_d95b545b,2024-12,2024-12,0,paid,2024-12-10 16:38:06,2024-12-10 16:38:06,1,89.68,direct,direct,direct
cust_d95fd810,2024-08,2024-08,0,paid,2024-08-11 10:45:13,2024-08-11 10:45:13,1,483.79,meta,cpc,meta_campaign_16
cust_d97d4d73,2024-05,2024-05,0,paid,2024-05-29 09:11:05,2024-05-29 09:11:05,1,135.86,direct,direct,direct
cust_d9b3d3ab,2024-11,2024-11,0,paid,2024-11-30 18:46:38,2024-11-30 18:46:38,1,174.48,organic,organic,direct
cust_d9daab5a,2024-11,2024-11,0,paid,2024-11-28 04:31:52,2024-11-28 04:31:52,1,41.6,google,cpc,google_campaign_3
cust_d9ea1e1d,2024-03,2024-03,0,paid,2024-03-24 09:26:25,2024-03-24 09:26:25,1,47.64,organic,organic,direct
cust_d9ec68c1,2024-05,2024-05,0,paid,2024-05-16 13:46:43,2024-05-16 13:46:43,1,94.28,direct,direct,direct
cust_d9f4b581,2024-06,2024-06,0,paid,2024-06-21 12:42:47,2024-06-21 12:42:47,1,39.83,tiktok,cpc,tiktok_campaign_12
cust_d9f79b5c,2024-10,2024-10,0,paid,2024-10-30 18:29:39,2024-10-30 18:29:39,1,137.14,direct,direct,direct
cust_da0402b3,2024-07,2024-07,0,paid,2024-07-12 19:35:54,2024-07-12 19:35:54,1,152.01,direct,direct,direct
cust_da67d496,2024-04,2024-04,0,paid,2024-04-13 20:24:20,2024-04-13 20:24:20,1,109.13,organic,organic,direct
cust_da8ba973,2024-01,2024-01,0,paid,2024-01-08 01:10:38,2024-01-08 01:10:38,1,79.1,organic,organic,direct
cust_daa4643d,2024-11,2024-11,0,paid,2024-11-02 13:56:45,2024-11-02 13:56:45,1,34.44,direct,direct,direct
cust_dad22ca1,2024-01,2024-01,0,paid,2024-01-10 18:51:03,2024-01-10 18:51:03,1,170.18,google,cpc,google_campaign_16
cust_db472036,2024-07,2024-07,0,paid,2024-07-18 08:59:42,2024-07-18 08:59:42,1,82.6,direct,direct,direct
cust_db4b3c10,2024-04,2024-04,0,paid,2024-04-19 09:38:49,2024-04-19 09:38:49,1,73.17,organic,organic,direct
cust_db61ac13,2024-03,2024-03,0,paid,2024-03-24 08:34:36,2024-03-24 08:34:36,1,72.85,google,cpc,google_campaign_18
cust_db61ac13,2024-03,2024-08,5,paid,2024-08-29 09:10:50,2024-08-29 09:10:50,1,201.54,direct,direct,direct
cust_db8bf979,2024-03,2024-03,0,paid,2024-03-26 20:45:16,2024-03-26 20:45:16,1,83.63,tiktok,cpc,tiktok_campaign_6
cust_db974a19,2024-09,2024-09,0,paid,2024-09-07 07:19:14,2024-09-07 07:19:14,1,127.01,meta,cpc,meta_campaign_10
cust_db9e2944,2024-06,2024-06,0,paid,2024-06-12 08:22:02,2024-06-12 08:22:02,1,172.18,google,cpc,google_campaign_5
cust_dba36f2f,2024-04,2024-04,0,paid,2024-04-03 16:30:42,2024-04-03 16:30:42,1,79.24,google,cpc,google_campaign_1
cust_dbff0cff,2024-11,2024-11,0,paid,2024-11-28 22:54:45,2024-11-28 22:54:45,1,146.09,direct,direct,direct
cust_dc1b6ad9,2024-07,2024-07,0,paid,2024-07-14 20:53:03,2024-07-14 20:53:03,1,90.31,google,cpc,google_campaign_8
cust_dc421c22,2024-07,2024-07,0,paid,2024-07-19 02:34:32,2024-07-19 02:34:32,1,124.24,direct,direct,direct
cust_dc8bcc80,2024-12,2024-12,0,paid,2024-12-09 07:28:18,2024-12-09 07:28:18,1,167.68,direct,direct,direct
cust_dc9b18e0,2024-02,2024-02,0,paid,2024-02-23 09:25:00,2024-02-23 09:25:00,1,46.35,direct,direct,direct
cust_dd0aa9e8,2024-02,2024-02,0,paid,2024-02-28 12:03:25,2024-02-28 12:03:25,1,67.95,google,cpc,google_campaign_5
cust_dd1e7735,2024-03,2024-03,0,paid,2024-03-10 19:54:22,2024-03-10 19:54:22,1,86.39,meta,cpc,meta_campaign_10
cust_dd38bca7,2024-04,2024-04,0,paid,2024-04-05 14:42:42,2024-04-05 14:42:42,1,85.13,direct,direct,direct
cust_dd5a7a6b,2024-07,2024-07,0,paid,2024-07-07 08:47:38,2024-07-07 08:47:38,1,391.57,tiktok,cpc,tiktok_campaign_14
cust_dd838a53,2024-10,2024-10,0,paid,2024-10-03 19:23:28,2024-10-03 19:23:28,1,213.0,google,cpc,google_campaign_8
cust_dd98e4e6,2024-08,2024-08,0,paid,2024-08-01 08:37:30,2024-08-01 08:37:30,1,63.45,google,cpc,google_campaign_1
cust_dd9d8def,2024-03,2024-03,0,paid,2024-03-26 13:26:19,2024-03-26 13:26:19,1,55.86,meta,cpc,meta_campaign_14
cust_dda49058,2024-03,2024-03,0,paid,2024-03-26 20:22:47,2024-03-26 20:22:47,1,227.86,google,cpc,google_campaign_4
cust_ddbcd3b4,2024-09,2024-09,0,paid,2024-09-07 19:18:43,2024-09-07 19:18:43,1,122.98,organic,organic,direct
cust_ddc9ea68,2024-03,2024-03,0,paid,2024-03-10 00:28:31,2024-03-10 00:28:31,1,190.34,google,cpc,google_campaign_18
cust_ddd72138,2024-11,2024-11,0,paid,2024-11-24 08:38:01,2024-11-24 08:38:01,1,51.58,google,cpc,google_campaign_18
cust_de356c92,2024-09,2024-09,0,paid,2024-09-25 18:58:38,2024-09-25 18:58:38,1,80.47,organic,organic,direct
cust_de39a899,2024-05,2024-05,0,paid,2024-05-17 12:30:27,2024-05-17 12:30:27,1,150.46,direct,direct,direct
cust_de77069e,2024-01,2024-01,0,paid,2024-01-08 23:08:06,2024-01-08 23:08:06,1,106.52,google,cpc,google_campaign_16
cust_de93e817,2024-05,2024-05,0,paid,2024-05-14 08:44:49,2024-05-14 08:44:49,1,78.48,google,cpc,google_campaign_12
cust_de9462d1,2024-12,2024-12,0,paid,2024-12-09 10:31:44,2024-12-09 10:31:44,1,147.27,email,email,email_campaign_8
cust_dea9e483,2024-09,2024-09,0,paid,2024-09-26 19:54:23,2024-09-26 19:54:23,1,51.79,organic,organic,direct
cust_deacdbf2,2024-11,2024-11,0,paid,2024-11-18 14:18:15,2024-11-18 14:18:15,1,63.53,direct,direct,direct
cust_deadb70a,2024-04,2024-04,0,paid,2024-04-09 20:26:42,2024-04-09 20:26:42,1,246.44,meta,cpc,meta_campaign_18
cust_deafcf85,2024-04,2024-04,0,paid,2024-04-06 01:12:44,2024-04-06 01:12:44,1,96.98,organic,organic,direct
cust_def81dc8,2024-11,2024-11,0,paid,2024-11-13 12:16:19,2024-11-13 12:16:19,1,77.68,direct,direct,direct
cust_df00ae3d,2024-01,2024-01,0,paid,2024-01-03 08:44:59,2024-01-03 08:44:59,1,115.91,direct,direct,direct
cust_df093174,2024-08,2024-08,0,paid,2024-08-15 11:36:30,2024-08-15 11:36:30,1,125.18,direct,direct,direct
cust_df14faac,2024-08,2024-08,0,paid,2024-08-06 09:33:25,2024-08-06 09:33:25,1,118.24,google,cpc,google_campaign_1
cust_df22a46a,2024-04,2024-04,0,paid,2024-04-16 08:52:48,2024-04-16 08:52:48,1,34.26,meta,cpc,meta_campaign_14
cust_df3333f5,2024-11,2024-11,0,paid,2024-11-25 22:08:46,2024-11-25 22:08:46,1,92.3,tiktok,cpc,tiktok_campaign_7
cust_df3da92e,2024-06,2024-06,0,paid,2024-06-20 13:37:37,2024-06-20 13:37:37,1,304.35,organic,organic,direct
cust_df6f585b,2024-03,2024-03,0,paid,2024-03-06 16:08:16,2024-03-06 16:08:16,1,239.58,direct,direct,direct
cust_dff1198c,2024-02,2024-02,0,paid,2024-02-04 18:40:35,2024-02-04 18:40:35,1,39.46,organic,organic,direct
cust_e014465b,2024-12,2024-12,0,paid,2024-12-10 23:00:46,2024-12-10 23:00:46,1,84.25,direct,direct,direct
cust_e038ca71,2024-07,2024-07,0,paid,2024-07-21 19:20:08,2024-07-21 19:20:08,1,82.01,direct,direct,direct
cust_e0427a91,2024-11,2024-11,0,paid,2024-11-17 11:12:58,2024-11-17 11:12:58,1,44.27,google,cpc,google_campaign_17
cust_e0594ab4,2024-09,2024-09,0,paid,2024-09-22 16:38:57,2024-09-22 16:38:57,1,314.32,google,cpc,google_campaign_4
cust_e0773e20,2024-12,2024-12,0,paid,2024-12-07 16:32:17,2024-12-07 16:32:17,1,44.35,direct,direct,direct
cust_e08a9c89,2024-04,2024-04,0,paid,2024-04-17 09:10:56,2024-04-17 09:10:56,1,71.54,meta,cpc,meta_campaign_13
cust_e0aa1729,2024-01,2024-01,0,paid,2024-01-10 19:52:50,2024-01-10 19:52:50,1,255.23,meta,cpc,meta_campaign_19
cust_e0ba17fd,2024-05,2024-05,0,paid,2024-05-27 18:33:27,2024-05-27 18:33:27,1,71.15,direct,direct,direct
cust_e0cafa2f,2024-04,2024-04,0,paid,2024-04-11 09:06:25,2024-04-11 09:06:25,1,69.24,direct,direct,direct
cust_e0f63514,2024-11,2024-11,0,paid,2024-11-05 20:40:38,2024-11-05 20:40:38,1,117.6,meta,cpc,meta_campaign_3
cust_e11b4b22,2024-04,2024-04,0,paid,2024-04-25 16:11:45,2024-04-25 16:11:45,1,107.06,google,cpc,google_campaign_17
cust_e11c681a,2024-05,2024-05,0,paid,2024-05-17 16:49:34,2024-05-17 16:49:34,1,51.92,google,cpc,google_campaign_1
cust_e132a78b,2024-04,2024-04,0,paid,2024-04-10 11:58:01,2024-04-10 11:58:01,1,269.9,google,cpc,google_campaign_13
cust_e1ca02a0,2024-11,2024-11,0,paid,2024-11-06 11:21:49,2024-11-06 11:21:49,1,82.17,direct,direct,direct
cust_e1fb33f0,2024-11,2024-11,0,paid,2024-11-25 19:01:35,2024-11-25 19:01:35,1,29.85,tiktok,cpc,tiktok_campaign_19
cust_e2217215,2024-06,2024-06,0,paid,2024-06-05 20:46:25,2024-06-05 20:46:25,1,71.18,direct,direct,direct
cust_e25c1345,2024-12,2024-12,0,paid,2024-12-20 22:13:09,2024-12-20 22:13:09,1,68.79,tiktok,cpc,tiktok_campaign_13
cust_e25e2dba,2024-12,2024-12,0,paid,2024-12-03 11:42:25,2024-12-03 11:42:25,1,235.38,direct,direct,direct
cust_e2924719,2024-07,2024-07,0,paid,2024-07-25 20:54:57,2024-07-25 20:54:57,1,108.94,google,cpc,google_campaign_10
cust_e2c21248,2024-12,2024-12,0,paid,2024-12-10 16:13:04,2024-12-10 16:13:04,1,56.83,direct,direct,direct
cust_e2d3b6f4,2024-12,2024-12,0,paid,2024-12-12 07:58:22,2024-12-12 07:58:22,1,489.07,google,cpc,google_campaign_4
cust_e3519269,2024-03,2024-03,0,paid,2024-03-15 11:01:39,2024-03-15 11:01:39,1,80.67,google,cpc,google_campaign_4
cust_e36ba53e,2024-11,2024-11,0,paid,2024-11-21 20:18:17,2024-11-21 20:18:17,1,147.24,meta,cpc,meta_campaign_19
cust_e38473df,2024-04,2024-04,0,paid,2024-04-07 17:46:49,2024-04-07 17:46:49,1,43.14,google,cpc,google_campaign_4
cust_e3945d49,2024-02,2024-02,0,paid,2024-02-10 08:00:01,2024-02-10 08:00:01,1,82.07,email,email,email_campaign_5
cust_e3ca6578,2024-11,2024-11,0,paid,2024-11-26 21:21:52,2024-11-26 21:21:52,1,99.57,google,cpc,google_campaign_5
cust_e3ce4bcd,2024-04,2024-04,0,paid,2024-04-21 18:23:11,2024-04-21 18:23:11,1,92.22,direct,direct,direct
cust_e3cfe2d1,2024-11,2024-11,0,paid,2024-11-20 15:50:26,2024-11-20 15:50:26,1,147.37,organic,organic,direct
cust_e3eb1b7e,2024-09,2024-09,0,paid,2024-09-15 03:57:39,2024-09-15 03:57:39,1,432.37,direct,direct,direct
cust_e4261836,2024-10,2024-10,0,paid,2024-10-19 22:55:17,2024-10-19 22:55:17,1,82.41,google,cpc,google_campaign_1
cust_e42d9a92,2024-11,2024-11,0,paid,2024-11-07 20:36:05,2024-11-07 20:36:05,1,36.46,organic,organic,direct
cust_e44941a2,2024-05,2024-05,0,paid,2024-05-07 10:22:46,2024-05-07 10:22:46,1,68.24,direct,direct,direct
cust_e4ee5a86,2024-06,2024-06,0,paid,2024-06-18 17:20:04,2024-06-18 17:20:04,1,57.96,meta,cpc,meta_campaign_13
cust_e530b2d0,2024-02,2024-02,0,paid,2024-02-09 07:51:43,2024-02-09 07:51:43,1,118.78,tiktok,cpc,tiktok_campaign_10
cust_e58eee4b,2024-01,2024-01,0,paid,2024-01-18 18:21:14,2024-01-18 18:21:14,1,101.64,organic,organic,direct
cust_e6359434,2024-10,2024-10,0,paid,2024-10-23 17:19:22,2024-10-23 17:19:22,1,38.85,meta,cpc,meta_campaign_14
cust_e640240d,2024-01,2024-01,0,paid,2024-01-17 16:02:06,2024-01-17 16:02:06,1,28.01,meta,cpc,meta_campaign_8
cust_e65b9d3f,2024-08,2024-08,0,paid,2024-08-29 13:49:51,2024-08-29 13:49:51,1,139.93,direct,direct,direct
cust_e67bfb37,2024-05,2024-05,0,paid,2024-05-20 19:15:39,2024-05-20 19:15:39,1,77.72,direct,direct,direct
cust_e68a4261,2024-11,2024-11,0,paid,2024-11-28 23:31:32,2024-11-28 23:31:32,1,158.58,meta,cpc,meta_campaign_16
cust_e6befadb,2024-03,2024-03,0,paid,2024-03-15 21:23:28,2024-03-15 21:23:28,1,64.54,meta,cpc,meta_campaign_7
cust_e6d0dcde,2024-10,2024-10,0,paid,2024-10-14 21:24:19,2024-10-14 21:24:19,1,90.37,google,cpc,google_campaign_11
cust_e6f375d1,2024-12,2024-12,0,paid,2024-12-13 22:09:38,2024-12-13 22:09:38,1,237.69,meta,cpc,meta_campaign_16
cust_e77a1627,2024-04,2024-04,0,paid,2024-04-06 10:38:17,2024-04-06 10:38:17,1,95.2,direct,direct,direct
cust_e7960a6b,2024-09,2024-09,0,paid,2024-09-16 08:05:04,2024-09-16 08:05:04,1,61.55,direct,direct,direct
cust_e7a20c39,2024-02,2024-02,0,paid,2024-02-18 10:29:24,2024-02-18 10:29:24,1,162.16,direct,direct,direct
cust_e7d91724,2024-02,2024-02,0,paid,2024-02-26 18:10:34,2024-02-26 18:10:34,1,77.81,direct,direct,direct
cust_e7faa90d,2024-11,2024-11,0,paid,2024-11-07 10:07:29,2024-11-07 10:07:29,1,36.39,direct,direct,direct
cust_e7fbae8d,2024-08,2024-08,0,paid,2024-08-26 18:23:27,2024-08-26 18:23:27,1,106.47,email,email,email_campaign_6
cust_e8150eaa,2024-12,2024-12,0,paid,2024-12-14 23:40:35,2024-12-14 23:40:35,1,42.01,direct,direct,direct
cust_e81d458d,2024-09,2024-09,0,paid,2024-09-03 20:45:42,2024-09-03 20:45:42,1,88.94,organic,organic,direct
cust_e81fa4e3,2024-07,2024-07,0,paid,2024-07-23 13:09:11,2024-07-23 13:09:11,1,39.29,meta,cpc,meta_campaign_1
cust_e83964f6,2024-04,2024-04,0,paid,2024-04-17 17:56:10,2024-04-17 17:56:10,1,88.37,direct,direct,direct
cust_e84c8051,2024-11,2024-11,0,paid,2024-11-30 18:53:51,2024-11-30 18:53:51,1,128.16,organic,organic,direct
cust_e84f8a8c,2024-04,2024-04,0,paid,2024-04-22 12:26:03,2024-04-22 12:26:03,1,231.31,email,email,email_campaign_7
cust_e8513636,2024-04,2024-04,0,paid,2024-04-28 13:38:32,2024-04-28 13:38:32,1,82.97,email,email,email_campaign_3
cust_e89a2bd8,2024-10,2024-10,0,paid,2024-10-30 07:14:37,2024-10-30 07:14:37,1,114.94,meta,cpc,meta_campaign_17
cust_e8c30062,2024-12,2024-12,0,paid,2024-12-12 20:43:43,2024-12-12 20:43:43,1,36.98,meta,cpc,meta_campaign_15
cust_e8c79f21,2024-12,2024-12,0,paid,2024-12-06 15:23:46,2024-12-06 15:23:46,1,349.91,meta,cpc,meta_campaign_9
cust_e8f5d0ac,2024-04,2024-04,0,paid,2024-04-15 07:52:39,2024-04-15 07:52:39,1,118.29,organic,organic,direct
cust_e95b6c3f,2024-08,2024-08,0,paid,2024-08-22 15:24:33,2024-08-22 15:24:33,1,110.01,direct,direct,direct
cust_e96f324e,2024-04,2024-04,0,paid,2024-04-11 23:16:51,2024-04-11 23:16:51,1,170.34,direct,direct,direct
cust_e9c62fb0,2024-03,2024-03,0,paid,2024-03-28 10:32:02,2024-03-28 10:32:02,1,265.17,google,cpc,google_campaign_2
cust_e9e1a03a,2024-03,2024-03,0,paid,2024-03-08 17:28:51,2024-03-08 17:28:51,1,220.4,email,email,email_campaign_5
cust_ea046f93,2024-02,2024-02,0,paid,2024-02-17 08:09:18,2024-02-17 08:09:18,1,477.93,tiktok,cpc,tiktok_campaign_15
cust_ea083d8b,2024-12,2024-12,0,paid,2024-12-05 11:00:09,2024-12-05 11:00:09,1,41.81,meta,cpc,meta_campaign_7
cust_ea1de3a9,2024-08,2024-08,0,paid,2024-08-28 09:07:31,2024-08-28 09:07:31,1,153.88,direct,direct,direct
cust_ea322f94,2024-12,2024-12,0,paid,2024-12-14 04:26:02,2024-12-14 04:26:02,1,90.31,meta,cpc,meta_campaign_17
cust_ea639cca,2024-08,2024-08,0,paid,2024-08-24 16:54:41,2024-08-24 16:54:41,1,29.9,direct,direct,direct
cust_ea6bf2e0,2024-03,2024-03,0,paid,2024-03-10 10:19:41,2024-03-10 10:19:41,1,106.14,direct,direct,direct
cust_ea7aa99a,2024-10,2024-10,0,paid,2024-10-06 14:03:26,2024-10-06 14:03:26,1,311.39,organic,organic,direct
cust_ea7b1d11,2024-08,2024-08,0,paid,2024-08-05 13:33:34,2024-08-05 13:33:34,1,162.78,email,email,email_campaign_9
cust_eab34b1d,2024-11,2024-11,0,paid,2024-11-21 11:21:52,2024-11-21 11:21:52,1,160.83,direct,direct,direct
cust_eaf56ce8,2024-09,2024-09,0,paid,2024-09-02 07:32:44,2024-09-02 07:32:44,1,81.98,meta,cpc,meta_campaign_3
cust_eb36df2e,2024-11,2024-11,0,paid,2024-11-13 16:39:22,2024-11-13 16:39:22,1,109.57,direct,direct,direct
cust_eb3cfec4,2024-02,2024-02,0,paid,2024-02-08 21:49:35,2024-02-08 21:49:35,1,42.03,organic,organic,direct
cust_eb4b6285,2024-06,2024-06,0,paid,2024-06-22 22:41:47,2024-06-22 22:41:47,1,150.03,tiktok,cpc,tiktok_campaign_5
cust_eb4e1778,2024-06,2024-06,0,paid,2024-06-23 20:06:32,2024-06-23 20:06:32,1,211.94,meta,cpc,meta_campaign_8
cust_eb4e3ec1,2024-10,2024-10,0,paid,2024-10-18 11:58:37,2024-10-18 11:58:37,1,93.8,direct,direct,direct
cust_eb5285dd,2024-08,2024-08,0,paid,2024-08-18 21:29:45,2024-08-18 21:29:45,1,88.1,google,cpc,google_campaign_4
cust_eb9437b6,2024-01,2024-01,0,paid,2024-01-17 10:46:54,2024-01-17 10:46:54,1,140.77,tiktok,cpc,tiktok_campaign_4
cust_ebbc3d19,2024-01,2024-01,0,paid,2024-01-31 11:33:05,2024-01-31 11:33:05,1,248.99,meta,cpc,meta_campaign_8
cust_ebf88823,2024-01,2024-01,0,paid,2024-01-13 11:29:09,2024-01-13 11:29:09,1,75.76,meta,cpc,meta_campaign_8
cust_ec163b27,2024-05,2024-05,0,paid,2024-05-04 16:59:37,2024-05-04 16:59:37,1,87.91,tiktok,cpc,tiktok_campaign_18
cust_ec2e14ea,2024-11,2024-11,0,paid,2024-11-06 21:15:45,2024-11-06 21:15:45,1,68.61,meta,cpc,meta_campaign_1
cust_ec6d9b5d,2024-08,2024-08,0,paid,2024-08-07 09:35:05,2024-08-07 09:35:05,1,69.65,direct,direct,direct
cust_ec744841,2024-08,2024-08,0,paid,2024-08-02 19:54:45,2024-08-02 19:54:45,1,31.29,direct,direct,direct
cust_ec7e2551,2024-02,2024-02,0,paid,2024-02-04 19:36:56,2024-02-04 19:36:56,1,127.5,direct,direct,direct
cust_ec88d812,2024-02,2024-02,0,paid,2024-02-07 17:23:01,2024-02-07 17:23:01,1,81.81,organic,organic,direct
cust_ec89f0a3,2024-03,2024-03,0,paid,2024-03-26 17:35:02,2024-03-26 17:35:02,1,34.8,meta,cpc,meta_campaign_17
cust_eca970c1,2024-03,2024-03,0,paid,2024-03-17 20:45:58,2024-03-17 20:45:58,1,46.2,direct,direct,direct
cust_ecac66be,2024-06,2024-06,0,paid,2024-06-02 12:51:56,2024-06-02 12:51:56,1,87.46,direct,direct,direct
cust_ecbd8b98,2024-04,2024-04,0,paid,2024-04-20 12:35:16,2024-04-20 12:35:16,1,47.74,tiktok,cpc,tiktok_campaign_17
cust_ece4271e,2024-09,2024-09,0,paid,2024-09-07 10:20:41,2024-09-07 10:20:41,1,97.29,direct,direct,direct
cust_ed1c686a,2024-07,2024-07,0,paid,2024-07-02 15:30:51,2024-07-02 15:30:51,1,81.96,google,cpc,google_campaign_3
cust_ed3bb868,2024-02,2024-02,0,paid,2024-02-24 21:29:04,2024-02-24 21:29:04,1,85.57,direct,direct,direct
cust_ed9659e1,2024-01,2024-01,0,paid,2024-01-04 23:30:48,2024-01-04 23:30:48,1,31.2,meta,cpc,meta_campaign_6
cust_eddf92eb,2024-03,2024-03,0,paid,2024-03-26 03:00:40,2024-03-26 03:00:40,1,56.59,organic,organic,direct
cust_edf7ecf0,2024-05,2024-05,0,paid,2024-05-10 07:53:39,2024-05-10 07:53:39,1,45.92,direct,direct,direct
cust_ee0ea426,2024-11,2024-11,0,paid,2024-11-15 19:53:41,2024-11-15 19:53:41,1,51.94,direct,direct,direct
cust_ee33cd9f,2024-04,2024-04,0,paid,2024-04-15 22:36:57,2024-04-15 22:36:57,1,120.01,tiktok,cpc,tiktok_campaign_17
cust_ee52727f,2024-01,2024-01,0,paid,2024-01-25 09:49:34,2024-01-25 09:49:34,1,139.8,tiktok,cpc,tiktok_campaign_2
cust_ee69ffad,2024-12,2024-12,0,paid,2024-12-13 02:12:56,2024-12-13 02:12:56,1,109.76,direct,direct,direct
cust_ee786324,2024-12,2024-12,0,paid,2024-12-22 15:27:07,2024-12-22 15:27:07,1,40.92,google,cpc,google_campaign_17
cust_ee9aef31,2024-07,2024-07,0,paid,2024-07-17 09:45:58,2024-07-17 09:45:58,1,52.3,direct,direct,direct
cust_ef01bc5c,2024-12,2024-12,0,paid,2024-12-05 15:45:03,2024-12-05 15:45:03,1,48.32,direct,direct,direct
cust_ef20fff8,2024-05,2024-05,0,paid,2024-05-19 16:18:27,2024-05-19 16:18:27,1,86.06,direct,direct,direct
cust_ef8025cf,2024-11,2024-11,0,paid,2024-11-15 11:55:38,2024-11-15 11:55:38,1,99.48,google,cpc,google_campaign_11
cust_efb69061,2024-09,2024-09,0,paid,2024-09-08 13:43:13,2024-09-08 13:43:13,1,125.18,organic,organic,direct
cust_efc1d9ff,2024-11,2024-11,0,paid,2024-11-26 19:13:20,2024-11-26 19:13:20,1,121.6,google,cpc,google_campaign_8
cust_efc798f0,2024-06,2024-06,0,paid,2024-06-06 09:41:38,2024-06-06 09:41:38,1,180.43,direct,direct,direct
cust_efcd0821,2024-12,2024-12,0,paid,2024-12-14 15:05:58,2024-12-14 15:05:58,1,81.14,google,cpc,google_campaign_5
cust_f03196e5,2024-06,2024-06,0,paid,2024-06-08 19:08:11,2024-06-08 19:08:11,1,32.42,direct,direct,direct
cust_f0650676,2024-08,2024-08,0,paid,2024-08-19 15:57:30,2024-08-19 15:57:30,1,198.02,organic,organic,direct
cust_f097df50,2024-05,2024-05,0,paid,2024-05-31 20:19:42,2024-05-31 20:19:42,1,121.18,direct,direct,direct
cust_f0eec516,2024-06,2024-06,0,paid,2024-06-04 13:00:00,2024-06-04 13:00:00,1,152.51,direct,direct,direct
cust_f0f4000b,2024-06,2024-06,0,paid,2024-06-07 12:21:13,2024-06-07 12:21:13,1,56.78,google,cpc,google_campaign_9
cust_f0f4c944,2024-03,2024-03,0,paid,2024-03-17 18:56:07,2024-03-17 18:56:07,1,40.09,direct,direct,direct
cust_f0f6b3af,2024-03,2024-03,0,paid,2024-03-04 08:19:15,2024-03-04 08:19:15,1,331.76,organic,organic,direct
cust_f12457c3,2024-12,2024-12,0,paid,2024-12-09 11:19:53,2024-12-09 11:19:53,1,110.38,tiktok,cpc,tiktok_campaign_13
cust_f13b0548,2024-02,2024-02,0,paid,2024-02-11 10:43:00,2024-02-11 10:43:00,1,50.95,direct,direct,direct
cust_f14da9f1,2024-11,2024-11,0,paid,2024-11-28 20:48:33,2024-11-28 20:48:33,1,111.31,google,cpc,google_campaign_9
cust_f171921d,2024-11,2024-11,0,paid,2024-11-01 14:05:29,2024-11-01 14:05:29,1,158.8,direct,direct,direct
cust_f17de9ce,2024-11,2024-11,0,paid,2024-11-19 10:09:48,2024-11-19 10:09:48,1,82.17,organic,organic,direct
cust_f217fb93,2024-12,2024-12,0,paid,2024-12-31 10:48:31,2024-12-31 10:48:31,1,114.66,google,cpc,google_campaign_10
cust_f21caf09,2024-12,2024-12,0,paid,2024-12-23 18:22:52,2024-12-23 18:22:52,1,355.68,meta,cpc,meta_campaign_13
cust_f21ccd55,2024-12,2024-12,0,paid,2024-12-29 16:24:34,2024-12-29 16:24:34,1,41.95,direct,direct,direct
cust_f229ec4b,2024-06,2024-06,0,paid,2024-06-01 17:23:52,2024-06-01 17:23:52,1,217.42,organic,organic,direct
cust_f22e1cab,2024-10,2024-10,0,paid,2024-10-26 11:26:04,2024-10-26 11:26:04,1,33.61,google,cpc,google_campaign_5
cust_f231b5b2,2024-10,2024-10,0,paid,2024-10-14 12:22:20,2024-10-14 12:22:20,1,126.99,tiktok,cpc,tiktok_campaign_9
cust_f235577d,2024-02,2024-02,0,paid,2024-02-12 09:01:10,2024-02-12 09:01:10,1,83.97,tiktok,cpc,tiktok_campaign_19
cust_f23bc1bb,2024-06,2024-06,0,paid,2024-06-24 21:41:42,2024-06-24 21:41:42,1,77.07,tiktok,cpc,tiktok_campaign_7
cust_f245fa85,2024-10,2024-10,0,paid,2024-10-24 18:28:40,2024-10-24 18:28:40,1,77.44,tiktok,cpc,tiktok_campaign_13
cust_f257377e,2024-08,2024-08,0,paid,2024-08-03 19:57:05,2024-08-03 19:57:05,1,108.95,meta,cpc,meta_campaign_3
cust_f26250a9,2024-12,2024-12,0,paid,2024-12-20 18:16:12,2024-12-20 18:16:12,1,83.37,meta,cpc,meta_campaign_4
cust_f26d7bf8,2024-04,2024-04,0,paid,2024-04-14 20:43:14,2024-04-14 20:43:14,1,140.21,meta,cpc,meta_campaign_3
cust_f270fd11,2024-12,2024-12,0,paid,2024-12-17 12:12:25,2024-12-17 12:12:25,1,107.87,direct,direct,direct
cust_f2ad2d58,2024-12,2024-12,0,paid,2024-12-13 18:14:57,2024-12-13 18:14:57,1,139.87,organic,organic,direct
cust_f360c601,2024-09,2024-09,0,paid,2024-09-03 11:55:09,2024-09-03 11:55:09,1,104.09,direct,direct,direct
cust_f37099ac,2024-03,2024-03,0,paid,2024-03-08 21:25:52,2024-03-08 21:25:52,1,65.47,direct,direct,direct
cust_f3c0ad4a,2024-02,2024-02,0,paid,2024-02-22 11:27:49,2024-02-22 11:27:49,1,55.57,google,cpc,google_campaign_13
cust_f3db8551,2024-12,2024-12,0,paid,2024-12-11 17:26:09,2024-12-11 17:26:09,1,53.19,google,cpc,google_campaign_1
cust_f413dc84,2024-12,2024-12,0,paid,2024-12-15 04:50:48,2024-12-15 04:50:48,1,192.5,direct,direct,direct
cust_f433e202,2024-09,2024-09,0,paid,2024-09-05 20:50:53,2024-09-05 20:50:53,1,86.19,direct,direct,direct
cust_f4345659,2024-05,2024-05,0,paid,2024-05-01 07:31:38,2024-05-01 07:31:38,1,74.69,google,cpc,google_campaign_8
cust_f4347260,2024-02,2024-02,0,paid,2024-02-22 14:00:16,2024-02-22 14:00:16,1,203.02,direct,direct,direct
cust_f43b2057,2024-06,2024-06,0,paid,2024-06-01 21:38:17,2024-06-01 21:38:17,1,206.92,google,cpc,google_campaign_5
cust_f4495334,2024-02,2024-02,0,paid,2024-02-13 10:12:14,2024-02-13 10:12:14,1,74.32,tiktok,cpc,tiktok_campaign_9
cust_f45b1cd4,2024-09,2024-09,0,paid,2024-09-12 21:44:08,2024-09-12 21:44:08,1,276.34,direct,direct,direct
cust_f4625c57,2024-04,2024-04,0,paid,2024-04-30 22:27:00,2024-04-30 22:27:00,1,35.84,email,email,email_campaign_3
cust_f472a8dc,2024-11,2024-11,0,paid,2024-11-19 19:33:25,2024-11-19 19:33:25,1,86.33,organic,organic,direct
cust_f4806876,2024-11,2024-11,0,paid,2024-11-21 08:36:39,2024-11-21 08:36:39,1,50.46,direct,direct,direct
cust_f48c1272,2024-01,2024-01,0,paid,2024-01-08 14:38:37,2024-01-08 14:38:37,1,91.26,meta,cpc,meta_campaign_14
cust_f4b59f6a,2024-10,2024-10,0,paid,2024-10-21 21:54:49,2024-10-21 21:54:49,1,77.02,meta,cpc,meta_campaign_10
cust_f5068344,2024-09,2024-09,0,paid,2024-09-12 18:24:50,2024-09-12 18:24:50,1,54.77,direct,direct,direct
cust_f53b1542,2024-06,2024-06,0,paid,2024-06-08 07:57:17,2024-06-08 07:57:17,1,233.64,direct,direct,direct
cust_f53f5ae7,2024-12,2024-12,0,paid,2024-12-28 15:06:59,2024-12-28 15:06:59,1,68.49,direct,direct,direct
cust_f552bc96,2024-11,2024-11,0,paid,2024-11-29 17:43:22,2024-11-29 17:43:22,1,33.52,tiktok,cpc,tiktok_campaign_9
cust_f5556efc,2024-06,2024-06,0,paid,2024-06-04 15:12:48,2024-06-04 15:12:48,1,192.73,organic,organic,direct
cust_f55e5440,2024-04,2024-04,0,paid,2024-04-04 07:48:49,2024-04-04 07:48:49,1,82.1,tiktok,cpc,tiktok_campaign_2
cust_f5776b68,2024-10,2024-10,0,paid,2024-10-02 06:28:10,2024-10-02 06:28:10,1,30.75,organic,organic,direct
cust_f5c1e989,2024-03,2024-03,0,paid,2024-03-04 08:47:41,2024-03-04 08:47:41,1,269.4,direct,direct,direct
cust_f609c378,2024-10,2024-10,0,paid,2024-10-02 09:39:14,2024-10-02 09:39:14,1,148.89,meta,cpc,meta_campaign_8
cust_f61a93d2,2024-12,2024-12,0,paid,2024-12-18 08:40:01,2024-12-18 08:40:01,1,140.84,direct,direct,direct
cust_f6a6b392,2024-11,2024-11,0,paid,2024-11-16 09:55:59,2024-11-16 09:55:59,1,84.58,direct,direct,direct
cust_f6b533f6,2024-07,2024-07,0,paid,2024-07-18 16:42:18,2024-07-18 16:42:18,1,64.48,tiktok,cpc,tiktok_campaign_15
cust_f6f48d6c,2024-12,2024-12,0,paid,2024-12-23 17:37:53,2024-12-23 17:37:53,1,68.12,direct,direct,direct
cust_f70d6d4c,2024-03,2024-03,0,paid,2024-03-10 11:22:55,2024-03-10 11:22:55,1,49.29,tiktok,cpc,tiktok_campaign_10
cust_f7115d74,2024-03,2024-03,0,paid,2024-03-06 07:48:11,2024-03-06 07:48:11,1,38.41,direct,direct,direct
cust_f71b94cd,2024-02,2024-02,0,paid,2024-02-14 17:59:32,2024-02-14 17:59:32,1,37.43,google,cpc,google_campaign_11
cust_f733fd75,2024-06,2024-06,0,paid,2024-06-06 22:36:32,2024-06-06 22:36:32,1,84.9,tiktok,cpc,tiktok_campaign_11
cust_f792829c,2024-10,2024-10,0,paid,2024-10-30 22:17:52,2024-10-30 22:17:52,1,52.53,direct,direct,direct
cust_f7bf74c6,2024-07,2024-07,0,paid,2024-07-26 16:40:11,2024-07-26 16:40:11,1,104.88,google,cpc,google_campaign_18
cust_f8228440,2024-05,2024-05,0,paid,2024-05-20 13:43:44,2024-05-20 13:43:44,1,153.59,tiktok,cpc,tiktok_campaign_3
cust_f822b81c,2024-12,2024-12,0,paid,2024-12-10 21:33:01,2024-12-10 21:33:01,1,69.07,organic,organic,direct
cust_f822c644,2024-02,2024-02,0,paid,2024-02-05 15:30:48,2024-02-05 15:30:48,1,131.31,email,email,email_campaign_4
cust_f87dde39,2024-11,2024-11,0,paid,2024-11-30 08:13:12,2024-11-30 08:13:12,1,126.85,meta,cpc,meta_campaign_13
cust_f88e11bf,2024-06,2024-06,0,paid,2024-06-22 18:44:24,2024-06-22 18:44:24,1,104.31,direct,direct,direct
cust_f8d6ddc1,2024-06,2024-06,0,paid,2024-06-01 18:43:20,2024-06-01 18:43:20,1,177.75,direct,direct,direct
cust_f8e0b6d0,2024-11,2024-11,0,paid,2024-11-25 20:42:30,2024-11-25 20:42:30,1,35.46,meta,cpc,meta_campaign_14
cust_f8e71147,2024-04,2024-04,0,paid,2024-04-28 23:38:59,2024-04-28 23:38:59,1,225.26,meta,cpc,meta_campaign_9
cust_f8f801bd,2024-01,2024-01,0,paid,2024-01-22 11:33:15,2024-01-22 11:33:15,1,241.52,direct,direct,direct
cust_f8ff5fe1,2024-10,2024-10,0,paid,2024-10-21 15:25:58,2024-10-21 15:25:58,1,81.55,google,cpc,google_campaign_3
cust_f90c05af,2024-06,2024-06,0,paid,2024-06-13 16:38:40,2024-06-13 16:38:40,1,100.21,direct,direct,direct
cust_f927baad,2024-07,2024-07,0,paid,2024-07-29 17:28:35,2024-07-29 17:28:35,1,60.31,organic,organic,direct
cust_f92c82ca,2024-12,2024-12,0,paid,2024-12-16 10:10:44,2024-12-16 10:10:44,1,82.24,meta,cpc,meta_campaign_14
cust_f93e24af,2024-09,2024-09,0,paid,2024-09-20 19:42:06,2024-09-20 19:42:06,1,46.16,google,cpc,google_campaign_6
cust_f99d4317,2024-03,2024-03,0,paid,2024-03-04 18:42:11,2024-03-04 18:42:11,1,93.74,meta,cpc,meta_campaign_9
cust_f9cc7558,2024-12,2024-12,0,paid,2024-12-06 15:02:54,2024-12-06 15:02:54,1,85.26,direct,direct,direct
cust_f9d4dcdc,2024-05,2024-05,0,paid,2024-05-14 21:44:48,2024-05-14 21:44:48,1,90.58,meta,cpc,meta_campaign_13
cust_fa1106ec,2024-06,2024-06,0,paid,2024-06-16 15:11:04,2024-06-16 15:11:04,1,133.46,meta,cpc,meta_campaign_16
cust_fa110b88,2024-09,2024-09,0,paid,2024-09-18 23:26:25,2024-09-18 23:26:25,1,136.67,organic,organic,direct
cust_fa68db2b,2024-11,2024-11,0,paid,2024-11-06 09:22:14,2024-11-06 09:22:14,1,36.21,direct,direct,direct
cust_faa61396,2024-11,2024-11,0,paid,2024-11-28 23:24:53,2024-11-28 23:24:53,1,27.13,google,cpc,google_campaign_5
cust_fb27cf84,2024-07,2024-07,0,paid,2024-07-20 17:44:21,2024-07-20 17:44:21,1,86.01,meta,cpc,meta_campaign_7
cust_fb3007b2,2024-08,2024-08,0,paid,2024-08-01 20:01:07,2024-08-01 20:01:07,1,474.97,tiktok,cpc,tiktok_campaign_3
cust_fb3c6e52,2024-10,2024-10,0,paid,2024-10-24 01:19:22,2024-10-24 01:19:22,1,104.37,tiktok,cpc,tiktok_campaign_19
cust_fb6b9947,2024-07,2024-07,0,paid,2024-07-28 23:00:12,2024-07-28 23:00:12,1,33.2,direct,direct,direct
cust_fb745c9b,2024-11,2024-11,0,paid,2024-11-04 19:50:28,2024-11-04 19:50:28,1,153.97,google,cpc,google_campaign_2
cust_fb7ed4d6,2024-01,2024-01,0,paid,2024-01-27 12:06:29,2024-01-27 12:06:29,1,54.44,direct,direct,direct
cust_fbcc124f,2024-12,2024-12,0,paid,2024-12-26 19:30:40,2024-12-26 19:30:40,1,244.48,organic,organic,direct
cust_fbd74170,2024-10,2024-10,0,paid,2024-10-22 06:16:16,2024-10-22 06:16:16,1,71.55,direct,direct,direct
cust_fc489818,2024-12,2024-12,0,paid,2024-12-02 14:25:42,2024-12-02 14:25:42,1,82.79,tiktok,cpc,tiktok_campaign_1
cust_fc5013f7,2024-06,2024-06,0,paid,2024-06-26 19:01:12,2024-06-26 19:01:12,1,90.17,google,cpc,google_campaign_1
cust_fc87c322,2024-04,2024-04,0,paid,2024-04-16 13:07:45,2024-04-16 13:07:45,1,101.72,direct,direct,direct
cust_fc8cddd7,2024-12,2024-12,0,paid,2024-12-26 17:28:35,2024-12-26 17:28:35,1,85.51,meta,cpc,meta_campaign_17
cust_fc90bc86,2024-05,2024-05,0,paid,2024-05-15 17:33:02,2024-05-15 17:33:02,1,93.45,direct,direct,direct
cust_fcba3f04,2024-09,2024-09,0,paid,2024-09-28 09:43:51,2024-09-28 09:43:51,1,68.05,email,email,email_campaign_5
cust_fd19c8fb,2024-02,2024-02,0,paid,2024-02-08 08:25:47,2024-02-08 08:25:47,1,208.82,email,email,email_campaign_2
cust_fd236a69,2024-06,2024-06,0,paid,2024-06-11 16:31:27,2024-06-11 16:31:27,1,159.85,direct,direct,direct
cust_fd2b38c5,2024-08,2024-08,0,paid,2024-08-18 10:39:43,2024-08-18 10:39:43,1,88.51,organic,organic,direct
cust_fd38c4b5,2024-09,2024-09,0,paid,2024-09-25 21:06:39,2024-09-25 21:06:39,1,28.52,direct,direct,direct
cust_fd70cf10,2024-10,2024-10,0,paid,2024-10-16 02:11:54,2024-10-16 02:11:54,1,39.29,meta,cpc,meta_campaign_15
cust_fd77e2ee,2024-11,2024-11,0,paid,2024-11-22 11:21:44,2024-11-22 11:21:44,1,143.03,direct,direct,direct
cust_fd9e16a1,2024-04,2024-04,0,paid,2024-04-10 16:40:04,2024-04-10 16:40:04,1,140.43,organic,organic,direct
cust_fdc73b68,2024-11,2024-11,0,paid,2024-11-26 19:37:58,2024-11-26 19:37:58,1,73.53,meta,cpc,meta_campaign_10
cust_fdcbd2ad,2024-11,2024-11,0,paid,2024-11-21 09:43:15,2024-11-21 09:43:15,1,52.41,google,cpc,google_campaign_13
cust_fde87f8d,2024-05,2024-05,0,paid,2024-05-21 19:59:37,2024-05-21 19:59:37,1,73.37,google,cpc,google_campaign_6
cust_fe011c1b,2024-12,2024-12,0,paid,2024-12-01 18:00:37,2024-12-01 18:00:37,1,88.96,direct,direct,direct
cust_fe18ada7,2024-04,2024-04,0,paid,2024-04-20 21:21:14,2024-04-20 21:21:14,1,81.74,meta,cpc,meta_campaign_19
cust_fe36a915,2024-11,2024-11,0,paid,2024-11-13 22:51:48,2024-11-13 22:51:48,1,107.48,organic,organic,direct
cust_fe57713e,2024-05,2024-05,0,paid,2024-05-28 16:16:08,2024-05-28 16:16:08,1,61.42,organic,organic,direct
cust_fe825cc1,2024-11,2024-11,0,paid,2024-11-02 15:37:26,2024-11-02 15:37:26,1,84.99,organic,organic,direct
cust_fe8953b5,2024-10,2024-10,0,paid,2024-10-19 21:25:38,2024-10-19 21:25:38,1,80.91,direct,direct,direct
cust_fe98a708,2024-03,2024-03,0,paid,2024-03-11 12:36:57,2024-03-11 12:36:57,1,99.23,tiktok,cpc,tiktok_campaign_1
cust_fe9e4795,2024-01,2024-01,0,paid,2024-01-22 11:53:45,2024-01-22 11:53:45,1,114.58,google,cpc,google_campaign_19
cust_ff06b6c8,2024-04,2024-04,0,paid,2024-04-10 20:33:42,2024-04-10 20:33:42,1,92.16,direct,direct,direct
cust_ff140cfe,2024-08,2024-08,0,paid,2024-08-12 10:07:19,2024-08-12 10:07:19,1,112.42,direct,direct,direct
cust_ff32de69,2024-05,2024-05,0,paid,2024-05-24 07:29:23,2024-05-24 07:29:23,1,72.85,direct,direct,direct
cust_ff5fbd14,2024-05,2024-05,0,paid,2024-05-31 22:48:39,2024-05-31 22:48:39,1,244.89,direct,direct,direct
cust_ffb53345,2024-07,2024-07,0,paid,2024-07-12 20:40:20,2024-07-12 20:40:20,1,41.16,direct,direct,direct
cust_ffceacd0,2024-08,2024-08,0,paid,2024-08-03 18:54:24,2024-08-03 18:54:24,1,37.52,organic,organic,direct
cust_fff6e558,2024-11,2024-11,0,paid,2024-11-29 13:54:06,2024-11-29 13:54:06,1,42.06,google,cpc,google_campaign_13
