customer_id,order_id,order_date,payment_status,total_amount,utm_source,utm_medium,utm_campaign,first_paid_order_month,order_month,month_index
cust_000a2b55,ord_53f5d304,2024-06-16 08:32:22,paid,51.0,tiktok,cpc,tiktok_campaign_16,2024-06,2024-06,0
cust_00274780,ord_0189c22d,2024-05-01 10:26:18,paid,87.08,direct,direct,direct,2024-05,2024-05,0
cust_002d0843,ord_d2c76735,2024-04-23 12:19:56,paid,88.26,organic,organic,direct,2024-04,2024-04,0
cust_004c8d70,ord_4e207deb,2024-09-08 14:42:06,paid,396.02,google,cpc,google_campaign_6,2024-09,2024-09,0
cust_0058404c,ord_5e367c0c,2024-10-11 20:09:56,paid,102.5,organic,organic,direct,2024-10,2024-10,0
cust_007261bf,ord_34fbdbd1,2024-12-07 10:11:43,paid,54.75,google,cpc,google_campaign_18,2024-12,2024-12,0
cust_00735990,ord_207b8173,2024-01-24 18:42:20,paid,148.53,direct,direct,direct,2024-01,2024-01,0
cust_008ccc7d,ord_e75aa690,2024-02-29 23:19:33,paid,76.71,organic,organic,direct,2024-02,2024-02,0
cust_009063d5,ord_aa13be0e,2024-11-17 11:06:27,paid,46.28,google,cpc,google_campaign_6,2024-11,2024-11,0
cust_00acca40,ord_8f92edfa,2024-12-13 09:26:22,paid,206.58,google,cpc,google_campaign_1,2024-12,2024-12,0
cust_00bf11bc,ord_729df477,2024-10-14 07:22:05,paid,106.81,organic,organic,direct,2024-10,2024-10,0
cust_00f118d2,ord_e41c763d,2024-08-14 20:05:11,paid,139.1,meta,cpc,meta_campaign_7,2024-08,2024-08,0
cust_01136aca,ord_41af921d,2024-07-28 22:48:30,paid,222.61,direct,direct,direct,2024-07,2024-07,0
cust_011ec2ce,ord_2139fa91,2024-10-10 13:35:18,paid,139.66,google,cpc,google_campaign_6,2024-10,2024-10,0
cust_0132cf59,ord_bf7eacc3,2024-07-19 11:19:08,paid,39.76,meta,cpc,meta_campaign_6,2024-07,2024-07,0
cust_0138c952,ord_6d354840,2024-08-07 14:14:25,paid,132.42,direct,direct,direct,2024-08,2024-08,0
cust_017dcf73,ord_e35d1025,2024-11-09 15:53:47,paid,121.29,google,cpc,google_campaign_11,2024-11,2024-11,0
cust_018ecb4a,ord_21c42e3c,2024-10-20 16:32:46,paid,208.39,direct,direct,direct,2024-10,2024-10,0
cust_019425e0,ord_6258a0a2,2024-11-25 15:16:20,paid,49.94,tiktok,cpc,tiktok_campaign_7,2024-11,2024-11,0
cust_01c74bf4,ord_f29bcf76,2024-08-18 08:42:29,paid,153.12,direct,direct,direct,2024-08,2024-08,0
cust_020a7566,ord_fea21454,2024-06-26 06:47:31,paid,81.02,direct,direct,direct,2024-06,2024-06,0
cust_0212ad3c,ord_087c0e2b,2024-10-02 15:04:57,paid,35.55,google,cpc,google_campaign_13,2024-10,2024-10,0
cust_02321411,ord_ab8233ce,2024-04-14 15:38:52,paid,90.76,tiktok,cpc,tiktok_campaign_3,2024-04,2024-04,0
cust_02aafd0f,ord_19dd1267,2024-03-08 09:18:08,paid,92.9,direct,direct,direct,2024-03,2024-03,0
cust_02b4dbbb,ord_c6cf6ebf,2024-06-04 15:53:15,paid,29.8,meta,cpc,meta_campaign_14,2024-06,2024-06,0
cust_02ee30d2,ord_28df8a34,2024-08-22 22:36:18,paid,115.89,direct,direct,direct,2024-08,2024-08,0
cust_02f3a191,ord_66acf78f,2024-10-26 00:16:24,paid,68.02,direct,direct,direct,2024-10,2024-10,0
cust_030b9c03,ord_113281a2,2024-04-26 19:53:27,paid,40.64,direct,direct,direct,2024-04,2024-04,0
cust_03217c1f,ord_92ecde58,2024-12-09 08:23:24,paid,53.8,direct,direct,direct,2024-12,2024-12,0
cust_033f6834,ord_3d143b9e,2024-11-27 21:33:58,paid,123.67,direct,direct,direct,2024-11,2024-11,0
cust_0340f517,ord_408409c5,2024-11-08 17:57:24,paid,150.47,organic,organic,direct,2024-11,2024-11,0
cust_034c2eda,ord_1a561822,2024-06-06 15:02:05,paid,85.5,direct,direct,direct,2024-06,2024-06,0
cust_03506676,ord_4d0b17dd,2024-03-22 10:44:24,paid,51.9,meta,cpc,meta_campaign_5,2024-03,2024-03,0
cust_03731436,ord_98937a9c,2024-01-15 13:59:52,paid,275.03,meta,cpc,meta_campaign_3,2024-01,2024-01,0
cust_0396257d,ord_d3a2f0ae,2024-01-09 12:07:19,paid,130.82,google,cpc,google_campaign_4,2024-01,2024-01,0
cust_03a0b9d2,ord_0294e883,2024-03-16 23:34:39,paid,88.25,direct,direct,direct,2024-03,2024-03,0
cust_03ad1b2c,ord_8ca16a71,2024-11-02 20:13:21,paid,52.83,meta,cpc,meta_campaign_16,2024-11,2024-11,0
cust_03bc294b,ord_208c3f11,2024-01-20 12:24:23,paid,43.11,tiktok,cpc,tiktok_campaign_13,2024-01,2024-01,0
cust_03cd171d,ord_41489d14,2024-01-29 08:41:00,paid,222.57,google,cpc,google_campaign_2,2024-01,2024-01,0
cust_03f5e56b,ord_5225a0eb,2024-02-25 20:15:01,paid,129.12,direct,direct,direct,2024-02,2024-02,0
cust_0400922f,ord_d2ef5212,2024-04-23 20:44:33,paid,34.13,direct,direct,direct,2024-04,2024-04,0
cust_04445252,ord_732c3e3b,2024-10-06 16:25:57,paid,148.88,google,cpc,google_campaign_17,2024-10,2024-10,0
cust_044f0a3e,ord_1883dffc,2024-02-06 22:20:15,paid,86.71,direct,direct,direct,2024-02,2024-02,0
cust_0454a640,ord_167fee69,2024-10-16 17:20:50,paid,37.01,google,cpc,google_campaign_5,2024-10,2024-10,0
cust_045c63b4,ord_22a089b7,2024-03-03 11:39:07,paid,139.79,direct,direct,direct,2024-03,2024-03,0
cust_0483898e,ord_63c8be14,2024-04-18 15:20:03,paid,30.77,meta,cpc,meta_campaign_19,2024-04,2024-04,0
cust_0491caa1,ord_5c1da8f3,2024-08-26 07:11:12,paid,52.75,direct,direct,direct,2024-08,2024-08,0
cust_0503004c,ord_2a6614e0,2024-09-25 15:51:11,paid,86.29,organic,organic,direct,2024-09,2024-09,0
cust_050be217,ord_5903e609,2024-10-06 07:31:51,paid,47.37,direct,direct,direct,2024-10,2024-10,0
cust_0561d34e,ord_26399f6e,2024-06-24 19:43:53,paid,178.46,direct,direct,direct,2024-06,2024-06,0
cust_0569a5ad,ord_d14888ed,2024-04-13 08:30:20,paid,135.81,direct,direct,direct,2024-04,2024-04,0
cust_058b770b,ord_9c7f3080,2024-11-30 15:35:48,paid,56.39,organic,organic,direct,2024-11,2024-11,0
cust_05ad4eab,ord_20d4d81f,2024-11-03 12:56:45,paid,79.27,meta,cpc,meta_campaign_10,2024-11,2024-11,0
cust_0610871b,ord_685f4ec8,2024-11-23 19:05:25,paid,232.76,google,cpc,google_campaign_4,2024-11,2024-11,0
cust_0647d8bf,ord_20345c40,2024-04-10 18:29:56,paid,59.98,tiktok,cpc,tiktok_campaign_15,2024-04,2024-04,0
cust_0666a7ff,ord_2e180e6c,2024-09-17 08:04:51,paid,147.78,direct,direct,direct,2024-09,2024-09,0
cust_0668b7a7,ord_be8059c8,2024-04-02 21:27:42,paid,122.71,direct,direct,direct,2024-04,2024-04,0
cust_066b0cf3,ord_a3b2d266,2024-12-14 20:04:21,paid,33.94,tiktok,cpc,tiktok_campaign_11,2024-12,2024-12,0
cust_066bc1ff,ord_27276a91,2024-05-25 15:41:21,paid,48.07,meta,cpc,meta_campaign_6,2024-05,2024-05,0
cust_0692d7cd,ord_073e9526,2024-11-04 22:52:08,paid,215.2,meta,cpc,meta_campaign_19,2024-11,2024-11,0
cust_07142331,ord_21b4004a,2024-11-21 09:10:19,paid,102.32,organic,organic,direct,2024-11,2024-11,0
cust_0723977a,ord_c74713f5,2024-02-21 22:48:29,paid,97.76,direct,direct,direct,2024-02,2024-02,0
cust_0733ef3e,ord_dace9411,2024-06-02 21:24:56,paid,180.97,direct,direct,direct,2024-06,2024-06,0
cust_07353a1e,ord_9b49be68,2024-05-07 20:20:56,paid,134.18,direct,direct,direct,2024-05,2024-05,0
cust_075f1792,ord_88628e72,2024-08-01 20:49:50,paid,282.98,direct,direct,direct,2024-08,2024-08,0
cust_078fdb61,ord_86f1efc0,2024-11-18 20:11:02,paid,25.34,meta,cpc,meta_campaign_2,2024-11,2024-11,0
cust_07cf188d,ord_6aa5201c,2024-05-05 22:41:14,paid,126.89,direct,direct,direct,2024-05,2024-05,0
cust_07e6e4d1,ord_3ea917db,2024-05-17 11:12:54,paid,53.07,google,cpc,google_campaign_19,2024-05,2024-05,0
cust_08079db0,ord_932a15ff,2024-11-29 18:15:15,paid,87.46,google,cpc,google_campaign_10,2024-11,2024-11,0
cust_08096668,ord_c9870315,2024-06-06 21:05:16,paid,81.97,direct,direct,direct,2024-06,2024-06,0
cust_0823eff7,ord_a510ed44,2024-01-05 20:30:30,paid,104.35,google,cpc,google_campaign_8,2024-01,2024-01,0
cust_08346900,ord_02044641,2024-07-26 19:49:01,paid,180.14,meta,cpc,meta_campaign_15,2024-07,2024-07,0
cust_08456b8c,ord_1ca8db05,2024-11-21 11:39:07,paid,129.24,direct,direct,direct,2024-11,2024-11,0
cust_085eb17d,ord_f46d1017,2024-01-23 15:51:02,paid,216.15,direct,direct,direct,2024-01,2024-01,0
cust_0892e558,ord_68987fe3,2024-06-13 19:17:08,paid,43.76,organic,organic,direct,2024-06,2024-06,0
cust_08baf85f,ord_98f0ec25,2024-07-27 19:27:48,paid,92.69,meta,cpc,meta_campaign_17,2024-07,2024-07,0
cust_08c55c74,ord_ce086248,2024-04-29 09:54:53,paid,55.26,email,email,email_campaign_7,2024-04,2024-04,0
cust_08d6e44a,ord_b6a7b7e3,2024-08-26 17:32:52,paid,65.65,meta,cpc,meta_campaign_9,2024-08,2024-08,0
cust_08e2593f,ord_ad67f4c2,2024-09-23 10:16:33,paid,39.52,direct,direct,direct,2024-09,2024-09,0
cust_08e897ff,ord_f4918db3,2024-11-07 10:20:19,paid,56.22,organic,organic,direct,2024-11,2024-11,0
cust_08f95c75,ord_0fa5d9d6,2024-08-08 23:29:48,paid,31.82,meta,cpc,meta_campaign_4,2024-08,2024-08,0
cust_092258ff,ord_2e98fc8b,2024-10-07 09:25:49,paid,213.17,google,cpc,google_campaign_8,2024-10,2024-10,0
cust_09497cf3,ord_613fafda,2024-03-06 14:06:19,paid,122.21,organic,organic,direct,2024-03,2024-03,0
cust_09676ea9,ord_4638f426,2024-10-30 19:13:55,paid,119.29,organic,organic,direct,2024-10,2024-10,0
cust_0986407e,ord_0837baed,2024-06-21 22:06:06,paid,122.2,direct,direct,direct,2024-06,2024-06,0
cust_09c473a7,ord_a37d2107,2024-12-07 14:39:27,paid,85.24,direct,direct,direct,2024-12,2024-12,0
cust_09f36b6d,ord_70168d60,2024-07-28 20:21:12,paid,70.0,direct,direct,direct,2024-07,2024-07,0
cust_09f3ec2a,ord_b779f7b3,2024-11-18 19:12:21,paid,242.98,direct,direct,direct,2024-11,2024-11,0
cust_0a2e0299,ord_aa9959fb,2024-06-19 20:56:33,paid,123.4,meta,cpc,meta_campaign_4,2024-06,2024-06,0
cust_0a32b3b5,ord_351c432c,2024-06-24 11:36:10,paid,96.34,google,cpc,google_campaign_13,2024-06,2024-06,0
cust_0a35e893,ord_f97a4422,2024-09-18 20:40:54,paid,89.95,tiktok,cpc,tiktok_campaign_13,2024-09,2024-09,0
cust_0a754690,ord_25deedcb,2024-02-27 21:42:10,paid,97.28,organic,organic,direct,2024-02,2024-02,0
cust_0a9cd414,ord_e32b94dc,2024-08-21 20:43:49,paid,250.61,organic,organic,direct,2024-08,2024-08,0
cust_0a9de5b4,ord_484d441e,2024-09-27 14:00:34,paid,73.78,google,cpc,google_campaign_19,2024-09,2024-09,0
cust_0aa0c0d2,ord_3a5bf427,2024-11-30 08:08:07,paid,90.62,direct,direct,direct,2024-11,2024-11,0
cust_0ac09856,ord_4e53e9de,2024-12-12 11:37:00,paid,45.08,organic,organic,direct,2024-12,2024-12,0
cust_0ae80bdb,ord_addaedff,2024-03-28 11:20:17,paid,84.75,direct,direct,direct,2024-03,2024-03,0
cust_0b1866ed,ord_050c0f67,2024-11-23 21:04:14,paid,61.75,direct,direct,direct,2024-11,2024-11,0
cust_0b859378,ord_2bbba4ae,2024-01-28 11:23:05,paid,101.7,direct,direct,direct,2024-01,2024-01,0
cust_0baca716,ord_3947ae8b,2024-09-23 22:36:07,paid,113.7,organic,organic,direct,2024-09,2024-09,0
cust_0bb04d4b,ord_aaad2f24,2024-12-08 23:20:53,paid,41.56,meta,cpc,meta_campaign_9,2024-12,2024-12,0
cust_0bd461aa,ord_b3e5fde6,2024-03-06 08:00:58,paid,163.84,meta,cpc,meta_campaign_13,2024-03,2024-03,0
cust_0be60790,ord_b40f4985,2024-04-30 08:41:25,paid,100.23,direct,direct,direct,2024-04,2024-04,0
cust_0bec91cb,ord_c0d68819,2024-10-29 18:49:01,paid,270.72,tiktok,cpc,tiktok_campaign_4,2024-10,2024-10,0
cust_0c12ed29,ord_f41b7170,2024-04-27 12:49:25,paid,150.37,organic,organic,direct,2024-04,2024-04,0
cust_0c4f9f04,ord_389c4a04,2024-07-16 19:09:26,paid,187.79,meta,cpc,meta_campaign_1,2024-07,2024-07,0
cust_0c5692c6,ord_e80e7227,2024-06-23 18:16:04,paid,117.9,meta,cpc,meta_campaign_4,2024-06,2024-06,0
cust_0c95ecdc,ord_2ef05b75,2024-02-20 22:31:49,paid,125.52,direct,direct,direct,2024-02,2024-02,0
cust_0cbfe91d,ord_6bbe5602,2024-12-16 13:53:05,paid,132.59,google,cpc,google_campaign_8,2024-12,2024-12,0
cust_0cef175d,ord_7b918ed1,2024-08-21 18:58:20,paid,139.84,direct,direct,direct,2024-08,2024-08,0
cust_0d121561,ord_e2707a16,2024-11-15 19:40:22,paid,59.24,direct,direct,direct,2024-11,2024-11,0
cust_0d41713a,ord_52950293,2024-11-23 20:07:08,paid,96.37,email,email,email_campaign_2,2024-11,2024-11,0
cust_0d57bf77,ord_78eec331,2024-03-25 21:14:25,paid,61.35,direct,direct,direct,2024-03,2024-03,0
cust_0d634881,ord_a24a46bc,2024-02-25 10:38:50,paid,31.37,email,email,email_campaign_9,2024-02,2024-02,0
cust_0d7b4f90,ord_77ee2d3c,2024-11-30 22:41:08,paid,79.09,google,cpc,google_campaign_3,2024-11,2024-11,0
cust_0d9612ac,ord_833e2f05,2024-04-02 19:38:29,paid,81.09,meta,cpc,meta_campaign_12,2024-04,2024-04,0
cust_0ddec26b,ord_829f9449,2024-12-04 10:09:36,paid,126.37,meta,cpc,meta_campaign_14,2024-12,2024-12,0
cust_0de52bb9,ord_d23e4419,2024-12-17 22:22:19,paid,77.98,google,cpc,google_campaign_3,2024-12,2024-12,0
cust_0de59263,ord_23f953fe,2024-10-13 11:20:55,paid,106.23,organic,organic,direct,2024-10,2024-10,0
cust_0deb211f,ord_81ce6cf9,2024-11-28 09:48:57,paid,110.08,direct,direct,direct,2024-11,2024-11,0
cust_0e6e2d56,ord_aa3055e5,2024-10-07 10:29:37,paid,144.16,direct,direct,direct,2024-10,2024-10,0
cust_0e74b445,ord_d4e23b37,2024-12-15 17:55:50,paid,167.35,tiktok,cpc,tiktok_campaign_13,2024-12,2024-12,0
cust_0eb816ac,ord_f8c0f62e,2024-02-27 08:50:14,paid,275.64,meta,cpc,meta_campaign_15,2024-02,2024-02,0
cust_0f12b189,ord_be503ad8,2024-12-05 04:38:02,paid,41.62,meta,cpc,meta_campaign_18,2024-12,2024-12,0
cust_0f41b25c,ord_5696bc3c,2024-05-29 19:08:54,paid,167.23,google,cpc,google_campaign_1,2024-05,2024-05,0
cust_0f461fe1,ord_54ac3c87,2024-03-17 02:47:39,paid,333.02,email,email,email_campaign_3,2024-03,2024-03,0
cust_0f51c251,ord_1aa095a2,2024-10-18 20:28:28,paid,115.01,google,cpc,google_campaign_1,2024-10,2024-10,0
cust_0f725803,ord_dffbc23f,2024-12-14 16:01:51,paid,188.12,direct,direct,direct,2024-12,2024-12,0
cust_0ff0e594,ord_5d02a430,2024-11-24 17:01:31,paid,132.44,meta,cpc,meta_campaign_8,2024-11,2024-11,0
cust_10340e7b,ord_e2fc6cb6,2024-12-15 15:15:57,paid,102.89,direct,direct,direct,2024-12,2024-12,0
cust_10926f77,ord_dfdbc380,2024-09-13 13:17:54,paid,88.87,google,cpc,google_campaign_11,2024-09,2024-09,0
cust_10f61b46,ord_ebff7de4,2024-10-26 05:33:30,paid,161.28,meta,cpc,meta_campaign_10,2024-10,2024-10,0
cust_1104d7ac,ord_9765a858,2024-07-20 09:00:10,paid,343.59,meta,cpc,meta_campaign_16,2024-07,2024-07,0
cust_112a1494,ord_e1c9c7b6,2024-03-18 09:04:28,paid,123.58,direct,direct,direct,2024-03,2024-03,0
cust_11762ee5,ord_ba6026e9,2024-05-09 15:56:40,paid,21.16,meta,cpc,meta_campaign_18,2024-05,2024-05,0
cust_1186daf1,ord_14ee960a,2024-06-29 03:54:39,paid,136.31,meta,cpc,meta_campaign_8,2024-06,2024-06,0
cust_118fed4f,ord_e23f6e75,2024-11-05 11:04:35,paid,47.62,direct,direct,direct,2024-11,2024-11,0
cust_11ab6637,ord_eb3d207b,2024-12-17 12:00:05,paid,50.65,tiktok,cpc,tiktok_campaign_13,2024-12,2024-12,0
cust_11f58b78,ord_67df0c07,2024-09-09 19:46:58,paid,32.23,google,cpc,google_campaign_6,2024-09,2024-09,0
cust_11ff17d2,ord_4fc0ab27,2024-11-27 22:00:59,paid,133.84,google,cpc,google_campaign_6,2024-11,2024-11,0
cust_12471efc,ord_658ccf7d,2024-05-29 10:04:45,paid,87.39,direct,direct,direct,2024-05,2024-05,0
cust_126cfaba,ord_332d027a,2024-10-12 16:10:24,paid,76.17,tiktok,cpc,tiktok_campaign_14,2024-10,2024-10,0
cust_126e3f5a,ord_5cbc8dca,2024-08-14 09:04:11,paid,25.03,direct,direct,direct,2024-08,2024-08,0
cust_12a2bb6d,ord_285a61db,2024-10-30 14:00:28,paid,75.6,google,cpc,google_campaign_4,2024-10,2024-10,0
cust_12e09733,ord_9266bfff,2024-08-10 09:18:01,paid,46.28,meta,cpc,meta_campaign_18,2024-08,2024-08,0
cust_12e8e365,ord_0609794c,2024-06-18 16:41:16,paid,132.63,meta,cpc,meta_campaign_4,2024-06,2024-06,0
cust_12f8dc96,ord_6b585a10,2024-12-30 14:24:32,paid,419.98,direct,direct,direct,2024-12,2024-12,0
cust_13212d2a,ord_8d9aea3f,2024-06-28 14:05:42,paid,89.82,direct,direct,direct,2024-06,2024-06,0
cust_134a5d03,ord_3ebf4826,2024-01-15 14:28:04,paid,106.18,direct,direct,direct,2024-01,2024-01,0
cust_137760fa,ord_924d54f1,2024-09-11 10:24:27,paid,321.86,direct,direct,direct,2024-09,2024-09,0
cust_13bb501b,ord_16dfd47c,2024-12-01 18:23:48,paid,148.22,tiktok,cpc,tiktok_campaign_15,2024-12,2024-12,0
cust_13d6bc05,ord_d3b246e5,2024-07-03 10:16:26,paid,187.32,direct,direct,direct,2024-07,2024-07,0
cust_141cce1a,ord_17177783,2024-11-18 07:31:31,paid,34.87,google,cpc,google_campaign_8,2024-11,2024-11,0
cust_14276e90,ord_251e0635,2024-11-09 17:21:53,paid,115.55,tiktok,cpc,tiktok_campaign_11,2024-11,2024-11,0
cust_14950f00,ord_fe459921,2024-04-29 15:10:51,paid,84.38,google,cpc,google_campaign_8,2024-04,2024-04,0
cust_14aa30d1,ord_481fe726,2024-03-30 15:08:27,paid,305.73,organic,organic,direct,2024-03,2024-03,0
cust_14ae6ac0,ord_183582db,2024-03-20 10:58:04,paid,38.07,google,cpc,google_campaign_14,2024-03,2024-03,0
cust_14b9948a,ord_09e1d544,2024-02-12 12:50:14,paid,130.83,direct,direct,direct,2024-02,2024-02,0
cust_14f9ace7,ord_900c0db2,2024-05-23 18:51:26,paid,145.47,organic,organic,direct,2024-05,2024-05,0
cust_153cee51,ord_15e1cca2,2024-03-14 04:55:52,paid,80.69,direct,direct,direct,2024-03,2024-03,0
cust_155341bb,ord_8569acdf,2024-03-01 22:12:17,paid,36.99,direct,direct,direct,2024-03,2024-03,0
cust_156c4773,ord_a9f65706,2024-12-26 12:26:36,paid,112.06,direct,direct,direct,2024-12,2024-12,0
cust_157d2820,ord_4968b073,2024-12-17 12:46:52,paid,105.72,google,cpc,google_campaign_3,2024-12,2024-12,0
cust_1598bcb0,ord_21bad6c0,2024-08-12 13:25:45,paid,87.76,email,email,email_campaign_1,2024-08,2024-08,0
cust_159e4452,ord_fb2614d6,2024-10-12 14:44:25,paid,228.43,tiktok,cpc,tiktok_campaign_1,2024-10,2024-10,0
cust_15b1808a,ord_9b91aff6,2024-12-20 16:47:25,paid,39.26,direct,direct,direct,2024-12,2024-12,0
cust_15e142e7,ord_0a0b7362,2024-08-30 05:00:22,paid,29.64,organic,organic,direct,2024-08,2024-08,0
cust_15ed0108,ord_b81c6489,2024-06-16 17:06:57,paid,42.34,google,cpc,google_campaign_13,2024-06,2024-06,0
cust_15fb12fb,ord_1d24af31,2024-05-27 12:06:45,paid,353.13,direct,direct,direct,2024-05,2024-05,0
cust_16145cd1,ord_0ff526c0,2024-07-01 18:21:08,paid,113.87,google,cpc,google_campaign_10,2024-07,2024-07,0
cust_1622e41c,ord_5a0f2dc1,2024-10-02 20:25:02,paid,78.53,organic,organic,direct,2024-10,2024-10,0
cust_16627cea,ord_c9a72ad4,2024-03-08 15:38:30,paid,51.2,direct,direct,direct,2024-03,2024-03,0
cust_1696c000,ord_cc6d91db,2024-05-30 22:30:58,paid,228.74,direct,direct,direct,2024-05,2024-05,0
cust_16a4b8b2,ord_2b3efc68,2024-08-15 17:49:11,paid,204.11,direct,direct,direct,2024-08,2024-08,0
cust_16b0d77b,ord_246b260a,2024-09-24 23:51:28,paid,189.46,organic,organic,direct,2024-09,2024-09,0
cust_16b1b885,ord_e43213d7,2024-07-13 09:47:05,paid,68.67,meta,cpc,meta_campaign_6,2024-07,2024-07,0
cust_16eeb354,ord_b2093555,2024-07-15 18:42:13,paid,134.1,meta,cpc,meta_campaign_19,2024-07,2024-07,0
cust_16f5d3fa,ord_fff8194a,2024-03-20 20:54:25,paid,32.24,meta,cpc,meta_campaign_6,2024-03,2024-03,0
cust_1709d4ab,ord_008924f8,2024-06-30 22:03:03,paid,117.19,tiktok,cpc,tiktok_campaign_7,2024-06,2024-06,0
cust_176cb377,ord_b9f70600,2024-09-24 09:51:55,paid,44.35,direct,direct,direct,2024-09,2024-09,0
cust_1778260e,ord_d46823a3,2024-06-23 16:14:55,paid,77.96,google,cpc,google_campaign_5,2024-06,2024-06,0
cust_17f4f075,ord_768822dc,2024-12-02 12:37:14,paid,152.81,organic,organic,direct,2024-12,2024-12,0
cust_17f744c9,ord_d5271c6b,2024-02-04 19:09:31,paid,203.78,direct,direct,direct,2024-02,2024-02,0
cust_1802ee54,ord_2f398df2,2024-07-12 16:37:07,paid,129.65,meta,cpc,meta_campaign_6,2024-07,2024-07,0
cust_180e9670,ord_11674804,2024-04-08 10:15:16,paid,112.45,direct,direct,direct,2024-04,2024-04,0
cust_1810254b,ord_2322d674,2024-11-15 09:36:24,paid,202.28,direct,direct,direct,2024-11,2024-11,0
cust_1819cacc,ord_c6108fce,2024-03-17 08:38:28,paid,35.17,google,cpc,google_campaign_8,2024-03,2024-03,0
cust_182ec3a1,ord_de15da43,2024-04-28 11:33:40,paid,47.21,organic,organic,direct,2024-04,2024-04,0
cust_183cc26a,ord_c041cfc9,2024-03-11 08:21:16,paid,40.15,direct,direct,direct,2024-03,2024-03,0
cust_183fa7a8,ord_8ec58435,2024-02-28 22:16:45,paid,47.05,email,email,email_campaign_5,2024-02,2024-02,0
cust_1888ba4f,ord_35ad7e92,2024-09-07 22:28:44,paid,58.92,meta,cpc,meta_campaign_11,2024-09,2024-09,0
cust_188c331d,ord_250e5586,2024-09-07 11:03:49,paid,188.24,google,cpc,google_campaign_19,2024-09,2024-09,0
cust_18d462ba,ord_e4fd6ca7,2024-10-20 09:00:45,paid,107.69,direct,direct,direct,2024-10,2024-10,0
cust_18d462ba,ord_53405deb,2024-12-31 10:43:36,paid,194.41,direct,direct,direct,2024-10,2024-12,2
cust_18f0c8df,ord_a81d8c03,2024-07-26 19:14:05,paid,60.54,google,cpc,google_campaign_4,2024-07,2024-07,0
cust_19330267,ord_7212c6f3,2024-09-07 20:09:52,paid,136.51,email,email,email_campaign_6,2024-09,2024-09,0
cust_19346961,ord_1e45427b,2024-11-29 10:42:39,paid,86.81,direct,direct,direct,2024-11,2024-11,0
cust_194b093d,ord_12a2f184,2024-10-19 10:45:16,paid,197.21,direct,direct,direct,2024-10,2024-10,0
cust_1953124c,ord_9cf3cb89,2024-10-20 21:05:28,paid,92.95,meta,cpc,meta_campaign_2,2024-10,2024-10,0
cust_1975839e,ord_70788250,2024-10-21 17:08:31,paid,208.28,google,cpc,google_campaign_4,2024-10,2024-10,0
cust_19d5ffac,ord_fdf63b60,2024-12-03 06:25:38,paid,143.78,direct,direct,direct,2024-12,2024-12,0
cust_19dacde3,ord_33eae342,2024-09-02 10:37:31,paid,99.89,organic,organic,direct,2024-09,2024-09,0
cust_19e59b41,ord_f9ba0e37,2024-09-24 20:09:31,paid,132.06,meta,cpc,meta_campaign_5,2024-09,2024-09,0
cust_19fd2b66,ord_519c1d22,2024-10-28 09:10:04,paid,101.95,direct,direct,direct,2024-10,2024-10,0
cust_1a1a592d,ord_2590eff7,2024-06-10 07:54:05,paid,159.63,direct,direct,direct,2024-06,2024-06,0
cust_1afc288f,ord_fa2ba599,2024-01-10 20:51:30,paid,56.67,meta,cpc,meta_campaign_19,2024-01,2024-01,0
cust_1b32556f,ord_cbb595e2,2024-06-19 07:37:41,paid,93.49,google,cpc,google_campaign_16,2024-06,2024-06,0
cust_1b58ce5e,ord_01f7ad2f,2024-08-21 19:55:07,paid,90.64,direct,direct,direct,2024-08,2024-08,0
cust_1b601b8a,ord_0c3ef742,2024-05-08 12:38:16,paid,54.91,organic,organic,direct,2024-05,2024-05,0
cust_1ba9b111,ord_53127f4a,2024-02-25 23:33:05,paid,84.57,tiktok,cpc,tiktok_campaign_6,2024-02,2024-02,0
cust_1bc1c2b3,ord_56f149c2,2024-02-06 02:20:09,paid,90.49,meta,cpc,meta_campaign_13,2024-02,2024-02,0
cust_1bcc792e,ord_9a4be3b4,2024-01-21 07:59:13,paid,81.23,meta,cpc,meta_campaign_2,2024-01,2024-01,0
cust_1c09d71f,ord_153667b2,2024-10-27 17:58:21,paid,145.57,tiktok,cpc,tiktok_campaign_12,2024-10,2024-10,0
cust_1c0ce5d1,ord_3e04fdfd,2024-03-23 17:56:48,paid,67.23,organic,organic,direct,2024-03,2024-03,0
cust_1c1c516b,ord_15644d4a,2024-07-23 15:44:26,paid,99.23,google,cpc,google_campaign_4,2024-07,2024-07,0
cust_1c3e5314,ord_a8be9be5,2024-09-25 13:47:29,paid,85.0,direct,direct,direct,2024-09,2024-09,0
cust_1c95491d,ord_001c45fb,2024-12-13 10:25:06,paid,45.28,email,email,email_campaign_4,2024-12,2024-12,0
cust_1ca1416a,ord_c8f4f322,2024-03-22 15:38:30,paid,51.21,organic,organic,direct,2024-03,2024-03,0
cust_1cc57a37,ord_749afc71,2024-10-07 08:48:37,paid,79.72,organic,organic,direct,2024-10,2024-10,0
cust_1cefc895,ord_10d24dd8,2024-12-09 10:50:17,paid,113.36,direct,direct,direct,2024-12,2024-12,0
cust_1cf8d106,ord_82adb719,2024-05-28 14:49:20,paid,133.93,google,cpc,google_campaign_10,2024-05,2024-05,0
cust_1cfd1d6a,ord_66545964,2024-08-20 01:57:11,paid,133.24,organic,organic,direct,2024-08,2024-08,0
cust_1d1497b7,ord_b00a5674,2024-06-09 10:39:05,paid,275.04,organic,organic,direct,2024-06,2024-06,0
cust_1d1e2476,ord_d413da95,2024-03-18 13:41:51,paid,277.49,organic,organic,direct,2024-03,2024-03,0
cust_1d8e2f02,ord_3ff310d6,2024-11-23 14:04:37,paid,41.79,direct,direct,direct,2024-11,2024-11,0
cust_1d9639ad,ord_8d70d2ee,2024-11-25 19:56:51,paid,149.37,google,cpc,google_campaign_3,2024-11,2024-11,0
cust_1dda1fd5,ord_5030d46f,2024-11-20 20:48:58,paid,43.92,direct,direct,direct,2024-11,2024-11,0
cust_1e14d2c8,ord_80489b06,2024-11-10 10:44:06,paid,93.25,direct,direct,direct,2024-11,2024-11,0
cust_1e51404f,ord_84abf1ff,2024-09-01 15:52:13,paid,35.93,email,email,email_campaign_1,2024-09,2024-09,0
cust_1e561f8d,ord_f09919bc,2024-07-11 17:57:27,paid,168.63,meta,cpc,meta_campaign_18,2024-07,2024-07,0
cust_1e9bdb89,ord_6840aef7,2024-05-25 21:58:04,paid,94.27,direct,direct,direct,2024-05,2024-05,0
cust_1eeeb52e,ord_4a43cbba,2024-07-16 16:37:59,paid,111.43,direct,direct,direct,2024-07,2024-07,0
cust_1f2e79dc,ord_967ecbd1,2024-09-22 15:29:48,paid,62.62,tiktok,cpc,tiktok_campaign_13,2024-09,2024-09,0
cust_1f63e438,ord_44add7ae,2024-07-17 10:03:35,paid,67.09,direct,direct,direct,2024-07,2024-07,0
cust_1f732281,ord_c858ba74,2024-01-25 00:32:55,paid,204.86,tiktok,cpc,tiktok_campaign_13,2024-01,2024-01,0
cust_1f7bbe6d,ord_5a0dfbc6,2024-05-14 22:52:14,paid,70.11,organic,organic,direct,2024-05,2024-05,0
cust_1fa12484,ord_5fc60734,2024-05-27 18:05:39,paid,97.91,google,cpc,google_campaign_6,2024-05,2024-05,0
cust_1fd19972,ord_f0a2a9bf,2024-09-03 09:23:37,paid,58.82,direct,direct,direct,2024-09,2024-09,0
cust_1ff9cc0b,ord_0b115b91,2024-09-13 13:55:48,paid,162.67,meta,cpc,meta_campaign_9,2024-09,2024-09,0
cust_2004d214,ord_59951d0f,2024-04-21 08:08:30,paid,157.56,organic,organic,direct,2024-04,2024-04,0
cust_20097e80,ord_bf0ec6af,2024-06-30 13:06:32,paid,35.81,google,cpc,google_campaign_19,2024-06,2024-06,0
cust_20212d75,ord_bd6171c4,2024-03-28 08:38:21,paid,70.54,direct,direct,direct,2024-03,2024-03,0
cust_20278b95,ord_7b2008fa,2024-04-09 21:04:32,paid,149.4,direct,direct,direct,2024-04,2024-04,0
cust_203beb09,ord_1d688b8e,2024-12-03 09:58:50,paid,177.0,direct,direct,direct,2024-12,2024-12,0
cust_20424fbc,ord_51d8d45c,2024-01-19 12:09:12,paid,141.09,meta,cpc,meta_campaign_15,2024-01,2024-01,0
cust_2064f835,ord_b89f5d83,2024-05-03 16:21:39,paid,98.67,organic,organic,direct,2024-05,2024-05,0
cust_2066c772,ord_93ec758e,2024-04-22 12:35:29,paid,84.37,email,email,email_campaign_7,2024-04,2024-04,0
cust_20718fdb,ord_f16acc14,2024-12-14 07:46:52,paid,72.53,organic,organic,direct,2024-12,2024-12,0
cust_20928140,ord_80738f26,2024-02-02 10:39:28,paid,53.26,meta,cpc,meta_campaign_2,2024-02,2024-02,0
cust_20c68164,ord_adebb318,2024-08-18 10:04:18,paid,28.42,meta,cpc,meta_campaign_13,2024-08,2024-08,0
cust_20e1aa2e,ord_4d7b1f89,2024-06-15 21:55:32,paid,106.18,direct,direct,direct,2024-06,2024-06,0
cust_20edff5c,ord_900450de,2024-09-26 06:51:39,paid,213.36,tiktok,cpc,tiktok_campaign_14,2024-09,2024-09,0
cust_20f87cec,ord_8cd2e9e7,2024-03-20 13:34:43,paid,87.69,google,cpc,google_campaign_3,2024-03,2024-03,0
cust_21167a4f,ord_930a7bed,2024-01-21 21:38:29,paid,32.87,google,cpc,google_campaign_12,2024-01,2024-01,0
cust_21296d57,ord_16055ca4,2024-12-04 16:52:18,paid,219.08,organic,organic,direct,2024-12,2024-12,0
cust_212c34ff,ord_eb85d56a,2024-09-14 20:13:45,paid,106.1,google,cpc,google_campaign_18,2024-09,2024-09,0
cust_213d9be1,ord_9b3795e4,2024-01-25 21:47:05,paid,57.18,direct,direct,direct,2024-01,2024-01,0
cust_218548e5,ord_67192145,2024-08-26 21:50:27,paid,55.25,email,email,email_campaign_1,2024-08,2024-08,0
cust_21b75d70,ord_e8fc1ab5,2024-10-03 11:20:15,paid,165.69,meta,cpc,meta_campaign_15,2024-10,2024-10,0
cust_21e855c6,ord_15adc1e1,2024-09-04 13:29:25,paid,156.76,direct,direct,direct,2024-09,2024-09,0
cust_21f00b50,ord_72c212f3,2024-09-07 11:05:13,paid,32.18,tiktok,cpc,tiktok_campaign_7,2024-09,2024-09,0
cust_2225cc4b,ord_35cc5cc1,2024-01-08 09:10:10,paid,74.7,meta,cpc,meta_campaign_4,2024-01,2024-01,0
cust_224fa71d,ord_d2baddb9,2024-02-20 13:29:01,paid,198.88,email,email,email_campaign_2,2024-02,2024-02,0
cust_22cb55e1,ord_3aa46fd0,2024-07-15 14:33:17,paid,37.16,direct,direct,direct,2024-07,2024-07,0
cust_22e46f06,ord_78a8d57f,2024-03-18 14:05:06,paid,203.77,direct,direct,direct,2024-03,2024-03,0
cust_22fdab4f,ord_e1754133,2024-11-14 18:24:06,paid,222.12,direct,direct,direct,2024-11,2024-11,0
cust_2303e275,ord_17cd8282,2024-11-10 10:24:30,paid,78.09,google,cpc,google_campaign_8,2024-11,2024-11,0
cust_23d81e56,ord_e6ba76d6,2024-05-14 23:10:09,paid,82.49,meta,cpc,meta_campaign_4,2024-05,2024-05,0
cust_2415b425,ord_eba020a3,2024-03-22 18:25:02,paid,78.61,direct,direct,direct,2024-03,2024-03,0
cust_245d5db9,ord_7a6621c3,2024-11-03 14:47:38,paid,16.84,google,cpc,google_campaign_2,2024-11,2024-11,0
cust_24966896,ord_00f3155a,2024-05-06 16:05:24,paid,87.98,google,cpc,google_campaign_10,2024-05,2024-05,0
cust_24f4d553,ord_469f27cf,2024-06-04 14:19:34,paid,175.79,email,email,email_campaign_5,2024-06,2024-06,0
cust_25075c1b,ord_4190f6eb,2024-07-23 17:32:52,paid,67.38,meta,cpc,meta_campaign_5,2024-07,2024-07,0
cust_252b01b6,ord_a7937e69,2024-09-13 10:08:14,paid,373.66,meta,cpc,meta_campaign_5,2024-09,2024-09,0
cust_25395d2e,ord_c088000a,2024-12-03 17:17:52,paid,35.29,meta,cpc,meta_campaign_4,2024-12,2024-12,0
cust_253d38c2,ord_755fe7d5,2024-05-09 08:59:09,paid,64.83,organic,organic,direct,2024-05,2024-05,0
cust_256c7079,ord_6951d117,2024-06-09 19:47:12,paid,189.48,direct,direct,direct,2024-06,2024-06,0
cust_2587c33e,ord_b899414e,2024-03-29 08:37:32,paid,319.49,tiktok,cpc,tiktok_campaign_12,2024-03,2024-03,0
cust_25c4b2a0,ord_8507804e,2024-08-12 12:24:16,paid,54.33,direct,direct,direct,2024-08,2024-08,0
cust_265bd3fd,ord_ba65e904,2024-05-28 22:49:16,paid,116.99,direct,direct,direct,2024-05,2024-05,0
cust_266ee50b,ord_b9f5dc3c,2024-04-06 00:02:36,paid,114.18,tiktok,cpc,tiktok_campaign_10,2024-04,2024-04,0
cust_26a13bda,ord_08bafdfe,2024-03-15 11:31:54,paid,183.69,direct,direct,direct,2024-03,2024-03,0
cust_26d1182a,ord_e4d56db6,2024-11-03 19:31:51,paid,163.41,tiktok,cpc,tiktok_campaign_18,2024-11,2024-11,0
cust_27416f26,ord_8fd24ddf,2024-02-07 21:36:35,paid,73.17,tiktok,cpc,tiktok_campaign_10,2024-02,2024-02,0
cust_2749dc62,ord_7573d1a8,2024-10-04 09:23:28,paid,172.64,meta,cpc,meta_campaign_10,2024-10,2024-10,0
cust_27b4f445,ord_c728fb6a,2024-08-24 08:34:18,paid,30.93,direct,direct,direct,2024-08,2024-08,0
cust_281b88a9,ord_b1bd413e,2024-09-27 17:59:19,paid,71.03,direct,direct,direct,2024-09,2024-09,0
cust_28213771,ord_06f10b68,2024-11-17 13:33:22,paid,141.95,direct,direct,direct,2024-11,2024-11,0
cust_283c382d,ord_b832ccc0,2024-11-22 10:52:59,paid,119.13,meta,cpc,meta_campaign_12,2024-11,2024-11,0
cust_2846f38f,ord_29141919,2024-12-07 20:37:02,paid,61.64,organic,organic,direct,2024-12,2024-12,0
cust_2848ead8,ord_9f91547a,2024-09-24 21:51:17,paid,292.35,direct,direct,direct,2024-09,2024-09,0
cust_286d772a,ord_da0272e6,2024-08-27 10:28:00,paid,136.39,organic,organic,direct,2024-08,2024-08,0
cust_288f6f40,ord_b0aa77f9,2024-10-10 11:36:48,paid,452.44,organic,organic,direct,2024-10,2024-10,0
cust_28982142,ord_2019f7d3,2024-05-26 10:07:40,paid,189.07,direct,direct,direct,2024-05,2024-05,0
cust_28990bfa,ord_9d4a408c,2024-09-03 20:55:24,paid,42.13,direct,direct,direct,2024-09,2024-09,0
cust_28d73f07,ord_3db4bc8b,2024-09-11 19:33:51,paid,26.88,meta,cpc,meta_campaign_18,2024-09,2024-09,0
cust_28e310a3,ord_431d4d7b,2024-11-30 07:24:17,paid,53.21,tiktok,cpc,tiktok_campaign_10,2024-11,2024-11,0
cust_28e809b2,ord_81a6340a,2024-07-19 09:05:38,paid,87.42,google,cpc,google_campaign_7,2024-07,2024-07,0
cust_28f5b0ae,ord_c3ddbcb8,2024-12-10 06:21:44,paid,96.1,google,cpc,google_campaign_13,2024-12,2024-12,0
cust_28f60767,ord_824b226e,2024-02-01 13:35:44,paid,45.53,direct,direct,direct,2024-02,2024-02,0
cust_292456f5,ord_4a7dd9ae,2024-11-10 09:49:43,paid,106.65,meta,cpc,meta_campaign_10,2024-11,2024-11,0
cust_2924e0aa,ord_c4a3ba46,2024-08-11 09:31:59,paid,242.98,meta,cpc,meta_campaign_1,2024-08,2024-08,0
cust_2925af18,ord_2acdcf4f,2024-02-14 08:36:05,paid,232.09,organic,organic,direct,2024-02,2024-02,0
cust_292dd69d,ord_e8d90025,2024-08-08 20:23:01,paid,82.56,google,cpc,google_campaign_4,2024-08,2024-08,0
cust_295285b8,ord_9a0ba6a5,2024-05-15 07:06:43,paid,65.41,direct,direct,direct,2024-05,2024-05,0
cust_299555cc,ord_42e14f4f,2024-03-22 19:15:07,paid,32.87,meta,cpc,meta_campaign_12,2024-03,2024-03,0
cust_29ca4a95,ord_6c343092,2024-09-13 07:22:37,paid,465.53,organic,organic,direct,2024-09,2024-09,0
cust_29e4cd1f,ord_2844847d,2024-09-01 08:45:41,paid,121.72,direct,direct,direct,2024-09,2024-09,0
cust_29eb162a,ord_84548f5a,2024-12-07 08:10:34,paid,174.23,meta,cpc,meta_campaign_13,2024-12,2024-12,0
cust_29fde014,ord_96b7bb67,2024-04-23 19:41:07,paid,115.54,direct,direct,direct,2024-04,2024-04,0
cust_2a185153,ord_542bc8af,2024-12-20 12:19:00,paid,121.67,google,cpc,google_campaign_13,2024-12,2024-12,0
cust_2a24c86e,ord_36b823ca,2024-12-07 10:14:52,paid,158.68,meta,cpc,meta_campaign_6,2024-12,2024-12,0
cust_2a336d20,ord_935a63de,2024-07-16 14:07:23,paid,58.8,direct,direct,direct,2024-07,2024-07,0
cust_2a5ad54f,ord_43b269e8,2024-08-14 23:24:30,paid,104.76,google,cpc,google_campaign_13,2024-08,2024-08,0
cust_2a6fdb80,ord_3b9bad07,2024-03-30 17:08:28,paid,136.37,direct,direct,direct,2024-03,2024-03,0
cust_2a7ed6d2,ord_2ea7c4a7,2024-01-03 08:23:34,paid,37.07,direct,direct,direct,2024-01,2024-01,0
cust_2a91dee4,ord_6e32c8df,2024-02-02 10:17:59,paid,90.87,direct,direct,direct,2024-02,2024-02,0
cust_2aa805c4,ord_a13f808e,2024-11-24 20:07:24,paid,29.72,direct,direct,direct,2024-11,2024-11,0
cust_2ab06db5,ord_1e05143b,2024-10-10 17:43:13,paid,39.78,google,cpc,google_campaign_18,2024-10,2024-10,0
cust_2abb1fee,ord_fee7a793,2024-08-22 00:02:41,paid,42.32,direct,direct,direct,2024-08,2024-08,0
cust_2ac1635f,ord_70de2eaa,2024-04-22 14:37:06,paid,89.32,google,cpc,google_campaign_15,2024-04,2024-04,0
cust_2adb6b70,ord_069d23b7,2024-05-19 16:56:18,paid,61.97,google,cpc,google_campaign_17,2024-05,2024-05,0
cust_2b126e0c,ord_65f6e80d,2024-02-12 20:28:00,paid,201.46,direct,direct,direct,2024-02,2024-02,0
cust_2b25b74d,ord_6cec1aad,2024-11-25 22:22:44,paid,122.43,direct,direct,direct,2024-11,2024-11,0
cust_2b4fcf0d,ord_073a3aad,2024-10-14 11:46:56,paid,79.58,direct,direct,direct,2024-10,2024-10,0
cust_2b55600f,ord_b7589050,2024-02-16 10:41:09,paid,45.49,google,cpc,google_campaign_5,2024-02,2024-02,0
cust_2b57b4cb,ord_417a97dd,2024-01-25 23:54:10,paid,119.52,organic,organic,direct,2024-01,2024-01,0
cust_2b68ebef,ord_cd563e45,2024-05-26 13:33:30,paid,43.18,direct,direct,direct,2024-05,2024-05,0
cust_2b728526,ord_ae3a9952,2024-10-14 18:14:23,paid,109.93,meta,cpc,meta_campaign_3,2024-10,2024-10,0
cust_2bc96755,ord_c6fa69cf,2024-08-16 21:55:48,paid,70.38,organic,organic,direct,2024-08,2024-08,0
cust_2c0e3b4d,ord_26f2b634,2024-09-01 19:29:44,paid,159.67,organic,organic,direct,2024-09,2024-09,0
cust_2c1d6cde,ord_bf9a1c3d,2024-11-03 14:38:05,paid,123.26,direct,direct,direct,2024-11,2024-11,0
cust_2c67d97e,ord_6b0ae256,2024-06-23 22:50:37,paid,37.55,tiktok,cpc,tiktok_campaign_13,2024-06,2024-06,0
cust_2c8e4eaf,ord_507a7da8,2024-04-10 17:24:30,paid,64.91,direct,direct,direct,2024-04,2024-04,0
cust_2cd063d5,ord_0f225f46,2024-01-20 13:48:31,paid,244.83,direct,direct,direct,2024-01,2024-01,0
cust_2cec2827,ord_75824c4a,2024-04-01 12:59:52,paid,51.61,direct,direct,direct,2024-04,2024-04,0
cust_2d3aa6b0,ord_97ad6dc5,2024-04-28 09:17:16,paid,55.63,tiktok,cpc,tiktok_campaign_18,2024-04,2024-04,0
cust_2d3f5d13,ord_5aef0e55,2024-07-29 14:25:43,paid,45.28,email,email,email_campaign_9,2024-07,2024-07,0
cust_2d448732,ord_35091890,2024-10-28 19:48:53,paid,66.19,google,cpc,google_campaign_15,2024-10,2024-10,0
cust_2da30d84,ord_4a421900,2024-04-16 15:46:09,paid,147.04,direct,direct,direct,2024-04,2024-04,0
cust_2dec8452,ord_49712368,2024-11-11 14:18:16,paid,81.9,google,cpc,google_campaign_15,2024-11,2024-11,0
cust_2e046b3a,ord_91481bf3,2024-03-04 21:21:16,paid,336.09,direct,direct,direct,2024-03,2024-03,0
cust_2e478d40,ord_8d331daf,2024-03-28 06:07:29,paid,151.26,meta,cpc,meta_campaign_16,2024-03,2024-03,0
cust_2e741b2e,ord_ae7275bc,2024-02-21 07:53:51,paid,54.42,meta,cpc,meta_campaign_13,2024-02,2024-02,0
cust_2ebc2573,ord_0f02af81,2024-06-18 17:27:54,paid,53.79,direct,direct,direct,2024-06,2024-06,0
cust_2eea2f44,ord_fe24042e,2024-11-07 10:57:02,paid,156.57,organic,organic,direct,2024-11,2024-11,0
cust_2eefeec4,ord_6cf885f7,2024-03-29 00:55:31,paid,57.74,google,cpc,google_campaign_7,2024-03,2024-03,0
cust_2f206a99,ord_d4df356e,2024-03-22 17:30:43,paid,106.67,organic,organic,direct,2024-03,2024-03,0
cust_2f3ef398,ord_15ff26da,2024-05-18 11:30:05,paid,96.77,direct,direct,direct,2024-05,2024-05,0
cust_2f4f147b,ord_696956fa,2024-02-06 21:44:37,paid,60.56,direct,direct,direct,2024-02,2024-02,0
cust_2f8158be,ord_4228bc78,2024-06-17 13:19:20,paid,37.08,direct,direct,direct,2024-06,2024-06,0
cust_2fa8e3c7,ord_0b2248ec,2024-07-06 06:41:13,paid,28.9,direct,direct,direct,2024-07,2024-07,0
cust_2fb3aa6b,ord_e27795e7,2024-09-16 21:30:44,paid,28.39,direct,direct,direct,2024-09,2024-09,0
cust_2fd0b0ad,ord_24016e8c,2024-05-03 07:31:56,paid,271.51,organic,organic,direct,2024-05,2024-05,0
cust_2fec24e5,ord_ce4b2cd4,2024-11-07 07:44:11,paid,94.27,direct,direct,direct,2024-11,2024-11,0
cust_3004b255,ord_b39a5726,2024-04-16 21:37:43,paid,41.2,google,cpc,google_campaign_13,2024-04,2024-04,0
cust_302568c6,ord_71274e42,2024-02-27 17:28:12,paid,69.33,direct,direct,direct,2024-02,2024-02,0
cust_304bf448,ord_5abb737e,2024-11-22 06:28:58,paid,44.44,google,cpc,google_campaign_5,2024-11,2024-11,0
cust_3065793f,ord_8e587402,2024-06-05 20:50:29,paid,123.67,direct,direct,direct,2024-06,2024-06,0
cust_3070b472,ord_f4b9e33f,2024-04-04 15:34:58,paid,165.49,direct,direct,direct,2024-04,2024-04,0
cust_30ba036d,ord_59ffdd75,2024-06-19 19:52:56,paid,337.83,google,cpc,google_campaign_5,2024-06,2024-06,0
cust_30e62ada,ord_9eb059e6,2024-04-28 07:01:58,paid,100.77,google,cpc,google_campaign_3,2024-04,2024-04,0
cust_30f510ea,ord_72e33783,2024-10-09 21:08:13,paid,287.96,meta,cpc,meta_campaign_13,2024-10,2024-10,0
cust_31253a5d,ord_4433b6bf,2024-08-24 09:29:47,paid,83.4,direct,direct,direct,2024-08,2024-08,0
cust_315cc123,ord_9bd646e9,2024-09-01 20:53:16,paid,51.03,tiktok,cpc,tiktok_campaign_12,2024-09,2024-09,0
cust_319855d1,ord_4ff16b28,2024-04-28 11:15:03,paid,96.27,direct,direct,direct,2024-04,2024-04,0
cust_319948e6,ord_f60c8d50,2024-03-04 10:00:31,paid,101.99,direct,direct,direct,2024-03,2024-03,0
cust_31be9434,ord_b8b25a96,2024-08-08 07:41:11,paid,82.65,direct,direct,direct,2024-08,2024-08,0
cust_3243219e,ord_b7215cb1,2024-01-09 19:53:39,paid,264.77,direct,direct,direct,2024-01,2024-01,0
cust_324781ab,ord_f3d26cd3,2024-01-31 02:41:26,paid,31.22,google,cpc,google_campaign_10,2024-01,2024-01,0
cust_3278b2d3,ord_efcb42ab,2024-07-22 11:50:20,paid,95.77,direct,direct,direct,2024-07,2024-07,0
cust_32b13afc,ord_55876211,2024-07-12 11:33:29,paid,214.32,meta,cpc,meta_campaign_6,2024-07,2024-07,0
cust_32fe7455,ord_6fd93960,2024-12-09 15:45:59,paid,105.92,tiktok,cpc,tiktok_campaign_5,2024-12,2024-12,0
cust_3302f2a1,ord_3d423bbd,2024-05-03 16:38:18,paid,151.28,organic,organic,direct,2024-05,2024-05,0
cust_3306a4e4,ord_784b4b4e,2024-11-11 20:50:35,paid,87.84,organic,organic,direct,2024-11,2024-11,0
cust_3324ded5,ord_dee93dd9,2024-05-05 09:06:44,paid,42.51,google,cpc,google_campaign_6,2024-05,2024-05,0
cust_3339e988,ord_5b6ae4e6,2024-12-08 21:14:52,paid,33.49,direct,direct,direct,2024-12,2024-12,0
cust_333f85d1,ord_88b12916,2024-12-05 20:03:54,paid,203.91,organic,organic,direct,2024-12,2024-12,0
cust_334ca58b,ord_efcd0953,2024-09-19 09:11:29,paid,32.91,direct,direct,direct,2024-09,2024-09,0
cust_33515331,ord_7711a994,2024-02-05 18:28:00,paid,183.56,organic,organic,direct,2024-02,2024-02,0
cust_33888fac,ord_b5e03e33,2024-07-13 11:41:06,paid,38.84,direct,direct,direct,2024-07,2024-07,0
cust_339cddd3,ord_e001f7ea,2024-03-15 20:38:30,paid,163.92,tiktok,cpc,tiktok_campaign_18,2024-03,2024-03,0
cust_33ba2f27,ord_030a7452,2024-11-06 14:04:34,paid,17.54,google,cpc,google_campaign_9,2024-11,2024-11,0
cust_33c19a2f,ord_32243bb7,2024-08-25 19:29:54,paid,29.19,organic,organic,direct,2024-08,2024-08,0
cust_352cecd6,ord_e0b6a9b0,2024-04-10 14:02:35,paid,68.4,meta,cpc,meta_campaign_6,2024-04,2024-04,0
cust_3554ecaa,ord_e1475ffb,2024-03-03 12:22:04,paid,59.17,email,email,email_campaign_3,2024-03,2024-03,0
cust_355b36b4,ord_8c0ab86c,2024-09-11 09:32:23,paid,85.09,tiktok,cpc,tiktok_campaign_13,2024-09,2024-09,0
cust_356f320b,ord_73b6e34f,2024-07-05 17:39:02,paid,206.53,google,cpc,google_campaign_19,2024-07,2024-07,0
cust_359c4f28,ord_a15b9061,2024-12-05 15:33:15,paid,39.5,direct,direct,direct,2024-12,2024-12,0
cust_35a53b3c,ord_02202717,2024-01-21 19:54:08,paid,205.82,tiktok,cpc,tiktok_campaign_15,2024-01,2024-01,0
cust_35abe521,ord_81e02db6,2024-11-28 16:59:41,paid,108.62,google,cpc,google_campaign_11,2024-11,2024-11,0
cust_35b83096,ord_c62feb4e,2024-08-04 18:19:40,paid,83.84,google,cpc,google_campaign_13,2024-08,2024-08,0
cust_35c7f1e7,ord_67aefb42,2024-03-06 11:34:58,paid,173.32,direct,direct,direct,2024-03,2024-03,0
cust_35c9c637,ord_7fccff28,2024-08-26 22:17:48,paid,82.88,google,cpc,google_campaign_11,2024-08,2024-08,0
cust_35dbd927,ord_ab0880c8,2024-10-16 19:47:22,paid,89.45,organic,organic,direct,2024-10,2024-10,0
cust_36120c3a,ord_c4595cd1,2024-05-20 19:12:32,paid,82.3,tiktok,cpc,tiktok_campaign_2,2024-05,2024-05,0
cust_36163fd4,ord_f3596938,2024-12-02 10:22:53,paid,211.25,meta,cpc,meta_campaign_12,2024-12,2024-12,0
cust_362ea706,ord_59b8861a,2024-02-28 12:26:02,paid,140.47,meta,cpc,meta_campaign_19,2024-02,2024-02,0
cust_36437f22,ord_1bdef8cd,2024-11-04 15:50:35,paid,33.64,google,cpc,google_campaign_9,2024-11,2024-11,0
cust_3674ae3a,ord_18798996,2024-11-13 12:21:42,paid,238.05,organic,organic,direct,2024-11,2024-11,0
cust_367b656d,ord_1c690d1e,2024-04-25 06:21:18,paid,81.07,direct,direct,direct,2024-04,2024-04,0
cust_367eddb6,ord_b50a99d4,2024-08-08 10:12:20,paid,31.49,organic,organic,direct,2024-08,2024-08,0
cust_36949f72,ord_2469c57b,2024-03-03 12:42:10,paid,37.1,meta,cpc,meta_campaign_17,2024-03,2024-03,0
cust_36a6d6fd,ord_980877be,2024-11-27 14:06:53,paid,155.92,email,email,email_campaign_6,2024-11,2024-11,0
cust_36babd2f,ord_608e203c,2024-09-28 11:02:07,paid,182.98,direct,direct,direct,2024-09,2024-09,0
cust_36fd3c58,ord_341d834e,2024-12-22 06:51:34,paid,136.67,direct,direct,direct,2024-12,2024-12,0
cust_36fdc734,ord_81fd159e,2024-09-04 12:19:25,paid,66.97,direct,direct,direct,2024-09,2024-09,0
cust_372fafc7,ord_c7e9120c,2024-03-25 10:38:18,paid,76.3,email,email,email_campaign_3,2024-03,2024-03,0
cust_373c6bf8,ord_5b3e7b84,2024-01-09 20:16:56,paid,88.86,tiktok,cpc,tiktok_campaign_3,2024-01,2024-01,0
cust_374845fd,ord_bae2ac4f,2024-07-25 11:55:28,paid,349.33,meta,cpc,meta_campaign_12,2024-07,2024-07,0
cust_376cd9ad,ord_a0d897a8,2024-10-04 16:42:45,paid,34.19,direct,direct,direct,2024-10,2024-10,0
cust_3772c3df,ord_552bd41d,2024-01-15 19:37:05,paid,81.79,organic,organic,direct,2024-01,2024-01,0
cust_379db5ab,ord_927e2eca,2024-08-03 08:24:28,paid,415.49,google,cpc,google_campaign_7,2024-08,2024-08,0
cust_37b45751,ord_2852d6e8,2024-09-07 12:54:58,paid,82.08,meta,cpc,meta_campaign_2,2024-09,2024-09,0
cust_37bd6595,ord_8ee9425c,2024-06-09 20:35:02,paid,390.2,direct,direct,direct,2024-06,2024-06,0
cust_37e79090,ord_ce42017b,2024-11-10 20:55:34,paid,147.08,direct,direct,direct,2024-11,2024-11,0
cust_37f6bb47,ord_a424f267,2024-07-24 15:46:02,paid,123.21,tiktok,cpc,tiktok_campaign_13,2024-07,2024-07,0
cust_383d4825,ord_19b3baf9,2024-10-04 19:43:41,paid,160.47,direct,direct,direct,2024-10,2024-10,0
cust_38403de1,ord_273cb233,2024-02-28 19:01:22,paid,364.66,email,email,email_campaign_2,2024-02,2024-02,0
cust_387a3c66,ord_ce8cd824,2024-11-07 11:55:10,paid,60.41,direct,direct,direct,2024-11,2024-11,0
cust_3883e299,ord_d732cfbf,2024-07-26 09:32:10,paid,131.59,tiktok,cpc,tiktok_campaign_4,2024-07,2024-07,0
cust_38870c6f,ord_ad451aa7,2024-09-17 21:27:29,paid,104.02,google,cpc,google_campaign_5,2024-09,2024-09,0
cust_388c0dc0,ord_76ba7fc6,2024-06-28 00:47:59,paid,85.17,email,email,email_campaign_6,2024-06,2024-06,0
cust_38cac146,ord_7c645623,2024-08-25 16:25:02,paid,127.35,direct,direct,direct,2024-08,2024-08,0
cust_38d4a8c6,ord_0e340b99,2024-02-29 22:56:13,paid,183.1,direct,direct,direct,2024-02,2024-02,0
cust_38f74949,ord_58041a15,2024-04-26 21:26:25,paid,97.89,email,email,email_campaign_8,2024-04,2024-04,0
cust_39155d9f,ord_c3c83a39,2024-02-15 14:46:19,paid,63.92,direct,direct,direct,2024-02,2024-02,0
cust_39341fed,ord_03286d31,2024-04-28 10:05:15,paid,49.83,email,email,email_campaign_6,2024-04,2024-04,0
cust_3938f386,ord_5a26a205,2024-12-25 13:06:05,paid,197.67,direct,direct,direct,2024-12,2024-12,0
cust_39516c30,ord_bbf5c8e8,2024-04-21 19:49:04,paid,103.14,direct,direct,direct,2024-04,2024-04,0
cust_395d2022,ord_8b155071,2024-11-25 06:50:42,paid,21.47,tiktok,cpc,tiktok_campaign_7,2024-11,2024-11,0
cust_396abae7,ord_b9496268,2024-06-02 19:30:57,paid,405.67,google,cpc,google_campaign_8,2024-06,2024-06,0
cust_3985f7d3,ord_0d2ad69a,2024-01-18 00:16:31,paid,71.42,meta,cpc,meta_campaign_19,2024-01,2024-01,0
cust_39d937d7,ord_30e115b0,2024-04-12 12:17:00,paid,286.99,google,cpc,google_campaign_2,2024-04,2024-04,0
cust_39f8bcd8,ord_06ec4621,2024-01-05 08:46:45,paid,58.49,direct,direct,direct,2024-01,2024-01,0
cust_3a003a32,ord_8e1b8de8,2024-10-08 12:58:04,paid,84.04,direct,direct,direct,2024-10,2024-10,0
cust_3a01d269,ord_f90c645e,2024-12-08 16:37:11,paid,34.97,direct,direct,direct,2024-12,2024-12,0
cust_3a459051,ord_102e29cc,2024-01-07 14:18:11,paid,52.29,meta,cpc,meta_campaign_1,2024-01,2024-01,0
cust_3a5aa5b7,ord_0ad917e9,2024-07-18 19:44:21,paid,179.95,tiktok,cpc,tiktok_campaign_14,2024-07,2024-07,0
cust_3a7486e4,ord_1181f849,2024-07-14 19:20:54,paid,94.99,direct,direct,direct,2024-07,2024-07,0
cust_3a91347d,ord_e8d3b421,2024-06-07 04:37:22,paid,84.56,direct,direct,direct,2024-06,2024-06,0
cust_3a948c14,ord_c93e2f8b,2024-10-02 08:14:43,paid,39.73,direct,direct,direct,2024-10,2024-10,0
cust_3a99b4bb,ord_0e9b4d41,2024-11-10 18:37:58,paid,130.46,google,cpc,google_campaign_11,2024-11,2024-11,0
cust_3aafdea2,ord_bff33dc7,2024-01-12 20:40:45,paid,26.9,google,cpc,google_campaign_6,2024-01,2024-01,0
cust_3abd6ff2,ord_5c6a329b,2024-03-20 11:42:08,paid,89.25,direct,direct,direct,2024-03,2024-03,0
cust_3ac4f63a,ord_f53a5607,2024-01-29 15:46:42,paid,200.27,direct,direct,direct,2024-01,2024-01,0
cust_3af65304,ord_1df6c6a9,2024-09-15 17:00:14,paid,74.83,direct,direct,direct,2024-09,2024-09,0
cust_3af93329,ord_fe6ffbc4,2024-05-15 10:07:58,paid,119.73,meta,cpc,meta_campaign_5,2024-05,2024-05,0
cust_3b7aef7d,ord_59d65528,2024-05-23 14:51:48,paid,54.11,meta,cpc,meta_campaign_1,2024-05,2024-05,0
cust_3bae3f15,ord_becc9632,2024-01-14 09:05:47,paid,40.71,tiktok,cpc,tiktok_campaign_4,2024-01,2024-01,0
cust_3bc98014,ord_3945b0b0,2024-12-08 06:15:47,paid,81.66,direct,direct,direct,2024-12,2024-12,0
cust_3c00f392,ord_11520465,2024-11-22 22:20:02,paid,145.3,email,email,email_campaign_2,2024-11,2024-11,0
cust_3c0bb47e,ord_09754174,2024-11-28 09:36:29,paid,111.01,direct,direct,direct,2024-11,2024-11,0
cust_3c48bd74,ord_5801ef78,2024-03-09 15:11:58,paid,153.72,meta,cpc,meta_campaign_4,2024-03,2024-03,0
cust_3c538b48,ord_1f6f2d47,2024-01-16 22:05:33,paid,68.45,google,cpc,google_campaign_4,2024-01,2024-01,0
cust_3c55f2df,ord_5b3d43e3,2024-06-22 12:38:53,paid,94.98,meta,cpc,meta_campaign_14,2024-06,2024-06,0
cust_3c6b3451,ord_686747fd,2024-08-02 14:13:30,paid,80.79,email,email,email_campaign_7,2024-08,2024-08,0
cust_3caade98,ord_0a0578c2,2024-07-01 15:05:07,paid,48.16,direct,direct,direct,2024-07,2024-07,0
cust_3cad6395,ord_fad59e46,2024-03-15 21:43:50,paid,129.66,organic,organic,direct,2024-03,2024-03,0
cust_3cd9db5b,ord_90a12dbf,2024-01-22 15:05:25,paid,35.93,direct,direct,direct,2024-01,2024-01,0
cust_3d10f1fe,ord_4d79dab0,2024-04-20 09:09:10,paid,75.79,tiktok,cpc,tiktok_campaign_10,2024-04,2024-04,0
cust_3d68d984,ord_a96495f1,2024-04-18 12:48:18,paid,166.56,direct,direct,direct,2024-04,2024-04,0
cust_3d6dbb7a,ord_42c6067b,2024-05-27 23:44:37,paid,64.21,google,cpc,google_campaign_1,2024-05,2024-05,0
cust_3d7a8058,ord_d691f7f3,2024-12-09 22:12:42,paid,114.28,organic,organic,direct,2024-12,2024-12,0
cust_3d944831,ord_61368169,2024-09-03 21:16:36,paid,82.27,tiktok,cpc,tiktok_campaign_6,2024-09,2024-09,0
cust_3db664e4,ord_47012afe,2024-04-17 06:33:15,paid,129.23,direct,direct,direct,2024-04,2024-04,0
cust_3dbf5443,ord_1b89e981,2024-09-08 08:12:54,paid,69.74,tiktok,cpc,tiktok_campaign_16,2024-09,2024-09,0
cust_3dfdfadf,ord_5ea2094b,2024-02-12 20:24:51,paid,50.66,direct,direct,direct,2024-02,2024-02,0
cust_3e279000,ord_adc9cddc,2024-11-02 17:32:55,paid,98.43,email,email,email_campaign_4,2024-11,2024-11,0
cust_3e40b4c3,ord_1fc1e488,2024-12-30 22:42:29,paid,30.26,meta,cpc,meta_campaign_4,2024-12,2024-12,0
cust_3e6685ba,ord_7fb23b7f,2024-03-03 19:47:18,paid,55.96,tiktok,cpc,tiktok_campaign_14,2024-03,2024-03,0
cust_3eae911f,ord_605330bb,2024-08-11 23:48:51,paid,63.72,direct,direct,direct,2024-08,2024-08,0
cust_3f0a64ca,ord_258a951b,2024-03-25 19:53:14,paid,224.36,direct,direct,direct,2024-03,2024-03,0
cust_3f498256,ord_df83527d,2024-01-13 21:48:30,paid,31.71,direct,direct,direct,2024-01,2024-01,0
cust_3f51e764,ord_575e0ab9,2024-05-05 18:43:25,paid,190.02,organic,organic,direct,2024-05,2024-05,0
cust_3f76f493,ord_dfa1a375,2024-09-30 12:31:37,paid,75.33,email,email,email_campaign_1,2024-09,2024-09,0
cust_3fa2afb9,ord_6a43299a,2024-03-04 20:47:00,paid,214.62,email,email,email_campaign_9,2024-03,2024-03,0
cust_3fa8b4d0,ord_dbac1cea,2024-10-17 07:00:44,paid,62.19,meta,cpc,meta_campaign_1,2024-10,2024-10,0
cust_3fad1efa,ord_c1ae9d1e,2024-10-26 11:16:46,paid,333.48,meta,cpc,meta_campaign_7,2024-10,2024-10,0
cust_3fc7cc42,ord_1cca0be8,2024-04-14 21:11:29,paid,162.76,direct,direct,direct,2024-04,2024-04,0
cust_3fcc9b13,ord_47f7c3a5,2024-04-30 13:14:43,paid,79.34,direct,direct,direct,2024-04,2024-04,0
cust_3fd68d73,ord_40d8abba,2024-06-18 14:05:58,paid,105.77,organic,organic,direct,2024-06,2024-06,0
cust_3fe1bf14,ord_8eb8c1e5,2024-07-23 15:33:03,paid,81.2,meta,cpc,meta_campaign_12,2024-07,2024-07,0
cust_3ff57d47,ord_26648398,2024-01-20 07:34:31,paid,64.8,tiktok,cpc,tiktok_campaign_11,2024-01,2024-01,0
cust_40079784,ord_088e30ed,2024-02-04 07:54:50,paid,95.32,direct,direct,direct,2024-02,2024-02,0
cust_40145348,ord_dd3749b9,2024-11-26 15:50:43,paid,104.4,organic,organic,direct,2024-11,2024-11,0
cust_40341e21,ord_5302c0fb,2024-11-24 13:56:13,paid,184.41,organic,organic,direct,2024-11,2024-11,0
cust_403d66a9,ord_be86294f,2024-11-03 19:21:11,paid,186.95,direct,direct,direct,2024-11,2024-11,0
cust_40573e96,ord_3010e90b,2024-09-16 07:54:16,paid,57.82,organic,organic,direct,2024-09,2024-09,0
cust_405c2206,ord_75d8babd,2024-02-14 05:31:06,paid,86.75,direct,direct,direct,2024-02,2024-02,0
cust_409ee84f,ord_2fd38662,2024-07-31 20:47:17,paid,48.58,tiktok,cpc,tiktok_campaign_2,2024-07,2024-07,0
cust_40fea9cf,ord_ec3d7f3b,2024-09-29 17:46:42,paid,116.01,tiktok,cpc,tiktok_campaign_6,2024-09,2024-09,0
cust_41d5392a,ord_2b50e755,2024-10-22 13:39:51,paid,82.18,direct,direct,direct,2024-10,2024-10,0
cust_421d0f3a,ord_63306a1f,2024-06-17 13:11:27,paid,38.52,direct,direct,direct,2024-06,2024-06,0
cust_4228c5d8,ord_c31af6df,2024-07-24 23:46:38,paid,149.07,meta,cpc,meta_campaign_4,2024-07,2024-07,0
cust_4258d82a,ord_7727cfeb,2024-09-24 15:17:44,paid,31.37,meta,cpc,meta_campaign_5,2024-09,2024-09,0
cust_4278931a,ord_f929cb7f,2024-02-25 19:21:32,paid,68.74,direct,direct,direct,2024-02,2024-02,0
cust_42908f16,ord_daf78038,2024-10-27 11:30:34,paid,55.88,direct,direct,direct,2024-10,2024-10,0
cust_4294739f,ord_50c8e74a,2024-05-19 17:20:38,paid,115.79,direct,direct,direct,2024-05,2024-05,0
cust_42e6ecee,ord_115cb7ec,2024-03-01 15:13:00,paid,83.93,direct,direct,direct,2024-03,2024-03,0
cust_4313fe11,ord_3e09d435,2024-09-19 11:23:05,paid,36.45,organic,organic,direct,2024-09,2024-09,0
cust_433a59ce,ord_2c89a237,2024-05-22 18:26:09,paid,252.94,google,cpc,google_campaign_17,2024-05,2024-05,0
cust_43793bf7,ord_dbb03c16,2024-08-07 13:24:19,paid,103.79,direct,direct,direct,2024-08,2024-08,0
cust_43a14cc8,ord_f7a36fe7,2024-03-09 19:22:29,paid,114.5,meta,cpc,meta_campaign_16,2024-03,2024-03,0
cust_43a752cb,ord_96030577,2024-03-11 20:15:20,paid,106.76,google,cpc,google_campaign_9,2024-03,2024-03,0
cust_43d427fc,ord_905e90bc,2024-09-21 13:50:05,paid,51.47,organic,organic,direct,2024-09,2024-09,0
cust_43d76d6b,ord_871633f5,2024-10-05 19:08:33,paid,159.29,meta,cpc,meta_campaign_3,2024-10,2024-10,0
cust_43fbd1d1,ord_aa461082,2024-05-04 13:12:45,paid,94.22,organic,organic,direct,2024-05,2024-05,0
cust_4480e514,ord_4640c49f,2024-08-11 10:24:53,paid,39.66,google,cpc,google_campaign_11,2024-08,2024-08,0
cust_44966d81,ord_10e02064,2024-10-21 19:44:25,paid,38.71,tiktok,cpc,tiktok_campaign_18,2024-10,2024-10,0
cust_44ac7b60,ord_a90363a0,2024-03-04 11:35:58,paid,131.12,google,cpc,google_campaign_2,2024-03,2024-03,0
cust_44affb2a,ord_1424a11d,2024-03-31 16:26:41,paid,38.79,direct,direct,direct,2024-03,2024-03,0
cust_44b4450e,ord_bdf8ef83,2024-09-06 08:13:22,paid,175.14,direct,direct,direct,2024-09,2024-09,0
cust_44ffb703,ord_e6cf1fa3,2024-10-14 10:01:09,paid,91.92,organic,organic,direct,2024-10,2024-10,0
cust_4504fe47,ord_6e3b9ecf,2024-11-27 22:33:27,paid,158.69,meta,cpc,meta_campaign_12,2024-11,2024-11,0
cust_452b93f6,ord_38a299a5,2024-05-03 21:16:45,paid,63.32,tiktok,cpc,tiktok_campaign_14,2024-05,2024-05,0
cust_452d0a1f,ord_0e1dd21d,2024-02-22 21:54:07,paid,414.23,direct,direct,direct,2024-02,2024-02,0
cust_4556c0be,ord_fd4ef08e,2024-02-18 10:26:09,paid,34.48,direct,direct,direct,2024-02,2024-02,0
cust_45792ea1,ord_a1302398,2024-09-09 12:45:44,paid,110.56,direct,direct,direct,2024-09,2024-09,0
cust_45cb4344,ord_cd8d7c9e,2024-02-04 11:45:00,paid,115.5,direct,direct,direct,2024-02,2024-02,0
cust_462223c5,ord_c8ca1039,2024-08-23 22:04:41,paid,67.7,google,cpc,google_campaign_10,2024-08,2024-08,0
cust_4655debe,ord_d00fd587,2024-10-31 17:55:45,paid,57.31,direct,direct,direct,2024-10,2024-10,0
cust_46c0217f,ord_f7efb85a,2024-11-02 15:19:10,paid,79.25,direct,direct,direct,2024-11,2024-11,0
cust_46e216e6,ord_3fd8f252,2024-01-07 11:43:41,paid,187.47,meta,cpc,meta_campaign_9,2024-01,2024-01,0
cust_46f943ee,ord_04852b85,2024-02-07 15:47:12,paid,81.82,direct,direct,direct,2024-02,2024-02,0
cust_47207973,ord_fc85ff05,2024-03-31 15:02:01,paid,47.63,direct,direct,direct,2024-03,2024-03,0
cust_4738e31e,ord_4603f0f4,2024-11-22 09:44:47,paid,117.24,tiktok,cpc,tiktok_campaign_17,2024-11,2024-11,0
cust_47441717,ord_3ef2fd6b,2024-11-24 10:43:12,paid,104.51,meta,cpc,meta_campaign_16,2024-11,2024-11,0
cust_47749a04,ord_eaba34be,2024-03-11 09:42:26,paid,73.06,google,cpc,google_campaign_12,2024-03,2024-03,0
cust_4793b89b,ord_0c747eda,2024-10-01 09:26:20,paid,80.72,organic,organic,direct,2024-10,2024-10,0
cust_47f6b496,ord_51ea3f28,2024-10-13 19:02:39,paid,393.94,google,cpc,google_campaign_17,2024-10,2024-10,0
cust_47fbdbb6,ord_e9eae722,2024-11-11 22:34:39,paid,311.34,direct,direct,direct,2024-11,2024-11,0
cust_4810036b,ord_8ae5212f,2024-02-01 21:31:10,paid,160.31,direct,direct,direct,2024-02,2024-02,0
cust_4812ce8b,ord_3bc29412,2024-01-11 11:31:21,paid,32.48,direct,direct,direct,2024-01,2024-01,0
cust_482969ca,ord_c2bb40f8,2024-11-13 17:08:43,paid,355.86,direct,direct,direct,2024-11,2024-11,0
cust_489c1d00,ord_5d568b89,2024-04-11 21:15:02,paid,133.27,direct,direct,direct,2024-04,2024-04,0
cust_48aeafd3,ord_2ed2a7b0,2024-01-26 23:05:18,paid,54.88,direct,direct,direct,2024-01,2024-01,0
cust_48aeb936,ord_4945d275,2024-11-27 08:34:50,paid,267.06,google,cpc,google_campaign_1,2024-11,2024-11,0
cust_48bf1096,ord_813aa986,2024-05-22 15:55:46,paid,87.07,direct,direct,direct,2024-05,2024-05,0
cust_48cc5362,ord_bb3f8c89,2024-04-02 18:11:09,paid,56.09,organic,organic,direct,2024-04,2024-04,0
cust_48ce7998,ord_3f2402c5,2024-04-22 19:53:52,paid,38.38,direct,direct,direct,2024-04,2024-04,0
cust_48ef6025,ord_f7414144,2024-07-31 09:51:05,paid,108.2,direct,direct,direct,2024-07,2024-07,0
cust_493e040c,ord_e67d87ae,2024-10-16 15:21:25,paid,164.5,google,cpc,google_campaign_9,2024-10,2024-10,0
cust_495a1c4e,ord_3e2cac0b,2024-11-24 09:49:39,paid,164.53,organic,organic,direct,2024-11,2024-11,0
cust_4999a098,ord_56012768,2024-08-03 14:32:41,paid,57.42,organic,organic,direct,2024-08,2024-08,0
cust_49f353ab,ord_de258139,2024-08-11 10:27:47,paid,44.36,tiktok,cpc,tiktok_campaign_6,2024-08,2024-08,0
cust_4a0333f2,ord_d64bf4b0,2024-04-28 12:55:48,paid,63.99,direct,direct,direct,2024-04,2024-04,0
cust_4a6a138d,ord_20e62758,2024-08-24 18:07:15,paid,55.66,tiktok,cpc,tiktok_campaign_3,2024-08,2024-08,0
cust_4a76773c,ord_27e81b6e,2024-03-08 07:35:10,paid,99.54,direct,direct,direct,2024-03,2024-03,0
cust_4aae6265,ord_6ee9e1ad,2024-12-03 15:47:43,paid,187.55,email,email,email_campaign_7,2024-12,2024-12,0
cust_4ab7686e,ord_91ed675d,2024-08-27 13:27:44,paid,88.81,email,email,email_campaign_2,2024-08,2024-08,0
cust_4ac515ac,ord_77f6c104,2024-07-15 09:36:14,paid,100.06,tiktok,cpc,tiktok_campaign_6,2024-07,2024-07,0
cust_4ae4871e,ord_2246b6a7,2024-10-17 17:22:17,paid,141.89,meta,cpc,meta_campaign_2,2024-10,2024-10,0
cust_4af3f835,ord_dc724565,2024-12-03 14:57:17,paid,146.21,google,cpc,google_campaign_14,2024-12,2024-12,0
cust_4b1ca9f2,ord_d98ac459,2024-06-12 19:01:03,paid,44.74,direct,direct,direct,2024-06,2024-06,0
cust_4ba73ce4,ord_a2844d65,2024-09-07 16:50:53,paid,55.45,google,cpc,google_campaign_14,2024-09,2024-09,0
cust_4bee1041,ord_425b9bd4,2024-06-17 20:47:46,paid,64.57,google,cpc,google_campaign_17,2024-06,2024-06,0
cust_4bef0a57,ord_a0755350,2024-03-11 10:10:33,paid,138.84,direct,direct,direct,2024-03,2024-03,0
cust_4bfce2d6,ord_08b80795,2024-10-04 11:35:54,paid,223.36,email,email,email_campaign_9,2024-10,2024-10,0
cust_4c153a02,ord_47dfc789,2024-09-30 21:32:28,paid,218.9,email,email,email_campaign_3,2024-09,2024-09,0
cust_4c34a0a7,ord_bd4d7500,2024-09-14 09:48:47,paid,84.53,direct,direct,direct,2024-09,2024-09,0
cust_4c4e12c3,ord_eb5c32ec,2024-11-17 15:00:50,paid,85.94,organic,organic,direct,2024-11,2024-11,0
cust_4c82c6d8,ord_4977d954,2024-09-12 17:17:25,paid,85.23,tiktok,cpc,tiktok_campaign_7,2024-09,2024-09,0
cust_4c9e0863,ord_66e2b2fb,2024-06-08 19:09:01,paid,116.43,direct,direct,direct,2024-06,2024-06,0
cust_4ca592fa,ord_1a2db776,2024-02-23 20:16:01,paid,84.42,email,email,email_campaign_1,2024-02,2024-02,0
cust_4cd0e0ee,ord_935d71e6,2024-03-27 18:39:46,paid,43.87,email,email,email_campaign_2,2024-03,2024-03,0
cust_4ceea07c,ord_711d255f,2024-11-30 15:18:09,paid,42.37,tiktok,cpc,tiktok_campaign_16,2024-11,2024-11,0
cust_4d0e8901,ord_5338b37e,2024-09-25 17:41:57,paid,58.91,direct,direct,direct,2024-09,2024-09,0
cust_4d21dd11,ord_716050c4,2024-12-01 20:59:37,paid,223.18,email,email,email_campaign_1,2024-12,2024-12,0
cust_4d2ff298,ord_c20f0aa6,2024-10-02 19:57:39,paid,52.67,organic,organic,direct,2024-10,2024-10,0
cust_4d3fd6f6,ord_56b3ee09,2024-01-15 20:22:54,paid,103.86,google,cpc,google_campaign_6,2024-01,2024-01,0
cust_4d572588,ord_acc966c4,2024-11-18 00:36:20,paid,49.94,google,cpc,google_campaign_4,2024-11,2024-11,0
cust_4d703475,ord_57a08b2e,2024-03-05 09:40:00,paid,44.59,meta,cpc,meta_campaign_8,2024-03,2024-03,0
cust_4dba3950,ord_b4b74292,2024-01-18 23:01:06,paid,101.09,meta,cpc,meta_campaign_14,2024-01,2024-01,0
cust_4dc35d61,ord_8a014b01,2024-12-19 22:25:38,paid,124.24,direct,direct,direct,2024-12,2024-12,0
cust_4e00f574,ord_df0c73e8,2024-11-11 21:27:48,paid,89.79,direct,direct,direct,2024-11,2024-11,0
cust_4e02b520,ord_60e6d55f,2024-03-11 21:49:41,paid,38.87,direct,direct,direct,2024-03,2024-03,0
cust_4e18c283,ord_c980e759,2024-07-06 13:48:51,paid,28.4,direct,direct,direct,2024-07,2024-07,0
cust_4e18c283,ord_aaabfcb0,2024-12-15 08:20:56,paid,176.71,direct,direct,direct,2024-07,2024-12,5
cust_4e1efdc9,ord_6a382cbe,2024-01-22 18:25:02,paid,46.77,direct,direct,direct,2024-01,2024-01,0
cust_4e28273f,ord_c8a332ab,2024-10-15 09:10:36,paid,102.79,direct,direct,direct,2024-10,2024-10,0
cust_4e30df49,ord_35159043,2024-12-11 20:03:31,paid,78.41,direct,direct,direct,2024-12,2024-12,0
cust_4e478ce8,ord_04c76b20,2024-11-21 14:53:59,paid,45.44,direct,direct,direct,2024-11,2024-11,0
cust_4e65c89e,ord_8c0a8ee2,2024-02-06 16:20:28,paid,190.06,meta,cpc,meta_campaign_1,2024-02,2024-02,0
cust_4e68ed1d,ord_77f59ebd,2024-12-09 08:38:40,paid,305.14,google,cpc,google_campaign_5,2024-12,2024-12,0
cust_4eabaab6,ord_e12671ce,2024-12-01 12:22:14,paid,64.01,direct,direct,direct,2024-12,2024-12,0
cust_4eacd951,ord_a794b1e3,2024-10-27 10:19:49,paid,85.91,organic,organic,direct,2024-10,2024-10,0
cust_4ed1769a,ord_30f369b2,2024-01-15 16:29:06,paid,41.92,google,cpc,google_campaign_2,2024-01,2024-01,0
cust_4f9d4bb7,ord_5b8073d1,2024-12-06 20:13:41,paid,78.72,direct,direct,direct,2024-12,2024-12,0
cust_4facebbd,ord_2e45d101,2024-04-04 14:31:15,paid,39.96,google,cpc,google_campaign_10,2024-04,2024-04,0
cust_4fea5294,ord_7bf973f7,2024-01-23 10:38:27,paid,73.27,meta,cpc,meta_campaign_19,2024-01,2024-01,0
cust_4ff1f4ce,ord_6a31edcd,2024-09-23 09:52:39,paid,68.27,meta,cpc,meta_campaign_13,2024-09,2024-09,0
cust_4ffb98cf,ord_84bb8b2f,2024-09-16 18:28:19,paid,147.93,meta,cpc,meta_campaign_8,2024-09,2024-09,0
cust_4ffd9b05,ord_3717b203,2024-02-13 17:57:47,paid,227.4,email,email,email_campaign_4,2024-02,2024-02,0
cust_4ffe288a,ord_b82056e2,2024-02-15 22:20:55,paid,98.1,google,cpc,google_campaign_18,2024-02,2024-02,0
cust_50290544,ord_03f869c2,2024-05-12 11:35:59,paid,43.55,direct,direct,direct,2024-05,2024-05,0
cust_503d721b,ord_566c87cd,2024-12-03 12:13:18,paid,138.66,direct,direct,direct,2024-12,2024-12,0
cust_503dca58,ord_bfefbd25,2024-04-11 19:38:43,paid,85.62,direct,direct,direct,2024-04,2024-04,0
cust_5050c3c3,ord_c6b09842,2024-08-29 21:40:03,paid,174.83,organic,organic,direct,2024-08,2024-08,0
cust_5070dcf8,ord_ab6ddaa0,2024-08-20 19:44:22,paid,155.26,direct,direct,direct,2024-08,2024-08,0
cust_50bffc89,ord_a66fbc04,2024-06-13 20:11:51,paid,78.25,tiktok,cpc,tiktok_campaign_16,2024-06,2024-06,0
cust_50c32218,ord_87b84094,2024-04-15 20:50:54,paid,40.62,direct,direct,direct,2024-04,2024-04,0
cust_50d3fde5,ord_5f5d1277,2024-08-24 12:59:44,paid,158.74,google,cpc,google_campaign_7,2024-08,2024-08,0
cust_50d48df8,ord_095c8cc3,2024-11-24 06:08:48,paid,443.14,google,cpc,google_campaign_1,2024-11,2024-11,0
cust_51233b09,ord_dd8a936f,2024-11-30 21:00:37,paid,94.67,direct,direct,direct,2024-11,2024-11,0
cust_51236f88,ord_500dfa53,2024-09-23 19:33:17,paid,68.47,google,cpc,google_campaign_7,2024-09,2024-09,0
cust_512529ee,ord_c08e9033,2024-02-01 08:36:17,paid,283.36,google,cpc,google_campaign_14,2024-02,2024-02,0
cust_5126f8ea,ord_08835b8b,2024-04-26 11:31:49,paid,133.66,direct,direct,direct,2024-04,2024-04,0
cust_516441de,ord_dc1de259,2024-10-29 11:19:19,paid,149.53,organic,organic,direct,2024-10,2024-10,0
cust_516d5fbd,ord_5a9dd64f,2024-01-11 20:21:48,paid,78.08,email,email,email_campaign_5,2024-01,2024-01,0
cust_517756ae,ord_30e0c40e,2024-05-03 19:43:49,paid,144.55,direct,direct,direct,2024-05,2024-05,0
cust_518276c9,ord_00ebef35,2024-07-08 13:52:09,paid,107.2,direct,direct,direct,2024-07,2024-07,0
cust_519281cf,ord_06999f85,2024-03-22 22:30:57,paid,213.94,google,cpc,google_campaign_16,2024-03,2024-03,0
cust_51a9a0ab,ord_470306bf,2024-07-12 21:54:43,paid,150.0,direct,direct,direct,2024-07,2024-07,0
cust_51c3aab5,ord_0006c8b6,2024-07-24 13:32:27,paid,49.57,organic,organic,direct,2024-07,2024-07,0
cust_51da1a52,ord_20773d85,2024-06-25 21:24:08,paid,122.37,meta,cpc,meta_campaign_17,2024-06,2024-06,0
cust_51deff71,ord_d3b43b5a,2024-03-01 18:51:48,paid,29.41,google,cpc,google_campaign_5,2024-03,2024-03,0
cust_5217167b,ord_499d0e80,2024-07-13 18:25:51,paid,62.68,meta,cpc,meta_campaign_11,2024-07,2024-07,0
cust_525a05ba,ord_a80b4967,2024-06-28 08:22:33,paid,80.88,meta,cpc,meta_campaign_6,2024-06,2024-06,0
cust_5264c625,ord_b06560b6,2024-05-08 05:31:23,paid,81.9,direct,direct,direct,2024-05,2024-05,0
cust_528354e6,ord_210e8ddc,2024-02-19 21:11:00,paid,74.85,direct,direct,direct,2024-02,2024-02,0
cust_52979fb8,ord_d0461d38,2024-06-09 10:37:46,paid,48.53,meta,cpc,meta_campaign_5,2024-06,2024-06,0
cust_52b698d2,ord_92d721e1,2024-07-09 13:33:37,paid,53.72,google,cpc,google_campaign_15,2024-07,2024-07,0
cust_52d6f352,ord_72972433,2024-05-26 21:42:02,paid,210.4,direct,direct,direct,2024-05,2024-05,0
cust_5317a98c,ord_808ef502,2024-03-15 05:04:25,paid,83.89,google,cpc,google_campaign_1,2024-03,2024-03,0
cust_531dddf6,ord_7492eec0,2024-10-27 13:23:24,paid,97.42,direct,direct,direct,2024-10,2024-10,0
cust_53885061,ord_f9687ec0,2024-05-22 18:26:04,paid,75.95,tiktok,cpc,tiktok_campaign_9,2024-05,2024-05,0
cust_538caa8e,ord_2c1df01a,2024-04-23 09:43:39,paid,89.08,direct,direct,direct,2024-04,2024-04,0
cust_5395703c,ord_c4552940,2024-01-28 07:40:24,paid,40.74,meta,cpc,meta_campaign_5,2024-01,2024-01,0
cust_53a482bd,ord_fd955f18,2024-06-05 20:12:29,paid,22.78,direct,direct,direct,2024-06,2024-06,0
cust_53b80301,ord_1a42e1c1,2024-10-12 07:55:56,paid,36.21,direct,direct,direct,2024-10,2024-10,0
cust_53c003c8,ord_8eb6c981,2024-06-12 22:07:19,paid,84.29,tiktok,cpc,tiktok_campaign_18,2024-06,2024-06,0
cust_53e71db5,ord_d20c3fad,2024-03-29 07:48:56,paid,99.74,direct,direct,direct,2024-03,2024-03,0
cust_540e9723,ord_d6166195,2024-10-14 15:25:45,paid,81.23,direct,direct,direct,2024-10,2024-10,0
cust_54791db5,ord_8d5832d8,2024-04-10 23:42:01,paid,43.98,google,cpc,google_campaign_14,2024-04,2024-04,0
cust_549a4e1f,ord_1638c8b5,2024-11-28 06:25:15,paid,182.76,tiktok,cpc,tiktok_campaign_2,2024-11,2024-11,0
cust_54bbd08c,ord_fb34f0fc,2024-02-02 06:53:13,paid,49.02,direct,direct,direct,2024-02,2024-02,0
cust_55296640,ord_ce91f3d3,2024-12-17 21:26:22,paid,110.46,direct,direct,direct,2024-12,2024-12,0
cust_554ca13d,ord_9987b5cb,2024-09-12 17:07:10,paid,62.83,tiktok,cpc,tiktok_campaign_18,2024-09,2024-09,0
cust_556aaaae,ord_a6c0b6da,2024-12-21 13:33:30,paid,213.45,direct,direct,direct,2024-12,2024-12,0
cust_5577ead9,ord_1377a1db,2024-09-09 08:10:14,paid,115.11,google,cpc,google_campaign_7,2024-09,2024-09,0
cust_5585e274,ord_b4cb135b,2024-11-08 09:15:08,paid,51.89,direct,direct,direct,2024-11,2024-11,0
cust_5606f1c7,ord_6d18d541,2024-05-26 11:33:50,paid,50.26,meta,cpc,meta_campaign_3,2024-05,2024-05,0
cust_562eeb63,ord_bfc82dd7,2024-07-04 14:49:14,paid,114.95,google,cpc,google_campaign_9,2024-07,2024-07,0
cust_5632b698,ord_da2c6056,2024-07-14 00:40:34,paid,173.24,google,cpc,google_campaign_2,2024-07,2024-07,0
cust_5650a6c1,ord_2fd07d5f,2024-03-03 19:04:04,paid,115.91,direct,direct,direct,2024-03,2024-03,0
cust_566ce6ab,ord_beb7eca6,2024-06-02 19:27:05,paid,71.92,meta,cpc,meta_campaign_17,2024-06,2024-06,0
cust_567ca1a1,ord_a2182ea2,2024-02-11 18:30:16,paid,46.01,google,cpc,google_campaign_3,2024-02,2024-02,0
cust_568b21ce,ord_97bee82a,2024-07-29 07:26:07,paid,52.1,direct,direct,direct,2024-07,2024-07,0
cust_56975729,ord_b7822ff2,2024-08-12 12:06:00,paid,149.87,google,cpc,google_campaign_15,2024-08,2024-08,0
cust_56c5fd8a,ord_6c1bb5f1,2024-04-26 20:38:38,paid,88.14,google,cpc,google_campaign_15,2024-04,2024-04,0
cust_56e3ebb9,ord_c79b9866,2024-04-27 10:02:01,paid,39.49,direct,direct,direct,2024-04,2024-04,0
cust_56f06f45,ord_92be2fa8,2024-03-28 08:08:11,paid,135.84,meta,cpc,meta_campaign_10,2024-03,2024-03,0
cust_56f106b1,ord_d097544b,2024-04-30 17:09:13,paid,37.77,direct,direct,direct,2024-04,2024-04,0
cust_5705ecbc,ord_4f09698e,2024-04-28 21:38:05,paid,45.92,google,cpc,google_campaign_7,2024-04,2024-04,0
cust_5707a0fa,ord_c4b7cfdb,2024-12-09 07:35:11,paid,22.34,meta,cpc,meta_campaign_1,2024-12,2024-12,0
cust_57100401,ord_288ca5c9,2024-04-17 01:25:14,paid,74.49,organic,organic,direct,2024-04,2024-04,0
cust_575344f5,ord_e2af5857,2024-08-06 13:52:21,paid,81.78,google,cpc,google_campaign_2,2024-08,2024-08,0
cust_575cf089,ord_3c35d4c4,2024-03-01 21:06:58,paid,590.4,meta,cpc,meta_campaign_12,2024-03,2024-03,0
cust_5780e783,ord_fe323619,2024-10-23 20:26:25,paid,40.51,google,cpc,google_campaign_1,2024-10,2024-10,0
cust_57830286,ord_fba987f0,2024-01-11 09:50:36,paid,141.71,organic,organic,direct,2024-01,2024-01,0
cust_578ac5a7,ord_0d2b34c0,2024-11-22 19:51:28,paid,84.76,tiktok,cpc,tiktok_campaign_16,2024-11,2024-11,0
cust_579668cf,ord_2ed5037f,2024-04-11 10:49:51,paid,223.86,direct,direct,direct,2024-04,2024-04,0
cust_5798b21d,ord_49854d49,2024-12-10 14:14:16,paid,35.89,meta,cpc,meta_campaign_10,2024-12,2024-12,0
cust_57b51941,ord_0d8c6e07,2024-08-02 12:34:02,paid,68.01,direct,direct,direct,2024-08,2024-08,0
cust_57c6878d,ord_2d09b3f3,2024-12-17 06:29:06,paid,94.29,tiktok,cpc,tiktok_campaign_15,2024-12,2024-12,0
cust_57e81c37,ord_9c793f2d,2024-05-14 14:28:26,paid,39.43,direct,direct,direct,2024-05,2024-05,0
cust_581d79bc,ord_739b31ee,2024-05-30 21:33:15,paid,148.52,meta,cpc,meta_campaign_14,2024-05,2024-05,0
cust_58263ded,ord_5ba9a42f,2024-02-24 23:21:26,paid,102.7,organic,organic,direct,2024-02,2024-02,0
cust_58385c17,ord_caf8e247,2024-10-22 20:54:35,paid,56.57,direct,direct,direct,2024-10,2024-10,0
cust_5845ab0c,ord_5a7abc5b,2024-09-22 20:42:24,paid,221.99,organic,organic,direct,2024-09,2024-09,0
cust_58585dd9,ord_83a81d42,2024-05-26 09:55:54,paid,265.43,google,cpc,google_campaign_15,2024-05,2024-05,0
cust_5883b5ca,ord_0d9fa6b6,2024-08-20 17:28:29,paid,319.07,email,email,email_campaign_8,2024-08,2024-08,0
cust_58f59102,ord_e39d2a17,2024-04-05 12:26:58,paid,140.99,google,cpc,google_campaign_6,2024-04,2024-04,0
cust_5922ba89,ord_d46ba5ba,2024-10-08 20:49:35,paid,52.01,direct,direct,direct,2024-10,2024-10,0
cust_59286705,ord_f37ecbc9,2024-12-19 09:54:40,paid,38.67,direct,direct,direct,2024-12,2024-12,0
cust_593c9a25,ord_d319707d,2024-11-08 09:08:54,paid,233.83,direct,direct,direct,2024-11,2024-11,0
cust_5946a0cb,ord_d34ebb4b,2024-04-27 19:07:39,paid,188.19,google,cpc,google_campaign_6,2024-04,2024-04,0
cust_595eedd0,ord_ff14e87d,2024-04-23 20:09:24,paid,59.09,organic,organic,direct,2024-04,2024-04,0
cust_596b49c0,ord_163acc2b,2024-03-09 09:32:58,paid,175.89,google,cpc,google_campaign_9,2024-03,2024-03,0
cust_597cc356,ord_3acc6a3f,2024-03-01 11:44:42,paid,32.1,direct,direct,direct,2024-03,2024-03,0
cust_59ad27b3,ord_64e73e58,2024-08-03 19:42:50,paid,100.6,google,cpc,google_campaign_10,2024-08,2024-08,0
cust_5a0bf653,ord_63686cf5,2024-01-31 09:33:11,paid,192.61,email,email,email_campaign_5,2024-01,2024-01,0
cust_5a21cbe2,ord_3ed09b8b,2024-04-21 22:39:43,paid,186.42,meta,cpc,meta_campaign_1,2024-04,2024-04,0
cust_5a68ff84,ord_06de853c,2024-08-30 12:29:56,paid,134.94,email,email,email_campaign_5,2024-08,2024-08,0
cust_5a9f99b1,ord_d56fd116,2024-12-07 20:12:00,paid,130.41,direct,direct,direct,2024-12,2024-12,0
cust_5aaad594,ord_5ac2c927,2024-04-20 14:45:17,paid,60.94,direct,direct,direct,2024-04,2024-04,0
cust_5ac00160,ord_17e05783,2024-02-27 20:53:46,paid,54.47,tiktok,cpc,tiktok_campaign_10,2024-02,2024-02,0
cust_5aca6197,ord_3a5fcb8f,2024-01-15 10:28:18,paid,165.87,tiktok,cpc,tiktok_campaign_9,2024-01,2024-01,0
cust_5ad09ee5,ord_d40fc321,2024-11-25 09:13:32,paid,101.02,direct,direct,direct,2024-11,2024-11,0
cust_5b1e8751,ord_429a62c1,2024-03-23 18:21:12,paid,176.66,organic,organic,direct,2024-03,2024-03,0
cust_5b24625d,ord_ee8fcbee,2024-12-29 07:33:09,paid,149.06,tiktok,cpc,tiktok_campaign_1,2024-12,2024-12,0
cust_5b83e26a,ord_8bd4fe4b,2024-04-26 13:15:01,paid,87.25,direct,direct,direct,2024-04,2024-04,0
cust_5b9fb11d,ord_8a10701e,2024-08-16 10:09:37,paid,262.68,email,email,email_campaign_2,2024-08,2024-08,0
cust_5bb79b72,ord_3d065507,2024-07-16 17:49:44,paid,339.5,direct,direct,direct,2024-07,2024-07,0
cust_5bcf96fa,ord_9b634eab,2024-06-09 18:14:27,paid,83.72,meta,cpc,meta_campaign_6,2024-06,2024-06,0
cust_5bd5cd1b,ord_16ba7dc1,2024-11-16 14:31:37,paid,126.38,direct,direct,direct,2024-11,2024-11,0
cust_5bdfda3a,ord_8c3a57bc,2024-04-06 08:30:43,paid,89.12,direct,direct,direct,2024-04,2024-04,0
cust_5bfbf5e4,ord_4f99b087,2024-11-24 11:27:19,paid,93.64,meta,cpc,meta_campaign_15,2024-11,2024-11,0
cust_5c08bcd6,ord_bd84efde,2024-07-20 22:16:23,paid,67.48,tiktok,cpc,tiktok_campaign_1,2024-07,2024-07,0
cust_5c59528b,ord_e0458f65,2024-07-24 07:06:04,paid,99.52,direct,direct,direct,2024-07,2024-07,0
cust_5caf0fa0,ord_e791a121,2024-10-19 12:12:52,paid,73.71,organic,organic,direct,2024-10,2024-10,0
cust_5ceeb5f4,ord_85a00b4b,2024-07-20 19:40:39,paid,241.22,direct,direct,direct,2024-07,2024-07,0
cust_5d04536d,ord_c19f5655,2024-09-29 08:02:32,paid,141.71,direct,direct,direct,2024-09,2024-09,0
cust_5d251470,ord_6941791a,2024-12-10 20:44:49,paid,166.19,tiktok,cpc,tiktok_campaign_18,2024-12,2024-12,0
cust_5d58755e,ord_97c14f0c,2024-08-28 19:12:45,paid,51.22,google,cpc,google_campaign_9,2024-08,2024-08,0
cust_5d64f977,ord_01c66fe9,2024-05-08 18:27:26,paid,114.69,organic,organic,direct,2024-05,2024-05,0
cust_5d803fe2,ord_906dfcf6,2024-08-27 11:12:00,paid,175.27,direct,direct,direct,2024-08,2024-08,0
cust_5dd2dac6,ord_399ce6a7,2024-02-16 15:27:10,paid,68.93,organic,organic,direct,2024-02,2024-02,0
cust_5e15b990,ord_da28a805,2024-04-13 19:23:36,paid,116.94,organic,organic,direct,2024-04,2024-04,0
cust_5ea27ce9,ord_21611a7f,2024-01-31 19:34:53,paid,95.69,google,cpc,google_campaign_3,2024-01,2024-01,0
cust_5ec08b37,ord_c1c9a78f,2024-11-01 19:17:34,paid,137.19,tiktok,cpc,tiktok_campaign_10,2024-11,2024-11,0
cust_5ec880d8,ord_2f8b8fd1,2024-01-23 17:00:05,paid,81.91,meta,cpc,meta_campaign_7,2024-01,2024-01,0
cust_5f5b5687,ord_07835f62,2024-03-27 08:41:36,paid,94.33,google,cpc,google_campaign_13,2024-03,2024-03,0
cust_5f604b4a,ord_9a7cfdf3,2024-05-27 21:08:43,paid,36.16,meta,cpc,meta_campaign_18,2024-05,2024-05,0
cust_5f65e693,ord_0b5e00d0,2024-09-30 19:34:30,paid,96.18,google,cpc,google_campaign_9,2024-09,2024-09,0
cust_5f660968,ord_65129ea5,2024-09-30 17:12:21,paid,137.74,direct,direct,direct,2024-09,2024-09,0
cust_5f7aa210,ord_4ebdc026,2024-11-07 03:16:45,paid,91.93,direct,direct,direct,2024-11,2024-11,0
cust_5fa1bae9,ord_7c4d235f,2024-04-23 19:24:29,paid,48.11,google,cpc,google_campaign_15,2024-04,2024-04,0
cust_5fabef9f,ord_61a42169,2024-01-05 21:44:58,paid,150.17,direct,direct,direct,2024-01,2024-01,0
cust_5fba4f2e,ord_d8a5558e,2024-10-19 17:27:53,paid,139.86,meta,cpc,meta_campaign_17,2024-10,2024-10,0
cust_6036201b,ord_5b487647,2024-01-16 19:54:52,paid,100.36,direct,direct,direct,2024-01,2024-01,0
cust_606e96d3,ord_a0bf211f,2024-04-18 14:27:01,paid,110.67,direct,direct,direct,2024-04,2024-04,0
cust_6078b557,ord_c369204e,2024-11-24 19:49:53,paid,88.21,email,email,email_campaign_7,2024-11,2024-11,0
cust_6082dddb,ord_2c116565,2024-07-21 08:14:26,paid,113.8,direct,direct,direct,2024-07,2024-07,0
cust_60b18aee,ord_202a1661,2024-10-08 14:30:03,paid,61.45,tiktok,cpc,tiktok_campaign_16,2024-10,2024-10,0
cust_60b30a92,ord_d8cfaedc,2024-04-30 12:49:01,paid,208.49,direct,direct,direct,2024-04,2024-04,0
cust_60cfbc95,ord_c566de61,2024-01-07 13:56:45,paid,52.2,meta,cpc,meta_campaign_7,2024-01,2024-01,0
cust_60f98fef,ord_a8ab4615,2024-09-30 15:28:59,paid,98.43,tiktok,cpc,tiktok_campaign_19,2024-09,2024-09,0
cust_60fd2f97,ord_dc366a19,2024-12-09 03:23:37,paid,59.36,organic,organic,direct,2024-12,2024-12,0
cust_6102b10e,ord_9f954a3f,2024-08-27 21:03:03,paid,273.02,direct,direct,direct,2024-08,2024-08,0
cust_612303b7,ord_e00f167d,2024-09-24 15:39:29,paid,33.34,email,email,email_campaign_6,2024-09,2024-09,0
cust_6151bcf3,ord_1b17c440,2024-10-26 09:36:34,paid,91.17,direct,direct,direct,2024-10,2024-10,0
cust_616ca6a4,ord_95b2a316,2024-12-03 23:25:44,paid,88.08,direct,direct,direct,2024-12,2024-12,0
cust_6173f6dd,ord_936f09ab,2024-12-13 21:25:59,paid,139.75,direct,direct,direct,2024-12,2024-12,0
cust_61a79b83,ord_235c88e2,2024-06-19 17:34:05,paid,38.09,direct,direct,direct,2024-06,2024-06,0
cust_61e9f4b9,ord_c06a11b0,2024-09-05 21:25:02,paid,44.95,direct,direct,direct,2024-09,2024-09,0
cust_61ebef6c,ord_eea867f1,2024-06-30 19:35:31,paid,77.19,organic,organic,direct,2024-06,2024-06,0
cust_61ed90e9,ord_83ab3b41,2024-06-27 19:07:30,paid,112.48,organic,organic,direct,2024-06,2024-06,0
cust_6208a3b1,ord_e7e8697b,2024-03-17 15:43:59,paid,78.79,direct,direct,direct,2024-03,2024-03,0
cust_621c8b45,ord_6afc6e1c,2024-09-14 10:04:13,paid,53.25,direct,direct,direct,2024-09,2024-09,0
cust_621dcd0f,ord_af9e11b4,2024-07-04 07:16:49,paid,74.84,google,cpc,google_campaign_19,2024-07,2024-07,0
cust_625e330c,ord_c0b5525e,2024-05-25 12:16:30,paid,101.65,direct,direct,direct,2024-05,2024-05,0
cust_627b1b27,ord_fafe07ff,2024-01-18 20:41:46,paid,83.0,direct,direct,direct,2024-01,2024-01,0
cust_62818326,ord_9e784d12,2024-10-04 06:15:35,paid,85.17,direct,direct,direct,2024-10,2024-10,0
cust_6281f48c,ord_43b64c83,2024-02-18 21:11:42,paid,93.08,tiktok,cpc,tiktok_campaign_7,2024-02,2024-02,0
cust_62b648e9,ord_1d5cee12,2024-12-04 19:50:21,paid,301.59,meta,cpc,meta_campaign_17,2024-12,2024-12,0
cust_62f593aa,ord_ba2dc460,2024-05-20 18:28:23,paid,41.39,google,cpc,google_campaign_17,2024-05,2024-05,0
cust_62fa741d,ord_bc130919,2024-10-27 07:47:59,paid,101.29,organic,organic,direct,2024-10,2024-10,0
cust_6315f192,ord_4978d362,2024-10-24 12:47:34,paid,41.55,email,email,email_campaign_3,2024-10,2024-10,0
cust_631c0a98,ord_88a954e7,2024-02-08 12:13:53,paid,99.98,direct,direct,direct,2024-02,2024-02,0
cust_6323ab4b,ord_c4412cf9,2024-12-06 00:03:17,paid,116.89,direct,direct,direct,2024-12,2024-12,0
cust_632ba25c,ord_da567fb3,2024-05-14 14:36:57,paid,92.24,direct,direct,direct,2024-05,2024-05,0
cust_63cc3405,ord_0e8d49f3,2024-11-27 11:31:34,paid,43.79,google,cpc,google_campaign_14,2024-11,2024-11,0
cust_63cc596c,ord_de3cb08c,2024-03-17 03:14:13,paid,119.12,organic,organic,direct,2024-03,2024-03,0
cust_63d11874,ord_08b4b79f,2024-05-25 09:50:37,paid,109.37,meta,cpc,meta_campaign_5,2024-05,2024-05,0
cust_63ff0e5f,ord_90669903,2024-11-18 22:01:30,paid,75.08,direct,direct,direct,2024-11,2024-11,0
cust_64b9c0f9,ord_0e66e3d2,2024-12-02 22:59:36,paid,69.32,tiktok,cpc,tiktok_campaign_16,2024-12,2024-12,0
cust_64dce7cc,ord_a4a5e622,2024-03-22 08:40:01,paid,93.9,organic,organic,direct,2024-03,2024-03,0
cust_6518f04d,ord_4aefed03,2024-12-08 21:20:05,paid,85.4,google,cpc,google_campaign_18,2024-12,2024-12,0
cust_651973c0,ord_1d2f22f3,2024-02-14 21:27:49,paid,167.85,direct,direct,direct,2024-02,2024-02,0
cust_653282fa,ord_6910b81b,2024-01-31 15:35:46,paid,59.78,google,cpc,google_campaign_19,2024-01,2024-01,0
cust_65499731,ord_835b6f83,2024-09-22 18:33:58,paid,21.3,google,cpc,google_campaign_17,2024-09,2024-09,0
cust_65a5d3ea,ord_6464c1f6,2024-06-16 11:25:03,paid,97.8,meta,cpc,meta_campaign_16,2024-06,2024-06,0
cust_65b46c2b,ord_487988b9,2024-11-25 01:05:51,paid,113.84,direct,direct,direct,2024-11,2024-11,0
cust_65c8f5b2,ord_8393f72c,2024-12-25 16:57:43,paid,47.15,direct,direct,direct,2024-12,2024-12,0
cust_65ce728c,ord_2050a3f3,2024-05-24 23:35:37,paid,58.23,google,cpc,google_campaign_6,2024-05,2024-05,0
cust_65d04068,ord_9bfa6ad0,2024-12-02 20:33:16,paid,193.61,google,cpc,google_campaign_2,2024-12,2024-12,0
cust_65deb63c,ord_90b8c2a0,2024-02-24 09:34:04,paid,84.24,direct,direct,direct,2024-02,2024-02,0
cust_65fad4b9,ord_7b24df6c,2024-07-03 15:26:04,paid,62.7,meta,cpc,meta_campaign_1,2024-07,2024-07,0
cust_65feae77,ord_fdd8c069,2024-05-20 21:30:42,paid,83.9,direct,direct,direct,2024-05,2024-05,0
cust_66161882,ord_85bda5b9,2024-07-21 10:40:59,paid,47.28,tiktok,cpc,tiktok_campaign_14,2024-07,2024-07,0
cust_661dd469,ord_406952bd,2024-12-02 14:00:11,paid,401.22,direct,direct,direct,2024-12,2024-12,0
cust_6626ce61,ord_ec1fe477,2024-11-20 22:29:23,paid,119.6,direct,direct,direct,2024-11,2024-11,0
cust_6647baf7,ord_639035cc,2024-10-30 08:50:07,paid,258.78,meta,cpc,meta_campaign_1,2024-10,2024-10,0
cust_66a74750,ord_cfe96722,2024-12-13 21:17:06,paid,172.71,google,cpc,google_campaign_10,2024-12,2024-12,0
cust_66f42c6f,ord_bf7fe8ad,2024-01-11 23:44:40,paid,64.63,direct,direct,direct,2024-01,2024-01,0
cust_66f78481,ord_df3f457d,2024-08-30 10:03:31,paid,90.15,tiktok,cpc,tiktok_campaign_9,2024-08,2024-08,0
cust_676e2768,ord_a66bdbe3,2024-11-27 19:06:14,paid,91.55,direct,direct,direct,2024-11,2024-11,0
cust_679b15b2,ord_5b7e393c,2024-09-08 12:42:57,paid,71.08,google,cpc,google_campaign_7,2024-09,2024-09,0
cust_679d2a62,ord_85b59f97,2024-11-05 12:05:26,paid,273.85,direct,direct,direct,2024-11,2024-11,0
cust_67a75099,ord_945f621b,2024-11-28 19:32:45,paid,72.37,google,cpc,google_campaign_7,2024-11,2024-11,0
cust_67c9dbc4,ord_e736fc22,2024-09-08 08:35:57,paid,44.71,google,cpc,google_campaign_1,2024-09,2024-09,0
cust_683b0350,ord_ac2e2d11,2024-03-15 20:20:02,paid,116.45,organic,organic,direct,2024-03,2024-03,0
cust_68acc616,ord_201aef6e,2024-09-25 08:34:30,paid,72.72,direct,direct,direct,2024-09,2024-09,0
cust_68c5665b,ord_96323645,2024-12-23 09:47:33,paid,91.57,organic,organic,direct,2024-12,2024-12,0
cust_68d87350,ord_67bbd010,2024-11-21 22:08:57,paid,232.5,direct,direct,direct,2024-11,2024-11,0
cust_68dcbd96,ord_33278f55,2024-10-17 08:30:14,paid,35.46,meta,cpc,meta_campaign_19,2024-10,2024-10,0
cust_68e06755,ord_f3ae7b55,2024-09-20 10:27:42,paid,145.31,direct,direct,direct,2024-09,2024-09,0
cust_6900dd35,ord_d272cf54,2024-12-14 16:28:04,paid,198.56,direct,direct,direct,2024-12,2024-12,0
cust_6906016c,ord_910a7ec7,2024-07-16 10:17:50,paid,327.33,meta,cpc,meta_campaign_3,2024-07,2024-07,0
cust_6913cfc2,ord_bdef97a7,2024-03-28 13:37:17,paid,363.66,direct,direct,direct,2024-03,2024-03,0
cust_69c86e2f,ord_d52d8e6c,2024-10-14 15:28:32,paid,84.59,google,cpc,google_campaign_8,2024-10,2024-10,0
cust_69d7b8fc,ord_8505d745,2024-08-30 11:41:12,paid,91.88,meta,cpc,meta_campaign_10,2024-08,2024-08,0
cust_69e4ae7d,ord_339d934a,2024-05-28 13:15:58,paid,72.46,direct,direct,direct,2024-05,2024-05,0
cust_69f1f014,ord_90009e12,2024-06-05 10:20:10,paid,198.58,organic,organic,direct,2024-06,2024-06,0
cust_69ff4a99,ord_3bd87d56,2024-03-27 05:56:29,paid,140.76,google,cpc,google_campaign_14,2024-03,2024-03,0
cust_6a2eb557,ord_f02d7079,2024-07-15 07:28:58,paid,95.21,direct,direct,direct,2024-07,2024-07,0
cust_6a5023a8,ord_cd31cca0,2024-03-05 21:28:11,paid,120.78,direct,direct,direct,2024-03,2024-03,0
cust_6a646e9d,ord_77f73be3,2024-08-05 16:18:52,paid,87.16,google,cpc,google_campaign_3,2024-08,2024-08,0
cust_6a6957da,ord_1fe4b340,2024-05-14 10:34:08,paid,81.07,direct,direct,direct,2024-05,2024-05,0
cust_6a8c259c,ord_3dcd8392,2024-01-21 10:05:56,paid,111.47,meta,cpc,meta_campaign_13,2024-01,2024-01,0
cust_6ad3fd6e,ord_66e4822d,2024-03-25 21:17:13,paid,113.34,direct,direct,direct,2024-03,2024-03,0
cust_6aecb4c7,ord_7a6b666c,2024-05-25 19:58:39,paid,63.07,direct,direct,direct,2024-05,2024-05,0
cust_6b18601e,ord_a1233ca1,2024-05-31 08:59:48,paid,176.05,google,cpc,google_campaign_16,2024-05,2024-05,0
cust_6b2f1ee2,ord_bea19d68,2024-03-04 11:23:02,paid,25.77,direct,direct,direct,2024-03,2024-03,0
cust_6bb7292a,ord_22b65cc0,2024-08-10 15:13:31,paid,118.82,google,cpc,google_campaign_3,2024-08,2024-08,0
cust_6bf551a4,ord_6746b5ae,2024-11-30 17:33:17,paid,194.95,tiktok,cpc,tiktok_campaign_16,2024-11,2024-11,0
cust_6c24b0fd,ord_9eaa9902,2024-07-08 18:32:34,paid,133.84,organic,organic,direct,2024-07,2024-07,0
cust_6c24e339,ord_38412dd8,2024-09-09 17:00:19,paid,83.78,organic,organic,direct,2024-09,2024-09,0
cust_6c42b69d,ord_b7e0fb0e,2024-02-28 18:40:01,paid,154.54,tiktok,cpc,tiktok_campaign_17,2024-02,2024-02,0
cust_6c445c49,ord_7ccb1a11,2024-11-05 13:52:28,paid,89.93,organic,organic,direct,2024-11,2024-11,0
cust_6cb7bb9a,ord_58590691,2024-03-08 07:49:03,paid,83.65,tiktok,cpc,tiktok_campaign_17,2024-03,2024-03,0
cust_6cc02baa,ord_f1520b0b,2024-05-24 11:23:13,paid,140.03,direct,direct,direct,2024-05,2024-05,0
cust_6cddc920,ord_7df6d3ee,2024-04-06 17:47:25,paid,57.3,tiktok,cpc,tiktok_campaign_18,2024-04,2024-04,0
cust_6d138d40,ord_33095cee,2024-08-04 06:08:29,paid,51.83,meta,cpc,meta_campaign_5,2024-08,2024-08,0
cust_6d6d4496,ord_18784135,2024-11-19 20:52:50,paid,146.7,direct,direct,direct,2024-11,2024-11,0
cust_6d721f8b,ord_b94a1e3d,2024-10-16 03:02:37,paid,51.12,meta,cpc,meta_campaign_11,2024-10,2024-10,0
cust_6d76eb88,ord_08215b08,2024-04-30 09:58:00,paid,74.14,organic,organic,direct,2024-04,2024-04,0
cust_6ddf8bc5,ord_dc1a762c,2024-12-17 17:21:21,paid,60.36,direct,direct,direct,2024-12,2024-12,0
cust_6df0cf50,ord_eef00cb9,2024-02-10 17:46:23,paid,140.84,organic,organic,direct,2024-02,2024-02,0
cust_6e2a2064,ord_800f23b3,2024-07-05 10:11:10,paid,102.13,google,cpc,google_campaign_5,2024-07,2024-07,0
cust_6e889a49,ord_81b64da8,2024-04-21 18:41:56,paid,80.49,direct,direct,direct,2024-04,2024-04,0
cust_6e88f4df,ord_cbb7c38f,2024-06-05 12:48:58,paid,90.99,direct,direct,direct,2024-06,2024-06,0
cust_6eb1d2f4,ord_42a6cb2a,2024-12-10 17:21:06,paid,28.6,direct,direct,direct,2024-12,2024-12,0
cust_6ed6c3c5,ord_9eb52009,2024-04-12 18:42:10,paid,89.51,google,cpc,google_campaign_12,2024-04,2024-04,0
cust_6f429fc8,ord_f1c0a319,2024-10-26 17:35:33,paid,49.19,meta,cpc,meta_campaign_16,2024-10,2024-10,0
cust_6f5298ee,ord_0573e8d2,2024-07-24 12:57:43,paid,36.25,direct,direct,direct,2024-07,2024-07,0
cust_6f79f9d8,ord_43be17ed,2024-09-15 07:26:05,paid,173.43,direct,direct,direct,2024-09,2024-09,0
cust_6f832463,ord_6f5ec0d1,2024-01-02 01:17:38,paid,85.81,google,cpc,google_campaign_7,2024-01,2024-01,0
cust_6f927c09,ord_e381d675,2024-10-10 12:20:11,paid,33.12,direct,direct,direct,2024-10,2024-10,0
cust_6fba4f06,ord_39331f88,2024-04-01 22:21:40,paid,90.41,direct,direct,direct,2024-04,2024-04,0
cust_6fe564ee,ord_1fc51b4a,2024-09-14 07:27:52,paid,86.57,google,cpc,google_campaign_7,2024-09,2024-09,0
cust_6fef667d,ord_9eda2b35,2024-12-10 20:40:44,paid,158.37,organic,organic,direct,2024-12,2024-12,0
cust_6ff2c26c,ord_b078628a,2024-08-31 11:39:43,paid,178.74,google,cpc,google_campaign_5,2024-08,2024-08,0
cust_6ffd9a72,ord_93902d8b,2024-02-05 22:41:15,paid,77.1,google,cpc,google_campaign_13,2024-02,2024-02,0
cust_70bc0f69,ord_efae97cc,2024-11-30 09:13:10,paid,82.71,direct,direct,direct,2024-11,2024-11,0
cust_70c71518,ord_62e52521,2024-07-13 09:32:18,paid,79.62,google,cpc,google_campaign_8,2024-07,2024-07,0
cust_70cda276,ord_9870c168,2024-08-10 14:07:36,paid,103.63,direct,direct,direct,2024-08,2024-08,0
cust_71100e2b,ord_c0ac236a,2024-11-13 23:19:53,paid,101.73,direct,direct,direct,2024-11,2024-11,0
cust_713f236a,ord_01f0e909,2024-01-24 20:37:34,paid,56.11,google,cpc,google_campaign_18,2024-01,2024-01,0
cust_71b8f426,ord_90faf035,2024-01-08 10:16:42,paid,63.36,organic,organic,direct,2024-01,2024-01,0
cust_71b8f426,ord_c1e093d0,2024-08-26 20:31:48,paid,86.12,organic,organic,direct,2024-01,2024-08,7
cust_71eb9a2c,ord_26450d37,2024-01-25 08:35:05,paid,67.07,direct,direct,direct,2024-01,2024-01,0
cust_71f77ecb,ord_e62c1b9e,2024-06-18 07:10:07,paid,113.56,direct,direct,direct,2024-06,2024-06,0
cust_71ff385e,ord_e8426bff,2024-01-29 11:22:28,paid,34.06,direct,direct,direct,2024-01,2024-01,0
cust_7203a736,ord_f7f4d13a,2024-06-15 09:19:13,paid,28.34,direct,direct,direct,2024-06,2024-06,0
cust_720bce16,ord_8ba862d9,2024-07-01 19:31:49,paid,260.96,meta,cpc,meta_campaign_6,2024-07,2024-07,0
cust_72239818,ord_587c7a43,2024-08-27 21:12:25,paid,71.43,organic,organic,direct,2024-08,2024-08,0
cust_722d7e3e,ord_f7d15ba4,2024-08-19 08:29:29,paid,69.59,organic,organic,direct,2024-08,2024-08,0
cust_723c8964,ord_878cfe43,2024-01-17 21:00:30,paid,82.74,google,cpc,google_campaign_15,2024-01,2024-01,0
cust_725543b3,ord_0a67aece,2024-02-10 18:35:39,paid,147.47,tiktok,cpc,tiktok_campaign_5,2024-02,2024-02,0
cust_726e9d91,ord_bdc8b59f,2024-11-08 10:53:56,paid,92.75,organic,organic,direct,2024-11,2024-11,0
cust_72929ab3,ord_6178f8a9,2024-11-10 17:53:12,paid,144.53,direct,direct,direct,2024-11,2024-11,0
cust_72a7f549,ord_223e1cb6,2024-03-24 13:58:15,paid,44.79,direct,direct,direct,2024-03,2024-03,0
cust_72aa67ab,ord_cbbc08d8,2024-03-08 15:48:42,paid,48.71,direct,direct,direct,2024-03,2024-03,0
cust_72b3f3d8,ord_f3425261,2024-07-05 08:28:41,paid,87.02,direct,direct,direct,2024-07,2024-07,0
cust_72fab500,ord_3521e83b,2024-11-15 10:27:52,paid,41.56,google,cpc,google_campaign_12,2024-11,2024-11,0
cust_7305157b,ord_7cf1c1a6,2024-01-27 15:27:04,paid,78.68,direct,direct,direct,2024-01,2024-01,0
cust_7333ac07,ord_1a97fba4,2024-03-15 18:48:57,paid,33.21,direct,direct,direct,2024-03,2024-03,0
cust_733b67f3,ord_b989171b,2024-11-28 21:20:51,paid,71.59,direct,direct,direct,2024-11,2024-11,0
cust_73708941,ord_9858743c,2024-11-17 20:38:56,paid,58.02,direct,direct,direct,2024-11,2024-11,0
cust_7383698a,ord_6b68921a,2024-12-25 16:01:05,paid,127.58,email,email,email_campaign_2,2024-12,2024-12,0
cust_739128f7,ord_1dafd8da,2024-02-07 10:03:28,paid,160.83,direct,direct,direct,2024-02,2024-02,0
cust_739b2ce3,ord_a51135fc,2024-12-07 12:43:23,paid,75.02,google,cpc,google_campaign_5,2024-12,2024-12,0
cust_73d5afc4,ord_70939e19,2024-02-16 15:49:17,paid,46.91,direct,direct,direct,2024-02,2024-02,0
cust_73d8078f,ord_5ad638bd,2024-09-20 13:53:55,paid,101.97,organic,organic,direct,2024-09,2024-09,0
cust_74175d8f,ord_a855e86e,2024-01-05 00:56:57,paid,71.92,meta,cpc,meta_campaign_16,2024-01,2024-01,0
cust_7432b395,ord_28d9f996,2024-08-19 11:46:10,paid,95.86,tiktok,cpc,tiktok_campaign_10,2024-08,2024-08,0
cust_7442fb70,ord_0defa538,2024-10-05 13:04:06,paid,251.68,direct,direct,direct,2024-10,2024-10,0
cust_748159ac,ord_571d0000,2024-11-13 12:35:07,paid,96.17,direct,direct,direct,2024-11,2024-11,0
cust_748fedba,ord_08213543,2024-03-22 21:54:51,paid,95.39,google,cpc,google_campaign_6,2024-03,2024-03,0
cust_749fe628,ord_84202738,2024-07-27 18:41:24,paid,21.48,direct,direct,direct,2024-07,2024-07,0
cust_74de1318,ord_feff6912,2024-03-30 11:00:15,paid,208.38,direct,direct,direct,2024-03,2024-03,0
cust_74e4b02f,ord_9dfe4066,2024-12-25 16:36:24,paid,96.31,direct,direct,direct,2024-12,2024-12,0
cust_751eb061,ord_1af20393,2024-07-15 17:56:46,paid,31.88,direct,direct,direct,2024-07,2024-07,0
cust_75336973,ord_892007c2,2024-04-05 21:35:14,paid,177.87,direct,direct,direct,2024-04,2024-04,0
cust_759a11a9,ord_c2a1b557,2024-10-21 06:53:18,paid,94.78,direct,direct,direct,2024-10,2024-10,0
cust_75b43426,ord_ba04ee58,2024-08-17 13:36:18,paid,57.37,email,email,email_campaign_1,2024-08,2024-08,0
cust_75beb873,ord_0fb88e8e,2024-09-16 18:34:54,paid,280.25,organic,organic,direct,2024-09,2024-09,0
cust_75f9405e,ord_51489481,2024-12-15 12:50:34,paid,39.71,google,cpc,google_campaign_2,2024-12,2024-12,0
cust_76066cad,ord_64a75ce9,2024-05-11 19:59:00,paid,87.46,organic,organic,direct,2024-05,2024-05,0
cust_76197dbc,ord_f1906976,2024-07-26 11:10:02,paid,290.96,google,cpc,google_campaign_7,2024-07,2024-07,0
cust_768f4e49,ord_c9e572c1,2024-07-13 10:09:07,paid,143.03,organic,organic,direct,2024-07,2024-07,0
cust_76ae99ad,ord_b469e4c7,2024-08-24 21:24:36,paid,32.04,direct,direct,direct,2024-08,2024-08,0
cust_76b77278,ord_cf4a591c,2024-05-05 18:10:54,paid,58.47,tiktok,cpc,tiktok_campaign_11,2024-05,2024-05,0
cust_76ef585a,ord_e6943c77,2024-01-27 21:40:52,paid,172.73,direct,direct,direct,2024-01,2024-01,0
cust_770146c2,ord_4b47477a,2024-04-23 17:35:00,paid,73.65,direct,direct,direct,2024-04,2024-04,0
cust_770a81fd,ord_52863d66,2024-06-11 09:53:31,paid,119.18,direct,direct,direct,2024-06,2024-06,0
cust_770f14b4,ord_9c59eaeb,2024-10-26 20:17:47,paid,349.81,organic,organic,direct,2024-10,2024-10,0
cust_772cccca,ord_70be162a,2024-01-29 07:48:29,paid,224.67,direct,direct,direct,2024-01,2024-01,0
cust_7733825b,ord_1ad97418,2024-08-11 09:14:07,paid,48.77,meta,cpc,meta_campaign_18,2024-08,2024-08,0
cust_778864f8,ord_d0293135,2024-12-19 10:26:30,paid,66.26,google,cpc,google_campaign_10,2024-12,2024-12,0
cust_77b7f167,ord_dd77b4a0,2024-05-09 13:14:30,paid,39.25,google,cpc,google_campaign_9,2024-05,2024-05,0
cust_77ece1d6,ord_e03abec0,2024-10-22 08:57:02,paid,93.9,email,email,email_campaign_9,2024-10,2024-10,0
cust_77fe5c86,ord_8824ecc2,2024-12-01 19:16:06,paid,108.95,direct,direct,direct,2024-12,2024-12,0
cust_783ab42d,ord_084effb9,2024-11-08 23:53:48,paid,78.75,direct,direct,direct,2024-11,2024-11,0
cust_7844ab0b,ord_fe862f36,2024-11-05 08:20:29,paid,312.22,organic,organic,direct,2024-11,2024-11,0
cust_789924f6,ord_1855a552,2024-06-05 12:53:21,paid,64.94,direct,direct,direct,2024-06,2024-06,0
cust_78a43c00,ord_c1079154,2024-09-17 19:30:03,paid,77.15,organic,organic,direct,2024-09,2024-09,0
cust_78ca2de3,ord_72a1329d,2024-01-29 17:09:11,paid,33.13,direct,direct,direct,2024-01,2024-01,0
cust_78ccdb47,ord_6168352b,2024-02-15 12:06:31,paid,102.28,tiktok,cpc,tiktok_campaign_10,2024-02,2024-02,0
cust_78ff646e,ord_c2fa85ac,2024-07-22 11:14:58,paid,82.14,google,cpc,google_campaign_4,2024-07,2024-07,0
cust_7919cd08,ord_7a72606f,2024-05-04 10:15:01,paid,111.66,direct,direct,direct,2024-05,2024-05,0
cust_792e6bb1,ord_2e92a609,2024-05-20 11:58:23,paid,86.81,tiktok,cpc,tiktok_campaign_12,2024-05,2024-05,0
cust_792fe5e5,ord_316c4d9f,2024-04-12 19:51:16,paid,51.36,direct,direct,direct,2024-04,2024-04,0
cust_79336b0e,ord_d656cc30,2024-03-22 22:31:04,paid,95.17,tiktok,cpc,tiktok_campaign_7,2024-03,2024-03,0
cust_79468ecc,ord_1040aa14,2024-12-20 17:11:33,paid,117.36,organic,organic,direct,2024-12,2024-12,0
cust_794890b2,ord_e27315a6,2024-10-05 10:23:46,paid,54.85,google,cpc,google_campaign_5,2024-10,2024-10,0
cust_7974311a,ord_5725775b,2024-05-10 03:05:21,paid,37.48,direct,direct,direct,2024-05,2024-05,0
cust_79ad072d,ord_b03b7218,2024-08-31 10:09:03,paid,150.58,direct,direct,direct,2024-08,2024-08,0
cust_79cfc6fc,ord_a1af45d9,2024-02-22 11:58:48,paid,288.73,direct,direct,direct,2024-02,2024-02,0
cust_79d9a61b,ord_f7e51aca,2024-12-07 13:39:32,paid,33.86,direct,direct,direct,2024-12,2024-12,0
cust_7a27fe8b,ord_674837c2,2024-06-06 13:21:23,paid,75.33,email,email,email_campaign_4,2024-06,2024-06,0
cust_7a8077c5,ord_d8188fcc,2024-08-12 22:47:23,paid,81.09,direct,direct,direct,2024-08,2024-08,0
cust_7aa0f7a7,ord_137b6ea0,2024-03-11 12:49:42,paid,142.71,organic,organic,direct,2024-03,2024-03,0
cust_7ab4aad7,ord_4b6b488e,2024-09-14 19:22:07,paid,56.18,meta,cpc,meta_campaign_4,2024-09,2024-09,0
cust_7ad267bd,ord_6a0415cb,2024-06-13 16:39:18,paid,65.48,organic,organic,direct,2024-06,2024-06,0
cust_7b4b12f8,ord_a3ae493a,2024-04-14 09:01:03,paid,73.24,direct,direct,direct,2024-04,2024-04,0
cust_7b4ea6f4,ord_674361f0,2024-10-03 14:08:37,paid,132.16,tiktok,cpc,tiktok_campaign_10,2024-10,2024-10,0
cust_7b5a8ed3,ord_38a884f6,2024-09-14 19:47:51,paid,80.27,direct,direct,direct,2024-09,2024-09,0
cust_7b7a3989,ord_09bf6b48,2024-01-21 17:32:39,paid,38.28,direct,direct,direct,2024-01,2024-01,0
cust_7b7dc9a6,ord_1a1b3b26,2024-12-10 10:45:13,paid,36.89,tiktok,cpc,tiktok_campaign_12,2024-12,2024-12,0
cust_7b987f22,ord_36d20e01,2024-06-08 23:09:49,paid,213.71,direct,direct,direct,2024-06,2024-06,0
cust_7ba8986f,ord_322f83ff,2024-11-12 08:18:20,paid,53.64,direct,direct,direct,2024-11,2024-11,0
cust_7bae4ff2,ord_5615e0c2,2024-11-09 19:15:17,paid,73.82,direct,direct,direct,2024-11,2024-11,0
cust_7be458a0,ord_f29e040b,2024-08-19 18:51:57,paid,173.33,meta,cpc,meta_campaign_18,2024-08,2024-08,0
cust_7be5035e,ord_d097f1bf,2024-07-15 21:48:19,paid,44.97,meta,cpc,meta_campaign_14,2024-07,2024-07,0
cust_7bef8539,ord_f22dce1f,2024-05-03 10:09:42,paid,115.91,direct,direct,direct,2024-05,2024-05,0
cust_7c061df7,ord_11ae46e1,2024-10-16 12:25:24,paid,226.96,email,email,email_campaign_2,2024-10,2024-10,0
cust_7c2338ea,ord_64be0444,2024-06-05 06:57:14,paid,362.31,organic,organic,direct,2024-06,2024-06,0
cust_7c479599,ord_c1a18f9c,2024-09-19 17:05:40,paid,220.1,direct,direct,direct,2024-09,2024-09,0
cust_7c85baa4,ord_4a60adec,2024-03-29 09:07:34,paid,250.79,organic,organic,direct,2024-03,2024-03,0
cust_7cc0baa0,ord_8329fb11,2024-01-20 19:47:42,paid,225.54,direct,direct,direct,2024-01,2024-01,0
cust_7cc90d8f,ord_764cf52b,2024-10-24 05:25:49,paid,86.75,meta,cpc,meta_campaign_9,2024-10,2024-10,0
cust_7cdd3645,ord_bacdd5e1,2024-03-08 14:23:58,paid,46.42,email,email,email_campaign_5,2024-03,2024-03,0
cust_7ce65635,ord_7e9a9f66,2024-05-03 15:51:17,paid,287.72,google,cpc,google_campaign_15,2024-05,2024-05,0
cust_7cfde12d,ord_339e1181,2024-03-27 10:51:34,paid,108.18,direct,direct,direct,2024-03,2024-03,0
cust_7d22ec43,ord_50d67791,2024-09-30 21:43:30,paid,43.64,direct,direct,direct,2024-09,2024-09,0
cust_7d3b6864,ord_247c082c,2024-07-09 07:20:11,paid,22.28,google,cpc,google_campaign_17,2024-07,2024-07,0
cust_7d4b2694,ord_5142dccf,2024-10-31 14:55:20,paid,260.14,organic,organic,direct,2024-10,2024-10,0
cust_7d6ae9b8,ord_8355e842,2024-10-23 15:15:01,paid,69.57,direct,direct,direct,2024-10,2024-10,0
cust_7d70d58c,ord_244c5712,2024-08-07 16:54:20,paid,208.84,google,cpc,google_campaign_14,2024-08,2024-08,0
cust_7d736f75,ord_4f032828,2024-02-05 09:44:49,paid,152.96,direct,direct,direct,2024-02,2024-02,0
cust_7dd8b507,ord_db22f703,2024-09-05 10:23:07,paid,71.66,meta,cpc,meta_campaign_17,2024-09,2024-09,0
cust_7de85006,ord_397a0121,2024-07-09 16:00:36,paid,33.21,google,cpc,google_campaign_15,2024-07,2024-07,0
cust_7df2e628,ord_88584dc5,2024-10-29 09:26:38,paid,61.42,google,cpc,google_campaign_16,2024-10,2024-10,0
cust_7e89f0e8,ord_db8a1e00,2024-08-17 19:16:07,paid,34.49,direct,direct,direct,2024-08,2024-08,0
cust_7ea1c04d,ord_28f7f625,2024-11-11 19:52:02,paid,123.08,direct,direct,direct,2024-11,2024-11,0
cust_7ec36969,ord_2dc1904c,2024-08-27 20:28:34,paid,174.54,email,email,email_campaign_9,2024-08,2024-08,0
cust_7ef35822,ord_aa8b6b91,2024-01-20 21:03:32,paid,28.24,direct,direct,direct,2024-01,2024-01,0
cust_7f20ded9,ord_f0e5a466,2024-10-18 11:02:03,paid,60.88,google,cpc,google_campaign_4,2024-10,2024-10,0
cust_7f2345c5,ord_ea11ad8e,2024-10-31 20:38:49,paid,111.15,tiktok,cpc,tiktok_campaign_14,2024-10,2024-10,0
cust_7f506cba,ord_30decf1a,2024-08-04 17:10:15,paid,147.34,google,cpc,google_campaign_3,2024-08,2024-08,0
cust_7fb6fe0a,ord_def3a4d5,2024-08-26 21:07:28,paid,54.81,direct,direct,direct,2024-08,2024-08,0
cust_7fbce3fc,ord_717f3f90,2024-09-19 15:10:18,paid,63.38,organic,organic,direct,2024-09,2024-09,0
cust_7fc2cd5a,ord_eb135947,2024-03-02 08:55:18,paid,282.24,organic,organic,direct,2024-03,2024-03,0
cust_7fcc6619,ord_5754fb13,2024-08-10 21:07:40,paid,83.77,direct,direct,direct,2024-08,2024-08,0
cust_7fd132f1,ord_703f16c2,2024-10-25 10:03:55,paid,122.1,organic,organic,direct,2024-10,2024-10,0
cust_7fd87f14,ord_6a91eb67,2024-04-11 11:20:41,paid,36.05,organic,organic,direct,2024-04,2024-04,0
cust_7fee82de,ord_f480e10d,2024-04-30 18:20:44,paid,68.87,email,email,email_campaign_2,2024-04,2024-04,0
cust_7ff62dc9,ord_418b5a79,2024-09-03 18:06:21,paid,128.93,meta,cpc,meta_campaign_18,2024-09,2024-09,0
cust_7ff95092,ord_2417f06a,2024-10-23 19:35:08,paid,14.66,direct,direct,direct,2024-10,2024-10,0
cust_803094d3,ord_9fe834a2,2024-04-10 09:31:02,paid,133.53,direct,direct,direct,2024-04,2024-04,0
cust_80385dcc,ord_60175bda,2024-11-10 19:56:33,paid,74.38,organic,organic,direct,2024-11,2024-11,0
cust_804370d7,ord_d9d7b869,2024-11-16 11:39:54,paid,103.85,tiktok,cpc,tiktok_campaign_1,2024-11,2024-11,0
cust_804cc5ba,ord_52d114aa,2024-11-30 20:27:06,paid,101.67,meta,cpc,meta_campaign_9,2024-11,2024-11,0
cust_804ead95,ord_b132b16b,2024-11-20 10:34:42,paid,26.42,direct,direct,direct,2024-11,2024-11,0
cust_80571014,ord_475fc53e,2024-05-07 08:51:10,paid,94.27,direct,direct,direct,2024-05,2024-05,0
cust_805d1dc3,ord_cb128297,2024-05-24 22:26:57,paid,116.69,organic,organic,direct,2024-05,2024-05,0
cust_80b12a4a,ord_ce29fa77,2024-08-16 20:57:18,paid,208.18,meta,cpc,meta_campaign_5,2024-08,2024-08,0
cust_80d0a3d3,ord_49c594ef,2024-04-02 10:06:08,paid,46.6,email,email,email_campaign_7,2024-04,2024-04,0
cust_81563f10,ord_4ebdfc8a,2024-08-29 19:36:27,paid,54.92,direct,direct,direct,2024-08,2024-08,0
cust_81baf084,ord_3a6bade3,2024-09-09 07:22:58,paid,103.33,google,cpc,google_campaign_8,2024-09,2024-09,0
cust_82260237,ord_b45cc0d1,2024-01-25 07:24:39,paid,84.04,direct,direct,direct,2024-01,2024-01,0
cust_82557cad,ord_e1ff6b8a,2024-06-26 15:10:23,paid,96.8,google,cpc,google_campaign_7,2024-06,2024-06,0
cust_825af745,ord_c26da9a6,2024-11-06 15:18:17,paid,149.86,meta,cpc,meta_campaign_13,2024-11,2024-11,0
cust_825c1460,ord_38a22c30,2024-11-26 17:27:05,paid,135.22,organic,organic,direct,2024-11,2024-11,0
cust_82692b51,ord_15a602b2,2024-08-07 10:42:21,paid,359.86,meta,cpc,meta_campaign_8,2024-08,2024-08,0
cust_8271fe8f,ord_d8ae9ce7,2024-04-13 15:04:28,paid,143.76,meta,cpc,meta_campaign_2,2024-04,2024-04,0
cust_82d8b2e4,ord_302be44f,2024-12-16 22:33:37,paid,107.16,direct,direct,direct,2024-12,2024-12,0
cust_82f24d5a,ord_b2e55be6,2024-07-27 18:23:18,paid,85.52,direct,direct,direct,2024-07,2024-07,0
cust_8307795f,ord_b3176924,2024-03-08 17:19:38,paid,35.75,direct,direct,direct,2024-03,2024-03,0
cust_83112582,ord_a6996c67,2024-12-20 06:32:57,paid,86.73,google,cpc,google_campaign_11,2024-12,2024-12,0
cust_832d8172,ord_5a5da6b1,2024-09-07 20:04:05,paid,87.39,direct,direct,direct,2024-09,2024-09,0
cust_83305b0b,ord_4b06e4b5,2024-05-24 09:22:24,paid,99.54,organic,organic,direct,2024-05,2024-05,0
cust_8345ebbd,ord_ad8412e8,2024-11-14 07:54:56,paid,154.68,direct,direct,direct,2024-11,2024-11,0
cust_8356f97c,ord_7c144f7e,2024-02-22 10:25:44,paid,83.5,meta,cpc,meta_campaign_16,2024-02,2024-02,0
cust_83a722df,ord_2cab18a6,2024-11-12 15:06:12,paid,221.32,direct,direct,direct,2024-11,2024-11,0
cust_83d93c8d,ord_3e426226,2024-02-02 15:44:01,paid,299.18,direct,direct,direct,2024-02,2024-02,0
cust_83f28ab8,ord_88c76cae,2024-02-13 16:04:32,paid,117.92,direct,direct,direct,2024-02,2024-02,0
cust_845f5209,ord_0026f0a2,2024-11-09 22:25:42,paid,255.43,direct,direct,direct,2024-11,2024-11,0
cust_84778f78,ord_82f5486f,2024-06-14 09:34:09,paid,75.61,google,cpc,google_campaign_8,2024-06,2024-06,0
cust_84934bfc,ord_69a1b2a0,2024-01-06 20:38:09,paid,19.75,meta,cpc,meta_campaign_7,2024-01,2024-01,0
cust_84940cd7,ord_475e613b,2024-10-04 11:20:49,paid,66.36,direct,direct,direct,2024-10,2024-10,0
cust_8494a04f,ord_0498bc9a,2024-05-27 20:38:15,paid,75.11,direct,direct,direct,2024-05,2024-05,0
cust_84a7f618,ord_0ef52962,2024-05-08 07:15:08,paid,155.06,organic,organic,direct,2024-05,2024-05,0
cust_84b897f6,ord_5c45462f,2024-09-02 23:02:48,paid,190.8,organic,organic,direct,2024-09,2024-09,0
cust_84bfcee6,ord_85971f8b,2024-12-12 11:43:42,paid,52.59,organic,organic,direct,2024-12,2024-12,0
cust_84e475b8,ord_78d4d2eb,2024-09-06 04:30:11,paid,84.08,tiktok,cpc,tiktok_campaign_12,2024-09,2024-09,0
cust_84e8a3db,ord_d7744774,2024-09-12 17:41:21,paid,96.88,email,email,email_campaign_1,2024-09,2024-09,0
cust_8506ef27,ord_ec23c47d,2024-11-29 09:40:14,paid,48.69,direct,direct,direct,2024-11,2024-11,0
cust_85783c30,ord_db195689,2024-10-08 12:51:46,paid,92.1,email,email,email_campaign_7,2024-10,2024-10,0
cust_8598b0be,ord_b5a23048,2024-05-19 13:32:36,paid,80.63,direct,direct,direct,2024-05,2024-05,0
cust_85b79862,ord_fa3fd77c,2024-12-17 20:19:41,paid,83.12,direct,direct,direct,2024-12,2024-12,0
cust_85bd24c4,ord_4c7e1956,2024-09-26 10:59:47,paid,146.6,google,cpc,google_campaign_9,2024-09,2024-09,0
cust_85c3cc75,ord_aba9f4c7,2024-03-06 10:23:06,paid,348.24,direct,direct,direct,2024-03,2024-03,0
cust_85cb4fd5,ord_2ca6021f,2024-09-22 13:23:49,paid,139.42,tiktok,cpc,tiktok_campaign_12,2024-09,2024-09,0
cust_85f74630,ord_d898dd51,2024-04-27 19:39:13,paid,90.95,direct,direct,direct,2024-04,2024-04,0
cust_860b2abd,ord_31017f94,2024-09-22 17:31:28,paid,210.71,direct,direct,direct,2024-09,2024-09,0
cust_861ab787,ord_4c779a72,2024-11-18 21:20:52,paid,48.26,direct,direct,direct,2024-11,2024-11,0
cust_86214556,ord_d1a7774b,2024-12-10 02:24:18,paid,225.4,direct,direct,direct,2024-12,2024-12,0
cust_8633a43d,ord_125ee32e,2024-11-23 20:07:17,paid,136.28,direct,direct,direct,2024-11,2024-11,0
cust_8637f495,ord_ec6c4afa,2024-05-06 03:43:08,paid,159.56,tiktok,cpc,tiktok_campaign_14,2024-05,2024-05,0
cust_863af950,ord_8e0dd0b4,2024-01-15 20:57:33,paid,31.56,direct,direct,direct,2024-01,2024-01,0
cust_86709099,ord_0e0b6e08,2024-11-24 20:05:48,paid,83.36,google,cpc,google_campaign_19,2024-11,2024-11,0
cust_86ee06b0,ord_24f05213,2024-05-09 12:36:57,paid,90.16,organic,organic,direct,2024-05,2024-05,0
cust_871c61e5,ord_8868f085,2024-12-08 11:57:41,paid,58.69,google,cpc,google_campaign_5,2024-12,2024-12,0
cust_877b34be,ord_c8b63c86,2024-04-06 20:49:43,paid,68.65,google,cpc,google_campaign_11,2024-04,2024-04,0
cust_87ce9553,ord_e0080d60,2024-07-29 17:15:56,paid,102.53,direct,direct,direct,2024-07,2024-07,0
cust_87f4101b,ord_1a025d24,2024-03-12 18:57:55,paid,197.4,meta,cpc,meta_campaign_3,2024-03,2024-03,0
cust_880f5fbd,ord_62442626,2024-10-25 21:27:22,paid,118.7,tiktok,cpc,tiktok_campaign_10,2024-10,2024-10,0
cust_881aab3e,ord_e18c11d2,2024-08-30 00:26:52,paid,343.21,meta,cpc,meta_campaign_14,2024-08,2024-08,0
cust_8837e744,ord_2f870495,2024-08-07 10:51:42,paid,60.93,organic,organic,direct,2024-08,2024-08,0
cust_8890fef7,ord_f6309988,2024-05-21 22:59:52,paid,147.32,tiktok,cpc,tiktok_campaign_4,2024-05,2024-05,0
cust_88a7b22e,ord_f8b86b47,2024-08-24 13:48:09,paid,38.29,tiktok,cpc,tiktok_campaign_15,2024-08,2024-08,0
cust_891c8624,ord_0efa15b5,2024-08-28 04:29:39,paid,164.1,direct,direct,direct,2024-08,2024-08,0
cust_89652b2b,ord_3916456f,2024-08-12 12:21:01,paid,169.75,tiktok,cpc,tiktok_campaign_13,2024-08,2024-08,0
cust_897231c6,ord_abb71710,2024-06-08 14:22:30,paid,103.79,direct,direct,direct,2024-06,2024-06,0
cust_898ea69e,ord_8136b9fa,2024-03-07 18:27:49,paid,50.53,email,email,email_campaign_6,2024-03,2024-03,0
cust_89923324,ord_678b3a75,2024-11-27 09:18:41,paid,119.18,direct,direct,direct,2024-11,2024-11,0
cust_89937d75,ord_40e9c189,2024-12-10 17:24:32,paid,175.06,google,cpc,google_campaign_12,2024-12,2024-12,0
cust_899d74ae,ord_560d6317,2024-11-30 19:31:12,paid,35.95,direct,direct,direct,2024-11,2024-11,0
cust_89d8b7e8,ord_f4fc74fc,2024-05-08 23:18:34,paid,66.8,direct,direct,direct,2024-05,2024-05,0
cust_89e25b20,ord_5230d0a3,2024-05-21 18:22:55,paid,116.16,google,cpc,google_campaign_7,2024-05,2024-05,0
cust_89e5cc3d,ord_28dabcdc,2024-11-10 20:52:58,paid,93.55,google,cpc,google_campaign_2,2024-11,2024-11,0
cust_89fa8587,ord_0d082de0,2024-06-28 20:28:50,paid,42.55,direct,direct,direct,2024-06,2024-06,0
cust_8a071c36,ord_e3ff728b,2024-10-02 19:55:26,paid,69.93,organic,organic,direct,2024-10,2024-10,0
cust_8a0779b0,ord_ccfff2ae,2024-06-12 13:18:09,paid,226.27,google,cpc,google_campaign_8,2024-06,2024-06,0
cust_8a37a4da,ord_b4dc6de8,2024-11-30 12:37:21,paid,55.61,direct,direct,direct,2024-11,2024-11,0
cust_8acd2905,ord_53c603df,2024-07-31 08:18:03,paid,128.81,meta,cpc,meta_campaign_9,2024-07,2024-07,0
cust_8acd6ce8,ord_47e98243,2024-03-04 16:11:19,paid,145.05,organic,organic,direct,2024-03,2024-03,0
cust_8acf1a7a,ord_9bfa2045,2024-10-03 20:16:02,paid,106.38,google,cpc,google_campaign_10,2024-10,2024-10,0
cust_8adb3a8f,ord_4489d87b,2024-10-07 21:38:06,paid,52.33,direct,direct,direct,2024-10,2024-10,0
cust_8adbf4f7,ord_885f686f,2024-08-07 22:50:08,paid,145.62,direct,direct,direct,2024-08,2024-08,0
cust_8aedf8e1,ord_de13df1c,2024-04-26 08:35:48,paid,43.49,google,cpc,google_campaign_12,2024-04,2024-04,0
cust_8b639e78,ord_6042bfe6,2024-01-12 19:04:03,paid,160.03,meta,cpc,meta_campaign_18,2024-01,2024-01,0
cust_8b7de77c,ord_f89860c6,2024-08-03 22:22:02,paid,77.25,email,email,email_campaign_7,2024-08,2024-08,0
cust_8ba10080,ord_7b6f934b,2024-12-23 12:18:48,paid,206.82,meta,cpc,meta_campaign_16,2024-12,2024-12,0
cust_8ba77417,ord_173c9a34,2024-11-30 10:52:09,paid,53.56,meta,cpc,meta_campaign_2,2024-11,2024-11,0
cust_8bdc05e0,ord_1a4b35e7,2024-12-30 17:20:01,paid,62.54,direct,direct,direct,2024-12,2024-12,0
cust_8c32f881,ord_83619c01,2024-05-12 20:24:21,paid,85.15,direct,direct,direct,2024-05,2024-05,0
cust_8cb2c7e9,ord_b0b12a7b,2024-06-08 20:43:54,paid,176.88,direct,direct,direct,2024-06,2024-06,0
cust_8cb2c7e9,ord_b0c27c66,2024-11-12 10:40:48,paid,157.31,meta,cpc,meta_campaign_9,2024-06,2024-11,5
cust_8ccf3ffb,ord_1659e2e4,2024-02-16 10:39:58,paid,414.14,google,cpc,google_campaign_13,2024-02,2024-02,0
cust_8d5081a6,ord_8917e8c0,2024-12-17 20:38:07,paid,53.5,direct,direct,direct,2024-12,2024-12,0
cust_8dab01b6,ord_9a070e9b,2024-10-01 21:48:13,paid,55.11,direct,direct,direct,2024-10,2024-10,0
cust_8dab45e0,ord_7f2d977c,2024-07-31 14:46:36,paid,159.59,meta,cpc,meta_campaign_9,2024-07,2024-07,0
cust_8dd01099,ord_a6b15e1e,2024-08-20 22:09:45,paid,295.88,direct,direct,direct,2024-08,2024-08,0
cust_8de1eaca,ord_9203d6cd,2024-05-26 19:56:10,paid,89.8,tiktok,cpc,tiktok_campaign_4,2024-05,2024-05,0
cust_8e03cc27,ord_c5814a32,2024-07-06 16:56:05,paid,163.0,organic,organic,direct,2024-07,2024-07,0
cust_8e043fbf,ord_32ceb142,2024-03-06 21:25:15,paid,40.07,email,email,email_campaign_7,2024-03,2024-03,0
cust_8e0aafd9,ord_4fb2b2b3,2024-05-28 22:07:33,paid,36.17,organic,organic,direct,2024-05,2024-05,0
cust_8e1bd513,ord_8bfcc57f,2024-04-30 11:37:34,paid,85.9,email,email,email_campaign_2,2024-04,2024-04,0
cust_8e513fbe,ord_9a4ca36e,2024-04-18 14:38:38,paid,68.71,direct,direct,direct,2024-04,2024-04,0
cust_8e626458,ord_c4493720,2024-05-17 20:53:19,paid,288.59,meta,cpc,meta_campaign_14,2024-05,2024-05,0
cust_8e6d6bd4,ord_fb0aae11,2024-09-26 23:26:31,paid,58.92,email,email,email_campaign_2,2024-09,2024-09,0
cust_8ea1dc2d,ord_b5ba456e,2024-11-29 14:05:00,paid,137.0,google,cpc,google_campaign_5,2024-11,2024-11,0
cust_8ec8fb89,ord_0b9bb335,2024-08-04 14:21:04,paid,356.46,direct,direct,direct,2024-08,2024-08,0
cust_8edf9226,ord_f68e5992,2024-10-25 17:18:25,paid,50.84,organic,organic,direct,2024-10,2024-10,0
cust_8f455cec,ord_731f2e4a,2024-10-30 09:37:39,paid,309.43,direct,direct,direct,2024-10,2024-10,0
cust_8f7e2d49,ord_7a4cd1b5,2024-07-03 18:17:33,paid,329.07,meta,cpc,meta_campaign_11,2024-07,2024-07,0
cust_8f89cd98,ord_b3ad96c5,2024-04-03 22:02:25,paid,44.71,direct,direct,direct,2024-04,2024-04,0
cust_8f9e7919,ord_6ac26cea,2024-08-30 14:22:11,paid,85.16,direct,direct,direct,2024-08,2024-08,0
cust_8fe30e87,ord_fd93db02,2024-09-25 18:29:48,paid,116.68,direct,direct,direct,2024-09,2024-09,0
cust_905127e8,ord_3ebcca19,2024-03-06 15:09:06,paid,94.63,google,cpc,google_campaign_14,2024-03,2024-03,0
cust_90698e80,ord_14d2498b,2024-02-23 20:16:30,paid,36.62,direct,direct,direct,2024-02,2024-02,0
cust_9074e3ad,ord_c7a269b2,2024-08-19 19:11:01,paid,62.56,direct,direct,direct,2024-08,2024-08,0
cust_90a1021f,ord_221980c8,2024-12-15 16:51:00,paid,134.59,email,email,email_campaign_1,2024-12,2024-12,0
cust_90aa93f0,ord_b948945f,2024-08-30 05:09:08,paid,87.33,direct,direct,direct,2024-08,2024-08,0
cust_91067943,ord_82d3fe3d,2024-03-15 20:25:09,paid,71.37,google,cpc,google_campaign_15,2024-03,2024-03,0
cust_9110dbe0,ord_a8162c55,2024-09-22 21:27:06,paid,343.79,google,cpc,google_campaign_6,2024-09,2024-09,0
cust_912835f5,ord_b621eb91,2024-12-13 20:50:05,paid,35.55,direct,direct,direct,2024-12,2024-12,0
cust_912ebf95,ord_315e1f99,2024-03-31 16:57:39,paid,56.25,tiktok,cpc,tiktok_campaign_6,2024-03,2024-03,0
cust_9152b327,ord_a4e35506,2024-08-31 12:33:24,paid,68.75,tiktok,cpc,tiktok_campaign_1,2024-08,2024-08,0
cust_917410a0,ord_456aeecd,2024-06-22 09:52:00,paid,58.95,tiktok,cpc,tiktok_campaign_6,2024-06,2024-06,0
cust_91957e6c,ord_9727ee23,2024-03-01 15:03:23,paid,120.61,direct,direct,direct,2024-03,2024-03,0
cust_919db8d1,ord_c9ed6e6b,2024-11-24 05:29:27,paid,152.72,direct,direct,direct,2024-11,2024-11,0
cust_91a4d263,ord_c97b5d36,2024-02-17 13:19:11,paid,240.34,email,email,email_campaign_4,2024-02,2024-02,0
cust_91e28797,ord_b77f5ada,2024-04-02 07:49:38,paid,78.94,google,cpc,google_campaign_17,2024-04,2024-04,0
cust_91eb905c,ord_ffd80c10,2024-12-09 19:46:04,paid,140.94,google,cpc,google_campaign_10,2024-12,2024-12,0
cust_91f8661b,ord_a4c802a4,2024-11-15 20:30:04,paid,79.12,tiktok,cpc,tiktok_campaign_5,2024-11,2024-11,0
cust_92159f87,ord_a75aff1c,2024-01-06 12:40:36,paid,216.44,google,cpc,google_campaign_7,2024-01,2024-01,0
cust_9233b641,ord_d9a9d40e,2024-12-05 12:52:32,paid,17.46,meta,cpc,meta_campaign_15,2024-12,2024-12,0
cust_923858cd,ord_a91516e3,2024-10-03 23:07:50,paid,123.43,google,cpc,google_campaign_5,2024-10,2024-10,0
cust_923b2563,ord_02bc011e,2024-12-29 16:41:46,paid,129.31,email,email,email_campaign_6,2024-12,2024-12,0
cust_92726bbb,ord_f71b7c78,2024-11-13 15:28:52,paid,84.65,tiktok,cpc,tiktok_campaign_16,2024-11,2024-11,0
cust_92dad008,ord_02244483,2024-12-04 13:50:47,paid,82.77,organic,organic,direct,2024-12,2024-12,0
cust_92e37e3d,ord_d7734592,2024-12-14 09:09:32,paid,80.04,direct,direct,direct,2024-12,2024-12,0
cust_92e574a4,ord_d4f1028d,2024-12-10 14:09:23,paid,66.41,tiktok,cpc,tiktok_campaign_19,2024-12,2024-12,0
cust_92f5a808,ord_2f1e59dd,2024-11-17 19:45:44,paid,72.04,google,cpc,google_campaign_1,2024-11,2024-11,0
cust_93292c26,ord_fd7bff2c,2024-02-09 09:48:28,paid,53.66,google,cpc,google_campaign_17,2024-02,2024-02,0
cust_93295c44,ord_7c345d62,2024-05-08 13:55:39,paid,64.19,tiktok,cpc,tiktok_campaign_1,2024-05,2024-05,0
cust_9343e346,ord_2fcdffbe,2024-01-24 18:34:03,paid,108.21,direct,direct,direct,2024-01,2024-01,0
cust_93ead5d0,ord_e9dc317d,2024-11-17 18:49:25,paid,74.26,tiktok,cpc,tiktok_campaign_8,2024-11,2024-11,0
cust_94160ade,ord_114c2d3e,2024-09-03 08:16:06,paid,53.5,direct,direct,direct,2024-09,2024-09,0
cust_94173416,ord_27066084,2024-12-24 22:34:47,paid,92.73,google,cpc,google_campaign_5,2024-12,2024-12,0
cust_94244bcd,ord_1399b871,2024-05-06 16:01:21,paid,65.25,tiktok,cpc,tiktok_campaign_18,2024-05,2024-05,0
cust_94249783,ord_1ec1915b,2024-08-12 19:29:17,paid,46.44,organic,organic,direct,2024-08,2024-08,0
cust_944d2fb9,ord_100a2edf,2024-03-26 12:32:10,paid,126.38,email,email,email_campaign_5,2024-03,2024-03,0
cust_946daa74,ord_a1a23636,2024-04-26 16:59:21,paid,55.24,direct,direct,direct,2024-04,2024-04,0
cust_94ad3d35,ord_54f1fc36,2024-04-17 20:01:23,paid,55.04,direct,direct,direct,2024-04,2024-04,0
cust_94ad9269,ord_5f370a60,2024-04-09 07:55:57,paid,110.14,direct,direct,direct,2024-04,2024-04,0
cust_94bdc9c6,ord_2d7a070f,2024-01-07 10:09:35,paid,51.15,tiktok,cpc,tiktok_campaign_2,2024-01,2024-01,0
cust_94e439a7,ord_2161e503,2024-08-08 18:55:54,paid,125.4,direct,direct,direct,2024-08,2024-08,0
cust_95033ebe,ord_ffd2aeba,2024-03-11 21:36:11,paid,108.24,direct,direct,direct,2024-03,2024-03,0
cust_95049c06,ord_c007e1ab,2024-12-06 15:16:04,paid,87.44,direct,direct,direct,2024-12,2024-12,0
cust_95607a82,ord_435582f1,2024-04-10 16:57:44,paid,461.06,direct,direct,direct,2024-04,2024-04,0
cust_95719fc9,ord_7d697ab6,2024-11-28 14:12:40,paid,147.09,direct,direct,direct,2024-11,2024-11,0
cust_95dbf9a5,ord_95d73b30,2024-03-30 23:06:57,paid,86.07,google,cpc,google_campaign_6,2024-03,2024-03,0
cust_95f5ef87,ord_6ff5a323,2024-11-11 18:05:17,paid,75.2,direct,direct,direct,2024-11,2024-11,0
cust_961e36fb,ord_a463fb7c,2024-09-01 08:55:26,paid,33.3,tiktok,cpc,tiktok_campaign_19,2024-09,2024-09,0
cust_962f3c18,ord_fef921bd,2024-07-27 20:36:16,paid,74.69,meta,cpc,meta_campaign_11,2024-07,2024-07,0
cust_96449c1c,ord_21357569,2024-08-21 00:01:15,paid,28.3,google,cpc,google_campaign_3,2024-08,2024-08,0
cust_967dfbd0,ord_be246864,2024-10-24 17:17:04,paid,44.04,google,cpc,google_campaign_6,2024-10,2024-10,0
cust_968632da,ord_04948f2e,2024-10-15 23:56:45,paid,84.17,google,cpc,google_campaign_15,2024-10,2024-10,0
cust_968da83f,ord_e5b75243,2024-12-05 23:01:48,paid,240.6,direct,direct,direct,2024-12,2024-12,0
cust_96979203,ord_af2aa712,2024-04-28 12:09:55,paid,79.23,email,email,email_campaign_1,2024-04,2024-04,0
cust_96b7f4d8,ord_de65f064,2024-11-09 13:43:08,paid,144.92,meta,cpc,meta_campaign_3,2024-11,2024-11,0
cust_96df53bd,ord_08a4ed42,2024-07-15 16:19:14,paid,224.25,meta,cpc,meta_campaign_14,2024-07,2024-07,0
cust_96e2e401,ord_aae8c1c9,2024-10-17 19:18:00,paid,85.2,organic,organic,direct,2024-10,2024-10,0
cust_96e4648c,ord_0979f3c5,2024-12-12 05:48:19,paid,233.91,direct,direct,direct,2024-12,2024-12,0
cust_9700d83a,ord_dbba250c,2024-04-22 19:14:25,paid,110.32,organic,organic,direct,2024-04,2024-04,0
cust_97079335,ord_4348402f,2024-08-01 07:56:25,paid,112.69,meta,cpc,meta_campaign_11,2024-08,2024-08,0
cust_970bcee5,ord_22c39b6c,2024-02-01 12:22:37,paid,73.73,direct,direct,direct,2024-02,2024-02,0
cust_9717c0fa,ord_2fcf9b97,2024-11-25 19:56:00,paid,130.16,meta,cpc,meta_campaign_5,2024-11,2024-11,0
cust_972502af,ord_5d1a6b77,2024-04-08 19:08:20,paid,36.15,meta,cpc,meta_campaign_5,2024-04,2024-04,0
cust_9740d705,ord_a9f80d4a,2024-02-25 19:28:22,paid,187.44,email,email,email_campaign_1,2024-02,2024-02,0
cust_974104df,ord_c4592e40,2024-12-24 08:18:24,paid,150.35,organic,organic,direct,2024-12,2024-12,0
cust_9742cd9e,ord_34d060d8,2024-06-30 19:38:49,paid,40.03,meta,cpc,meta_campaign_3,2024-06,2024-06,0
cust_975c5a49,ord_94eaa01b,2024-08-18 09:32:56,paid,108.99,meta,cpc,meta_campaign_9,2024-08,2024-08,0
cust_97783b48,ord_9f99c6ff,2024-05-20 14:01:55,paid,89.9,direct,direct,direct,2024-05,2024-05,0
cust_9782bd21,ord_3c5b3a3e,2024-01-17 20:51:50,paid,113.68,direct,direct,direct,2024-01,2024-01,0
cust_9787e206,ord_ca057ab0,2024-08-13 11:47:06,paid,105.8,direct,direct,direct,2024-08,2024-08,0
cust_97a1e1b9,ord_93db28e4,2024-11-26 10:21:00,paid,82.02,email,email,email_campaign_1,2024-11,2024-11,0
cust_97c6cd7c,ord_0aff9c46,2024-03-19 10:45:22,paid,105.25,google,cpc,google_campaign_11,2024-03,2024-03,0
cust_9836392e,ord_e0bc880c,2024-06-19 14:55:35,paid,303.52,direct,direct,direct,2024-06,2024-06,0
cust_983d0bfd,ord_09440133,2024-05-30 19:34:33,paid,84.15,meta,cpc,meta_campaign_8,2024-05,2024-05,0
cust_983ee6cb,ord_5f60c909,2024-07-25 15:37:40,paid,70.87,organic,organic,direct,2024-07,2024-07,0
cust_98422b52,ord_b46e5f0e,2024-08-08 16:20:04,paid,57.22,direct,direct,direct,2024-08,2024-08,0
cust_985969cd,ord_1f6014d6,2024-11-09 10:02:00,paid,41.6,direct,direct,direct,2024-11,2024-11,0
cust_986a004d,ord_9b2d6ba3,2024-01-27 18:21:40,paid,406.26,organic,organic,direct,2024-01,2024-01,0
cust_98707df7,ord_1c362bfa,2024-07-26 16:24:57,paid,73.15,meta,cpc,meta_campaign_17,2024-07,2024-07,0
cust_9883001c,ord_ee0c0516,2024-02-10 08:20:16,paid,85.2,google,cpc,google_campaign_8,2024-02,2024-02,0
cust_98863c4c,ord_049b5286,2024-09-28 12:09:47,paid,55.69,google,cpc,google_campaign_1,2024-09,2024-09,0
cust_9893d388,ord_3df557ef,2024-08-01 08:12:08,paid,54.98,tiktok,cpc,tiktok_campaign_16,2024-08,2024-08,0
cust_98a3e5b1,ord_39ec37e9,2024-10-27 07:10:27,paid,56.76,organic,organic,direct,2024-10,2024-10,0
cust_98ba996e,ord_7dfa6482,2024-05-18 15:04:22,paid,28.64,direct,direct,direct,2024-05,2024-05,0
cust_98c79d21,ord_e1d32046,2024-03-09 17:38:20,paid,83.06,direct,direct,direct,2024-03,2024-03,0
cust_98e7b814,ord_f0af775e,2024-06-29 08:57:05,paid,55.73,direct,direct,direct,2024-06,2024-06,0
cust_98f6d62c,ord_fdcb2cec,2024-01-13 20:49:25,paid,109.64,organic,organic,direct,2024-01,2024-01,0
cust_99257e46,ord_64adf1db,2024-12-09 16:48:14,paid,143.97,meta,cpc,meta_campaign_17,2024-12,2024-12,0
cust_992f1f03,ord_9c5632ee,2024-03-05 18:28:58,paid,136.71,direct,direct,direct,2024-03,2024-03,0
cust_998e01f2,ord_fd9faea2,2024-11-06 18:40:56,paid,203.77,google,cpc,google_campaign_15,2024-11,2024-11,0
cust_99c2d65d,ord_00962c30,2024-06-01 23:00:19,paid,155.29,direct,direct,direct,2024-06,2024-06,0
cust_99f1d15b,ord_c34917aa,2024-02-01 08:55:18,paid,81.83,direct,direct,direct,2024-02,2024-02,0
cust_9a15e4ac,ord_3f760a96,2024-09-02 21:13:15,paid,19.36,direct,direct,direct,2024-09,2024-09,0
cust_9a18d056,ord_d5c41120,2024-11-10 13:24:07,paid,33.97,meta,cpc,meta_campaign_3,2024-11,2024-11,0
cust_9a20f581,ord_1d69af5d,2024-11-18 15:36:17,paid,59.44,meta,cpc,meta_campaign_8,2024-11,2024-11,0
cust_9a65ee1c,ord_3edd3506,2024-12-08 15:29:23,paid,108.21,organic,organic,direct,2024-12,2024-12,0
cust_9a88dc12,ord_71186dec,2024-06-03 19:34:37,paid,30.66,email,email,email_campaign_2,2024-06,2024-06,0
cust_9a914837,ord_5779aa5b,2024-09-22 21:09:21,paid,95.83,direct,direct,direct,2024-09,2024-09,0
cust_9a94c081,ord_fd3623bf,2024-02-11 23:03:07,paid,50.2,email,email,email_campaign_9,2024-02,2024-02,0
cust_9a972179,ord_3d6b608e,2024-12-09 14:38:03,paid,70.66,direct,direct,direct,2024-12,2024-12,0
cust_9af471ef,ord_94ced04d,2024-09-01 10:26:44,paid,39.17,meta,cpc,meta_campaign_12,2024-09,2024-09,0
cust_9aff8e10,ord_ad2f045d,2024-09-22 09:12:31,paid,130.05,google,cpc,google_campaign_5,2024-09,2024-09,0
cust_9b03cacf,ord_dce405ed,2024-11-14 16:34:53,paid,47.19,google,cpc,google_campaign_2,2024-11,2024-11,0
cust_9b453fce,ord_e37000d2,2024-08-30 18:28:50,paid,84.78,direct,direct,direct,2024-08,2024-08,0
cust_9b9bb1de,ord_cb6a8141,2024-06-07 17:22:13,paid,168.09,direct,direct,direct,2024-06,2024-06,0
cust_9be3c29c,ord_ac75d097,2024-07-18 17:31:19,paid,52.29,google,cpc,google_campaign_11,2024-07,2024-07,0
cust_9befc681,ord_bab7a23c,2024-05-18 18:21:18,paid,17.37,google,cpc,google_campaign_19,2024-05,2024-05,0
cust_9bf470c3,ord_fc5c6c2b,2024-06-10 09:59:06,paid,88.14,google,cpc,google_campaign_12,2024-06,2024-06,0
cust_9c1a2f48,ord_ce7894b3,2024-07-05 17:58:01,paid,116.36,direct,direct,direct,2024-07,2024-07,0
cust_9c206cce,ord_e756e77e,2024-07-30 06:18:38,paid,38.88,organic,organic,direct,2024-07,2024-07,0
cust_9c3665ce,ord_bd4da2bd,2024-11-23 16:14:15,paid,436.22,direct,direct,direct,2024-11,2024-11,0
cust_9c7ff83e,ord_d423d454,2024-11-16 11:11:58,paid,37.11,direct,direct,direct,2024-11,2024-11,0
cust_9ca59db4,ord_3d30e797,2024-09-15 22:23:10,paid,363.27,meta,cpc,meta_campaign_16,2024-09,2024-09,0
cust_9cc7a22e,ord_e57d36d0,2024-12-14 22:31:11,paid,74.38,google,cpc,google_campaign_11,2024-12,2024-12,0
cust_9cc7ac47,ord_5381b1e8,2024-04-09 11:38:41,paid,366.1,direct,direct,direct,2024-04,2024-04,0
cust_9ce0d816,ord_cc5ca434,2024-12-10 15:23:24,paid,58.06,google,cpc,google_campaign_1,2024-12,2024-12,0
cust_9d1e2d03,ord_9150db49,2024-05-04 18:22:05,paid,30.04,organic,organic,direct,2024-05,2024-05,0
cust_9d47f650,ord_e23cede0,2024-07-16 20:21:07,paid,42.15,tiktok,cpc,tiktok_campaign_2,2024-07,2024-07,0
cust_9d844678,ord_7a4ef837,2024-07-10 03:46:28,paid,143.79,organic,organic,direct,2024-07,2024-07,0
cust_9db13516,ord_fd9c707f,2024-07-13 12:00:59,paid,125.87,tiktok,cpc,tiktok_campaign_18,2024-07,2024-07,0
cust_9db28bd6,ord_7ac4bbfd,2024-08-27 13:20:44,paid,60.55,google,cpc,google_campaign_1,2024-08,2024-08,0
cust_9e11edfc,ord_98547272,2024-10-07 10:12:45,paid,57.31,meta,cpc,meta_campaign_17,2024-10,2024-10,0
cust_9e206e40,ord_62a9e135,2024-12-24 06:23:52,paid,94.07,direct,direct,direct,2024-12,2024-12,0
cust_9e221146,ord_c62b47c9,2024-08-17 12:01:12,paid,114.68,direct,direct,direct,2024-08,2024-08,0
cust_9e329fef,ord_ee4cabb9,2024-09-28 09:22:59,paid,99.88,direct,direct,direct,2024-09,2024-09,0
cust_9e3f56e0,ord_93a60649,2024-03-30 14:52:38,paid,40.11,direct,direct,direct,2024-03,2024-03,0
cust_9e928103,ord_45adb629,2024-02-24 10:43:18,paid,269.08,organic,organic,direct,2024-02,2024-02,0
cust_9ea0e59b,ord_b13bec34,2024-11-19 16:32:08,paid,45.34,direct,direct,direct,2024-11,2024-11,0
cust_9ebc7d72,ord_057901af,2024-02-18 12:35:26,paid,77.33,organic,organic,direct,2024-02,2024-02,0
cust_9ec210bc,ord_6f1b4109,2024-03-15 09:10:45,paid,46.96,direct,direct,direct,2024-03,2024-03,0
cust_9f0798ea,ord_54cb8816,2024-01-03 08:20:58,paid,80.62,organic,organic,direct,2024-01,2024-01,0
cust_9f0883d4,ord_7de745a5,2024-04-19 14:41:41,paid,47.81,tiktok,cpc,tiktok_campaign_11,2024-04,2024-04,0
cust_9ff84ffb,ord_68bf136a,2024-01-07 10:42:39,paid,73.54,email,email,email_campaign_3,2024-01,2024-01,0
cust_9ffbd824,ord_78c7d340,2024-09-07 19:48:41,paid,190.47,direct,direct,direct,2024-09,2024-09,0
cust_a02cff85,ord_605b1658,2024-04-30 21:23:17,paid,80.89,google,cpc,google_campaign_16,2024-04,2024-04,0
cust_a075cf11,ord_f6c224e4,2024-04-13 11:37:05,paid,45.83,google,cpc,google_campaign_12,2024-04,2024-04,0
cust_a07f6952,ord_14965327,2024-10-18 18:28:19,paid,113.64,meta,cpc,meta_campaign_1,2024-10,2024-10,0
cust_a0861d01,ord_69742344,2024-10-25 10:11:51,paid,89.75,direct,direct,direct,2024-10,2024-10,0
cust_a0afc567,ord_399ae238,2024-10-28 11:37:31,paid,55.56,direct,direct,direct,2024-10,2024-10,0
cust_a0b8d26d,ord_df481d2a,2024-08-13 18:27:13,paid,302.32,direct,direct,direct,2024-08,2024-08,0
cust_a0e6a611,ord_8e979a2b,2024-11-29 16:06:23,paid,39.15,meta,cpc,meta_campaign_8,2024-11,2024-11,0
cust_a1071a21,ord_92fbc86e,2024-09-29 18:52:44,paid,273.84,organic,organic,direct,2024-09,2024-09,0
cust_a159e925,ord_b53f8f67,2024-12-05 17:30:19,paid,134.63,direct,direct,direct,2024-12,2024-12,0
cust_a1776789,ord_0ddd5024,2024-01-05 08:58:36,paid,156.61,direct,direct,direct,2024-01,2024-01,0
cust_a187b3db,ord_2bc71dbc,2024-09-22 17:39:23,paid,70.65,google,cpc,google_campaign_2,2024-09,2024-09,0
cust_a1e6f782,ord_0b6b7d9a,2024-05-18 02:44:20,paid,142.96,direct,direct,direct,2024-05,2024-05,0
cust_a20418a5,ord_065d4e1e,2024-09-24 20:05:51,paid,420.74,direct,direct,direct,2024-09,2024-09,0
cust_a2610ce5,ord_12350b57,2024-04-06 10:42:36,paid,73.11,organic,organic,direct,2024-04,2024-04,0
cust_a2744242,ord_3b5d706a,2024-03-07 19:08:31,paid,82.41,direct,direct,direct,2024-03,2024-03,0
cust_a2836e5a,ord_0c42dca8,2024-11-28 07:18:22,paid,36.73,meta,cpc,meta_campaign_5,2024-11,2024-11,0
cust_a2b20f9c,ord_a02e2064,2024-04-27 07:43:10,paid,91.8,direct,direct,direct,2024-04,2024-04,0
cust_a2c27634,ord_eb0f9206,2024-02-19 20:49:06,paid,100.74,email,email,email_campaign_2,2024-02,2024-02,0
cust_a2f6610f,ord_d70f3dbb,2024-12-22 20:36:26,paid,89.2,meta,cpc,meta_campaign_15,2024-12,2024-12,0
cust_a340c9f0,ord_133ebbdc,2024-06-29 16:01:45,paid,48.94,direct,direct,direct,2024-06,2024-06,0
cust_a34b16fc,ord_fb5cd4a5,2024-07-08 19:30:04,paid,38.99,tiktok,cpc,tiktok_campaign_1,2024-07,2024-07,0
cust_a3742b81,ord_c8b08f2f,2024-10-22 16:01:16,paid,127.84,direct,direct,direct,2024-10,2024-10,0
cust_a38c7a42,ord_cbfe9315,2024-02-04 15:21:35,paid,51.48,meta,cpc,meta_campaign_5,2024-02,2024-02,0
cust_a39dadfc,ord_6a1303c2,2024-12-15 19:41:44,paid,44.34,direct,direct,direct,2024-12,2024-12,0
cust_a3d14de5,ord_fb593abb,2024-06-12 12:34:06,paid,51.16,direct,direct,direct,2024-06,2024-06,0
cust_a3e2dbee,ord_8309a6fd,2024-11-11 10:49:03,paid,139.35,meta,cpc,meta_campaign_14,2024-11,2024-11,0
cust_a3e3fc7f,ord_2ac0a4f5,2024-04-18 08:01:03,paid,171.23,organic,organic,direct,2024-04,2024-04,0
cust_a417d018,ord_68369ff3,2024-12-06 19:33:53,paid,108.6,email,email,email_campaign_4,2024-12,2024-12,0
cust_a4205dde,ord_f9ef351c,2024-06-27 11:39:49,paid,30.45,direct,direct,direct,2024-06,2024-06,0
cust_a447bf28,ord_d8f135f3,2024-10-20 22:28:53,paid,78.06,tiktok,cpc,tiktok_campaign_13,2024-10,2024-10,0
cust_a4654993,ord_e1f26916,2024-02-14 21:17:02,paid,66.58,google,cpc,google_campaign_7,2024-02,2024-02,0
cust_a46cc639,ord_b060ecec,2024-02-18 12:04:19,paid,158.45,email,email,email_campaign_4,2024-02,2024-02,0
cust_a4a031d2,ord_96e1c8fc,2024-12-29 18:20:47,paid,44.72,organic,organic,direct,2024-12,2024-12,0
cust_a4e56a7b,ord_b93f97da,2024-03-23 06:54:36,paid,115.83,direct,direct,direct,2024-03,2024-03,0
cust_a51b3ed5,ord_b42f1ce6,2024-06-10 16:00:27,paid,132.3,google,cpc,google_campaign_19,2024-06,2024-06,0
cust_a52f139f,ord_19630997,2024-06-30 22:27:44,paid,82.9,direct,direct,direct,2024-06,2024-06,0
cust_a5483dd5,ord_ac9cb4dd,2024-08-09 11:58:31,paid,300.47,direct,direct,direct,2024-08,2024-08,0
cust_a560d896,ord_d68ee444,2024-11-07 15:20:14,paid,121.19,direct,direct,direct,2024-11,2024-11,0
cust_a590a5df,ord_ad23d6f6,2024-08-04 22:01:29,paid,82.44,google,cpc,google_campaign_13,2024-08,2024-08,0
cust_a5aac3ed,ord_f4dee9e6,2024-10-08 20:06:09,paid,71.06,direct,direct,direct,2024-10,2024-10,0
cust_a5ae39f2,ord_8937f60d,2024-03-12 09:33:37,paid,86.46,direct,direct,direct,2024-03,2024-03,0
cust_a5d4c6ba,ord_cee3ad2b,2024-02-19 16:22:13,paid,42.61,direct,direct,direct,2024-02,2024-02,0
cust_a5ec48af,ord_dca866fb,2024-11-07 15:33:05,paid,97.17,direct,direct,direct,2024-11,2024-11,0
cust_a5ede133,ord_5276e22f,2024-11-02 08:15:44,paid,64.14,direct,direct,direct,2024-11,2024-11,0
cust_a616c5e7,ord_75b65755,2024-03-25 06:49:20,paid,145.47,meta,cpc,meta_campaign_5,2024-03,2024-03,0
cust_a6317f99,ord_0b8f5b88,2024-09-22 13:27:29,paid,118.62,organic,organic,direct,2024-09,2024-09,0
cust_a643ed9a,ord_6daf268f,2024-07-03 18:39:36,paid,72.11,direct,direct,direct,2024-07,2024-07,0
cust_a64baa1d,ord_24831940,2024-11-02 16:48:33,paid,136.34,organic,organic,direct,2024-11,2024-11,0
cust_a652a610,ord_4e4a8b45,2024-07-09 23:04:58,paid,59.66,meta,cpc,meta_campaign_13,2024-07,2024-07,0
cust_a6598f83,ord_224efb23,2024-07-22 10:39:14,paid,163.01,google,cpc,google_campaign_1,2024-07,2024-07,0
cust_a6bc134b,ord_24b1424a,2024-01-12 08:15:09,paid,31.14,meta,cpc,meta_campaign_1,2024-01,2024-01,0
cust_a6e5848d,ord_3b85aae2,2024-05-06 20:03:36,paid,138.54,organic,organic,direct,2024-05,2024-05,0
cust_a70f6a12,ord_388f6132,2024-12-12 19:00:39,paid,160.36,direct,direct,direct,2024-12,2024-12,0
cust_a71c1cad,ord_ed755bf9,2024-12-06 12:00:16,paid,94.39,direct,direct,direct,2024-12,2024-12,0
cust_a72f640c,ord_a9da2193,2024-08-08 10:54:57,paid,143.63,tiktok,cpc,tiktok_campaign_7,2024-08,2024-08,0
cust_a74f55b6,ord_355d8168,2024-06-21 16:09:56,paid,136.17,organic,organic,direct,2024-06,2024-06,0
cust_a76f3c58,ord_94fcc15a,2024-12-23 09:41:15,paid,105.18,direct,direct,direct,2024-12,2024-12,0
cust_a786d1c3,ord_51a41666,2024-07-25 10:31:20,paid,68.97,direct,direct,direct,2024-07,2024-07,0
cust_a7cbbfd4,ord_d066fa8e,2024-09-26 10:10:28,paid,125.25,google,cpc,google_campaign_1,2024-09,2024-09,0
cust_a7d83dde,ord_04af8c6f,2024-09-21 13:02:30,paid,110.61,tiktok,cpc,tiktok_campaign_18,2024-09,2024-09,0
cust_a8126699,ord_ed038405,2024-11-02 15:11:00,paid,260.08,direct,direct,direct,2024-11,2024-11,0
cust_a82f8268,ord_b0d86efd,2024-09-09 16:24:42,paid,36.26,google,cpc,google_campaign_6,2024-09,2024-09,0
cust_a8304bcd,ord_e8f9eeda,2024-11-01 17:04:56,paid,46.81,tiktok,cpc,tiktok_campaign_2,2024-11,2024-11,0
cust_a84efb2f,ord_3f727d33,2024-10-19 08:31:58,paid,111.26,tiktok,cpc,tiktok_campaign_19,2024-10,2024-10,0
cust_a85127f9,ord_1940c280,2024-01-09 11:58:23,paid,28.86,direct,direct,direct,2024-01,2024-01,0
cust_a87c7927,ord_6dfc6650,2024-12-17 17:32:20,paid,63.42,google,cpc,google_campaign_15,2024-12,2024-12,0
cust_a8a3b6f3,ord_fe898f4d,2024-07-22 09:59:09,paid,56.76,direct,direct,direct,2024-07,2024-07,0
cust_a8c6f038,ord_7088742d,2024-11-25 19:24:09,paid,84.47,tiktok,cpc,tiktok_campaign_5,2024-11,2024-11,0
cust_a9141411,ord_7fdd9f0e,2024-12-06 20:57:03,paid,135.83,direct,direct,direct,2024-12,2024-12,0
cust_a93d78ba,ord_a36a3005,2024-06-25 12:38:57,paid,115.98,email,email,email_campaign_6,2024-06,2024-06,0
cust_a9589bdc,ord_6e2bec27,2024-09-24 09:35:07,paid,57.3,direct,direct,direct,2024-09,2024-09,0
cust_a967e8f9,ord_dc59d411,2024-09-09 12:13:01,paid,81.03,google,cpc,google_campaign_19,2024-09,2024-09,0
cust_a96f32eb,ord_eb20dd19,2024-01-13 17:13:15,paid,79.68,google,cpc,google_campaign_17,2024-01,2024-01,0
cust_a9879c20,ord_e632d4af,2024-05-27 20:40:37,paid,72.75,meta,cpc,meta_campaign_10,2024-05,2024-05,0
cust_a9bc4432,ord_f898f7bc,2024-10-26 14:39:56,paid,79.08,google,cpc,google_campaign_12,2024-10,2024-10,0
cust_a9c9c632,ord_815ce29c,2024-04-26 10:10:18,paid,81.67,direct,direct,direct,2024-04,2024-04,0
cust_aa320868,ord_88189676,2024-01-08 06:51:10,paid,252.05,tiktok,cpc,tiktok_campaign_11,2024-01,2024-01,0
cust_aa38c0d8,ord_aa463551,2024-10-24 11:48:11,paid,89.6,direct,direct,direct,2024-10,2024-10,0
cust_aa4fdd13,ord_e8a11e34,2024-03-08 01:16:51,paid,29.47,tiktok,cpc,tiktok_campaign_6,2024-03,2024-03,0
cust_aa66704e,ord_b120b5ad,2024-04-17 18:26:25,paid,103.26,organic,organic,direct,2024-04,2024-04,0
cust_aab3b155,ord_17341c97,2024-04-04 11:51:51,paid,156.73,direct,direct,direct,2024-04,2024-04,0
cust_aabf56c3,ord_3a54d044,2024-11-19 20:14:39,paid,245.69,direct,direct,direct,2024-11,2024-11,0
cust_aae6663b,ord_81099649,2024-07-07 08:36:38,paid,120.54,direct,direct,direct,2024-07,2024-07,0
cust_aaf606c4,ord_d443429b,2024-12-10 19:27:20,paid,82.15,direct,direct,direct,2024-12,2024-12,0
cust_ab62893f,ord_24b5b044,2024-01-02 15:07:36,paid,83.82,direct,direct,direct,2024-01,2024-01,0
cust_ab6594b2,ord_159efa2c,2024-09-19 15:56:02,paid,126.73,direct,direct,direct,2024-09,2024-09,0
cust_ab799a51,ord_70665ad5,2024-10-29 20:10:50,paid,67.26,meta,cpc,meta_campaign_15,2024-10,2024-10,0
cust_ab8fd2c2,ord_c711a37a,2024-05-05 11:34:43,paid,93.62,meta,cpc,meta_campaign_18,2024-05,2024-05,0
cust_abbc41b7,ord_2cff36f8,2024-11-21 14:13:45,paid,108.46,direct,direct,direct,2024-11,2024-11,0
cust_abbc5d5c,ord_1f2c6c2f,2024-08-24 16:20:50,paid,154.95,organic,organic,direct,2024-08,2024-08,0
cust_abe46a13,ord_8238ac4c,2024-06-08 19:09:55,paid,105.48,direct,direct,direct,2024-06,2024-06,0
cust_ac0bca1d,ord_1d824860,2024-10-23 20:09:42,paid,102.58,google,cpc,google_campaign_15,2024-10,2024-10,0
cust_ac9227de,ord_a073ce60,2024-06-20 10:33:18,paid,123.82,direct,direct,direct,2024-06,2024-06,0
cust_aca0680a,ord_0e26b752,2024-07-25 12:01:14,paid,34.1,direct,direct,direct,2024-07,2024-07,0
cust_acaa76aa,ord_ebb3b5c7,2024-03-01 12:44:52,paid,168.69,meta,cpc,meta_campaign_7,2024-03,2024-03,0
cust_accb8689,ord_9dd4669d,2024-04-18 00:12:01,paid,118.25,direct,direct,direct,2024-04,2024-04,0
cust_aceca183,ord_230f99aa,2024-02-15 22:03:47,paid,94.94,email,email,email_campaign_4,2024-02,2024-02,0
cust_acf5fd0a,ord_174228ab,2024-11-01 23:02:02,paid,38.83,meta,cpc,meta_campaign_5,2024-11,2024-11,0
cust_ad03b63a,ord_d4ecb238,2024-02-16 11:20:03,paid,34.7,tiktok,cpc,tiktok_campaign_8,2024-02,2024-02,0
cust_ad128f4a,ord_98e00ab9,2024-05-23 07:12:47,paid,145.37,direct,direct,direct,2024-05,2024-05,0
cust_ad129cfe,ord_1560eb82,2024-11-06 20:38:02,paid,48.35,tiktok,cpc,tiktok_campaign_1,2024-11,2024-11,0
cust_ad3e26d5,ord_115a670b,2024-11-12 10:17:58,paid,68.92,meta,cpc,meta_campaign_6,2024-11,2024-11,0
cust_ad4398f8,ord_691e548d,2024-01-02 22:18:11,paid,169.44,direct,direct,direct,2024-01,2024-01,0
cust_ad590646,ord_98e0796b,2024-11-10 17:56:47,paid,33.15,direct,direct,direct,2024-11,2024-11,0
cust_ad594354,ord_11a3c0e9,2024-11-12 20:20:47,paid,73.19,direct,direct,direct,2024-11,2024-11,0
cust_ad8c23bc,ord_639804f9,2024-05-30 19:12:11,paid,85.29,google,cpc,google_campaign_6,2024-05,2024-05,0
cust_ad8f18f2,ord_daff887d,2024-12-06 18:12:00,paid,111.58,direct,direct,direct,2024-12,2024-12,0
cust_adb63e19,ord_4f78601e,2024-12-17 19:39:42,paid,149.09,meta,cpc,meta_campaign_13,2024-12,2024-12,0
cust_adce7be5,ord_1ebd694c,2024-04-15 11:53:05,paid,155.62,direct,direct,direct,2024-04,2024-04,0
cust_ae07f22e,ord_31151a27,2024-10-09 09:50:30,paid,138.38,google,cpc,google_campaign_17,2024-10,2024-10,0
cust_ae88f9fd,ord_38aee900,2024-03-13 08:38:30,paid,483.38,direct,direct,direct,2024-03,2024-03,0
cust_ae8ba1c7,ord_1302fb72,2024-05-30 18:29:33,paid,194.41,direct,direct,direct,2024-05,2024-05,0
cust_ae99a112,ord_89c828f3,2024-03-26 14:27:00,paid,66.68,direct,direct,direct,2024-03,2024-03,0
cust_aebbbecf,ord_0accfb2b,2024-05-25 18:00:41,paid,57.86,meta,cpc,meta_campaign_16,2024-05,2024-05,0
cust_af488ab6,ord_7c98df05,2024-07-18 11:34:49,paid,81.78,direct,direct,direct,2024-07,2024-07,0
cust_af4f7223,ord_d19661bc,2024-03-29 19:14:12,paid,123.38,direct,direct,direct,2024-03,2024-03,0
cust_af665f0f,ord_4554c444,2024-12-05 08:58:55,paid,133.16,organic,organic,direct,2024-12,2024-12,0
cust_afda687c,ord_75d9ba50,2024-07-13 21:36:51,paid,174.52,organic,organic,direct,2024-07,2024-07,0
cust_aff8fa47,ord_c5144a7a,2024-02-09 12:49:14,paid,67.07,google,cpc,google_campaign_7,2024-02,2024-02,0
cust_b027cf6d,ord_aaadc8e9,2024-11-29 10:10:44,paid,87.17,meta,cpc,meta_campaign_13,2024-11,2024-11,0
cust_b0a48426,ord_46c0648c,2024-11-27 21:13:32,paid,76.38,organic,organic,direct,2024-11,2024-11,0
cust_b0d1ef19,ord_a9db979c,2024-12-12 17:04:49,paid,170.93,email,email,email_campaign_6,2024-12,2024-12,0
cust_b0d9f1cf,ord_a776e3d7,2024-07-28 11:08:15,paid,70.68,google,cpc,google_campaign_6,2024-07,2024-07,0
cust_b1af7368,ord_2adf7e1f,2024-07-11 21:18:29,paid,62.54,meta,cpc,meta_campaign_17,2024-07,2024-07,0
cust_b1b79c0d,ord_bb721d20,2024-04-21 22:02:15,paid,42.34,meta,cpc,meta_campaign_14,2024-04,2024-04,0
cust_b1f2a3c2,ord_f1c3c05c,2024-05-30 11:18:24,paid,125.52,email,email,email_campaign_2,2024-05,2024-05,0
cust_b1ff3da2,ord_2f9399b3,2024-12-20 08:44:51,paid,74.6,direct,direct,direct,2024-12,2024-12,0
cust_b216805c,ord_259985a7,2024-11-24 10:06:36,paid,166.04,direct,direct,direct,2024-11,2024-11,0
cust_b2424b78,ord_93907850,2024-04-01 22:51:38,paid,79.29,google,cpc,google_campaign_6,2024-04,2024-04,0
cust_b2512122,ord_5440fb09,2024-10-17 14:11:30,paid,81.56,email,email,email_campaign_4,2024-10,2024-10,0
cust_b28c3720,ord_1736ac99,2024-12-29 22:01:10,paid,91.52,direct,direct,direct,2024-12,2024-12,0
cust_b2951432,ord_f1e56009,2024-11-22 19:43:55,paid,228.04,meta,cpc,meta_campaign_9,2024-11,2024-11,0
cust_b2ad47f8,ord_42fcc444,2024-07-18 20:05:02,paid,117.14,direct,direct,direct,2024-07,2024-07,0
cust_b2c446e9,ord_bcf3f44d,2024-11-16 16:36:39,paid,113.86,direct,direct,direct,2024-11,2024-11,0
cust_b2d23a3b,ord_ceba4f15,2024-12-15 09:38:47,paid,93.33,organic,organic,direct,2024-12,2024-12,0
cust_b2da8de7,ord_5fc92b7a,2024-10-17 07:40:13,paid,37.41,direct,direct,direct,2024-10,2024-10,0
cust_b2e122c2,ord_a737b484,2024-08-29 17:33:20,paid,285.99,direct,direct,direct,2024-08,2024-08,0
cust_b2ee8483,ord_a63e8907,2024-10-22 11:14:32,paid,390.95,organic,organic,direct,2024-10,2024-10,0
cust_b2f79f5c,ord_9099e4c6,2024-04-22 08:02:45,paid,329.3,google,cpc,google_campaign_19,2024-04,2024-04,0
cust_b300c63b,ord_6fda0eec,2024-10-19 11:21:43,paid,256.81,meta,cpc,meta_campaign_14,2024-10,2024-10,0
cust_b30b2964,ord_6b98676f,2024-09-07 15:09:26,paid,119.14,google,cpc,google_campaign_13,2024-09,2024-09,0
cust_b3195f0b,ord_1c4ea5e0,2024-08-06 07:58:09,paid,282.18,direct,direct,direct,2024-08,2024-08,0
cust_b33842fb,ord_785c80a5,2024-01-16 08:14:14,paid,92.01,direct,direct,direct,2024-01,2024-01,0
cust_b345c77b,ord_c259e7c1,2024-03-14 19:50:40,paid,164.33,direct,direct,direct,2024-03,2024-03,0
cust_b3656640,ord_423c4fb4,2024-05-10 15:58:36,paid,65.87,direct,direct,direct,2024-05,2024-05,0
cust_b39f7963,ord_7199bf0b,2024-08-01 19:35:58,paid,65.15,meta,cpc,meta_campaign_8,2024-08,2024-08,0
cust_b3d61c08,ord_d371aec0,2024-06-08 08:56:17,paid,78.44,meta,cpc,meta_campaign_15,2024-06,2024-06,0
cust_b3d7f290,ord_5ddbdb1a,2024-07-05 12:43:17,paid,63.4,direct,direct,direct,2024-07,2024-07,0
cust_b40fa7d0,ord_bdad898f,2024-02-24 09:14:13,paid,88.94,tiktok,cpc,tiktok_campaign_16,2024-02,2024-02,0
cust_b45837ee,ord_d276e814,2024-11-29 10:19:24,paid,39.44,direct,direct,direct,2024-11,2024-11,0
cust_b495d742,ord_7b6a006c,2024-01-30 08:37:25,paid,198.03,google,cpc,google_campaign_19,2024-01,2024-01,0
cust_b4a6652d,ord_e5467f47,2024-06-25 01:02:16,paid,128.95,google,cpc,google_campaign_15,2024-06,2024-06,0
cust_b4e90d38,ord_eb2f0e73,2024-03-08 17:33:06,paid,30.44,organic,organic,direct,2024-03,2024-03,0
cust_b502bfd2,ord_d725b632,2024-05-13 00:20:33,paid,65.56,email,email,email_campaign_3,2024-05,2024-05,0
cust_b5043cbc,ord_81aa5780,2024-07-04 12:08:04,paid,35.34,direct,direct,direct,2024-07,2024-07,0
cust_b52768a2,ord_6993f99a,2024-10-29 18:02:05,paid,226.31,google,cpc,google_campaign_14,2024-10,2024-10,0
cust_b5a8ea75,ord_cb247392,2024-03-20 23:46:31,paid,35.03,organic,organic,direct,2024-03,2024-03,0
cust_b5ab39cb,ord_7103be01,2024-10-06 22:48:08,paid,112.99,organic,organic,direct,2024-10,2024-10,0
cust_b5b7e28c,ord_ac31b7bc,2024-06-21 07:55:10,paid,137.75,direct,direct,direct,2024-06,2024-06,0
cust_b60a2ea2,ord_14efa26e,2024-11-10 09:37:32,paid,103.37,direct,direct,direct,2024-11,2024-11,0
cust_b621c454,ord_4f8098a1,2024-11-17 19:19:12,paid,53.22,tiktok,cpc,tiktok_campaign_16,2024-11,2024-11,0
cust_b6441b40,ord_254f2fde,2024-10-26 19:56:09,paid,73.71,organic,organic,direct,2024-10,2024-10,0
cust_b64a5b47,ord_3840e126,2024-05-25 00:21:37,paid,48.32,direct,direct,direct,2024-05,2024-05,0
cust_b6ac5443,ord_7809c76a,2024-06-16 08:35:10,paid,142.03,direct,direct,direct,2024-06,2024-06,0
cust_b6adf685,ord_ab9501bf,2024-01-13 12:44:43,paid,78.25,email,email,email_campaign_9,2024-01,2024-01,0
cust_b6b2b518,ord_2cc08c52,2024-07-10 19:33:31,paid,64.61,direct,direct,direct,2024-07,2024-07,0
cust_b6e9d351,ord_a35f8515,2024-06-11 22:57:14,paid,89.12,direct,direct,direct,2024-06,2024-06,0
cust_b73d5a3b,ord_05aa8325,2024-09-06 18:03:09,paid,123.43,tiktok,cpc,tiktok_campaign_4,2024-09,2024-09,0
cust_b7659067,ord_fb40afac,2024-12-19 10:31:32,paid,65.72,tiktok,cpc,tiktok_campaign_15,2024-12,2024-12,0
cust_b76afead,ord_6449a3bf,2024-08-12 15:50:52,paid,251.28,meta,cpc,meta_campaign_8,2024-08,2024-08,0
cust_b7a492e4,ord_0e481c0f,2024-04-12 13:39:59,paid,35.61,direct,direct,direct,2024-04,2024-04,0
cust_b7bb44f2,ord_87f7e1f9,2024-08-31 18:34:23,paid,95.57,direct,direct,direct,2024-08,2024-08,0
cust_b7ce7c4d,ord_11603e59,2024-05-30 06:30:48,paid,70.94,direct,direct,direct,2024-05,2024-05,0
cust_b8078fe1,ord_22dedecf,2024-12-31 14:05:00,paid,37.1,direct,direct,direct,2024-12,2024-12,0
cust_b822e943,ord_aca9b61d,2024-08-16 19:18:46,paid,91.16,meta,cpc,meta_campaign_17,2024-08,2024-08,0
cust_b8416f17,ord_a454b5b8,2024-07-11 19:37:42,paid,64.47,direct,direct,direct,2024-07,2024-07,0
cust_b87c55aa,ord_45bc1b4b,2024-12-07 13:26:24,paid,98.06,tiktok,cpc,tiktok_campaign_5,2024-12,2024-12,0
cust_b8f61831,ord_595a6035,2024-09-21 21:05:13,paid,89.01,organic,organic,direct,2024-09,2024-09,0
cust_b920634b,ord_65d5a7cb,2024-06-30 21:35:35,paid,113.18,google,cpc,google_campaign_12,2024-06,2024-06,0
cust_b9850f4a,ord_f1d4ead1,2024-10-21 19:14:14,paid,72.97,meta,cpc,meta_campaign_6,2024-10,2024-10,0
cust_b9a48e44,ord_4f68238b,2024-12-01 18:18:19,paid,50.52,google,cpc,google_campaign_11,2024-12,2024-12,0
cust_b9c94e0b,ord_49f174ac,2024-12-09 09:41:22,paid,70.84,meta,cpc,meta_campaign_10,2024-12,2024-12,0
cust_b9d4f3c4,ord_7339f7b4,2024-06-14 18:47:05,paid,37.13,meta,cpc,meta_campaign_6,2024-06,2024-06,0
cust_ba0e1ee1,ord_c8bdaf1b,2024-07-29 10:40:25,paid,124.16,meta,cpc,meta_campaign_11,2024-07,2024-07,0
cust_ba1b090d,ord_ccaac5fb,2024-04-10 11:25:45,paid,41.13,google,cpc,google_campaign_16,2024-04,2024-04,0
cust_ba4fb5dc,ord_6bce8772,2024-12-24 16:38:34,paid,235.55,meta,cpc,meta_campaign_15,2024-12,2024-12,0
cust_bac37565,ord_ed858c9d,2024-12-11 14:26:22,paid,60.43,google,cpc,google_campaign_1,2024-12,2024-12,0
cust_bb04b4e1,ord_a05dd651,2024-01-16 13:44:45,paid,40.82,tiktok,cpc,tiktok_campaign_16,2024-01,2024-01,0
cust_bb0e7be9,ord_7d2a5392,2024-05-12 15:37:52,paid,16.64,meta,cpc,meta_campaign_17,2024-05,2024-05,0
cust_bb336c34,ord_b74ac47e,2024-04-01 21:50:56,paid,122.55,direct,direct,direct,2024-04,2024-04,0
cust_bb3a3104,ord_26924e26,2024-11-29 22:09:35,paid,85.32,google,cpc,google_campaign_13,2024-11,2024-11,0
cust_bb461844,ord_61d2a80b,2024-06-23 12:40:58,paid,53.91,direct,direct,direct,2024-06,2024-06,0
cust_bb4c6891,ord_7890834c,2024-06-16 17:43:38,paid,77.27,direct,direct,direct,2024-06,2024-06,0
cust_bb677dd0,ord_d361b391,2024-10-07 21:38:45,paid,134.25,direct,direct,direct,2024-10,2024-10,0
cust_bb6c5f36,ord_1382dd1b,2024-12-09 09:26:11,paid,59.3,direct,direct,direct,2024-12,2024-12,0
cust_bb6fa370,ord_8b889004,2024-09-15 09:59:20,paid,70.79,direct,direct,direct,2024-09,2024-09,0
cust_bbddb791,ord_51059af7,2024-12-16 21:19:53,paid,54.08,direct,direct,direct,2024-12,2024-12,0
cust_bbe6c9ed,ord_88fcd1a4,2024-10-14 20:05:41,paid,39.48,direct,direct,direct,2024-10,2024-10,0
cust_bc177f73,ord_4ee53fc8,2024-09-10 21:15:20,paid,87.27,google,cpc,google_campaign_19,2024-09,2024-09,0
cust_bc47a80b,ord_8a2d95b0,2024-09-10 03:54:35,paid,125.81,tiktok,cpc,tiktok_campaign_10,2024-09,2024-09,0
cust_bc4f4fc3,ord_1ffde53e,2024-07-04 20:05:39,paid,28.93,tiktok,cpc,tiktok_campaign_14,2024-07,2024-07,0
cust_bc714dc8,ord_987873c5,2024-04-24 08:46:26,paid,146.95,google,cpc,google_campaign_17,2024-04,2024-04,0
cust_bc723509,ord_2c4ed25a,2024-06-19 03:34:52,paid,54.6,meta,cpc,meta_campaign_13,2024-06,2024-06,0
cust_bc804454,ord_390faedd,2024-12-03 14:14:35,paid,225.64,direct,direct,direct,2024-12,2024-12,0
cust_bcaff4ea,ord_a766488b,2024-11-10 08:55:22,paid,78.96,meta,cpc,meta_campaign_10,2024-11,2024-11,0
cust_bcbfbd28,ord_d62758e8,2024-04-30 19:02:30,paid,291.03,email,email,email_campaign_4,2024-04,2024-04,0
cust_bd022c77,ord_3ef15ca9,2024-09-26 16:27:17,paid,65.71,organic,organic,direct,2024-09,2024-09,0
cust_bd0c738a,ord_c61da689,2024-06-03 20:54:20,paid,69.58,direct,direct,direct,2024-06,2024-06,0
cust_bd694d02,ord_cf890d4d,2024-07-23 12:15:54,paid,130.66,organic,organic,direct,2024-07,2024-07,0
cust_bdae9b2e,ord_591a79f5,2024-09-07 10:01:17,paid,84.57,google,cpc,google_campaign_19,2024-09,2024-09,0
cust_bdfbfe23,ord_6dc21008,2024-05-13 20:28:21,paid,114.3,direct,direct,direct,2024-05,2024-05,0
cust_be1c483a,ord_fa6c77fc,2024-02-03 21:36:04,paid,142.09,organic,organic,direct,2024-02,2024-02,0
cust_be246550,ord_ed4ed5e6,2024-01-05 18:05:12,paid,123.49,tiktok,cpc,tiktok_campaign_17,2024-01,2024-01,0
cust_be46d94b,ord_d8966efd,2024-01-07 14:39:34,paid,74.76,direct,direct,direct,2024-01,2024-01,0
cust_be586d90,ord_7dc1462a,2024-12-09 15:38:49,paid,110.8,direct,direct,direct,2024-12,2024-12,0
cust_bebf3f4a,ord_a8b3c67f,2024-06-06 11:38:03,paid,154.45,google,cpc,google_campaign_4,2024-06,2024-06,0
cust_bec9aabd,ord_050bb953,2024-11-24 13:31:08,paid,90.94,direct,direct,direct,2024-11,2024-11,0
cust_bf1de200,ord_4ef02039,2024-03-15 21:58:10,paid,58.53,direct,direct,direct,2024-03,2024-03,0
cust_bfa9dd73,ord_1886a64f,2024-10-28 00:01:50,paid,221.31,direct,direct,direct,2024-10,2024-10,0
cust_bfd94155,ord_51bba861,2024-06-13 19:31:10,paid,89.62,organic,organic,direct,2024-06,2024-06,0
cust_bff562d8,ord_240dcfb3,2024-12-18 22:04:52,paid,79.67,google,cpc,google_campaign_19,2024-12,2024-12,0
cust_c0191745,ord_898e7fcd,2024-09-29 14:19:36,paid,30.9,organic,organic,direct,2024-09,2024-09,0
cust_c0236856,ord_ee58e670,2024-06-14 08:59:48,paid,40.23,google,cpc,google_campaign_5,2024-06,2024-06,0
cust_c042971a,ord_a7fbb900,2024-01-27 13:40:21,paid,41.14,google,cpc,google_campaign_3,2024-01,2024-01,0
cust_c04ea1a6,ord_0aca4b92,2024-01-17 08:14:31,paid,124.81,email,email,email_campaign_4,2024-01,2024-01,0
cust_c0a9976b,ord_9c85a127,2024-10-19 09:12:39,paid,96.81,meta,cpc,meta_campaign_1,2024-10,2024-10,0
cust_c13a237d,ord_de710641,2024-02-25 16:08:43,paid,107.73,meta,cpc,meta_campaign_8,2024-02,2024-02,0
cust_c14d873d,ord_fb40cf6f,2024-02-03 08:36:04,paid,79.72,tiktok,cpc,tiktok_campaign_7,2024-02,2024-02,0
cust_c15a8023,ord_1d85a35c,2024-03-17 21:13:43,paid,142.39,direct,direct,direct,2024-03,2024-03,0
cust_c1a8bd3f,ord_9bce0cb2,2024-02-27 09:59:10,paid,68.19,google,cpc,google_campaign_5,2024-02,2024-02,0
cust_c1b50d22,ord_24476800,2024-05-31 10:43:05,paid,90.87,tiktok,cpc,tiktok_campaign_16,2024-05,2024-05,0
cust_c1e49c1b,ord_be6f6e77,2024-02-02 02:11:00,paid,20.77,organic,organic,direct,2024-02,2024-02,0
cust_c25c2ea7,ord_2560377c,2024-07-19 11:13:04,paid,103.52,meta,cpc,meta_campaign_2,2024-07,2024-07,0
cust_c25f500c,ord_ada4852d,2024-08-05 20:19:35,paid,48.3,tiktok,cpc,tiktok_campaign_6,2024-08,2024-08,0
cust_c26a9ce3,ord_ac59e49e,2024-09-15 18:59:13,paid,22.99,direct,direct,direct,2024-09,2024-09,0
cust_c284fbd3,ord_ce09b900,2024-11-07 22:20:14,paid,135.83,direct,direct,direct,2024-11,2024-11,0
cust_c2936336,ord_d4ce106b,2024-06-14 14:40:23,paid,67.27,google,cpc,google_campaign_6,2024-06,2024-06,0
cust_c2a5916c,ord_375719c6,2024-11-26 12:32:24,paid,132.15,organic,organic,direct,2024-11,2024-11,0
cust_c31f0e21,ord_eb90b606,2024-05-02 20:40:45,paid,502.22,tiktok,cpc,tiktok_campaign_2,2024-05,2024-05,0
cust_c32885ca,ord_478c024f,2024-09-02 11:13:36,paid,56.8,direct,direct,direct,2024-09,2024-09,0
cust_c333783a,ord_d5d5cf80,2024-07-08 19:39:33,paid,25.07,organic,organic,direct,2024-07,2024-07,0
cust_c3ed97fc,ord_5f5b8926,2024-01-16 21:04:13,paid,38.16,email,email,email_campaign_5,2024-01,2024-01,0
cust_c3fcb646,ord_4007c370,2024-08-22 00:32:15,paid,95.69,direct,direct,direct,2024-08,2024-08,0
cust_c4387e25,ord_a6380dfe,2024-04-08 12:05:40,paid,192.47,meta,cpc,meta_campaign_5,2024-04,2024-04,0
cust_c4a0be55,ord_d7b36023,2024-07-19 21:12:51,paid,96.71,meta,cpc,meta_campaign_9,2024-07,2024-07,0
cust_c4a31b19,ord_a1e9ed51,2024-10-06 19:24:31,paid,55.52,direct,direct,direct,2024-10,2024-10,0
cust_c4ef5b75,ord_2019b1f3,2024-06-24 12:38:46,paid,71.58,email,email,email_campaign_9,2024-06,2024-06,0
cust_c544ed2e,ord_2a50e680,2024-12-21 15:03:22,paid,40.72,direct,direct,direct,2024-12,2024-12,0
cust_c5568231,ord_c0871295,2024-12-14 13:40:59,paid,105.12,meta,cpc,meta_campaign_15,2024-12,2024-12,0
cust_c58435e5,ord_64f613d9,2024-02-12 19:18:17,paid,121.85,google,cpc,google_campaign_3,2024-02,2024-02,0
cust_c598e42b,ord_76d31803,2024-10-27 21:50:55,paid,90.47,direct,direct,direct,2024-10,2024-10,0
cust_c59ef482,ord_a5c7602f,2024-11-12 19:50:21,paid,31.54,tiktok,cpc,tiktok_campaign_16,2024-11,2024-11,0
cust_c5aa8604,ord_10bd97cb,2024-10-09 22:01:17,paid,90.78,direct,direct,direct,2024-10,2024-10,0
cust_c5e5d6bc,ord_392f6d98,2024-01-09 10:28:34,paid,94.06,direct,direct,direct,2024-01,2024-01,0
cust_c5eeb2a1,ord_d85f0eb9,2024-08-06 16:52:01,paid,85.14,meta,cpc,meta_campaign_9,2024-08,2024-08,0
cust_c63e9dc7,ord_3d393885,2024-11-18 20:20:26,paid,43.33,direct,direct,direct,2024-11,2024-11,0
cust_c66596a8,ord_f3d06b58,2024-08-05 17:38:14,paid,118.57,direct,direct,direct,2024-08,2024-08,0
cust_c67f1a19,ord_9d7f2efb,2024-12-07 19:43:51,paid,56.47,direct,direct,direct,2024-12,2024-12,0
cust_c6bd94a4,ord_8b3c12fa,2024-06-25 16:17:53,paid,36.02,direct,direct,direct,2024-06,2024-06,0
cust_c716593b,ord_fc476af6,2024-08-21 05:27:52,paid,79.38,organic,organic,direct,2024-08,2024-08,0
cust_c77e2c28,ord_4c049419,2024-02-28 14:39:23,paid,81.26,direct,direct,direct,2024-02,2024-02,0
cust_c7aa7d0a,ord_82d77598,2024-02-15 19:18:48,paid,42.86,google,cpc,google_campaign_11,2024-02,2024-02,0
cust_c7c31fb5,ord_e34afa7b,2024-01-06 19:26:58,paid,73.54,direct,direct,direct,2024-01,2024-01,0
cust_c867548a,ord_81adb946,2024-10-13 20:33:26,paid,57.54,organic,organic,direct,2024-10,2024-10,0
cust_c86b913e,ord_2bd59f5e,2024-08-25 19:38:56,paid,59.59,direct,direct,direct,2024-08,2024-08,0
cust_c86fb05c,ord_c7efce44,2024-02-15 13:36:47,paid,32.78,google,cpc,google_campaign_13,2024-02,2024-02,0
cust_c8b305f7,ord_d5d8a440,2024-02-27 09:33:46,paid,128.18,meta,cpc,meta_campaign_17,2024-02,2024-02,0
cust_c8cd974b,ord_de24bfc3,2024-03-28 17:38:50,paid,84.17,google,cpc,google_campaign_18,2024-03,2024-03,0
cust_c92daa33,ord_59e212b8,2024-11-11 17:14:07,paid,88.47,direct,direct,direct,2024-11,2024-11,0
cust_c93cf7cb,ord_62e054f7,2024-10-12 15:37:09,paid,123.76,direct,direct,direct,2024-10,2024-10,0
cust_c99f2bbe,ord_3b8e6f5d,2024-01-13 17:16:28,paid,124.73,organic,organic,direct,2024-01,2024-01,0
cust_c9f979df,ord_14234043,2024-04-09 19:16:04,paid,28.15,direct,direct,direct,2024-04,2024-04,0
cust_ca1872e8,ord_41a75243,2024-08-05 21:52:28,paid,146.59,meta,cpc,meta_campaign_8,2024-08,2024-08,0
cust_ca320d0f,ord_3c24c8ec,2024-01-16 09:38:55,paid,91.69,direct,direct,direct,2024-01,2024-01,0
cust_ca711753,ord_8921048f,2024-03-16 15:51:19,paid,333.76,meta,cpc,meta_campaign_9,2024-03,2024-03,0
cust_ca711753,ord_3ee888e1,2024-12-08 08:37:06,paid,72.37,meta,cpc,meta_campaign_7,2024-03,2024-12,9
cust_caff0189,ord_1f83a51e,2024-11-08 08:58:17,paid,71.58,google,cpc,google_campaign_11,2024-11,2024-11,0
cust_cb284211,ord_6cff1d5b,2024-04-28 13:48:34,paid,43.82,meta,cpc,meta_campaign_3,2024-04,2024-04,0
cust_cb296447,ord_ee9f27e1,2024-01-13 03:41:29,paid,236.14,organic,organic,direct,2024-01,2024-01,0
cust_cb408276,ord_b9168a1f,2024-12-27 10:19:16,paid,49.78,organic,organic,direct,2024-12,2024-12,0
cust_cb58594c,ord_86f8d60b,2024-10-18 15:49:25,paid,71.56,tiktok,cpc,tiktok_campaign_7,2024-10,2024-10,0
cust_cb7d06a4,ord_69837217,2024-11-26 18:58:30,paid,55.4,meta,cpc,meta_campaign_16,2024-11,2024-11,0
cust_cbd3f3d5,ord_92118c48,2024-04-10 21:06:07,paid,86.58,meta,cpc,meta_campaign_15,2024-04,2024-04,0
cust_cbe18638,ord_db2aa44b,2024-11-12 07:20:59,paid,40.27,organic,organic,direct,2024-11,2024-11,0
cust_cc58de35,ord_06a6b02e,2024-09-04 14:39:20,paid,74.16,organic,organic,direct,2024-09,2024-09,0
cust_cc61fb9a,ord_a74776c3,2024-10-30 22:19:06,paid,61.19,direct,direct,direct,2024-10,2024-10,0
cust_cc72620e,ord_f828f1e1,2024-04-13 02:34:34,paid,42.44,meta,cpc,meta_campaign_6,2024-04,2024-04,0
cust_cc92c27b,ord_6840c694,2024-11-14 12:49:49,paid,127.8,meta,cpc,meta_campaign_9,2024-11,2024-11,0
cust_cc99491f,ord_6457d5a4,2024-12-02 16:02:21,paid,132.09,direct,direct,direct,2024-12,2024-12,0
cust_ccac14a8,ord_3249f17d,2024-10-03 21:27:01,paid,138.86,tiktok,cpc,tiktok_campaign_17,2024-10,2024-10,0
cust_ccaffc9b,ord_edb7bffe,2024-02-24 20:03:28,paid,371.58,direct,direct,direct,2024-02,2024-02,0
cust_ccb955c8,ord_a5553f51,2024-07-28 06:12:26,paid,87.24,direct,direct,direct,2024-07,2024-07,0
cust_ccc277c0,ord_ad5e7d07,2024-11-09 00:31:50,paid,245.39,google,cpc,google_campaign_10,2024-11,2024-11,0
cust_ccd4ef3c,ord_c9d0d271,2024-09-07 23:06:43,paid,80.63,tiktok,cpc,tiktok_campaign_11,2024-09,2024-09,0
cust_cceb81de,ord_1a7b7e01,2024-04-03 10:46:56,paid,122.25,google,cpc,google_campaign_16,2024-04,2024-04,0
cust_cd06e7e3,ord_2a8d1911,2024-12-16 08:04:10,paid,319.5,google,cpc,google_campaign_3,2024-12,2024-12,0
cust_cd15c899,ord_cdf2eea2,2024-03-25 06:11:05,paid,152.42,google,cpc,google_campaign_15,2024-03,2024-03,0
cust_cd16cbef,ord_f743ccc3,2024-06-25 10:51:34,paid,86.02,meta,cpc,meta_campaign_8,2024-06,2024-06,0
cust_cd2c4fc7,ord_249adfb4,2024-05-11 14:50:55,paid,40.36,direct,direct,direct,2024-05,2024-05,0
cust_cdbaef55,ord_ad67c968,2024-07-09 22:33:50,paid,56.35,meta,cpc,meta_campaign_13,2024-07,2024-07,0
cust_cdbc4528,ord_796972cd,2024-12-05 17:05:24,paid,61.63,email,email,email_campaign_3,2024-12,2024-12,0
cust_cdfed7f8,ord_340707ce,2024-08-27 20:51:55,paid,73.92,direct,direct,direct,2024-08,2024-08,0
cust_ce2705d7,ord_8deca979,2024-11-26 18:38:43,paid,47.62,organic,organic,direct,2024-11,2024-11,0
cust_ce2b41fe,ord_a6e0900f,2024-03-18 17:49:28,paid,52.46,organic,organic,direct,2024-03,2024-03,0
cust_ce3a5864,ord_8a490ba2,2024-12-07 05:22:14,paid,40.37,direct,direct,direct,2024-12,2024-12,0
cust_ce5f5b84,ord_75827ffe,2024-12-14 10:48:11,paid,41.62,organic,organic,direct,2024-12,2024-12,0
cust_ceb8c0e6,ord_efe2c34a,2024-02-28 14:56:11,paid,69.2,tiktok,cpc,tiktok_campaign_19,2024-02,2024-02,0
cust_cebb2e54,ord_fb8dcad6,2024-03-02 18:20:52,paid,85.99,direct,direct,direct,2024-03,2024-03,0
cust_ced8205d,ord_1eecda96,2024-11-26 00:01:18,paid,149.59,tiktok,cpc,tiktok_campaign_12,2024-11,2024-11,0
cust_ceed3acb,ord_4e94b275,2024-12-11 10:10:23,paid,341.67,email,email,email_campaign_4,2024-12,2024-12,0
cust_cf033012,ord_9ada6e2f,2024-10-06 12:49:29,paid,250.03,google,cpc,google_campaign_7,2024-10,2024-10,0
cust_cf0df2fb,ord_8db9e3cf,2024-07-14 21:14:20,paid,55.18,meta,cpc,meta_campaign_9,2024-07,2024-07,0
cust_cf34991f,ord_0843689f,2024-12-17 14:32:12,paid,116.7,google,cpc,google_campaign_14,2024-12,2024-12,0
cust_cf3eb1f0,ord_f5a4626a,2024-05-20 08:36:27,paid,56.29,google,cpc,google_campaign_9,2024-05,2024-05,0
cust_cf52673d,ord_016e5bde,2024-11-11 13:01:49,paid,64.46,google,cpc,google_campaign_1,2024-11,2024-11,0
cust_cf63f7b8,ord_93cb99a8,2024-01-31 22:01:16,paid,77.96,tiktok,cpc,tiktok_campaign_6,2024-01,2024-01,0
cust_cf892466,ord_a03cbad3,2024-12-15 21:54:36,paid,59.13,organic,organic,direct,2024-12,2024-12,0
cust_cff2dc78,ord_a69416e0,2024-09-08 20:48:04,paid,88.07,direct,direct,direct,2024-09,2024-09,0
cust_cffab188,ord_cb70c698,2024-09-15 22:22:40,paid,62.44,google,cpc,google_campaign_11,2024-09,2024-09,0
cust_cffbbeb0,ord_5c6098dc,2024-03-06 15:46:07,paid,86.29,direct,direct,direct,2024-03,2024-03,0
cust_d0170566,ord_ff11e0a8,2024-05-13 15:22:28,paid,276.64,direct,direct,direct,2024-05,2024-05,0
cust_d01816bd,ord_55b5d1ba,2024-08-20 07:11:59,paid,49.82,google,cpc,google_campaign_16,2024-08,2024-08,0
cust_d01db3bd,ord_e8283a2e,2024-11-03 15:45:44,paid,229.48,direct,direct,direct,2024-11,2024-11,0
cust_d028e068,ord_bcfc3513,2024-12-16 10:29:07,paid,84.02,meta,cpc,meta_campaign_14,2024-12,2024-12,0
cust_d07f833b,ord_3638aec5,2024-12-13 19:55:44,paid,84.04,google,cpc,google_campaign_13,2024-12,2024-12,0
cust_d09d0d21,ord_97aa0b67,2024-10-11 02:19:47,paid,130.1,direct,direct,direct,2024-10,2024-10,0
cust_d0a61de8,ord_5420af62,2024-05-20 08:12:01,paid,199.6,organic,organic,direct,2024-05,2024-05,0
cust_d12e7b85,ord_18b921a8,2024-07-27 21:10:09,paid,74.67,direct,direct,direct,2024-07,2024-07,0
cust_d143c6cb,ord_68cf7a12,2024-02-17 10:42:35,paid,146.36,organic,organic,direct,2024-02,2024-02,0
cust_d14dc276,ord_192a6981,2024-07-24 08:43:02,paid,47.35,direct,direct,direct,2024-07,2024-07,0
cust_d17195ff,ord_008d8e7e,2024-11-09 21:25:26,paid,72.5,organic,organic,direct,2024-11,2024-11,0
cust_d17244b8,ord_0f598bb5,2024-05-02 22:12:19,paid,55.08,direct,direct,direct,2024-05,2024-05,0
cust_d180580b,ord_c3d0d7bc,2024-05-11 08:53:41,paid,63.21,google,cpc,google_campaign_5,2024-05,2024-05,0
cust_d1b77f9b,ord_97391e9e,2024-08-06 08:28:44,paid,52.4,meta,cpc,meta_campaign_19,2024-08,2024-08,0
cust_d1d2c9b0,ord_b8dbf190,2024-12-01 11:16:39,paid,109.32,meta,cpc,meta_campaign_7,2024-12,2024-12,0
cust_d1e2c0c7,ord_dd484f30,2024-05-17 08:12:52,paid,47.75,direct,direct,direct,2024-05,2024-05,0
cust_d1f612dc,ord_457ff1db,2024-09-08 07:50:32,paid,137.78,google,cpc,google_campaign_1,2024-09,2024-09,0
cust_d221fe61,ord_6067adaa,2024-10-19 21:43:43,paid,125.06,meta,cpc,meta_campaign_16,2024-10,2024-10,0
cust_d246a145,ord_7e2c76e8,2024-03-05 14:31:19,paid,182.11,direct,direct,direct,2024-03,2024-03,0
cust_d2696e7a,ord_e7bdd588,2024-08-11 20:22:25,paid,79.03,google,cpc,google_campaign_17,2024-08,2024-08,0
cust_d2897687,ord_75475a1f,2024-06-17 11:36:19,paid,62.93,meta,cpc,meta_campaign_3,2024-06,2024-06,0
cust_d2a59ad9,ord_ede19cc4,2024-11-24 01:12:46,paid,79.63,direct,direct,direct,2024-11,2024-11,0
cust_d319c70e,ord_14932330,2024-11-11 15:32:47,paid,88.54,meta,cpc,meta_campaign_7,2024-11,2024-11,0
cust_d333e76f,ord_aae6e5d0,2024-06-07 20:57:28,paid,84.1,direct,direct,direct,2024-06,2024-06,0
cust_d3883054,ord_b2004360,2024-05-23 19:29:55,paid,134.68,direct,direct,direct,2024-05,2024-05,0
cust_d3b38a84,ord_20819b87,2024-01-15 13:18:57,paid,71.13,tiktok,cpc,tiktok_campaign_3,2024-01,2024-01,0
cust_d3ee4aea,ord_3819504d,2024-05-27 17:41:02,paid,211.47,direct,direct,direct,2024-05,2024-05,0
cust_d3f462d6,ord_f558f633,2024-03-06 14:54:35,paid,29.1,direct,direct,direct,2024-03,2024-03,0
cust_d463b836,ord_faf7facd,2024-09-21 16:21:05,paid,192.3,direct,direct,direct,2024-09,2024-09,0
cust_d46fb2e1,ord_501be54d,2024-03-19 23:35:38,paid,103.0,organic,organic,direct,2024-03,2024-03,0
cust_d4c38a5e,ord_0dc74959,2024-04-09 18:59:54,paid,81.8,direct,direct,direct,2024-04,2024-04,0
cust_d4d992a7,ord_f5359175,2024-05-15 19:15:15,paid,143.85,direct,direct,direct,2024-05,2024-05,0
cust_d51c7fd2,ord_ab6636f8,2024-02-24 09:29:18,paid,242.26,direct,direct,direct,2024-02,2024-02,0
cust_d545c454,ord_6da43982,2024-06-19 20:25:41,paid,53.91,meta,cpc,meta_campaign_8,2024-06,2024-06,0
cust_d54eeab7,ord_c436d128,2024-03-08 08:07:04,paid,144.37,organic,organic,direct,2024-03,2024-03,0
cust_d55ac03f,ord_3cee92fd,2024-09-24 09:33:36,paid,191.7,tiktok,cpc,tiktok_campaign_7,2024-09,2024-09,0
cust_d58b2843,ord_33a2607f,2024-04-02 16:06:11,paid,70.14,direct,direct,direct,2024-04,2024-04,0
cust_d58f9ff4,ord_7677a4ad,2024-09-14 18:33:39,paid,86.83,tiktok,cpc,tiktok_campaign_19,2024-09,2024-09,0
cust_d5a0ad4d,ord_8a6953a7,2024-11-04 08:36:45,paid,33.04,direct,direct,direct,2024-11,2024-11,0
cust_d5bb123e,ord_a6208f69,2024-12-18 20:51:26,paid,98.23,organic,organic,direct,2024-12,2024-12,0
cust_d5c02e47,ord_5cd67269,2024-02-14 06:38:33,paid,56.05,meta,cpc,meta_campaign_9,2024-02,2024-02,0
cust_d60aa63b,ord_635b4647,2024-03-24 20:50:52,paid,45.6,direct,direct,direct,2024-03,2024-03,0
cust_d66aeb66,ord_d1bf0e76,2024-10-02 11:13:12,paid,39.94,direct,direct,direct,2024-10,2024-10,0
cust_d67229e1,ord_628a39f1,2024-09-01 20:51:34,paid,82.14,direct,direct,direct,2024-09,2024-09,0
cust_d68705f7,ord_290752b4,2024-03-29 05:11:13,paid,270.82,direct,direct,direct,2024-03,2024-03,0
cust_d68705f7,ord_7f2939f0,2024-09-01 10:41:19,paid,114.56,direct,direct,direct,2024-03,2024-09,6
cust_d687d2be,ord_b6a4151c,2024-08-18 21:15:37,paid,242.86,direct,direct,direct,2024-08,2024-08,0
cust_d69855e3,ord_0d1b8286,2024-07-21 11:31:34,paid,34.92,google,cpc,google_campaign_8,2024-07,2024-07,0
cust_d6acdfc4,ord_3d1a5afe,2024-05-19 06:13:35,paid,63.77,organic,organic,direct,2024-05,2024-05,0
cust_d6d00228,ord_f3f1cd29,2024-12-12 12:28:14,paid,30.05,direct,direct,direct,2024-12,2024-12,0
cust_d6efa8bb,ord_e0d63979,2024-06-08 07:21:51,paid,101.61,meta,cpc,meta_campaign_6,2024-06,2024-06,0
cust_d71a99f0,ord_66d1d4e0,2024-07-23 10:03:35,paid,66.25,direct,direct,direct,2024-07,2024-07,0
cust_d727d665,ord_20c92420,2024-01-02 11:37:27,paid,285.82,tiktok,cpc,tiktok_campaign_7,2024-01,2024-01,0
cust_d7306006,ord_fee88f5c,2024-12-06 21:22:31,paid,84.49,meta,cpc,meta_campaign_19,2024-12,2024-12,0
cust_d756ee4c,ord_c035c627,2024-07-22 11:21:29,paid,186.93,organic,organic,direct,2024-07,2024-07,0
cust_d7673144,ord_b1041205,2024-08-18 16:30:41,paid,117.41,organic,organic,direct,2024-08,2024-08,0
cust_d7f40e88,ord_000c07d9,2024-08-25 20:15:27,paid,94.51,google,cpc,google_campaign_14,2024-08,2024-08,0
cust_d80204b7,ord_bf2c86ea,2024-07-07 17:58:41,paid,70.38,direct,direct,direct,2024-07,2024-07,0
cust_d8081501,ord_1ed30886,2024-10-21 18:36:33,paid,310.62,direct,direct,direct,2024-10,2024-10,0
cust_d859113a,ord_6e01e74e,2024-01-16 18:13:41,paid,46.85,google,cpc,google_campaign_3,2024-01,2024-01,0
cust_d86770a5,ord_5cb6895f,2024-08-01 21:29:29,paid,58.43,tiktok,cpc,tiktok_campaign_9,2024-08,2024-08,0
cust_d89b5820,ord_1790c411,2024-05-21 09:46:01,paid,100.03,direct,direct,direct,2024-05,2024-05,0
cust_d8a9bb80,ord_3597a35e,2024-05-26 21:28:32,paid,30.33,organic,organic,direct,2024-05,2024-05,0
cust_d8fc8bbf,ord_94d77b37,2024-04-28 11:01:14,paid,56.06,direct,direct,direct,2024-04,2024-04,0
cust_d90597ec,ord_d1fe6245,2024-09-29 18:57:54,paid,82.06,direct,direct,direct,2024-09,2024-09,0
cust_d91a2f47,ord_c05729aa,2024-10-10 10:47:16,paid,55.17,organic,organic,direct,2024-10,2024-10,0
cust_d95aea04,ord_93e74460,2024-03-25 11:01:34,paid,60.91,google,cpc,google_campaign_19,2024-03,2024-03,0
cust_d95b545b,ord_f15b0b16,2024-12-10 16:38:06,paid,89.68,direct,direct,direct,2024-12,2024-12,0
cust_d95fd810,ord_bbf5b273,2024-08-11 10:45:13,paid,483.79,meta,cpc,meta_campaign_16,2024-08,2024-08,0
cust_d97d4d73,ord_ac024f5e,2024-05-29 09:11:05,paid,135.86,direct,direct,direct,2024-05,2024-05,0
cust_d9b3d3ab,ord_fa371599,2024-11-30 18:46:38,paid,174.48,organic,organic,direct,2024-11,2024-11,0
cust_d9daab5a,ord_9f80fdd3,2024-11-28 04:31:52,paid,41.6,google,cpc,google_campaign_3,2024-11,2024-11,0
cust_d9ea1e1d,ord_787a01e3,2024-03-24 09:26:25,paid,47.64,organic,organic,direct,2024-03,2024-03,0
cust_d9ec68c1,ord_3c2d0472,2024-05-16 13:46:43,paid,94.28,direct,direct,direct,2024-05,2024-05,0
cust_d9f4b581,ord_6940d9f1,2024-06-21 12:42:47,paid,39.83,tiktok,cpc,tiktok_campaign_12,2024-06,2024-06,0
cust_d9f79b5c,ord_dba387fc,2024-10-30 18:29:39,paid,137.14,direct,direct,direct,2024-10,2024-10,0
cust_da0402b3,ord_0f7f2f12,2024-07-12 19:35:54,paid,152.01,direct,direct,direct,2024-07,2024-07,0
cust_da67d496,ord_15aca1d4,2024-04-13 20:24:20,paid,109.13,organic,organic,direct,2024-04,2024-04,0
cust_da8ba973,ord_9118df4c,2024-01-08 01:10:38,paid,79.1,organic,organic,direct,2024-01,2024-01,0
cust_daa4643d,ord_a7e75626,2024-11-02 13:56:45,paid,34.44,direct,direct,direct,2024-11,2024-11,0
cust_dad22ca1,ord_20c0e557,2024-01-10 18:51:03,paid,170.18,google,cpc,google_campaign_16,2024-01,2024-01,0
cust_db472036,ord_08e72105,2024-07-18 08:59:42,paid,82.6,direct,direct,direct,2024-07,2024-07,0
cust_db4b3c10,ord_b069ad73,2024-04-19 09:38:49,paid,73.17,organic,organic,direct,2024-04,2024-04,0
cust_db61ac13,ord_a67c614c,2024-03-24 08:34:36,paid,72.85,google,cpc,google_campaign_18,2024-03,2024-03,0
cust_db61ac13,ord_5930aaea,2024-08-29 09:10:50,paid,201.54,direct,direct,direct,2024-03,2024-08,5
cust_db8bf979,ord_f8d7538b,2024-03-26 20:45:16,paid,83.63,tiktok,cpc,tiktok_campaign_6,2024-03,2024-03,0
cust_db974a19,ord_6674aafa,2024-09-07 07:19:14,paid,127.01,meta,cpc,meta_campaign_10,2024-09,2024-09,0
cust_db9e2944,ord_e361ff19,2024-06-12 08:22:02,paid,172.18,google,cpc,google_campaign_5,2024-06,2024-06,0
cust_dba36f2f,ord_890c52e3,2024-04-03 16:30:42,paid,79.24,google,cpc,google_campaign_1,2024-04,2024-04,0
cust_dbff0cff,ord_6d224d21,2024-11-28 22:54:45,paid,146.09,direct,direct,direct,2024-11,2024-11,0
cust_dc1b6ad9,ord_38da996a,2024-07-14 20:53:03,paid,90.31,google,cpc,google_campaign_8,2024-07,2024-07,0
cust_dc421c22,ord_a36eaa8a,2024-07-19 02:34:32,paid,124.24,direct,direct,direct,2024-07,2024-07,0
cust_dc8bcc80,ord_665e809e,2024-12-09 07:28:18,paid,167.68,direct,direct,direct,2024-12,2024-12,0
cust_dc9b18e0,ord_18727016,2024-02-23 09:25:00,paid,46.35,direct,direct,direct,2024-02,2024-02,0
cust_dd0aa9e8,ord_78491ad3,2024-02-28 12:03:25,paid,67.95,google,cpc,google_campaign_5,2024-02,2024-02,0
cust_dd1e7735,ord_2d071e80,2024-03-10 19:54:22,paid,86.39,meta,cpc,meta_campaign_10,2024-03,2024-03,0
cust_dd38bca7,ord_0be07ad2,2024-04-05 14:42:42,paid,85.13,direct,direct,direct,2024-04,2024-04,0
cust_dd5a7a6b,ord_cda64e53,2024-07-07 08:47:38,paid,391.57,tiktok,cpc,tiktok_campaign_14,2024-07,2024-07,0
cust_dd838a53,ord_4502fc13,2024-10-03 19:23:28,paid,213.0,google,cpc,google_campaign_8,2024-10,2024-10,0
cust_dd98e4e6,ord_0abe88de,2024-08-01 08:37:30,paid,63.45,google,cpc,google_campaign_1,2024-08,2024-08,0
cust_dd9d8def,ord_288c9d68,2024-03-26 13:26:19,paid,55.86,meta,cpc,meta_campaign_14,2024-03,2024-03,0
cust_dda49058,ord_498fe4f8,2024-03-26 20:22:47,paid,227.86,google,cpc,google_campaign_4,2024-03,2024-03,0
cust_ddbcd3b4,ord_d6749151,2024-09-07 19:18:43,paid,122.98,organic,organic,direct,2024-09,2024-09,0
cust_ddc9ea68,ord_c3994910,2024-03-10 00:28:31,paid,190.34,google,cpc,google_campaign_18,2024-03,2024-03,0
cust_ddd72138,ord_d4c301f0,2024-11-24 08:38:01,paid,51.58,google,cpc,google_campaign_18,2024-11,2024-11,0
cust_de356c92,ord_9ce22366,2024-09-25 18:58:38,paid,80.47,organic,organic,direct,2024-09,2024-09,0
cust_de39a899,ord_bb684ae8,2024-05-17 12:30:27,paid,150.46,direct,direct,direct,2024-05,2024-05,0
cust_de77069e,ord_14aa8b26,2024-01-08 23:08:06,paid,106.52,google,cpc,google_campaign_16,2024-01,2024-01,0
cust_de93e817,ord_54f33643,2024-05-14 08:44:49,paid,78.48,google,cpc,google_campaign_12,2024-05,2024-05,0
cust_de9462d1,ord_03cc4db6,2024-12-09 10:31:44,paid,147.27,email,email,email_campaign_8,2024-12,2024-12,0
cust_dea9e483,ord_91f5631f,2024-09-26 19:54:23,paid,51.79,organic,organic,direct,2024-09,2024-09,0
cust_deacdbf2,ord_264f65ea,2024-11-18 14:18:15,paid,63.53,direct,direct,direct,2024-11,2024-11,0
cust_deadb70a,ord_042f057a,2024-04-09 20:26:42,paid,246.44,meta,cpc,meta_campaign_18,2024-04,2024-04,0
cust_deafcf85,ord_7539f9c4,2024-04-06 01:12:44,paid,96.98,organic,organic,direct,2024-04,2024-04,0
cust_def81dc8,ord_23864f55,2024-11-13 12:16:19,paid,77.68,direct,direct,direct,2024-11,2024-11,0
cust_df00ae3d,ord_e2e721d6,2024-01-03 08:44:59,paid,115.91,direct,direct,direct,2024-01,2024-01,0
cust_df093174,ord_45e44b4e,2024-08-15 11:36:30,paid,125.18,direct,direct,direct,2024-08,2024-08,0
cust_df14faac,ord_ce83459d,2024-08-06 09:33:25,paid,118.24,google,cpc,google_campaign_1,2024-08,2024-08,0
cust_df22a46a,ord_ea097285,2024-04-16 08:52:48,paid,34.26,meta,cpc,meta_campaign_14,2024-04,2024-04,0
cust_df3333f5,ord_82f300b3,2024-11-25 22:08:46,paid,92.3,tiktok,cpc,tiktok_campaign_7,2024-11,2024-11,0
cust_df3da92e,ord_42f23004,2024-06-20 13:37:37,paid,304.35,organic,organic,direct,2024-06,2024-06,0
cust_df6f585b,ord_c985c335,2024-03-06 16:08:16,paid,239.58,direct,direct,direct,2024-03,2024-03,0
cust_dff1198c,ord_251d272f,2024-02-04 18:40:35,paid,39.46,organic,organic,direct,2024-02,2024-02,0
cust_e014465b,ord_76a3338a,2024-12-10 23:00:46,paid,84.25,direct,direct,direct,2024-12,2024-12,0
cust_e038ca71,ord_5cc5898a,2024-07-21 19:20:08,paid,82.01,direct,direct,direct,2024-07,2024-07,0
cust_e0427a91,ord_a905e8ec,2024-11-17 11:12:58,paid,44.27,google,cpc,google_campaign_17,2024-11,2024-11,0
cust_e0594ab4,ord_9d7e0f3c,2024-09-22 16:38:57,paid,314.32,google,cpc,google_campaign_4,2024-09,2024-09,0
cust_e0773e20,ord_f295ea59,2024-12-07 16:32:17,paid,44.35,direct,direct,direct,2024-12,2024-12,0
cust_e08a9c89,ord_4b8545ad,2024-04-17 09:10:56,paid,71.54,meta,cpc,meta_campaign_13,2024-04,2024-04,0
cust_e0aa1729,ord_6db0a152,2024-01-10 19:52:50,paid,255.23,meta,cpc,meta_campaign_19,2024-01,2024-01,0
cust_e0ba17fd,ord_6426c803,2024-05-27 18:33:27,paid,71.15,direct,direct,direct,2024-05,2024-05,0
cust_e0cafa2f,ord_bbe60dd1,2024-04-11 09:06:25,paid,69.24,direct,direct,direct,2024-04,2024-04,0
cust_e0f63514,ord_6cb2110d,2024-11-05 20:40:38,paid,117.6,meta,cpc,meta_campaign_3,2024-11,2024-11,0
cust_e11b4b22,ord_59513658,2024-04-25 16:11:45,paid,107.06,google,cpc,google_campaign_17,2024-04,2024-04,0
cust_e11c681a,ord_fc4ef453,2024-05-17 16:49:34,paid,51.92,google,cpc,google_campaign_1,2024-05,2024-05,0
cust_e132a78b,ord_717827ab,2024-04-10 11:58:01,paid,269.9,google,cpc,google_campaign_13,2024-04,2024-04,0
cust_e1ca02a0,ord_51307d12,2024-11-06 11:21:49,paid,82.17,direct,direct,direct,2024-11,2024-11,0
cust_e1fb33f0,ord_1139c2fa,2024-11-25 19:01:35,paid,29.85,tiktok,cpc,tiktok_campaign_19,2024-11,2024-11,0
cust_e2217215,ord_270b412b,2024-06-05 20:46:25,paid,71.18,direct,direct,direct,2024-06,2024-06,0
cust_e25c1345,ord_8aa39f07,2024-12-20 22:13:09,paid,68.79,tiktok,cpc,tiktok_campaign_13,2024-12,2024-12,0
cust_e25e2dba,ord_328b2668,2024-12-03 11:42:25,paid,235.38,direct,direct,direct,2024-12,2024-12,0
cust_e2924719,ord_36bdef79,2024-07-25 20:54:57,paid,108.94,google,cpc,google_campaign_10,2024-07,2024-07,0
cust_e2c21248,ord_e3f39c7a,2024-12-10 16:13:04,paid,56.83,direct,direct,direct,2024-12,2024-12,0
cust_e2d3b6f4,ord_29f36232,2024-12-12 07:58:22,paid,489.07,google,cpc,google_campaign_4,2024-12,2024-12,0
cust_e3519269,ord_fa2a4b0d,2024-03-15 11:01:39,paid,80.67,google,cpc,google_campaign_4,2024-03,2024-03,0
cust_e36ba53e,ord_1a1d001e,2024-11-21 20:18:17,paid,147.24,meta,cpc,meta_campaign_19,2024-11,2024-11,0
cust_e38473df,ord_d5bf5ad6,2024-04-07 17:46:49,paid,43.14,google,cpc,google_campaign_4,2024-04,2024-04,0
cust_e3945d49,ord_015f5961,2024-02-10 08:00:01,paid,82.07,email,email,email_campaign_5,2024-02,2024-02,0
cust_e3ca6578,ord_025761be,2024-11-26 21:21:52,paid,99.57,google,cpc,google_campaign_5,2024-11,2024-11,0
cust_e3ce4bcd,ord_aba2ae69,2024-04-21 18:23:11,paid,92.22,direct,direct,direct,2024-04,2024-04,0
cust_e3cfe2d1,ord_604ef43d,2024-11-20 15:50:26,paid,147.37,organic,organic,direct,2024-11,2024-11,0
cust_e3eb1b7e,ord_ce253ef7,2024-09-15 03:57:39,paid,432.37,direct,direct,direct,2024-09,2024-09,0
cust_e4261836,ord_523911b9,2024-10-19 22:55:17,paid,82.41,google,cpc,google_campaign_1,2024-10,2024-10,0
cust_e42d9a92,ord_24a84001,2024-11-07 20:36:05,paid,36.46,organic,organic,direct,2024-11,2024-11,0
cust_e44941a2,ord_f5248c04,2024-05-07 10:22:46,paid,68.24,direct,direct,direct,2024-05,2024-05,0
cust_e4ee5a86,ord_6f024696,2024-06-18 17:20:04,paid,57.96,meta,cpc,meta_campaign_13,2024-06,2024-06,0
cust_e530b2d0,ord_3ade2871,2024-02-09 07:51:43,paid,118.78,tiktok,cpc,tiktok_campaign_10,2024-02,2024-02,0
cust_e58eee4b,ord_98a20619,2024-01-18 18:21:14,paid,101.64,organic,organic,direct,2024-01,2024-01,0
cust_e6359434,ord_d9561189,2024-10-23 17:19:22,paid,38.85,meta,cpc,meta_campaign_14,2024-10,2024-10,0
cust_e640240d,ord_fb13bafa,2024-01-17 16:02:06,paid,28.01,meta,cpc,meta_campaign_8,2024-01,2024-01,0
cust_e65b9d3f,ord_f88eb182,2024-08-29 13:49:51,paid,139.93,direct,direct,direct,2024-08,2024-08,0
cust_e67bfb37,ord_afc5b9b3,2024-05-20 19:15:39,paid,77.72,direct,direct,direct,2024-05,2024-05,0
cust_e68a4261,ord_af6fcaa5,2024-11-28 23:31:32,paid,158.58,meta,cpc,meta_campaign_16,2024-11,2024-11,0
cust_e6befadb,ord_85a44e95,2024-03-15 21:23:28,paid,64.54,meta,cpc,meta_campaign_7,2024-03,2024-03,0
cust_e6d0dcde,ord_f4977c15,2024-10-14 21:24:19,paid,90.37,google,cpc,google_campaign_11,2024-10,2024-10,0
cust_e6f375d1,ord_271de77f,2024-12-13 22:09:38,paid,237.69,meta,cpc,meta_campaign_16,2024-12,2024-12,0
cust_e77a1627,ord_de5dd7d5,2024-04-06 10:38:17,paid,95.2,direct,direct,direct,2024-04,2024-04,0
cust_e7960a6b,ord_977732cb,2024-09-16 08:05:04,paid,61.55,direct,direct,direct,2024-09,2024-09,0
cust_e7a20c39,ord_8f6c178b,2024-02-18 10:29:24,paid,162.16,direct,direct,direct,2024-02,2024-02,0
cust_e7d91724,ord_5414b242,2024-02-26 18:10:34,paid,77.81,direct,direct,direct,2024-02,2024-02,0
cust_e7faa90d,ord_95c2f2c5,2024-11-07 10:07:29,paid,36.39,direct,direct,direct,2024-11,2024-11,0
cust_e7fbae8d,ord_4e29170a,2024-08-26 18:23:27,paid,106.47,email,email,email_campaign_6,2024-08,2024-08,0
cust_e8150eaa,ord_b9da087a,2024-12-14 23:40:35,paid,42.01,direct,direct,direct,2024-12,2024-12,0
cust_e81d458d,ord_35c36251,2024-09-03 20:45:42,paid,88.94,organic,organic,direct,2024-09,2024-09,0
cust_e81fa4e3,ord_b7beed40,2024-07-23 13:09:11,paid,39.29,meta,cpc,meta_campaign_1,2024-07,2024-07,0
cust_e83964f6,ord_a521137e,2024-04-17 17:56:10,paid,88.37,direct,direct,direct,2024-04,2024-04,0
cust_e84c8051,ord_0b91b0cb,2024-11-30 18:53:51,paid,128.16,organic,organic,direct,2024-11,2024-11,0
cust_e84f8a8c,ord_74709e63,2024-04-22 12:26:03,paid,231.31,email,email,email_campaign_7,2024-04,2024-04,0
cust_e8513636,ord_04b119fa,2024-04-28 13:38:32,paid,82.97,email,email,email_campaign_3,2024-04,2024-04,0
cust_e89a2bd8,ord_970d224e,2024-10-30 07:14:37,paid,114.94,meta,cpc,meta_campaign_17,2024-10,2024-10,0
cust_e8c30062,ord_3d72c550,2024-12-12 20:43:43,paid,36.98,meta,cpc,meta_campaign_15,2024-12,2024-12,0
cust_e8c79f21,ord_077afad4,2024-12-06 15:23:46,paid,349.91,meta,cpc,meta_campaign_9,2024-12,2024-12,0
cust_e8f5d0ac,ord_d13a9a00,2024-04-15 07:52:39,paid,118.29,organic,organic,direct,2024-04,2024-04,0
cust_e95b6c3f,ord_105a8203,2024-08-22 15:24:33,paid,110.01,direct,direct,direct,2024-08,2024-08,0
cust_e96f324e,ord_9f56ac88,2024-04-11 23:16:51,paid,170.34,direct,direct,direct,2024-04,2024-04,0
cust_e9c62fb0,ord_c76b1335,2024-03-28 10:32:02,paid,265.17,google,cpc,google_campaign_2,2024-03,2024-03,0
cust_e9e1a03a,ord_304ecd9e,2024-03-08 17:28:51,paid,220.4,email,email,email_campaign_5,2024-03,2024-03,0
cust_ea046f93,ord_bf438128,2024-02-17 08:09:18,paid,477.93,tiktok,cpc,tiktok_campaign_15,2024-02,2024-02,0
cust_ea083d8b,ord_9964eff6,2024-12-05 11:00:09,paid,41.81,meta,cpc,meta_campaign_7,2024-12,2024-12,0
cust_ea1de3a9,ord_3302b1b5,2024-08-28 09:07:31,paid,153.88,direct,direct,direct,2024-08,2024-08,0
cust_ea322f94,ord_0c4af35f,2024-12-14 04:26:02,paid,90.31,meta,cpc,meta_campaign_17,2024-12,2024-12,0
cust_ea639cca,ord_e5713e12,2024-08-24 16:54:41,paid,29.9,direct,direct,direct,2024-08,2024-08,0
cust_ea6bf2e0,ord_5a5def34,2024-03-10 10:19:41,paid,106.14,direct,direct,direct,2024-03,2024-03,0
cust_ea7aa99a,ord_ef545c0e,2024-10-06 14:03:26,paid,311.39,organic,organic,direct,2024-10,2024-10,0
cust_ea7b1d11,ord_bf397cf3,2024-08-05 13:33:34,paid,162.78,email,email,email_campaign_9,2024-08,2024-08,0
cust_eab34b1d,ord_b524b9d6,2024-11-21 11:21:52,paid,160.83,direct,direct,direct,2024-11,2024-11,0
cust_eaf56ce8,ord_9c34e78b,2024-09-02 07:32:44,paid,81.98,meta,cpc,meta_campaign_3,2024-09,2024-09,0
cust_eb36df2e,ord_6a6080c4,2024-11-13 16:39:22,paid,109.57,direct,direct,direct,2024-11,2024-11,0
cust_eb3cfec4,ord_e76fda79,2024-02-08 21:49:35,paid,42.03,organic,organic,direct,2024-02,2024-02,0
cust_eb4b6285,ord_02e6ed4c,2024-06-22 22:41:47,paid,150.03,tiktok,cpc,tiktok_campaign_5,2024-06,2024-06,0
cust_eb4e1778,ord_5f19d201,2024-06-23 20:06:32,paid,211.94,meta,cpc,meta_campaign_8,2024-06,2024-06,0
cust_eb4e3ec1,ord_fd77bc96,2024-10-18 11:58:37,paid,93.8,direct,direct,direct,2024-10,2024-10,0
cust_eb5285dd,ord_33a3de73,2024-08-18 21:29:45,paid,88.1,google,cpc,google_campaign_4,2024-08,2024-08,0
cust_eb9437b6,ord_3d680430,2024-01-17 10:46:54,paid,140.77,tiktok,cpc,tiktok_campaign_4,2024-01,2024-01,0
cust_ebbc3d19,ord_597fc66d,2024-01-31 11:33:05,paid,248.99,meta,cpc,meta_campaign_8,2024-01,2024-01,0
cust_ebf88823,ord_08b81a67,2024-01-13 11:29:09,paid,75.76,meta,cpc,meta_campaign_8,2024-01,2024-01,0
cust_ec163b27,ord_354ef287,2024-05-04 16:59:37,paid,87.91,tiktok,cpc,tiktok_campaign_18,2024-05,2024-05,0
cust_ec2e14ea,ord_6b9f312b,2024-11-06 21:15:45,paid,68.61,meta,cpc,meta_campaign_1,2024-11,2024-11,0
cust_ec6d9b5d,ord_9c5afb88,2024-08-07 09:35:05,paid,69.65,direct,direct,direct,2024-08,2024-08,0
cust_ec744841,ord_1eee0b9c,2024-08-02 19:54:45,paid,31.29,direct,direct,direct,2024-08,2024-08,0
cust_ec7e2551,ord_046e04c5,2024-02-04 19:36:56,paid,127.5,direct,direct,direct,2024-02,2024-02,0
cust_ec88d812,ord_dfa08cba,2024-02-07 17:23:01,paid,81.81,organic,organic,direct,2024-02,2024-02,0
cust_ec89f0a3,ord_cf7f04d2,2024-03-26 17:35:02,paid,34.8,meta,cpc,meta_campaign_17,2024-03,2024-03,0
cust_eca970c1,ord_731c90c1,2024-03-17 20:45:58,paid,46.2,direct,direct,direct,2024-03,2024-03,0
cust_ecac66be,ord_51613c81,2024-06-02 12:51:56,paid,87.46,direct,direct,direct,2024-06,2024-06,0
cust_ecbd8b98,ord_7ceb660e,2024-04-20 12:35:16,paid,47.74,tiktok,cpc,tiktok_campaign_17,2024-04,2024-04,0
cust_ece4271e,ord_fbedcae8,2024-09-07 10:20:41,paid,97.29,direct,direct,direct,2024-09,2024-09,0
cust_ed1c686a,ord_c680b7bb,2024-07-02 15:30:51,paid,81.96,google,cpc,google_campaign_3,2024-07,2024-07,0
cust_ed3bb868,ord_dc747a7c,2024-02-24 21:29:04,paid,85.57,direct,direct,direct,2024-02,2024-02,0
cust_ed9659e1,ord_88daaf95,2024-01-04 23:30:48,paid,31.2,meta,cpc,meta_campaign_6,2024-01,2024-01,0
cust_eddf92eb,ord_e723a79a,2024-03-26 03:00:40,paid,56.59,organic,organic,direct,2024-03,2024-03,0
cust_edf7ecf0,ord_901c84bc,2024-05-10 07:53:39,paid,45.92,direct,direct,direct,2024-05,2024-05,0
cust_ee0ea426,ord_6d46daea,2024-11-15 19:53:41,paid,51.94,direct,direct,direct,2024-11,2024-11,0
cust_ee33cd9f,ord_729e69cd,2024-04-15 22:36:57,paid,120.01,tiktok,cpc,tiktok_campaign_17,2024-04,2024-04,0
cust_ee52727f,ord_fc24c48c,2024-01-25 09:49:34,paid,139.8,tiktok,cpc,tiktok_campaign_2,2024-01,2024-01,0
cust_ee69ffad,ord_9fcf28e0,2024-12-13 02:12:56,paid,109.76,direct,direct,direct,2024-12,2024-12,0
cust_ee786324,ord_ef2d5fb8,2024-12-22 15:27:07,paid,40.92,google,cpc,google_campaign_17,2024-12,2024-12,0
cust_ee9aef31,ord_163737a2,2024-07-17 09:45:58,paid,52.3,direct,direct,direct,2024-07,2024-07,0
cust_ef01bc5c,ord_73c7f2ce,2024-12-05 15:45:03,paid,48.32,direct,direct,direct,2024-12,2024-12,0
cust_ef20fff8,ord_62b09755,2024-05-19 16:18:27,paid,86.06,direct,direct,direct,2024-05,2024-05,0
cust_ef8025cf,ord_268575d4,2024-11-15 11:55:38,paid,99.48,google,cpc,google_campaign_11,2024-11,2024-11,0
cust_efb69061,ord_877694ca,2024-09-08 13:43:13,paid,125.18,organic,organic,direct,2024-09,2024-09,0
cust_efc1d9ff,ord_c626b1e4,2024-11-26 19:13:20,paid,121.6,google,cpc,google_campaign_8,2024-11,2024-11,0
cust_efc798f0,ord_75a0226e,2024-06-06 09:41:38,paid,180.43,direct,direct,direct,2024-06,2024-06,0
cust_efcd0821,ord_a4d18edb,2024-12-14 15:05:58,paid,81.14,google,cpc,google_campaign_5,2024-12,2024-12,0
cust_f03196e5,ord_c9c89132,2024-06-08 19:08:11,paid,32.42,direct,direct,direct,2024-06,2024-06,0
cust_f0650676,ord_7d5e08af,2024-08-19 15:57:30,paid,198.02,organic,organic,direct,2024-08,2024-08,0
cust_f097df50,ord_ae17f91c,2024-05-31 20:19:42,paid,121.18,direct,direct,direct,2024-05,2024-05,0
cust_f0eec516,ord_50037576,2024-06-04 13:00:00,paid,152.51,direct,direct,direct,2024-06,2024-06,0
cust_f0f4000b,ord_5f092dcc,2024-06-07 12:21:13,paid,56.78,google,cpc,google_campaign_9,2024-06,2024-06,0
cust_f0f4c944,ord_05ee29ca,2024-03-17 18:56:07,paid,40.09,direct,direct,direct,2024-03,2024-03,0
cust_f0f6b3af,ord_697ee742,2024-03-04 08:19:15,paid,331.76,organic,organic,direct,2024-03,2024-03,0
cust_f12457c3,ord_57dda90d,2024-12-09 11:19:53,paid,110.38,tiktok,cpc,tiktok_campaign_13,2024-12,2024-12,0
cust_f13b0548,ord_1854ceb4,2024-02-11 10:43:00,paid,50.95,direct,direct,direct,2024-02,2024-02,0
cust_f14da9f1,ord_ae70aff0,2024-11-28 20:48:33,paid,111.31,google,cpc,google_campaign_9,2024-11,2024-11,0
cust_f171921d,ord_ef4ca102,2024-11-01 14:05:29,paid,158.8,direct,direct,direct,2024-11,2024-11,0
cust_f17de9ce,ord_5884cff3,2024-11-19 10:09:48,paid,82.17,organic,organic,direct,2024-11,2024-11,0
cust_f217fb93,ord_0431a971,2024-12-31 10:48:31,paid,114.66,google,cpc,google_campaign_10,2024-12,2024-12,0
cust_f21caf09,ord_1c905b00,2024-12-23 18:22:52,paid,355.68,meta,cpc,meta_campaign_13,2024-12,2024-12,0
cust_f21ccd55,ord_aba0bc59,2024-12-29 16:24:34,paid,41.95,direct,direct,direct,2024-12,2024-12,0
cust_f229ec4b,ord_e1fc4684,2024-06-01 17:23:52,paid,217.42,organic,organic,direct,2024-06,2024-06,0
cust_f22e1cab,ord_a8ba5d10,2024-10-26 11:26:04,paid,33.61,google,cpc,google_campaign_5,2024-10,2024-10,0
cust_f231b5b2,ord_9a00ddbc,2024-10-14 12:22:20,paid,126.99,tiktok,cpc,tiktok_campaign_9,2024-10,2024-10,0
cust_f235577d,ord_12ad8478,2024-02-12 09:01:10,paid,83.97,tiktok,cpc,tiktok_campaign_19,2024-02,2024-02,0
cust_f23bc1bb,ord_8eff09cf,2024-06-24 21:41:42,paid,77.07,tiktok,cpc,tiktok_campaign_7,2024-06,2024-06,0
cust_f245fa85,ord_4183faa1,2024-10-24 18:28:40,paid,77.44,tiktok,cpc,tiktok_campaign_13,2024-10,2024-10,0
cust_f257377e,ord_bf42c477,2024-08-03 19:57:05,paid,108.95,meta,cpc,meta_campaign_3,2024-08,2024-08,0
cust_f26250a9,ord_6701326c,2024-12-20 18:16:12,paid,83.37,meta,cpc,meta_campaign_4,2024-12,2024-12,0
cust_f26d7bf8,ord_2ac52a3b,2024-04-14 20:43:14,paid,140.21,meta,cpc,meta_campaign_3,2024-04,2024-04,0
cust_f270fd11,ord_03775ff6,2024-12-17 12:12:25,paid,107.87,direct,direct,direct,2024-12,2024-12,0
cust_f2ad2d58,ord_51e62d84,2024-12-13 18:14:57,paid,139.87,organic,organic,direct,2024-12,2024-12,0
cust_f360c601,ord_9f6e46e9,2024-09-03 11:55:09,paid,104.09,direct,direct,direct,2024-09,2024-09,0
cust_f37099ac,ord_5ea93991,2024-03-08 21:25:52,paid,65.47,direct,direct,direct,2024-03,2024-03,0
cust_f3c0ad4a,ord_323d5eba,2024-02-22 11:27:49,paid,55.57,google,cpc,google_campaign_13,2024-02,2024-02,0
cust_f3db8551,ord_cb9ea28c,2024-12-11 17:26:09,paid,53.19,google,cpc,google_campaign_1,2024-12,2024-12,0
cust_f413dc84,ord_cc654564,2024-12-15 04:50:48,paid,192.5,direct,direct,direct,2024-12,2024-12,0
cust_f433e202,ord_3cd891ff,2024-09-05 20:50:53,paid,86.19,direct,direct,direct,2024-09,2024-09,0
cust_f4345659,ord_4b752af7,2024-05-01 07:31:38,paid,74.69,google,cpc,google_campaign_8,2024-05,2024-05,0
cust_f4347260,ord_4793baa6,2024-02-22 14:00:16,paid,203.02,direct,direct,direct,2024-02,2024-02,0
cust_f43b2057,ord_dc4f842f,2024-06-01 21:38:17,paid,206.92,google,cpc,google_campaign_5,2024-06,2024-06,0
cust_f4495334,ord_5692af64,2024-02-13 10:12:14,paid,74.32,tiktok,cpc,tiktok_campaign_9,2024-02,2024-02,0
cust_f45b1cd4,ord_79b5f4e4,2024-09-12 21:44:08,paid,276.34,direct,direct,direct,2024-09,2024-09,0
cust_f4625c57,ord_39306c43,2024-04-30 22:27:00,paid,35.84,email,email,email_campaign_3,2024-04,2024-04,0
cust_f472a8dc,ord_1b5eca44,2024-11-19 19:33:25,paid,86.33,organic,organic,direct,2024-11,2024-11,0
cust_f4806876,ord_38a91f08,2024-11-21 08:36:39,paid,50.46,direct,direct,direct,2024-11,2024-11,0
cust_f48c1272,ord_c9330413,2024-01-08 14:38:37,paid,91.26,meta,cpc,meta_campaign_14,2024-01,2024-01,0
cust_f4b59f6a,ord_1242bf43,2024-10-21 21:54:49,paid,77.02,meta,cpc,meta_campaign_10,2024-10,2024-10,0
cust_f5068344,ord_56244d28,2024-09-12 18:24:50,paid,54.77,direct,direct,direct,2024-09,2024-09,0
cust_f53b1542,ord_a1c47dc2,2024-06-08 07:57:17,paid,233.64,direct,direct,direct,2024-06,2024-06,0
cust_f53f5ae7,ord_34e64eb4,2024-12-28 15:06:59,paid,68.49,direct,direct,direct,2024-12,2024-12,0
cust_f552bc96,ord_b985553c,2024-11-29 17:43:22,paid,33.52,tiktok,cpc,tiktok_campaign_9,2024-11,2024-11,0
cust_f5556efc,ord_629f63f6,2024-06-04 15:12:48,paid,192.73,organic,organic,direct,2024-06,2024-06,0
cust_f55e5440,ord_4ba2546c,2024-04-04 07:48:49,paid,82.1,tiktok,cpc,tiktok_campaign_2,2024-04,2024-04,0
cust_f5776b68,ord_9c7d720d,2024-10-02 06:28:10,paid,30.75,organic,organic,direct,2024-10,2024-10,0
cust_f5c1e989,ord_362068c6,2024-03-04 08:47:41,paid,269.4,direct,direct,direct,2024-03,2024-03,0
cust_f609c378,ord_6e7c22b8,2024-10-02 09:39:14,paid,148.89,meta,cpc,meta_campaign_8,2024-10,2024-10,0
cust_f61a93d2,ord_5ab51ea8,2024-12-18 08:40:01,paid,140.84,direct,direct,direct,2024-12,2024-12,0
cust_f6a6b392,ord_10a30180,2024-11-16 09:55:59,paid,84.58,direct,direct,direct,2024-11,2024-11,0
cust_f6b533f6,ord_965907bd,2024-07-18 16:42:18,paid,64.48,tiktok,cpc,tiktok_campaign_15,2024-07,2024-07,0
cust_f6f48d6c,ord_8a760bb6,2024-12-23 17:37:53,paid,68.12,direct,direct,direct,2024-12,2024-12,0
cust_f70d6d4c,ord_abab96ec,2024-03-10 11:22:55,paid,49.29,tiktok,cpc,tiktok_campaign_10,2024-03,2024-03,0
cust_f7115d74,ord_51b6fbc8,2024-03-06 07:48:11,paid,38.41,direct,direct,direct,2024-03,2024-03,0
cust_f71b94cd,ord_4cfeefce,2024-02-14 17:59:32,paid,37.43,google,cpc,google_campaign_11,2024-02,2024-02,0
cust_f733fd75,ord_44c76163,2024-06-06 22:36:32,paid,84.9,tiktok,cpc,tiktok_campaign_11,2024-06,2024-06,0
cust_f792829c,ord_2ff2f643,2024-10-30 22:17:52,paid,52.53,direct,direct,direct,2024-10,2024-10,0
cust_f7bf74c6,ord_ed1ea40f,2024-07-26 16:40:11,paid,104.88,google,cpc,google_campaign_18,2024-07,2024-07,0
cust_f8228440,ord_c7b31672,2024-05-20 13:43:44,paid,153.59,tiktok,cpc,tiktok_campaign_3,2024-05,2024-05,0
cust_f822b81c,ord_e67aa465,2024-12-10 21:33:01,paid,69.07,organic,organic,direct,2024-12,2024-12,0
cust_f822c644,ord_fc41e0ff,2024-02-05 15:30:48,paid,131.31,email,email,email_campaign_4,2024-02,2024-02,0
cust_f87dde39,ord_be3af618,2024-11-30 08:13:12,paid,126.85,meta,cpc,meta_campaign_13,2024-11,2024-11,0
cust_f88e11bf,ord_39f34b7e,2024-06-22 18:44:24,paid,104.31,direct,direct,direct,2024-06,2024-06,0
cust_f8d6ddc1,ord_38f070bc,2024-06-01 18:43:20,paid,177.75,direct,direct,direct,2024-06,2024-06,0
cust_f8e0b6d0,ord_2dbb8c13,2024-11-25 20:42:30,paid,35.46,meta,cpc,meta_campaign_14,2024-11,2024-11,0
cust_f8e71147,ord_6176a061,2024-04-28 23:38:59,paid,225.26,meta,cpc,meta_campaign_9,2024-04,2024-04,0
cust_f8f801bd,ord_1bde0e82,2024-01-22 11:33:15,paid,241.52,direct,direct,direct,2024-01,2024-01,0
cust_f8ff5fe1,ord_ad96a27e,2024-10-21 15:25:58,paid,81.55,google,cpc,google_campaign_3,2024-10,2024-10,0
cust_f90c05af,ord_1c8920e0,2024-06-13 16:38:40,paid,100.21,direct,direct,direct,2024-06,2024-06,0
cust_f927baad,ord_fb2229c2,2024-07-29 17:28:35,paid,60.31,organic,organic,direct,2024-07,2024-07,0
cust_f92c82ca,ord_60bc24f4,2024-12-16 10:10:44,paid,82.24,meta,cpc,meta_campaign_14,2024-12,2024-12,0
cust_f93e24af,ord_e1925e38,2024-09-20 19:42:06,paid,46.16,google,cpc,google_campaign_6,2024-09,2024-09,0
cust_f99d4317,ord_8e335b5f,2024-03-04 18:42:11,paid,93.74,meta,cpc,meta_campaign_9,2024-03,2024-03,0
cust_f9cc7558,ord_181c1467,2024-12-06 15:02:54,paid,85.26,direct,direct,direct,2024-12,2024-12,0
cust_f9d4dcdc,ord_1d0bb0cf,2024-05-14 21:44:48,paid,90.58,meta,cpc,meta_campaign_13,2024-05,2024-05,0
cust_fa1106ec,ord_48ced428,2024-06-16 15:11:04,paid,133.46,meta,cpc,meta_campaign_16,2024-06,2024-06,0
cust_fa110b88,ord_e715d49a,2024-09-18 23:26:25,paid,136.67,organic,organic,direct,2024-09,2024-09,0
cust_fa68db2b,ord_325fa263,2024-11-06 09:22:14,paid,36.21,direct,direct,direct,2024-11,2024-11,0
cust_faa61396,ord_e0954219,2024-11-28 23:24:53,paid,27.13,google,cpc,google_campaign_5,2024-11,2024-11,0
cust_fb27cf84,ord_02b6c579,2024-07-20 17:44:21,paid,86.01,meta,cpc,meta_campaign_7,2024-07,2024-07,0
cust_fb3007b2,ord_256635e1,2024-08-01 20:01:07,paid,474.97,tiktok,cpc,tiktok_campaign_3,2024-08,2024-08,0
cust_fb3c6e52,ord_6aec687c,2024-10-24 01:19:22,paid,104.37,tiktok,cpc,tiktok_campaign_19,2024-10,2024-10,0
cust_fb6b9947,ord_f4b60c69,2024-07-28 23:00:12,paid,33.2,direct,direct,direct,2024-07,2024-07,0
cust_fb745c9b,ord_6a32ca67,2024-11-04 19:50:28,paid,153.97,google,cpc,google_campaign_2,2024-11,2024-11,0
cust_fb7ed4d6,ord_9de4bca7,2024-01-27 12:06:29,paid,54.44,direct,direct,direct,2024-01,2024-01,0
cust_fbcc124f,ord_0874dbac,2024-12-26 19:30:40,paid,244.48,organic,organic,direct,2024-12,2024-12,0
cust_fbd74170,ord_e366e999,2024-10-22 06:16:16,paid,71.55,direct,direct,direct,2024-10,2024-10,0
cust_fc489818,ord_de4da949,2024-12-02 14:25:42,paid,82.79,tiktok,cpc,tiktok_campaign_1,2024-12,2024-12,0
cust_fc5013f7,ord_5ca55006,2024-06-26 19:01:12,paid,90.17,google,cpc,google_campaign_1,2024-06,2024-06,0
cust_fc87c322,ord_647c25bd,2024-04-16 13:07:45,paid,101.72,direct,direct,direct,2024-04,2024-04,0
cust_fc8cddd7,ord_9d065cbc,2024-12-26 17:28:35,paid,85.51,meta,cpc,meta_campaign_17,2024-12,2024-12,0
cust_fc90bc86,ord_0a970939,2024-05-15 17:33:02,paid,93.45,direct,direct,direct,2024-05,2024-05,0
cust_fcba3f04,ord_0b289323,2024-09-28 09:43:51,paid,68.05,email,email,email_campaign_5,2024-09,2024-09,0
cust_fd19c8fb,ord_e8babe93,2024-02-08 08:25:47,paid,208.82,email,email,email_campaign_2,2024-02,2024-02,0
cust_fd236a69,ord_8c02a2f3,2024-06-11 16:31:27,paid,159.85,direct,direct,direct,2024-06,2024-06,0
cust_fd2b38c5,ord_5ae3737c,2024-08-18 10:39:43,paid,88.51,organic,organic,direct,2024-08,2024-08,0
cust_fd38c4b5,ord_f1870aee,2024-09-25 21:06:39,paid,28.52,direct,direct,direct,2024-09,2024-09,0
cust_fd70cf10,ord_06557ac6,2024-10-16 02:11:54,paid,39.29,meta,cpc,meta_campaign_15,2024-10,2024-10,0
cust_fd77e2ee,ord_acefb884,2024-11-22 11:21:44,paid,143.03,direct,direct,direct,2024-11,2024-11,0
cust_fd9e16a1,ord_07148108,2024-04-10 16:40:04,paid,140.43,organic,organic,direct,2024-04,2024-04,0
cust_fdc73b68,ord_3224b454,2024-11-26 19:37:58,paid,73.53,meta,cpc,meta_campaign_10,2024-11,2024-11,0
cust_fdcbd2ad,ord_cf211344,2024-11-21 09:43:15,paid,52.41,google,cpc,google_campaign_13,2024-11,2024-11,0
cust_fde87f8d,ord_0555ac92,2024-05-21 19:59:37,paid,73.37,google,cpc,google_campaign_6,2024-05,2024-05,0
cust_fe011c1b,ord_b44a0b38,2024-12-01 18:00:37,paid,88.96,direct,direct,direct,2024-12,2024-12,0
cust_fe18ada7,ord_87ba773e,2024-04-20 21:21:14,paid,81.74,meta,cpc,meta_campaign_19,2024-04,2024-04,0
cust_fe36a915,ord_3fc2e6a8,2024-11-13 22:51:48,paid,107.48,organic,organic,direct,2024-11,2024-11,0
cust_fe57713e,ord_3b73ac72,2024-05-28 16:16:08,paid,61.42,organic,organic,direct,2024-05,2024-05,0
cust_fe825cc1,ord_7898132d,2024-11-02 15:37:26,paid,84.99,organic,organic,direct,2024-11,2024-11,0
cust_fe8953b5,ord_76f3b127,2024-10-19 21:25:38,paid,80.91,direct,direct,direct,2024-10,2024-10,0
cust_fe98a708,ord_b65b07e7,2024-03-11 12:36:57,paid,99.23,tiktok,cpc,tiktok_campaign_1,2024-03,2024-03,0
cust_fe9e4795,ord_c25c025c,2024-01-22 11:53:45,paid,114.58,google,cpc,google_campaign_19,2024-01,2024-01,0
cust_ff06b6c8,ord_db17f59d,2024-04-10 20:33:42,paid,92.16,direct,direct,direct,2024-04,2024-04,0
cust_ff140cfe,ord_40da4e0d,2024-08-12 10:07:19,paid,112.42,direct,direct,direct,2024-08,2024-08,0
cust_ff32de69,ord_6537d795,2024-05-24 07:29:23,paid,72.85,direct,direct,direct,2024-05,2024-05,0
cust_ff5fbd14,ord_097e4b68,2024-05-31 22:48:39,paid,244.89,direct,direct,direct,2024-05,2024-05,0
cust_ffb53345,ord_3cd5e307,2024-07-12 20:40:20,paid,41.16,direct,direct,direct,2024-07,2024-07,0
cust_ffceacd0,ord_b0d83127,2024-08-03 18:54:24,paid,37.52,organic,organic,direct,2024-08,2024-08,0
cust_fff6e558,ord_081f6772,2024-11-29 13:54:06,paid,42.06,google,cpc,google_campaign_13,2024-11,2024-11,0
