customer_id,first_order_date,last_order_date,frequency,monetary,avg_order_value,total_discount_amount,coupon_order_count,distinct_shipping_countries,first_order_channel,last_order_channel,total_items,gross_item_revenue,gross_item_profit,distinct_categories,distinct_products,primary_category,primary_category_revenue,primary_category_profit,primary_category_quantity,primary_category_orders,first_touch_channel,first_touch_campaign_id,country,device_type,is_subscribed,category_cycle_label,recency_days,customer_age_days,purchase_span_days,repeat_purchase_flag,discount_usage_rate,profit_margin,monetary_percentile_in_category,monetary_score,recency_score,recency_status,frequency_score,frequency_stage,r_high,f_high,m_high,rfm_code,rfm_segment
cust_000a2b55,2024-06-16 08:32:22,2024-06-16 08:32:22,1,51.0,51.0,0.0,0,1,tiktok,tiktok,1,41.61,14.75,1,1,sports,41.61,14.75,1,1,tiktok,camp_62a5e620,us,mobile,True,medium_replacement_cycle,198,198,0,0,0.0,0.3544820956500841,0.1760797342192691,1,3,cooling,1,one_time_buyer,0,0,0,311,低价值流失用户
cust_00274780,2024-05-01 10:26:18,2024-05-01 10:26:18,1,87.08,87.08,0.0,0,1,direct,direct,1,72.84,36.86000000000001,1,1,fashion,72.84,36.86000000000001,1,1,meta,camp_c0c3b8bd,de,mobile,False,seasonal_cycle,244,244,0,0,0.0,0.5060406370126305,0.46136363636363636,3,2,at_risk,1,one_time_buyer,0,0,0,213,低价值流失用户
cust_002d0843,2024-04-23 12:19:56,2024-04-23 12:19:56,1,88.26,88.26,0.0,0,1,organic,organic,2,88.26,42.580000000000005,1,1,home,88.26,42.580000000000005,2,1,organic,,us,desktop,False,long_replacement_cycle,252,252,0,0,0.0,0.48243825062315887,0.38823529411764707,2,3,cooling,1,one_time_buyer,0,0,0,312,低价值流失用户
cust_004c8d70,2024-09-08 14:42:06,2024-09-08 14:42:06,1,396.02,396.02,5.0,1,1,google,google,5,401.0,185.78,2,2,sports,297.54,140.70000000000002,3,1,google,camp_3ada81c2,uk,mobile,False,medium_replacement_cycle,114,114,0,0,1.0,0.4632917705735661,0.9933554817275747,5,4,healthy,1,one_time_buyer,1,0,1,415,重要发展用户
cust_0058404c,2024-10-11 20:09:56,2024-10-11 20:09:56,1,102.5,102.5,0.0,0,1,organic,organic,1,102.5,67.33,1,1,fashion,102.5,67.33,1,1,organic,,ca,tablet,False,seasonal_cycle,81,81,0,0,0.0,0.6568780487804878,0.6045454545454545,4,4,healthy,1,one_time_buyer,1,0,1,414,重要发展用户
cust_007261bf,2024-12-07 10:11:43,2024-12-07 10:11:43,1,54.75,54.75,0.0,0,1,google,google,1,46.26,31.799999999999997,1,1,beauty,46.26,31.799999999999997,1,1,google,camp_fe9c882c,ca,mobile,False,short_consumption_cycle,24,24,0,0,0.0,0.6874189364461738,0.34306569343065696,2,5,fresh,1,one_time_buyer,1,0,0,512,一般发展用户
cust_00735990,2024-01-24 18:42:20,2024-01-24 18:42:20,1,148.53,148.53,0.0,0,1,direct,direct,2,140.62,98.62,1,1,beauty,140.62,98.62,2,1,tiktok,camp_ff7168f4,us,desktop,False,short_consumption_cycle,342,342,0,0,0.0,0.701322713696487,0.9245742092457421,5,1,dormant,1,one_time_buyer,0,0,1,115,重要唤回用户
cust_008ccc7d,2024-02-29 23:19:33,2024-02-29 23:19:33,1,76.71,76.71,0.0,0,1,organic,organic,1,61.63,37.050000000000004,1,1,beauty,61.63,37.050000000000004,1,1,organic,,de,mobile,True,short_consumption_cycle,306,306,0,0,0.0,0.6011682622099628,0.610705596107056,4,1,dormant,1,one_time_buyer,0,0,1,114,重要唤回用户
cust_009063d5,2024-11-17 11:06:27,2024-11-17 11:06:27,1,46.28,46.28,0.0,0,1,google,google,1,36.05,16.939999999999998,1,1,sports,36.05,16.939999999999998,1,1,google,camp_3dc05f5d,uk,mobile,False,medium_replacement_cycle,44,44,0,0,0.0,0.4699029126213592,0.1461794019933555,1,5,fresh,1,one_time_buyer,1,0,0,511,一般发展用户
cust_00acca40,2024-12-13 09:26:22,2024-12-13 09:26:22,1,206.58,206.58,0.0,0,1,google,google,3,206.57999999999998,80.55000000000001,1,1,home,206.57999999999998,80.55000000000001,3,1,google,camp_90cacd25,uk,mobile,False,long_replacement_cycle,18,18,0,0,0.0,0.38992158001742677,0.8305882352941176,5,5,fresh,1,one_time_buyer,1,0,1,515,重要发展用户
cust_00bf11bc,2024-10-14 07:22:05,2024-10-14 07:22:05,1,106.81,106.81,0.0,0,1,organic,organic,1,106.81,44.71,1,1,home,106.81,44.71,1,1,organic,,de,desktop,False,long_replacement_cycle,78,78,0,0,0.0,0.41859376462878006,0.4823529411764706,3,5,fresh,1,one_time_buyer,1,0,0,513,一般发展用户
cust_00f118d2,2024-08-14 20:05:11,2024-08-14 20:05:11,1,139.1,139.1,0.0,0,1,meta,meta,1,139.1,52.17999999999999,1,1,electronics,139.1,52.17999999999999,1,1,meta,camp_f38b99e3,us,mobile,False,very_long_replacement_cycle,139,139,0,0,0.0,0.37512580877066853,0.6066666666666667,4,5,fresh,1,one_time_buyer,1,0,1,514,重要发展用户
cust_01136aca,2024-07-28 22:48:30,2024-07-28 22:48:30,1,222.61,222.61,0.0,0,1,direct,direct,2,222.60999999999999,93.67999999999998,2,2,electronics,146.29,59.36999999999999,1,1,meta,camp_6ba8e386,fr,mobile,False,very_long_replacement_cycle,156,156,0,0,0.0,0.4208256592246529,0.84,5,5,fresh,1,one_time_buyer,1,0,1,515,重要发展用户
cust_011ec2ce,2024-10-10 13:35:18,2024-10-10 13:35:18,1,139.66,139.66,0.0,0,1,google,google,1,139.66,79.58,1,1,home,139.66,79.58,1,1,google,camp_16330d99,us,desktop,True,long_replacement_cycle,82,82,0,0,0.0,0.5698124015466132,0.6847058823529412,4,5,fresh,1,one_time_buyer,1,0,1,514,重要发展用户
cust_0132cf59,2024-07-19 11:19:08,2024-07-19 11:19:08,1,39.76,39.76,0.0,0,1,meta,meta,1,24.81,10.549999999999999,1,1,home,24.81,10.549999999999999,1,1,meta,camp_cc8bbe98,de,mobile,False,long_replacement_cycle,165,165,0,0,0.0,0.4252317613865377,0.10352941176470588,1,4,healthy,1,one_time_buyer,1,0,0,411,一般发展用户
cust_0138c952,2024-08-07 14:14:25,2024-08-07 14:14:25,1,132.42,132.42,0.0,0,1,direct,direct,2,132.42,46.219999999999985,1,1,sports,132.42,46.219999999999985,2,1,direct,,ca,desktop,False,medium_replacement_cycle,146,146,0,0,0.0,0.34904093037305534,0.7807308970099668,4,4,healthy,1,one_time_buyer,1,0,1,414,重要发展用户
cust_017dcf73,2024-11-09 15:53:47,2024-11-09 15:53:47,1,121.29,121.29,0.0,0,1,google,google,1,106.41,49.56999999999999,1,1,home,106.41,49.56999999999999,1,1,google,camp_26de92ce,uk,desktop,True,long_replacement_cycle,52,52,0,0,0.0,0.4658396767221125,0.5835294117647059,3,5,fresh,1,one_time_buyer,1,0,0,513,一般发展用户
cust_018ecb4a,2024-10-20 16:32:46,2024-10-20 16:32:46,1,208.39,208.39,0.0,0,1,direct,direct,2,208.4,86.56,1,1,electronics,208.4,86.56,2,1,organic,,us,desktop,False,very_long_replacement_cycle,72,72,0,0,0.0,0.41535508637236085,0.8133333333333334,5,5,fresh,1,one_time_buyer,1,0,1,515,重要发展用户
cust_019425e0,2024-11-25 15:16:20,2024-11-25 15:16:20,1,49.94,49.94,0.0,0,1,tiktok,tiktok,1,38.93,19.82,1,1,sports,38.93,19.82,1,1,tiktok,camp_ac72c716,uk,mobile,False,medium_replacement_cycle,36,36,0,0,0.0,0.5091189314153609,0.16611295681063123,1,5,fresh,1,one_time_buyer,1,0,0,511,一般发展用户
cust_01c74bf4,2024-08-18 08:42:29,2024-08-18 08:42:29,1,153.12,153.12,0.0,0,1,direct,direct,2,153.12,82.68,1,1,fashion,153.12,82.68,2,1,organic,,uk,mobile,True,seasonal_cycle,135,135,0,0,0.0,0.5399686520376176,0.8136363636363636,5,3,cooling,1,one_time_buyer,0,0,1,315,重要唤回用户
cust_020a7566,2024-06-26 06:47:31,2024-06-26 06:47:31,1,81.02,81.02,0.0,0,1,direct,direct,3,73.99000000000001,45.13,2,2,fashion,43.92,27.26,2,1,direct,,us,desktop,False,seasonal_cycle,188,188,0,0,0.0,0.6099472901743478,0.3522727272727273,2,3,cooling,1,one_time_buyer,0,0,0,312,低价值流失用户
cust_0212ad3c,2024-10-02 15:04:57,2024-10-02 15:04:57,1,35.55,35.55,0.0,0,1,google,google,1,27.92,13.890000000000002,1,1,sports,27.92,13.890000000000002,1,1,google,camp_70afda99,us,mobile,False,medium_replacement_cycle,90,90,0,0,0.0,0.4974928366762178,0.036544850498338874,1,5,fresh,1,one_time_buyer,1,0,0,511,一般发展用户
cust_02321411,2024-04-14 15:38:52,2024-04-14 15:38:52,1,90.76,90.76,0.0,0,1,tiktok,tiktok,1,78.68,51.56,1,1,fashion,78.68,51.56,1,1,tiktok,camp_cd9331ee,fr,desktop,False,seasonal_cycle,261,261,0,0,0.0,0.6553126588713777,0.5068181818181818,3,2,at_risk,1,one_time_buyer,0,0,0,213,低价值流失用户
cust_02aafd0f,2024-03-08 09:18:08,2024-03-08 09:18:08,1,92.9,92.9,0.0,0,1,direct,direct,1,81.06,32.690000000000005,1,1,electronics,81.06,32.690000000000005,1,1,google,camp_b2e0da45,uk,desktop,True,very_long_replacement_cycle,298,298,0,0,0.0,0.4032815198618308,0.36333333333333334,2,4,healthy,1,one_time_buyer,1,0,0,412,一般发展用户
cust_02b4dbbb,2024-06-04 15:53:15,2024-06-04 15:53:15,1,29.8,29.8,2.61,1,1,meta,meta,1,26.07,11.81,1,1,home,26.07,11.81,1,1,meta,camp_a07b69bd,us,mobile,False,long_replacement_cycle,210,210,0,0,1.0,0.4530111238971999,0.01411764705882353,1,4,healthy,1,one_time_buyer,1,0,0,411,一般发展用户
cust_02ee30d2,2024-08-22 22:36:18,2024-08-22 22:36:18,1,115.89,115.89,0.0,0,1,direct,direct,1,115.89,53.79,1,1,home,115.89,53.79,1,1,email,,uk,desktop,True,long_replacement_cycle,131,131,0,0,0.0,0.4641470359823971,0.5435294117647059,3,4,healthy,1,one_time_buyer,1,0,0,413,一般发展用户
cust_02f3a191,2024-10-26 00:16:24,2024-10-26 00:16:24,1,68.02,68.02,0.0,0,1,direct,direct,2,57.06,21.28,1,1,sports,57.06,21.28,2,1,meta,camp_dbb28c96,uk,desktop,False,medium_replacement_cycle,66,66,0,0,0.0,0.37294076410795657,0.27906976744186046,2,5,fresh,1,one_time_buyer,1,0,0,512,一般发展用户
cust_030b9c03,2024-04-26 19:53:27,2024-04-26 19:53:27,1,40.64,40.64,0.0,0,1,direct,direct,1,30.41,17.92,1,1,home,30.41,17.92,1,1,direct,,de,mobile,True,long_replacement_cycle,249,249,0,0,0.0,0.5892798421571852,0.11058823529411765,1,3,cooling,1,one_time_buyer,0,0,0,311,低价值流失用户
cust_03217c1f,2024-12-09 08:23:24,2024-12-09 08:23:24,1,53.8,53.8,0.0,0,1,direct,direct,1,41.96,12.100000000000001,1,1,electronics,41.96,12.100000000000001,1,1,google,camp_ff84be52,ca,desktop,True,very_long_replacement_cycle,22,22,0,0,0.0,0.28836987607244996,0.12,1,5,fresh,1,one_time_buyer,1,0,0,511,一般发展用户
cust_033f6834,2024-11-27 21:33:58,2024-11-27 21:33:58,1,123.67,123.67,0.0,0,1,direct,direct,2,123.66,45.7,1,1,sports,123.66,45.7,2,1,organic,,us,mobile,False,medium_replacement_cycle,34,34,0,0,0.0,0.36956170143943073,0.7508305647840532,4,5,fresh,1,one_time_buyer,1,0,1,514,重要发展用户
cust_0340f517,2024-11-08 17:57:24,2024-11-08 17:57:24,1,150.47,150.47,0.0,0,1,organic,organic,2,136.82999999999998,75.67999999999999,2,2,fashion,107.07,61.88999999999999,1,1,organic,,uk,desktop,False,seasonal_cycle,53,53,0,0,0.0,0.5530950814879778,0.8045454545454546,5,5,fresh,1,one_time_buyer,1,0,1,515,重要发展用户
cust_034c2eda,2024-06-06 15:02:05,2024-06-06 15:02:05,1,85.5,85.5,0.0,0,1,direct,direct,1,75.45,37.46,1,1,fashion,75.45,37.46,1,1,direct,,de,mobile,False,seasonal_cycle,208,208,0,0,0.0,0.4964877402253148,0.4318181818181818,3,3,cooling,1,one_time_buyer,0,0,0,313,低价值流失用户
cust_03506676,2024-03-22 10:44:24,2024-03-22 10:44:24,1,51.9,51.9,0.0,0,1,meta,meta,1,44.76,34.53,1,1,beauty,44.76,34.53,1,1,meta,camp_054c7089,us,mobile,False,short_consumption_cycle,284,284,0,0,0.0,0.7714477211796247,0.30900243309002434,2,1,dormant,1,one_time_buyer,0,0,0,112,低价值流失用户
cust_03731436,2024-01-15 13:59:52,2024-01-15 13:59:52,1,275.03,275.03,0.0,0,1,meta,meta,3,262.04999999999995,123.44999999999997,1,1,sports,262.04999999999995,123.44999999999997,3,1,meta,camp_e4382d1d,uk,mobile,False,medium_replacement_cycle,351,351,0,0,0.0,0.4710933028048082,0.9700996677740864,5,2,at_risk,1,one_time_buyer,0,0,1,215,重要唤回用户
cust_0396257d,2024-01-09 12:07:19,2024-01-09 12:07:19,1,130.82,130.82,0.0,0,1,google,google,1,122.1,43.66,1,1,electronics,122.1,43.66,1,1,google,camp_4d9246cd,us,mobile,True,very_long_replacement_cycle,357,357,0,0,0.0,0.35757575757575755,0.5566666666666666,3,4,healthy,1,one_time_buyer,1,0,0,413,一般发展用户
cust_03a0b9d2,2024-03-16 23:34:39,2024-03-16 23:34:39,1,88.25,88.25,0.0,0,1,direct,direct,3,88.26,50.79,1,1,home,88.26,50.79,3,1,direct,,fr,mobile,False,long_replacement_cycle,290,290,0,0,0.0,0.5754588715159755,0.38588235294117645,2,3,cooling,1,one_time_buyer,0,0,0,312,低价值流失用户
cust_03ad1b2c,2024-11-02 20:13:21,2024-11-02 20:13:21,1,52.83,52.83,0.0,0,1,meta,meta,1,38.47,26.339999999999996,1,1,beauty,38.47,26.339999999999996,1,1,meta,camp_4d7f587a,uk,desktop,False,short_consumption_cycle,59,59,0,0,0.0,0.6846893683389653,0.32116788321167883,2,4,healthy,1,one_time_buyer,1,0,0,412,一般发展用户
cust_03bc294b,2024-01-20 12:24:23,2024-01-20 12:24:23,1,43.11,43.11,0.0,0,1,tiktok,tiktok,1,30.69,18.200000000000003,1,1,home,30.69,18.200000000000003,1,1,tiktok,camp_b6896114,uk,mobile,True,long_replacement_cycle,346,346,0,0,0.0,0.5930270446399479,0.13647058823529412,1,3,cooling,1,one_time_buyer,0,0,0,311,低价值流失用户
cust_03cd171d,2024-01-29 08:41:00,2024-01-29 08:41:00,1,222.57,222.57,0.0,0,1,google,google,3,222.57,96.53999999999999,1,1,home,222.57,96.53999999999999,3,1,google,camp_db7bf1e7,uk,desktop,False,long_replacement_cycle,337,337,0,0,0.0,0.43375117940423236,0.8564705882352941,5,3,cooling,1,one_time_buyer,0,0,1,315,重要唤回用户
cust_03f5e56b,2024-02-25 20:15:01,2024-02-25 20:15:01,1,129.12,129.12,0.0,0,1,direct,direct,2,129.12,42.92,1,1,sports,129.12,42.92,2,1,meta,camp_8aabbbdd,ca,desktop,True,medium_replacement_cycle,310,310,0,0,0.0,0.33240396530359356,0.770764119601329,4,2,at_risk,1,one_time_buyer,0,0,1,214,重要唤回用户
cust_0400922f,2024-04-23 20:44:33,2024-04-23 20:44:33,1,34.13,34.13,8.87,1,1,direct,direct,1,29.56,12.07,1,1,sports,29.56,12.07,1,1,google,camp_dcf9850e,uk,mobile,False,medium_replacement_cycle,252,252,0,0,1.0,0.4083220568335589,0.029900332225913623,1,3,cooling,1,one_time_buyer,0,0,0,311,低价值流失用户
cust_04445252,2024-10-06 16:25:57,2024-10-06 16:25:57,1,148.88,148.88,0.0,0,1,google,google,2,148.88,88.82,1,1,beauty,148.88,88.82,2,1,google,camp_419274c0,de,desktop,False,short_consumption_cycle,86,86,0,0,0.0,0.5965878559914024,0.927007299270073,5,4,healthy,1,one_time_buyer,1,0,1,415,重要发展用户
cust_044f0a3e,2024-02-06 22:20:15,2024-02-06 22:20:15,1,86.71,86.71,0.0,0,1,direct,direct,3,86.69999999999999,65.67,1,1,beauty,86.69999999999999,65.67,3,1,direct,,us,desktop,True,short_consumption_cycle,329,329,0,0,0.0,0.7574394463667822,0.7226277372262774,4,1,dormant,1,one_time_buyer,0,0,1,114,重要唤回用户
cust_0454a640,2024-10-16 17:20:50,2024-10-16 17:20:50,1,37.01,37.01,5.37,1,1,google,google,1,35.81,14.930000000000003,1,1,home,35.81,14.930000000000003,1,1,google,camp_ee2ad3b3,us,desktop,True,long_replacement_cycle,76,76,0,0,1.0,0.41692264730522205,0.07058823529411765,1,5,fresh,1,one_time_buyer,1,0,0,511,一般发展用户
cust_045c63b4,2024-03-03 11:39:07,2024-03-03 11:39:07,1,139.79,139.79,0.0,0,1,direct,direct,3,139.8,109.64999999999999,1,1,beauty,139.8,109.64999999999999,3,1,organic,,uk,mobile,True,short_consumption_cycle,303,303,0,0,0.0,0.7843347639484978,0.8929440389294404,5,1,dormant,1,one_time_buyer,0,0,1,115,重要唤回用户
cust_0483898e,2024-04-18 15:20:03,2024-04-18 15:20:03,1,30.77,30.77,0.0,0,1,meta,meta,1,19.0,11.5,1,1,beauty,19.0,11.5,1,1,meta,camp_51861f80,de,mobile,False,short_consumption_cycle,257,257,0,0,0.0,0.6052631578947368,0.0827250608272506,1,1,dormant,1,one_time_buyer,0,0,0,111,低价值流失用户
cust_0491caa1,2024-08-26 07:11:12,2024-08-26 07:11:12,1,52.75,52.75,0.0,0,1,direct,direct,1,39.73,12.579999999999998,1,1,electronics,39.73,12.579999999999998,1,1,email,,fr,mobile,False,very_long_replacement_cycle,127,127,0,0,0.0,0.3166373017870627,0.11333333333333333,1,5,fresh,1,one_time_buyer,1,0,0,511,一般发展用户
cust_0503004c,2024-09-25 15:51:11,2024-09-25 15:51:11,1,86.29,86.29,0.0,0,1,organic,organic,1,78.59,26.28,1,1,sports,78.59,26.28,1,1,organic,,us,mobile,True,medium_replacement_cycle,97,97,0,0,0.0,0.33439368876447384,0.5448504983388704,3,4,healthy,1,one_time_buyer,1,0,0,413,一般发展用户
cust_050be217,2024-10-06 07:31:51,2024-10-06 07:31:51,1,47.37,47.37,5.0,1,1,direct,direct,1,43.1,29.910000000000004,1,1,beauty,43.1,29.910000000000004,1,1,google,camp_4d251d26,us,desktop,False,short_consumption_cycle,86,86,0,0,1.0,0.6939675174013922,0.25547445255474455,2,4,healthy,1,one_time_buyer,1,0,0,412,一般发展用户
cust_0561d34e,2024-06-24 19:43:53,2024-06-24 19:43:53,1,178.46,178.46,0.0,0,1,direct,direct,1,178.46,56.31,1,1,electronics,178.46,56.31,1,1,organic,,us,mobile,False,very_long_replacement_cycle,190,190,0,0,0.0,0.31553289252493555,0.77,4,4,healthy,1,one_time_buyer,1,0,1,414,重要发展用户
cust_0569a5ad,2024-04-13 08:30:20,2024-04-13 08:30:20,1,135.81,135.81,0.0,0,1,direct,direct,1,135.81,75.73,1,1,home,135.81,75.73,1,1,email,,us,mobile,True,long_replacement_cycle,262,262,0,0,0.0,0.5576172594065238,0.6611764705882353,4,3,cooling,1,one_time_buyer,0,0,1,314,重要唤回用户
cust_058b770b,2024-11-30 15:35:48,2024-11-30 15:35:48,1,56.39,56.39,0.0,0,1,organic,organic,1,46.3,26.199999999999996,1,1,beauty,46.3,26.199999999999996,1,1,organic,,uk,mobile,True,short_consumption_cycle,31,31,0,0,0.0,0.5658747300215982,0.3844282238442822,2,5,fresh,1,one_time_buyer,1,0,0,512,一般发展用户
cust_05ad4eab,2024-11-03 12:56:45,2024-11-03 12:56:45,1,79.27,79.27,0.0,0,1,meta,meta,2,71.84,54.10000000000001,1,1,beauty,71.84,54.10000000000001,2,1,meta,camp_587406ec,us,tablet,False,short_consumption_cycle,58,58,0,0,0.0,0.7530623608017818,0.6496350364963503,4,4,healthy,1,one_time_buyer,1,0,1,414,重要发展用户
cust_0610871b,2024-11-23 19:05:25,2024-11-23 19:05:25,1,232.76,232.76,0.0,0,1,google,google,3,232.77,96.27000000000001,2,2,electronics,189.24,67.2,2,1,google,camp_98afa593,uk,desktop,False,very_long_replacement_cycle,38,38,0,0,0.0,0.4135842247712334,0.8533333333333334,5,5,fresh,1,one_time_buyer,1,0,1,515,重要发展用户
cust_0647d8bf,2024-04-10 18:29:56,2024-04-10 18:29:56,1,59.98,59.98,0.0,0,1,tiktok,tiktok,3,49.08,37.019999999999996,1,1,beauty,49.08,37.019999999999996,3,1,tiktok,camp_582a737e,de,desktop,False,short_consumption_cycle,265,265,0,0,0.0,0.7542787286063569,0.43552311435523117,3,1,dormant,1,one_time_buyer,0,0,0,113,低价值流失用户
cust_0666a7ff,2024-09-17 08:04:51,2024-09-17 08:04:51,1,147.78,147.78,0.0,0,1,direct,direct,2,147.78,93.53999999999999,1,1,fashion,147.78,93.53999999999999,2,1,direct,,fr,desktop,False,seasonal_cycle,105,105,0,0,0.0,0.6329679252943564,0.7931818181818182,4,4,healthy,1,one_time_buyer,1,0,1,414,重要发展用户
cust_0668b7a7,2024-04-02 21:27:42,2024-04-02 21:27:42,1,122.71,122.71,0.0,0,1,direct,direct,1,113.01,63.09,1,1,fashion,113.01,63.09,1,1,organic,,uk,mobile,False,seasonal_cycle,273,273,0,0,0.0,0.558269179718609,0.7181818181818181,4,2,at_risk,1,one_time_buyer,0,0,1,214,重要唤回用户
cust_066b0cf3,2024-12-14 20:04:21,2024-12-14 20:04:21,1,33.94,33.94,0.0,0,1,tiktok,tiktok,1,23.92,16.03,1,1,beauty,23.92,16.03,1,1,tiktok,camp_d2c47c51,fr,mobile,False,short_consumption_cycle,17,17,0,0,0.0,0.6701505016722408,0.12408759124087591,1,5,fresh,1,one_time_buyer,1,0,0,511,一般发展用户
cust_066bc1ff,2024-05-25 15:41:21,2024-05-25 15:41:21,1,48.07,48.07,0.0,0,1,meta,meta,1,41.89,20.650000000000002,1,1,fashion,41.89,20.650000000000002,1,1,meta,camp_000c63f1,us,tablet,True,seasonal_cycle,220,220,0,0,0.0,0.4929577464788733,0.1340909090909091,1,2,at_risk,1,one_time_buyer,0,0,0,211,低价值流失用户
cust_0692d7cd,2024-11-04 22:52:08,2024-11-04 22:52:08,1,215.2,215.2,23.91,1,1,meta,meta,2,239.12,98.34,1,1,home,239.12,98.34,2,1,meta,camp_ec8ed092,us,desktop,True,long_replacement_cycle,57,57,0,0,1.0,0.41125794580127134,0.8470588235294118,5,5,fresh,1,one_time_buyer,1,0,1,515,重要发展用户
cust_07142331,2024-11-21 09:10:19,2024-11-21 09:10:19,1,102.32,102.32,0.0,0,1,organic,organic,2,102.32,66.22,1,1,beauty,102.32,66.22,2,1,organic,,fr,desktop,False,short_consumption_cycle,40,40,0,0,0.0,0.6471853010164191,0.8004866180048662,5,5,fresh,1,one_time_buyer,1,0,1,515,重要发展用户
cust_0723977a,2024-02-21 22:48:29,2024-02-21 22:48:29,1,97.76,97.76,0.0,0,1,direct,direct,1,97.76,58.43000000000001,1,1,fashion,97.76,58.43000000000001,1,1,tiktok,camp_496e04da,ca,mobile,False,seasonal_cycle,314,314,0,0,0.0,0.5976882160392799,0.5727272727272728,3,1,dormant,1,one_time_buyer,0,0,0,113,低价值流失用户
cust_0733ef3e,2024-06-02 21:24:56,2024-06-02 21:24:56,1,180.97,180.97,0.0,0,1,direct,direct,2,165.24,72.84,1,1,sports,165.24,72.84,2,1,organic,,fr,mobile,False,medium_replacement_cycle,212,212,0,0,0.0,0.4408133623819898,0.8704318936877077,5,3,cooling,1,one_time_buyer,0,0,1,315,重要唤回用户
cust_07353a1e,2024-05-07 20:20:56,2024-05-07 20:20:56,1,134.18,134.18,14.91,1,1,direct,direct,1,149.09,37.52000000000001,1,1,electronics,149.09,37.52000000000001,1,1,direct,,us,desktop,False,very_long_replacement_cycle,238,238,0,0,1.0,0.25166007109799454,0.5833333333333334,3,4,healthy,1,one_time_buyer,1,0,0,413,一般发展用户
cust_075f1792,2024-08-01 20:49:50,2024-08-01 20:49:50,1,282.98,282.98,0.0,0,1,direct,direct,2,282.98,90.10000000000002,1,1,electronics,282.98,90.10000000000002,2,1,direct,,ca,mobile,False,very_long_replacement_cycle,152,152,0,0,0.0,0.3183970598628879,0.8866666666666667,5,5,fresh,1,one_time_buyer,1,0,1,515,重要发展用户
cust_078fdb61,2024-11-18 20:11:02,2024-11-18 20:11:02,1,25.34,25.34,0.0,0,1,meta,meta,1,11.21,7.380000000000001,1,1,beauty,11.21,7.380000000000001,1,1,meta,camp_19cf1b56,de,mobile,False,short_consumption_cycle,43,43,0,0,0.0,0.6583407671721677,0.0340632603406326,1,5,fresh,1,one_time_buyer,1,0,0,511,一般发展用户
cust_07cf188d,2024-05-05 22:41:14,2024-05-05 22:41:14,1,126.89,126.89,0.0,0,1,direct,direct,1,126.89,58.05,1,1,home,126.89,58.05,1,1,tiktok,camp_a0ece8bb,fr,mobile,True,long_replacement_cycle,240,240,0,0,0.0,0.45748285916935927,0.6164705882352941,4,4,healthy,1,one_time_buyer,1,0,1,414,重要发展用户
cust_07e6e4d1,2024-05-17 11:12:54,2024-05-17 11:12:54,1,53.07,53.07,0.0,0,1,google,google,1,40.91,14.279999999999998,1,1,home,40.91,14.279999999999998,1,1,google,camp_a4849a2c,de,mobile,False,long_replacement_cycle,228,228,0,0,0.0,0.3490589098020044,0.18823529411764706,1,4,healthy,1,one_time_buyer,1,0,0,411,一般发展用户
cust_08079db0,2024-11-29 18:15:15,2024-11-29 18:15:15,1,87.46,87.46,0.0,0,1,google,google,1,75.15,48.46000000000001,1,1,fashion,75.15,48.46000000000001,1,1,google,camp_8de673d9,ca,tablet,False,seasonal_cycle,32,32,0,0,0.0,0.6448436460412509,0.4693181818181818,3,5,fresh,1,one_time_buyer,1,0,0,513,一般发展用户
cust_08096668,2024-06-06 21:05:16,2024-06-06 21:05:16,1,81.97,81.97,15.0,1,1,direct,direct,1,96.97,53.0,1,1,fashion,96.97,53.0,1,1,direct,,us,mobile,False,seasonal_cycle,208,208,0,0,1.0,0.546560791997525,0.3704545454545455,2,3,cooling,1,one_time_buyer,0,0,0,312,低价值流失用户
cust_0823eff7,2024-01-05 20:30:30,2024-01-05 20:30:30,1,104.35,104.35,0.0,0,1,google,google,1,94.6,28.709999999999994,1,1,sports,94.6,28.709999999999994,1,1,google,camp_0a472f91,uk,mobile,False,medium_replacement_cycle,361,361,0,0,0.0,0.3034883720930232,0.6611295681063123,4,2,at_risk,1,one_time_buyer,0,0,1,214,重要唤回用户
cust_08346900,2024-07-26 19:49:01,2024-07-26 19:49:01,1,180.14,180.14,0.0,0,1,meta,meta,1,180.14,74.07999999999998,1,1,electronics,180.14,74.07999999999998,1,1,meta,camp_635cedb7,us,desktop,False,very_long_replacement_cycle,158,158,0,0,0.0,0.41123570556234035,0.7733333333333333,4,5,fresh,1,one_time_buyer,1,0,1,514,重要发展用户
cust_08456b8c,2024-11-21 11:39:07,2024-11-21 11:39:07,1,129.24,129.24,21.21,1,1,direct,direct,1,141.37,44.93000000000001,1,1,electronics,141.37,44.93000000000001,1,1,direct,,us,mobile,True,very_long_replacement_cycle,40,40,0,0,1.0,0.3178184904859589,0.5433333333333333,3,5,fresh,1,one_time_buyer,1,0,0,513,一般发展用户
cust_085eb17d,2024-01-23 15:51:02,2024-01-23 15:51:02,1,216.15,216.15,0.0,0,1,direct,direct,3,216.14999999999998,133.2,1,1,fashion,216.14999999999998,133.2,3,1,meta,camp_9f65b3f2,us,mobile,False,seasonal_cycle,343,343,0,0,0.0,0.6162387231089521,0.9295454545454546,5,1,dormant,1,one_time_buyer,0,0,1,115,重要唤回用户
cust_0892e558,2024-06-13 19:17:08,2024-06-13 19:17:08,1,43.76,43.76,0.0,0,1,organic,organic,1,32.42,14.930000000000003,1,1,sports,32.42,14.930000000000003,1,1,organic,,uk,tablet,False,medium_replacement_cycle,201,201,0,0,0.0,0.4605181986428132,0.11960132890365449,1,3,cooling,1,one_time_buyer,0,0,0,311,低价值流失用户
cust_08baf85f,2024-07-27 19:27:48,2024-07-27 19:27:48,1,92.69,92.69,0.0,0,1,meta,meta,2,92.68,52.480000000000004,1,1,beauty,92.68,52.480000000000004,2,1,meta,camp_f71e1e45,us,mobile,False,short_consumption_cycle,157,157,0,0,0.0,0.5662494605092793,0.7518248175182481,4,2,at_risk,1,one_time_buyer,0,0,1,214,重要唤回用户
cust_08c55c74,2024-04-29 09:54:53,2024-04-29 09:54:53,1,55.26,55.26,0.0,0,1,email,email,2,48.32,28.86,1,1,beauty,48.32,28.86,2,1,email,,us,desktop,False,short_consumption_cycle,246,246,0,0,0.0,0.5972682119205298,0.35766423357664234,2,1,dormant,1,one_time_buyer,0,0,0,112,低价值流失用户
cust_08d6e44a,2024-08-26 17:32:52,2024-08-26 17:32:52,1,65.65,65.65,0.0,0,1,meta,meta,2,58.68,27.86,1,1,sports,58.68,27.86,2,1,meta,camp_9dbeb2ef,us,mobile,False,medium_replacement_cycle,127,127,0,0,0.0,0.47477845944103614,0.24916943521594684,2,4,healthy,1,one_time_buyer,1,0,0,412,一般发展用户
cust_08e2593f,2024-09-23 10:16:33,2024-09-23 10:16:33,1,39.52,39.52,0.0,0,1,direct,direct,1,23.76,9.500000000000002,1,1,home,23.76,9.500000000000002,1,1,direct,,de,mobile,False,long_replacement_cycle,99,99,0,0,0.0,0.39983164983164987,0.0988235294117647,1,5,fresh,1,one_time_buyer,1,0,0,511,一般发展用户
cust_08e897ff,2024-11-07 10:20:19,2024-11-07 10:20:19,1,56.22,56.22,0.0,0,1,organic,organic,1,44.04,30.85,1,1,beauty,44.04,30.85,1,1,organic,,fr,desktop,False,short_consumption_cycle,54,54,0,0,0.0,0.7004995458673933,0.3795620437956204,2,4,healthy,1,one_time_buyer,1,0,0,412,一般发展用户
cust_08f95c75,2024-08-08 23:29:48,2024-08-08 23:29:48,1,31.82,31.82,5.96,1,1,meta,meta,1,29.81,17.61,1,1,home,29.81,17.61,1,1,meta,camp_22f6dd5c,us,mobile,False,long_replacement_cycle,145,145,0,0,1.0,0.5907413619590741,0.021176470588235293,1,4,healthy,1,one_time_buyer,1,0,0,411,一般发展用户
cust_092258ff,2024-10-07 09:25:49,2024-10-07 09:25:49,1,213.17,213.17,0.0,0,1,google,google,2,213.17000000000002,79.77000000000001,2,2,electronics,160.96,56.750000000000014,1,1,google,camp_6a28fde6,us,desktop,False,very_long_replacement_cycle,85,85,0,0,0.0,0.374208378289628,0.8266666666666667,5,5,fresh,1,one_time_buyer,1,0,1,515,重要发展用户
cust_09497cf3,2024-03-06 14:06:19,2024-03-06 14:06:19,1,122.21,122.21,5.0,1,1,organic,organic,2,127.22,41.019999999999996,1,1,sports,127.22,41.019999999999996,2,1,organic,,us,desktop,False,medium_replacement_cycle,300,300,0,0,1.0,0.32243357962584496,0.7408637873754153,4,3,cooling,1,one_time_buyer,0,0,1,314,重要唤回用户
cust_09676ea9,2024-10-30 19:13:55,2024-10-30 19:13:55,1,119.29,119.29,0.0,0,1,organic,organic,1,119.29,41.45,1,1,sports,119.29,41.45,1,1,organic,,us,mobile,False,medium_replacement_cycle,62,62,0,0,0.0,0.34747254589655463,0.7308970099667774,4,5,fresh,1,one_time_buyer,1,0,1,514,重要发展用户
cust_0986407e,2024-06-21 22:06:06,2024-06-21 22:06:06,1,122.2,122.2,0.0,0,1,direct,direct,2,109.53,69.59,2,2,beauty,71.04,49.45,1,1,organic,,ca,mobile,False,short_consumption_cycle,193,193,0,0,0.0,0.6353510453756962,0.8491484184914841,5,2,at_risk,1,one_time_buyer,0,0,1,215,重要唤回用户
cust_09c473a7,2024-12-07 14:39:27,2024-12-07 14:39:27,1,85.24,85.24,0.0,0,1,direct,direct,2,85.24000000000001,53.46000000000001,1,2,beauty,85.24000000000001,53.46000000000001,2,1,google,camp_3740e803,us,mobile,True,short_consumption_cycle,24,24,0,0,0.0,0.6271703425621774,0.7055961070559611,4,5,fresh,1,one_time_buyer,1,0,1,514,重要发展用户
cust_09f36b6d,2024-07-28 20:21:12,2024-07-28 20:21:12,1,70.0,70.0,0.0,0,1,direct,direct,1,60.84,21.860000000000007,1,1,sports,60.84,21.860000000000007,1,1,email,,us,mobile,False,medium_replacement_cycle,156,156,0,0,0.0,0.3593030900723209,0.3289036544850498,2,4,healthy,1,one_time_buyer,1,0,0,412,一般发展用户
cust_09f3ec2a,2024-11-18 19:12:21,2024-11-18 19:12:21,1,242.98,242.98,60.75,1,1,direct,direct,3,303.71999999999997,120.65999999999997,1,1,electronics,303.71999999999997,120.65999999999997,3,1,meta,camp_ad62c8dc,us,desktop,True,very_long_replacement_cycle,43,43,0,0,1.0,0.3972738048202291,0.86,5,5,fresh,1,one_time_buyer,1,0,1,515,重要发展用户
cust_0a2e0299,2024-06-19 20:56:33,2024-06-19 20:56:33,1,123.4,123.4,0.0,0,1,meta,meta,1,123.4,69.22,1,1,home,123.4,69.22,1,1,meta,camp_63229f07,de,desktop,False,long_replacement_cycle,195,195,0,0,0.0,0.5609400324149109,0.5929411764705882,3,4,healthy,1,one_time_buyer,1,0,0,413,一般发展用户
cust_0a32b3b5,2024-06-24 11:36:10,2024-06-24 11:36:10,1,96.34,96.34,0.0,0,1,google,google,1,96.34,57.010000000000005,1,1,fashion,96.34,57.010000000000005,1,1,google,camp_c004c873,ca,desktop,False,seasonal_cycle,190,190,0,0,0.0,0.5917583558231264,0.5590909090909091,3,3,cooling,1,one_time_buyer,0,0,0,313,低价值流失用户
cust_0a35e893,2024-09-18 20:40:54,2024-09-18 20:40:54,1,89.95,89.95,0.0,0,1,tiktok,tiktok,1,89.95,31.42,1,1,sports,89.95,31.42,1,1,tiktok,camp_fb2f1b53,us,mobile,False,medium_replacement_cycle,104,104,0,0,0.0,0.34930516953863255,0.5681063122923588,3,4,healthy,1,one_time_buyer,1,0,0,413,一般发展用户
cust_0a754690,2024-02-27 21:42:10,2024-02-27 21:42:10,1,97.28,97.28,0.0,0,1,organic,organic,1,97.28,51.15,1,1,fashion,97.28,51.15,1,1,organic,,us,tablet,False,seasonal_cycle,308,308,0,0,0.0,0.5258018092105263,0.5681818181818182,3,1,dormant,1,one_time_buyer,0,0,0,113,低价值流失用户
cust_0a9cd414,2024-08-21 20:43:49,2024-08-21 20:43:49,1,250.61,250.61,0.0,0,1,organic,organic,3,250.60999999999999,162.80999999999997,1,2,fashion,250.60999999999999,162.80999999999997,3,1,organic,,us,mobile,False,seasonal_cycle,132,132,0,0,0.0,0.6496548421850684,0.9545454545454546,5,3,cooling,1,one_time_buyer,0,0,1,315,重要唤回用户
cust_0a9de5b4,2024-09-27 14:00:34,2024-09-27 14:00:34,1,73.78,73.78,10.95,1,1,google,google,2,73.0,23.840000000000003,1,1,sports,73.0,23.840000000000003,2,1,google,camp_53c32e2d,ca,mobile,True,medium_replacement_cycle,95,95,0,0,1.0,0.3265753424657535,0.38870431893687707,2,4,healthy,1,one_time_buyer,1,0,0,412,一般发展用户
cust_0aa0c0d2,2024-11-30 08:08:07,2024-11-30 08:08:07,1,90.62,90.62,0.0,0,1,direct,direct,2,90.62,38.74,1,1,sports,90.62,38.74,2,1,meta,camp_44b2ccfb,uk,desktop,True,medium_replacement_cycle,31,31,0,0,0.0,0.4274994482454204,0.574750830564784,3,5,fresh,1,one_time_buyer,1,0,0,513,一般发展用户
cust_0ac09856,2024-12-12 11:37:00,2024-12-12 11:37:00,1,45.08,45.08,0.0,0,1,organic,organic,1,33.59,16.970000000000002,1,1,fashion,33.59,16.970000000000002,1,1,organic,,ca,mobile,True,seasonal_cycle,19,19,0,0,0.0,0.5052098838940161,0.11818181818181818,1,5,fresh,1,one_time_buyer,1,0,0,511,一般发展用户
cust_0ae80bdb,2024-03-28 11:20:17,2024-03-28 11:20:17,1,84.75,84.75,0.0,0,1,direct,direct,1,75.61,23.299999999999997,1,1,sports,75.61,23.299999999999997,1,1,direct,,us,mobile,True,medium_replacement_cycle,278,278,0,0,0.0,0.30816029625710883,0.5149501661129569,3,3,cooling,1,one_time_buyer,0,0,0,313,低价值流失用户
cust_0b1866ed,2024-11-23 21:04:14,2024-11-23 21:04:14,1,61.75,61.75,0.0,0,1,direct,direct,1,45.31,30.85,1,1,beauty,45.31,30.85,1,1,direct,,de,tablet,False,short_consumption_cycle,38,38,0,0,0.0,0.6808651511807547,0.45012165450121655,3,5,fresh,1,one_time_buyer,1,0,0,513,一般发展用户
cust_0b859378,2024-01-28 11:23:05,2024-01-28 11:23:05,1,101.7,101.7,0.0,0,1,direct,direct,1,101.7,68.05000000000001,1,1,fashion,101.7,68.05000000000001,1,1,meta,camp_0aa73087,us,mobile,False,seasonal_cycle,338,338,0,0,0.0,0.669124877089479,0.5954545454545455,3,1,dormant,1,one_time_buyer,0,0,0,113,低价值流失用户
cust_0baca716,2024-09-23 22:36:07,2024-09-23 22:36:07,1,113.7,113.7,0.0,0,1,organic,organic,3,113.69999999999999,56.37,1,1,sports,113.69999999999999,56.37,3,1,organic,,fr,mobile,True,medium_replacement_cycle,99,99,0,0,0.0,0.495778364116095,0.707641196013289,4,4,healthy,1,one_time_buyer,1,0,1,414,重要发展用户
cust_0bb04d4b,2024-12-08 23:20:53,2024-12-08 23:20:53,1,41.56,41.56,0.0,0,1,meta,meta,1,32.32,21.61,1,1,fashion,32.32,21.61,1,1,meta,camp_cfc556a3,us,mobile,False,seasonal_cycle,23,23,0,0,0.0,0.6686262376237624,0.09204545454545454,1,5,fresh,1,one_time_buyer,1,0,0,511,一般发展用户
cust_0bd461aa,2024-03-06 08:00:58,2024-03-06 08:00:58,1,163.84,163.84,0.0,0,1,meta,meta,3,147.84,103.16,2,2,beauty,117.58,91.34,2,1,meta,camp_79460e65,de,desktop,False,short_consumption_cycle,300,300,0,0,0.0,0.6977813852813852,0.948905109489051,5,1,dormant,1,one_time_buyer,0,0,1,115,重要唤回用户
cust_0be60790,2024-04-30 08:41:25,2024-04-30 08:41:25,1,100.23,100.23,17.69,1,1,direct,direct,2,117.91999999999999,59.12,1,2,home,117.91999999999999,59.12,2,1,tiktok,camp_043a2449,uk,desktop,True,long_replacement_cycle,245,245,0,0,1.0,0.5013568521031208,0.45176470588235296,3,3,cooling,1,one_time_buyer,0,0,0,313,低价值流失用户
cust_0bec91cb,2024-10-29 18:49:01,2024-10-29 18:49:01,1,270.72,270.72,0.0,0,1,tiktok,tiktok,3,270.71999999999997,131.28,1,1,home,270.71999999999997,131.28,3,1,tiktok,camp_53cda3e7,de,mobile,False,long_replacement_cycle,63,63,0,0,0.0,0.48492907801418444,0.9152941176470588,5,5,fresh,1,one_time_buyer,1,0,1,515,重要发展用户
cust_0c12ed29,2024-04-27 12:49:25,2024-04-27 12:49:25,1,150.37,150.37,0.0,0,1,organic,organic,2,140.96,97.42,2,2,fashion,84.48,54.14,1,1,organic,,us,desktop,True,seasonal_cycle,248,248,0,0,0.0,0.6911180476730987,0.8022727272727272,5,2,at_risk,1,one_time_buyer,0,0,1,215,重要唤回用户
cust_0c4f9f04,2024-07-16 19:09:26,2024-07-16 19:09:26,1,187.79,187.79,0.0,0,1,meta,meta,3,179.94,140.57999999999998,1,1,beauty,179.94,140.57999999999998,3,1,meta,camp_62fa7018,us,mobile,True,short_consumption_cycle,168,168,0,0,0.0,0.7812604201400466,0.9610705596107056,5,2,at_risk,1,one_time_buyer,0,0,1,215,重要唤回用户
cust_0c5692c6,2024-06-23 18:16:04,2024-06-23 18:16:04,1,117.9,117.9,0.0,0,1,meta,meta,1,117.9,48.94000000000001,1,1,home,117.9,48.94000000000001,1,1,meta,camp_080ddbbe,fr,mobile,True,long_replacement_cycle,191,191,0,0,0.0,0.4150975402883801,0.5647058823529412,3,4,healthy,1,one_time_buyer,1,0,0,413,一般发展用户
cust_0c95ecdc,2024-02-20 22:31:49,2024-02-20 22:31:49,1,125.52,125.52,0.0,0,1,direct,direct,1,125.52,29.459999999999994,1,1,electronics,125.52,29.459999999999994,1,1,tiktok,camp_9c0d55d6,de,desktop,True,very_long_replacement_cycle,315,315,0,0,0.0,0.23470363288718926,0.53,3,4,healthy,1,one_time_buyer,1,0,0,413,一般发展用户
cust_0cbfe91d,2024-12-16 13:53:05,2024-12-16 13:53:05,1,132.59,132.59,10.0,1,1,google,google,3,142.58,76.19,2,2,home,111.54,53.160000000000004,2,1,google,camp_ff5832b1,fr,mobile,True,long_replacement_cycle,15,15,0,0,1.0,0.5343666713424042,0.6423529411764706,4,5,fresh,1,one_time_buyer,1,0,1,514,重要发展用户
cust_0cef175d,2024-08-21 18:58:20,2024-08-21 18:58:20,1,139.84,139.84,10.0,1,1,direct,direct,3,149.85000000000002,119.70000000000002,1,1,beauty,149.85000000000002,119.70000000000002,3,1,email,,ca,mobile,False,short_consumption_cycle,132,132,0,0,1.0,0.7987987987987988,0.8953771289537713,5,3,cooling,1,one_time_buyer,0,0,1,315,重要唤回用户
cust_0d121561,2024-11-15 19:40:22,2024-11-15 19:40:22,1,59.24,59.24,0.0,0,1,direct,direct,1,46.79,30.11,1,1,fashion,46.79,30.11,1,1,direct,,de,desktop,False,seasonal_cycle,46,46,0,0,0.0,0.6435135712759137,0.21363636363636362,2,5,fresh,1,one_time_buyer,1,0,0,512,一般发展用户
cust_0d41713a,2024-11-23 20:07:08,2024-11-23 20:07:08,1,96.37,96.37,0.0,0,1,email,email,1,85.31,43.53,1,1,fashion,85.31,43.53,1,1,email,,ca,mobile,False,seasonal_cycle,38,38,0,0,0.0,0.5102567108193646,0.5613636363636364,3,5,fresh,1,one_time_buyer,1,0,0,513,一般发展用户
cust_0d57bf77,2024-03-25 21:14:25,2024-03-25 21:14:25,1,61.35,61.35,0.0,0,1,direct,direct,1,53.32,20.810000000000002,1,1,sports,53.32,20.810000000000002,1,1,direct,,us,mobile,False,medium_replacement_cycle,281,281,0,0,0.0,0.390285071267817,0.2292358803986711,2,3,cooling,1,one_time_buyer,0,0,0,312,低价值流失用户
cust_0d634881,2024-02-25 10:38:50,2024-02-25 10:38:50,1,31.37,31.37,0.0,0,1,email,email,1,23.47,11.639999999999999,1,1,home,23.47,11.639999999999999,1,1,email,,us,mobile,True,long_replacement_cycle,310,310,0,0,0.0,0.495952279505752,0.01647058823529412,1,3,cooling,1,one_time_buyer,0,0,0,311,低价值流失用户
cust_0d7b4f90,2024-11-30 22:41:08,2024-11-30 22:41:08,1,79.09,79.09,0.0,0,1,google,google,1,71.11,41.08,1,1,beauty,71.11,41.08,1,1,google,camp_effc2c05,us,mobile,False,short_consumption_cycle,31,31,0,0,0.0,0.5776965265082267,0.6447688564476886,4,5,fresh,1,one_time_buyer,1,0,1,514,重要发展用户
cust_0d9612ac,2024-04-02 19:38:29,2024-04-02 19:38:29,1,81.09,81.09,0.0,0,1,meta,meta,2,69.87,40.81,2,2,sports,36.56,18.21,1,1,meta,camp_c8936afa,ca,tablet,False,medium_replacement_cycle,273,273,0,0,0.0,0.5840847287820238,0.44518272425249167,3,3,cooling,1,one_time_buyer,0,0,0,313,低价值流失用户
cust_0ddec26b,2024-12-04 10:09:36,2024-12-04 10:09:36,1,126.37,126.37,0.0,0,1,meta,meta,1,116.56,42.150000000000006,1,1,electronics,116.56,42.150000000000006,1,1,meta,camp_f2e36722,us,mobile,False,very_long_replacement_cycle,27,27,0,0,0.0,0.36161633493479756,0.5333333333333333,3,5,fresh,1,one_time_buyer,1,0,0,513,一般发展用户
cust_0de52bb9,2024-12-17 22:22:19,2024-12-17 22:22:19,1,77.98,77.98,0.0,0,1,google,google,1,70.14,49.93,1,1,beauty,70.14,49.93,1,1,google,camp_7171ea8c,us,desktop,False,short_consumption_cycle,14,14,0,0,0.0,0.7118619903051041,0.6253041362530414,4,5,fresh,1,one_time_buyer,1,0,1,514,重要发展用户
cust_0de59263,2024-10-13 11:20:55,2024-10-13 11:20:55,1,106.23,106.23,5.0,1,1,organic,organic,1,111.23,66.05000000000001,1,1,fashion,111.23,66.05000000000001,1,1,organic,,fr,desktop,False,seasonal_cycle,79,79,0,0,1.0,0.5938146183583567,0.6295454545454545,4,4,healthy,1,one_time_buyer,1,0,1,414,重要发展用户
cust_0deb211f,2024-11-28 09:48:57,2024-11-28 09:48:57,1,110.08,110.08,0.0,0,1,direct,direct,3,110.08,38.94,2,2,electronics,81.86,22.92,2,1,tiktok,camp_54c3b7bf,fr,mobile,False,very_long_replacement_cycle,33,33,0,0,0.0,0.35374273255813954,0.44333333333333336,3,5,fresh,1,one_time_buyer,1,0,0,513,一般发展用户
cust_0e6e2d56,2024-10-07 10:29:37,2024-10-07 10:29:37,1,144.16,144.16,0.0,0,1,direct,direct,2,144.16,78.94,2,2,sports,73.19,29.559999999999995,1,1,meta,camp_b5f91cda,uk,desktop,True,medium_replacement_cycle,85,85,0,0,0.0,0.5475860155382908,0.8172757475083057,5,5,fresh,1,one_time_buyer,1,0,1,515,重要发展用户
cust_0e74b445,2024-12-15 17:55:50,2024-12-15 17:55:50,1,167.35,167.35,0.0,0,1,tiktok,tiktok,2,167.36,64.82000000000001,1,1,home,167.36,64.82000000000001,2,1,tiktok,camp_8e65ec51,uk,mobile,False,long_replacement_cycle,16,16,0,0,0.0,0.38730879541108987,0.7647058823529411,4,5,fresh,1,one_time_buyer,1,0,1,514,重要发展用户
cust_0eb816ac,2024-02-27 08:50:14,2024-02-27 08:50:14,1,275.64,275.64,10.0,1,1,meta,meta,3,278.48,119.04000000000002,2,2,electronics,237.28,88.46000000000001,2,1,meta,camp_0c33744b,us,desktop,False,very_long_replacement_cycle,308,308,0,0,1.0,0.4274633725940822,0.8833333333333333,5,4,healthy,1,one_time_buyer,1,0,1,415,重要发展用户
cust_0f12b189,2024-12-05 04:38:02,2024-12-05 04:38:02,1,41.62,41.62,0.0,0,1,meta,meta,1,33.52,25.630000000000003,1,1,beauty,33.52,25.630000000000003,1,1,meta,camp_39eca792,us,desktop,False,short_consumption_cycle,26,26,0,0,0.0,0.764618138424821,0.2141119221411192,2,5,fresh,1,one_time_buyer,1,0,0,512,一般发展用户
cust_0f41b25c,2024-05-29 19:08:54,2024-05-29 19:08:54,1,167.23,167.23,29.51,1,1,google,google,3,196.75,87.53,2,2,sports,126.0,48.040000000000006,2,1,google,camp_2f28aebc,us,mobile,True,medium_replacement_cycle,216,216,0,0,1.0,0.44487928843710295,0.8504983388704319,5,3,cooling,1,one_time_buyer,0,0,1,315,重要唤回用户
cust_0f461fe1,2024-03-17 02:47:39,2024-03-17 02:47:39,1,333.02,333.02,0.0,0,1,email,email,2,333.02,99.1,1,1,electronics,333.02,99.1,2,1,email,,us,desktop,False,very_long_replacement_cycle,289,289,0,0,0.0,0.29757972494144497,0.93,5,4,healthy,1,one_time_buyer,1,0,1,415,重要发展用户
cust_0f51c251,2024-10-18 20:28:28,2024-10-18 20:28:28,1,115.01,115.01,0.0,0,1,google,google,1,115.01,53.99,1,1,home,115.01,53.99,1,1,google,camp_4f8970a6,us,mobile,False,long_replacement_cycle,74,74,0,0,0.0,0.4694374402225893,0.5388235294117647,3,5,fresh,1,one_time_buyer,1,0,0,513,一般发展用户
cust_0f725803,2024-12-14 16:01:51,2024-12-14 16:01:51,1,188.12,188.12,44.77,1,1,direct,direct,2,223.86,105.66000000000001,1,1,home,223.86,105.66000000000001,2,1,tiktok,camp_2998a595,ca,desktop,True,long_replacement_cycle,17,17,0,0,1.0,0.4719914232109354,0.7976470588235294,4,5,fresh,1,one_time_buyer,1,0,1,514,重要发展用户
cust_0ff0e594,2024-11-24 17:01:31,2024-11-24 17:01:31,1,132.44,132.44,0.0,0,1,meta,meta,2,123.58,39.8,1,1,sports,123.58,39.8,2,1,meta,camp_ed071f05,us,desktop,True,medium_replacement_cycle,37,37,0,0,0.0,0.3220585855316394,0.7840531561461794,4,5,fresh,1,one_time_buyer,1,0,1,514,重要发展用户
cust_10340e7b,2024-12-15 15:15:57,2024-12-15 15:15:57,1,102.89,102.89,0.0,0,1,direct,direct,3,90.27,37.83,1,1,electronics,90.27,37.83,3,1,direct,,de,desktop,False,very_long_replacement_cycle,16,16,0,0,0.0,0.4190761050182785,0.4266666666666667,3,5,fresh,1,one_time_buyer,1,0,0,513,一般发展用户
cust_10926f77,2024-09-13 13:17:54,2024-09-13 13:17:54,1,88.87,88.87,0.0,0,1,google,google,1,74.52,47.83,1,1,fashion,74.52,47.83,1,1,google,camp_3314a0fb,de,desktop,False,seasonal_cycle,109,109,0,0,0.0,0.6418411164787976,0.4909090909090909,3,4,healthy,1,one_time_buyer,1,0,0,413,一般发展用户
cust_10f61b46,2024-10-26 05:33:30,2024-10-26 05:33:30,1,161.28,161.28,0.0,0,1,meta,meta,2,161.28,100.6,1,1,fashion,161.28,100.6,2,1,meta,camp_399efbc5,us,mobile,False,seasonal_cycle,66,66,0,0,0.0,0.6237599206349206,0.8431818181818181,5,4,healthy,1,one_time_buyer,1,0,1,415,重要发展用户
cust_1104d7ac,2024-07-20 09:00:10,2024-07-20 09:00:10,1,343.59,343.59,36.5,1,1,meta,meta,3,365.01,141.78000000000003,1,1,electronics,365.01,141.78000000000003,3,1,meta,camp_64e83deb,fr,desktop,True,very_long_replacement_cycle,164,164,0,0,1.0,0.3884277143091971,0.9433333333333334,5,5,fresh,1,one_time_buyer,1,0,1,515,重要发展用户
cust_112a1494,2024-03-18 09:04:28,2024-03-18 09:04:28,1,123.58,123.58,0.0,0,1,direct,direct,1,112.13,66.94999999999999,1,1,fashion,112.13,66.94999999999999,1,1,tiktok,camp_0ee7881a,de,desktop,True,seasonal_cycle,288,288,0,0,0.0,0.5970748238651564,0.7227272727272728,4,2,at_risk,1,one_time_buyer,0,0,1,214,重要唤回用户
cust_11762ee5,2024-05-09 15:56:40,2024-05-09 15:56:40,1,21.16,21.16,5.13,1,1,meta,meta,1,17.08,13.059999999999999,1,1,beauty,17.08,13.059999999999999,1,1,meta,camp_4a06cf84,ca,mobile,False,short_consumption_cycle,236,236,0,0,1.0,0.7646370023419203,0.024330900243309004,1,2,at_risk,1,one_time_buyer,0,0,0,211,低价值流失用户
cust_1186daf1,2024-06-29 03:54:39,2024-06-29 03:54:39,1,136.31,136.31,0.0,0,1,meta,meta,2,136.32,81.02,1,1,fashion,136.32,81.02,2,1,meta,camp_4b87ea8a,us,desktop,False,seasonal_cycle,185,185,0,0,0.0,0.5943368544600939,0.7454545454545455,4,3,cooling,1,one_time_buyer,0,0,1,314,重要唤回用户
cust_118fed4f,2024-11-05 11:04:35,2024-11-05 11:04:35,1,47.62,47.62,0.0,0,1,direct,direct,1,36.12,11.54,1,1,sports,36.12,11.54,1,1,meta,camp_f5b4aa46,fr,mobile,False,medium_replacement_cycle,56,56,0,0,0.0,0.3194905869324474,0.15282392026578073,1,5,fresh,1,one_time_buyer,1,0,0,511,一般发展用户
cust_11ab6637,2024-12-17 12:00:05,2024-12-17 12:00:05,1,50.65,50.65,0.0,0,1,tiktok,tiktok,1,38.0,22.509999999999998,1,1,fashion,38.0,22.509999999999998,1,1,tiktok,camp_704ad5c6,uk,mobile,False,seasonal_cycle,14,14,0,0,0.0,0.5923684210526315,0.14772727272727273,1,5,fresh,1,one_time_buyer,1,0,0,511,一般发展用户
cust_11f58b78,2024-09-09 19:46:58,2024-09-09 19:46:58,1,32.23,32.23,0.0,0,1,google,google,1,22.24,13.909999999999998,1,1,fashion,22.24,13.909999999999998,1,1,google,camp_007c43b8,ca,tablet,True,seasonal_cycle,113,113,0,0,0.0,0.6254496402877697,0.03636363636363636,1,4,healthy,1,one_time_buyer,1,0,0,411,一般发展用户
cust_11ff17d2,2024-11-27 22:00:59,2024-11-27 22:00:59,1,133.84,133.84,0.0,0,1,google,google,3,121.94,46.2,2,2,electronics,90.5,30.32,2,1,google,camp_b733ba02,uk,mobile,False,very_long_replacement_cycle,34,34,0,0,0.0,0.3788748564867968,0.58,3,5,fresh,1,one_time_buyer,1,0,0,513,一般发展用户
cust_12471efc,2024-05-29 10:04:45,2024-05-29 10:04:45,1,87.39,87.39,0.0,0,1,direct,direct,1,87.39,36.12,1,1,home,87.39,36.12,1,1,tiktok,camp_90019edd,us,desktop,False,long_replacement_cycle,216,216,0,0,0.0,0.41331960178510124,0.37529411764705883,2,4,healthy,1,one_time_buyer,1,0,0,412,一般发展用户
cust_126cfaba,2024-10-12 16:10:24,2024-10-12 16:10:24,1,76.17,76.17,0.0,0,1,tiktok,tiktok,1,66.41,46.199999999999996,1,1,beauty,66.41,46.199999999999996,1,1,tiktok,camp_6c652280,us,mobile,False,short_consumption_cycle,80,80,0,0,0.0,0.6956783616925162,0.6082725060827251,4,4,healthy,1,one_time_buyer,1,0,1,414,重要发展用户
cust_126e3f5a,2024-08-14 09:04:11,2024-08-14 09:04:11,1,25.03,25.03,7.16,1,1,direct,direct,1,23.87,12.040000000000001,1,1,home,23.87,12.040000000000001,1,1,direct,,us,mobile,False,long_replacement_cycle,139,139,0,0,1.0,0.5043988269794721,0.007058823529411765,1,4,healthy,1,one_time_buyer,1,0,0,411,一般发展用户
cust_12a2bb6d,2024-10-30 14:00:28,2024-10-30 14:00:28,1,75.6,75.6,6.99,1,1,google,google,3,69.92999999999999,38.00999999999999,1,1,home,69.92999999999999,38.00999999999999,3,1,google,camp_ab4b4b51,fr,mobile,False,long_replacement_cycle,62,62,0,0,1.0,0.5435435435435435,0.2635294117647059,2,5,fresh,1,one_time_buyer,1,0,0,512,一般发展用户
cust_12e09733,2024-08-10 09:18:01,2024-08-10 09:18:01,1,46.28,46.28,0.0,0,1,meta,meta,1,37.62,10.469999999999999,1,1,electronics,37.62,10.469999999999999,1,1,meta,camp_3e9b9abd,us,desktop,False,very_long_replacement_cycle,143,143,0,0,0.0,0.27830940988835723,0.07333333333333333,1,5,fresh,1,one_time_buyer,1,0,0,511,一般发展用户
cust_12e8e365,2024-06-18 16:41:16,2024-06-18 16:41:16,1,132.63,132.63,0.0,0,1,meta,meta,2,126.2,39.36,1,1,electronics,126.2,39.36,2,1,meta,camp_26ae3dc1,us,mobile,False,very_long_replacement_cycle,196,196,0,0,0.0,0.31188589540412043,0.57,3,4,healthy,1,one_time_buyer,1,0,0,413,一般发展用户
cust_12f8dc96,2024-12-30 14:24:32,2024-12-30 14:24:32,1,419.98,419.98,0.0,0,1,direct,direct,3,419.97,159.21000000000004,1,1,electronics,419.97,159.21000000000004,3,1,google,camp_77c58ea6,ca,mobile,False,very_long_replacement_cycle,1,1,0,0,0.0,0.37909850703621695,0.9733333333333334,5,5,fresh,1,one_time_buyer,1,0,1,515,重要发展用户
cust_13212d2a,2024-06-28 14:05:42,2024-06-28 14:05:42,1,89.82,89.82,0.0,0,1,direct,direct,1,75.93,52.52000000000001,1,1,fashion,75.93,52.52000000000001,1,1,organic,,de,desktop,True,seasonal_cycle,186,186,0,0,0.0,0.6916897142104571,0.5,3,3,cooling,1,one_time_buyer,0,0,0,313,低价值流失用户
cust_134a5d03,2024-01-15 14:28:04,2024-01-15 14:28:04,1,106.18,106.18,0.0,0,1,direct,direct,2,106.18,44.36,2,2,sports,59.64,20.660000000000004,1,1,tiktok,camp_78b48ff2,us,mobile,True,medium_replacement_cycle,351,351,0,0,0.0,0.4177811263891505,0.6794019933554817,4,2,at_risk,1,one_time_buyer,0,0,1,214,重要唤回用户
cust_137760fa,2024-09-11 10:24:27,2024-09-11 10:24:27,1,321.86,321.86,0.0,0,1,direct,direct,3,321.87,135.57000000000002,1,1,home,321.87,135.57000000000002,3,1,direct,,uk,desktop,True,long_replacement_cycle,111,111,0,0,0.0,0.42119489234784235,0.9458823529411765,5,5,fresh,1,one_time_buyer,1,0,1,515,重要发展用户
cust_13bb501b,2024-12-01 18:23:48,2024-12-01 18:23:48,1,148.22,148.22,0.0,0,1,tiktok,tiktok,1,148.22,88.14,1,1,home,148.22,88.14,1,1,tiktok,camp_b5cd5494,ca,mobile,False,long_replacement_cycle,30,30,0,0,0.0,0.5946565915530968,0.731764705882353,4,5,fresh,1,one_time_buyer,1,0,1,514,重要发展用户
cust_13d6bc05,2024-07-03 10:16:26,2024-07-03 10:16:26,1,187.32,187.32,33.06,1,1,direct,direct,2,220.38,98.33999999999999,1,1,home,220.38,98.33999999999999,2,1,organic,,de,mobile,False,long_replacement_cycle,181,181,0,0,1.0,0.4462292404029403,0.7929411764705883,4,4,healthy,1,one_time_buyer,1,0,1,414,重要发展用户
cust_141cce1a,2024-11-18 07:31:31,2024-11-18 07:31:31,1,34.87,34.87,0.0,0,1,google,google,1,28.31,21.299999999999997,1,1,beauty,28.31,21.299999999999997,1,1,google,camp_44cdc65d,us,desktop,False,short_consumption_cycle,43,43,0,0,0.0,0.7523843164959377,0.1386861313868613,1,5,fresh,1,one_time_buyer,1,0,0,511,一般发展用户
cust_14276e90,2024-11-09 17:21:53,2024-11-09 17:21:53,1,115.55,115.55,5.0,1,1,tiktok,tiktok,1,108.18,73.01,1,1,fashion,108.18,73.01,1,1,tiktok,camp_27881fb5,fr,desktop,True,seasonal_cycle,52,52,0,0,1.0,0.6748936956923646,0.6909090909090909,4,5,fresh,1,one_time_buyer,1,0,1,514,重要发展用户
cust_14950f00,2024-04-29 15:10:51,2024-04-29 15:10:51,1,84.38,84.38,0.0,0,1,google,google,1,74.08,21.769999999999996,1,1,sports,74.08,21.769999999999996,1,1,google,camp_552d293f,de,desktop,True,medium_replacement_cycle,246,246,0,0,0.0,0.29387149028077747,0.5083056478405316,3,3,cooling,1,one_time_buyer,0,0,0,313,低价值流失用户
cust_14aa30d1,2024-03-30 15:08:27,2024-03-30 15:08:27,1,305.73,305.73,0.0,0,1,organic,organic,3,294.5,146.01,2,2,home,283.96,139.29999999999998,2,1,organic,,uk,desktop,False,long_replacement_cycle,276,276,0,0,0.0,0.4957894736842105,0.9364705882352942,5,3,cooling,1,one_time_buyer,0,0,1,315,重要唤回用户
cust_14ae6ac0,2024-03-20 10:58:04,2024-03-20 10:58:04,1,38.07,38.07,0.0,0,1,google,google,1,27.4,9.509999999999998,1,1,sports,27.4,9.509999999999998,1,1,google,camp_e9ce972d,uk,desktop,True,medium_replacement_cycle,286,286,0,0,0.0,0.34708029197080287,0.06976744186046512,1,3,cooling,1,one_time_buyer,0,0,0,311,低价值流失用户
cust_14b9948a,2024-02-12 12:50:14,2024-02-12 12:50:14,1,130.83,130.83,0.0,0,1,direct,direct,1,130.83,61.87000000000002,1,1,home,130.83,61.87000000000002,1,1,direct,,us,mobile,True,long_replacement_cycle,323,323,0,0,0.0,0.4729037682488727,0.6329411764705882,4,3,cooling,1,one_time_buyer,0,0,1,314,重要唤回用户
cust_14f9ace7,2024-05-23 18:51:26,2024-05-23 18:51:26,1,145.47,145.47,0.0,0,1,organic,organic,1,133.08,62.540000000000006,1,1,home,133.08,62.540000000000006,1,1,organic,,de,desktop,True,long_replacement_cycle,222,222,0,0,0.0,0.4699428914938383,0.72,4,4,healthy,1,one_time_buyer,1,0,1,414,重要发展用户
cust_153cee51,2024-03-14 04:55:52,2024-03-14 04:55:52,1,80.69,80.69,0.0,0,1,direct,direct,1,74.35,47.22999999999999,1,1,fashion,74.35,47.22999999999999,1,1,organic,,us,desktop,False,seasonal_cycle,292,292,0,0,0.0,0.6352387357094821,0.34545454545454546,2,2,at_risk,1,one_time_buyer,0,0,0,212,低价值流失用户
cust_155341bb,2024-03-01 22:12:17,2024-03-01 22:12:17,1,36.99,36.99,0.0,0,1,direct,direct,1,23.88,9.62,1,1,home,23.88,9.62,1,1,direct,,de,mobile,False,long_replacement_cycle,305,305,0,0,0.0,0.4028475711892797,0.06823529411764706,1,3,cooling,1,one_time_buyer,0,0,0,311,低价值流失用户
cust_156c4773,2024-12-26 12:26:36,2024-12-26 12:26:36,1,112.06,112.06,15.0,1,1,direct,direct,1,127.06,72.88,1,1,home,127.06,72.88,1,1,meta,camp_800a09be,us,tablet,False,long_replacement_cycle,5,5,0,0,1.0,0.5735872815992444,0.5223529411764706,3,5,fresh,1,one_time_buyer,1,0,0,513,一般发展用户
cust_157d2820,2024-12-17 12:46:52,2024-12-17 12:46:52,1,105.72,105.72,0.0,0,1,google,google,1,105.72,60.54,1,1,fashion,105.72,60.54,1,1,google,camp_f6f23040,de,tablet,False,seasonal_cycle,14,14,0,0,0.0,0.572644721906924,0.6227272727272727,4,5,fresh,1,one_time_buyer,1,0,1,514,重要发展用户
cust_1598bcb0,2024-08-12 13:25:45,2024-08-12 13:25:45,1,87.76,87.76,0.0,0,1,email,email,1,87.76,45.830000000000005,1,1,fashion,87.76,45.830000000000005,1,1,email,,us,mobile,False,seasonal_cycle,141,141,0,0,0.0,0.5222196900638104,0.475,3,3,cooling,1,one_time_buyer,0,0,0,313,低价值流失用户
cust_159e4452,2024-10-12 14:44:25,2024-10-12 14:44:25,1,228.43,228.43,0.0,0,1,tiktok,tiktok,5,228.42,147.39999999999998,1,2,fashion,228.42,147.39999999999998,5,1,tiktok,camp_e117b47f,us,mobile,True,seasonal_cycle,80,80,0,0,0.0,0.645302512914806,0.9454545454545454,5,4,healthy,1,one_time_buyer,1,0,1,415,重要发展用户
cust_15b1808a,2024-12-20 16:47:25,2024-12-20 16:47:25,1,39.26,39.26,0.0,0,1,direct,direct,1,29.48,16.990000000000002,1,1,home,29.48,16.990000000000002,1,1,direct,,us,mobile,False,long_replacement_cycle,11,11,0,0,0.0,0.5763229308005428,0.09411764705882353,1,5,fresh,1,one_time_buyer,1,0,0,511,一般发展用户
cust_15e142e7,2024-08-30 05:00:22,2024-08-30 05:00:22,1,29.64,29.64,0.0,0,1,organic,organic,1,21.02,13.309999999999999,1,1,beauty,21.02,13.309999999999999,1,1,organic,,ca,mobile,False,short_consumption_cycle,123,123,0,0,0.0,0.6332064700285442,0.06569343065693431,1,3,cooling,1,one_time_buyer,0,0,0,311,低价值流失用户
cust_15ed0108,2024-06-16 17:06:57,2024-06-16 17:06:57,1,42.34,42.34,0.0,0,1,google,google,1,33.82,25.93,1,1,beauty,33.82,25.93,1,1,google,camp_bf068679,us,mobile,False,short_consumption_cycle,198,198,0,0,0.0,0.7667060910703726,0.22141119221411193,2,2,at_risk,1,one_time_buyer,0,0,0,212,低价值流失用户
cust_15fb12fb,2024-05-27 12:06:45,2024-05-27 12:06:45,1,353.13,353.13,0.0,0,1,direct,direct,3,353.13,129.89999999999998,1,1,electronics,353.13,129.89999999999998,3,1,meta,camp_8fe28cc8,ca,desktop,False,very_long_replacement_cycle,218,218,0,0,0.0,0.3678531985387817,0.9533333333333334,5,4,healthy,1,one_time_buyer,1,0,1,415,重要发展用户
cust_16145cd1,2024-07-01 18:21:08,2024-07-01 18:21:08,1,113.87,113.87,0.0,0,1,google,google,1,107.04,61.86000000000001,1,1,fashion,107.04,61.86000000000001,1,1,google,camp_2fa13ec7,us,mobile,True,seasonal_cycle,183,183,0,0,0.0,0.577914798206278,0.675,4,3,cooling,1,one_time_buyer,0,0,1,314,重要唤回用户
cust_1622e41c,2024-10-02 20:25:02,2024-10-02 20:25:02,1,78.53,78.53,0.0,0,1,organic,organic,1,64.24,41.709999999999994,1,1,fashion,64.24,41.709999999999994,1,1,organic,,fr,desktop,True,seasonal_cycle,90,90,0,0,0.0,0.6492839352428393,0.32045454545454544,2,4,healthy,1,one_time_buyer,1,0,0,412,一般发展用户
cust_16627cea,2024-03-08 15:38:30,2024-03-08 15:38:30,1,51.2,51.2,0.0,0,1,direct,direct,1,41.01,25.029999999999998,1,1,beauty,41.01,25.029999999999998,1,1,tiktok,camp_a2d33b5c,fr,mobile,False,short_consumption_cycle,298,298,0,0,0.0,0.6103389417215314,0.29683698296836986,2,1,dormant,1,one_time_buyer,0,0,0,112,低价值流失用户
cust_1696c000,2024-05-30 22:30:58,2024-05-30 22:30:58,1,228.74,228.74,0.0,0,1,direct,direct,2,228.74,128.9,1,1,fashion,228.74,128.9,2,1,organic,,us,mobile,True,seasonal_cycle,215,215,0,0,0.0,0.5635219025968349,0.9477272727272728,5,2,at_risk,1,one_time_buyer,0,0,1,215,重要唤回用户
cust_16a4b8b2,2024-08-15 17:49:11,2024-08-15 17:49:11,1,204.11,204.11,21.91,1,1,direct,direct,2,219.14,105.45999999999998,1,1,home,219.14,105.45999999999998,2,1,tiktok,camp_5f8f0af7,us,mobile,False,long_replacement_cycle,138,138,0,0,1.0,0.48124486629551877,0.8282352941176471,5,4,healthy,1,one_time_buyer,1,0,1,415,重要发展用户
cust_16b0d77b,2024-09-24 23:51:28,2024-09-24 23:51:28,1,189.46,189.46,0.0,0,1,organic,organic,3,176.21,92.69,2,2,home,112.25,50.15,1,1,organic,,de,mobile,True,long_replacement_cycle,98,98,0,0,0.0,0.5260200896657397,0.8,4,5,fresh,1,one_time_buyer,1,0,1,514,重要发展用户
cust_16b1b885,2024-07-13 09:47:05,2024-07-13 09:47:05,1,68.67,68.67,0.0,0,1,meta,meta,1,57.78,25.270000000000003,1,1,sports,57.78,25.270000000000003,1,1,meta,camp_037685bf,de,mobile,False,medium_replacement_cycle,171,171,0,0,0.0,0.43734856351678786,0.3023255813953488,2,4,healthy,1,one_time_buyer,1,0,0,412,一般发展用户
cust_16eeb354,2024-07-15 18:42:13,2024-07-15 18:42:13,1,134.1,134.1,0.0,0,1,meta,meta,1,134.1,63.55999999999999,1,1,home,134.1,63.55999999999999,1,1,meta,camp_f1aced09,us,desktop,False,long_replacement_cycle,169,169,0,0,0.0,0.47397464578672627,0.6541176470588236,4,4,healthy,1,one_time_buyer,1,0,1,414,重要发展用户
cust_16f5d3fa,2024-03-20 20:54:25,2024-03-20 20:54:25,1,32.24,32.24,0.0,0,1,meta,meta,1,24.47,15.739999999999998,1,1,beauty,24.47,15.739999999999998,1,1,meta,camp_14dd69cf,us,desktop,False,short_consumption_cycle,286,286,0,0,0.0,0.643236616264814,0.10218978102189781,1,1,dormant,1,one_time_buyer,0,0,0,111,低价值流失用户
cust_1709d4ab,2024-06-30 22:03:03,2024-06-30 22:03:03,1,117.19,117.19,0.0,0,1,tiktok,tiktok,1,117.19,42.78,1,1,electronics,117.19,42.78,1,1,tiktok,camp_a8f5d5c8,us,mobile,False,very_long_replacement_cycle,184,184,0,0,0.0,0.36504821230480416,0.4766666666666667,3,4,healthy,1,one_time_buyer,1,0,0,413,一般发展用户
cust_176cb377,2024-09-24 09:51:55,2024-09-24 09:51:55,1,44.35,44.35,0.0,0,1,direct,direct,1,37.73,19.379999999999995,1,1,sports,37.73,19.379999999999995,1,1,direct,,us,desktop,False,medium_replacement_cycle,98,98,0,0,0.0,0.513649615690432,0.12956810631229235,1,4,healthy,1,one_time_buyer,1,0,0,411,一般发展用户
cust_1778260e,2024-06-23 16:14:55,2024-06-23 16:14:55,1,77.96,77.96,7.15,1,1,google,google,1,71.55,44.86,1,1,fashion,71.55,44.86,1,1,google,camp_3646f9de,uk,mobile,True,seasonal_cycle,191,191,0,0,1.0,0.6269741439552761,0.3125,2,3,cooling,1,one_time_buyer,0,0,0,312,低价值流失用户
cust_17f4f075,2024-12-02 12:37:14,2024-12-02 12:37:14,1,152.81,152.81,0.0,0,1,organic,organic,3,152.82,99.57000000000001,1,2,beauty,152.82,99.57000000000001,3,1,organic,,fr,desktop,True,short_consumption_cycle,29,29,0,0,0.0,0.6515508441303495,0.9367396593673966,5,5,fresh,1,one_time_buyer,1,0,1,515,重要发展用户
cust_17f744c9,2024-02-04 19:09:31,2024-02-04 19:09:31,1,203.78,203.78,0.0,0,1,direct,direct,2,203.76999999999998,102.14999999999999,1,2,home,203.76999999999998,102.14999999999999,2,1,organic,,us,tablet,False,long_replacement_cycle,331,331,0,0,0.0,0.5013004858418806,0.8258823529411765,5,3,cooling,1,one_time_buyer,0,0,1,315,重要唤回用户
cust_1802ee54,2024-07-12 16:37:07,2024-07-12 16:37:07,1,129.65,129.65,0.0,0,1,meta,meta,1,129.65,60.69000000000001,1,1,home,129.65,60.69000000000001,1,1,meta,camp_8a95616d,fr,desktop,False,long_replacement_cycle,172,172,0,0,0.0,0.46810644041650606,0.6282352941176471,4,4,healthy,1,one_time_buyer,1,0,1,414,重要发展用户
cust_180e9670,2024-04-08 10:15:16,2024-04-08 10:15:16,1,112.45,112.45,0.0,0,1,direct,direct,2,100.89,57.25,2,2,beauty,53.71,37.93,1,1,organic,,uk,mobile,False,short_consumption_cycle,267,267,0,0,0.0,0.5674496976905541,0.8272506082725061,5,1,dormant,1,one_time_buyer,0,0,1,115,重要唤回用户
cust_1810254b,2024-11-15 09:36:24,2024-11-15 09:36:24,1,202.28,202.28,0.0,0,1,direct,direct,3,202.29000000000002,119.34000000000003,1,1,fashion,202.29000000000002,119.34000000000003,3,1,organic,,us,mobile,False,seasonal_cycle,46,46,0,0,0.0,0.5899451282811806,0.9068181818181819,5,5,fresh,1,one_time_buyer,1,0,1,515,重要发展用户
cust_1819cacc,2024-03-17 08:38:28,2024-03-17 08:38:28,1,35.17,35.17,0.0,0,1,google,google,1,23.7,9.44,1,1,home,23.7,9.44,1,1,google,camp_6c1e5cb8,de,desktop,True,long_replacement_cycle,289,289,0,0,0.0,0.3983122362869198,0.047058823529411764,1,3,cooling,1,one_time_buyer,0,0,0,311,低价值流失用户
cust_182ec3a1,2024-04-28 11:33:40,2024-04-28 11:33:40,1,47.21,47.21,0.0,0,1,organic,organic,1,33.12,25.229999999999997,1,1,beauty,33.12,25.229999999999997,1,1,organic,,uk,mobile,True,short_consumption_cycle,247,247,0,0,0.0,0.7617753623188406,0.25060827250608275,2,1,dormant,1,one_time_buyer,0,0,0,112,低价值流失用户
cust_183cc26a,2024-03-11 08:21:16,2024-03-11 08:21:16,1,40.15,40.15,0.0,0,1,direct,direct,1,30.05,16.020000000000003,1,1,sports,30.05,16.020000000000003,1,1,tiktok,camp_614dd3e8,ca,desktop,True,medium_replacement_cycle,295,295,0,0,0.0,0.5331114808652248,0.09634551495016612,1,3,cooling,1,one_time_buyer,0,0,0,311,低价值流失用户
cust_183fa7a8,2024-02-28 22:16:45,2024-02-28 22:16:45,1,47.05,47.05,0.0,0,1,email,email,1,38.12,29.25,1,1,beauty,38.12,29.25,1,1,email,,us,mobile,False,short_consumption_cycle,307,307,0,0,0.0,0.7673137460650578,0.24574209245742093,2,1,dormant,1,one_time_buyer,0,0,0,112,低价值流失用户
cust_1888ba4f,2024-09-07 22:28:44,2024-09-07 22:28:44,1,58.92,58.92,12.2,1,1,meta,meta,2,61.0,23.78,1,1,sports,61.0,23.78,2,1,meta,camp_827d1ae2,uk,desktop,False,medium_replacement_cycle,115,115,0,0,1.0,0.3898360655737705,0.21926910299003322,2,4,healthy,1,one_time_buyer,1,0,0,412,一般发展用户
cust_188c331d,2024-09-07 11:03:49,2024-09-07 11:03:49,1,188.24,188.24,44.31,1,1,google,google,2,221.56,151.22,1,1,fashion,221.56,151.22,2,1,google,camp_a11157c8,uk,mobile,True,seasonal_cycle,115,115,0,0,1.0,0.6825239212854306,0.8909090909090909,5,4,healthy,1,one_time_buyer,1,0,1,415,重要发展用户
cust_18d462ba,2024-10-20 09:00:45,2024-12-31 10:43:36,2,302.1,151.05,0.0,0,1,direct,direct,5,302.11,165.79,2,3,sports,194.42,89.85999999999999,2,1,tiktok,camp_f6f60234,ca,mobile,False,medium_replacement_cycle,0,72,72,1,0.0,0.5487736255006455,0.9867109634551495,5,5,fresh,3,early_repeat_buyer,1,1,1,535,重要价值用户
cust_18f0c8df,2024-07-26 19:14:05,2024-07-26 19:14:05,1,60.54,60.54,0.0,0,1,google,google,1,48.49,31.810000000000002,1,1,fashion,48.49,31.810000000000002,1,1,google,camp_cd73b30f,de,desktop,False,seasonal_cycle,158,158,0,0,0.0,0.6560115487729429,0.21818181818181817,2,3,cooling,1,one_time_buyer,0,0,0,312,低价值流失用户
cust_19330267,2024-09-07 20:09:52,2024-09-07 20:09:52,1,136.51,136.51,5.0,1,1,email,email,2,131.76,86.69999999999999,1,1,fashion,131.76,86.69999999999999,2,1,email,,uk,mobile,False,seasonal_cycle,115,115,0,0,1.0,0.6580145719489982,0.7477272727272727,4,4,healthy,1,one_time_buyer,1,0,1,414,重要发展用户
cust_19346961,2024-11-29 10:42:39,2024-11-29 10:42:39,1,86.81,86.81,12.55,1,1,direct,direct,1,83.66,32.38999999999999,1,1,home,83.66,32.38999999999999,1,1,google,camp_48007226,fr,desktop,True,long_replacement_cycle,32,32,0,0,1.0,0.3871623236911307,0.3623529411764706,2,5,fresh,1,one_time_buyer,1,0,0,512,一般发展用户
cust_194b093d,2024-10-19 10:45:16,2024-10-19 10:45:16,1,197.21,197.21,0.0,0,1,direct,direct,2,197.2,75.35999999999999,1,1,electronics,197.2,75.35999999999999,2,1,tiktok,camp_253b0d96,fr,desktop,False,very_long_replacement_cycle,73,73,0,0,0.0,0.38215010141987826,0.7933333333333333,4,5,fresh,1,one_time_buyer,1,0,1,514,重要发展用户
cust_1953124c,2024-10-20 21:05:28,2024-10-20 21:05:28,1,92.95,92.95,0.0,0,1,meta,meta,1,78.31,51.7,1,1,beauty,78.31,51.7,1,1,meta,camp_0c021c1c,uk,mobile,False,short_consumption_cycle,72,72,0,0,0.0,0.6601966543225641,0.754257907542579,4,4,healthy,1,one_time_buyer,1,0,1,414,重要发展用户
cust_1975839e,2024-10-21 17:08:31,2024-10-21 17:08:31,1,208.28,208.28,0.0,0,1,google,google,2,198.74,90.55000000000001,2,2,home,122.81,63.550000000000004,1,1,google,camp_38c3e355,us,mobile,True,long_replacement_cycle,71,71,0,0,0.0,0.45562040857401637,0.8352941176470589,5,5,fresh,1,one_time_buyer,1,0,1,515,重要发展用户
cust_19d5ffac,2024-12-03 06:25:38,2024-12-03 06:25:38,1,143.78,143.78,23.54,1,1,direct,direct,1,156.93,45.360000000000014,1,1,electronics,156.93,45.360000000000014,1,1,meta,camp_e3bc75ec,uk,mobile,False,very_long_replacement_cycle,28,28,0,0,1.0,0.2890460714968458,0.63,4,5,fresh,1,one_time_buyer,1,0,1,514,重要发展用户
cust_19dacde3,2024-09-02 10:37:31,2024-09-02 10:37:31,1,99.89,99.89,0.0,0,1,organic,organic,2,99.89,56.25,2,2,beauty,52.81,37.03,1,1,organic,,uk,desktop,False,short_consumption_cycle,120,120,0,0,0.0,0.5631194313745119,0.7907542579075426,4,3,cooling,1,one_time_buyer,0,0,1,314,重要唤回用户
cust_19e59b41,2024-09-24 20:09:31,2024-09-24 20:09:31,1,132.06,132.06,0.0,0,1,meta,meta,2,132.06,55.199999999999996,1,2,sports,132.06,55.199999999999996,2,1,meta,camp_9df12b25,ca,desktop,False,medium_replacement_cycle,98,98,0,0,0.0,0.4179918218991367,0.7774086378737541,4,4,healthy,1,one_time_buyer,1,0,1,414,重要发展用户
cust_19fd2b66,2024-10-28 09:10:04,2024-10-28 09:10:04,1,101.95,101.95,17.99,1,1,direct,direct,1,119.94,65.75999999999999,1,1,home,119.94,65.75999999999999,1,1,google,camp_cce6bdc7,ca,mobile,False,long_replacement_cycle,64,64,0,0,1.0,0.5482741370685342,0.45647058823529413,3,5,fresh,1,one_time_buyer,1,0,0,513,一般发展用户
cust_1a1a592d,2024-06-10 07:54:05,2024-06-10 07:54:05,1,159.63,159.63,0.0,0,1,direct,direct,2,148.4,61.14,1,1,sports,148.4,61.14,2,1,google,camp_0b40f91a,uk,mobile,False,medium_replacement_cycle,204,204,0,0,0.0,0.4119946091644205,0.8372093023255814,5,3,cooling,1,one_time_buyer,0,0,1,315,重要唤回用户
cust_1afc288f,2024-01-10 20:51:30,2024-01-10 20:51:30,1,56.67,56.67,0.0,0,1,meta,meta,1,43.01,27.029999999999998,1,1,beauty,43.01,27.029999999999998,1,1,meta,camp_2f3720ca,uk,mobile,False,short_consumption_cycle,356,356,0,0,0.0,0.6284584980237153,0.38929440389294406,2,1,dormant,1,one_time_buyer,0,0,0,112,低价值流失用户
cust_1b32556f,2024-06-19 07:37:41,2024-06-19 07:37:41,1,93.49,93.49,0.0,0,1,google,google,3,78.12,47.339999999999996,1,1,beauty,78.12,47.339999999999996,3,1,google,camp_8a98d0f1,fr,mobile,False,short_consumption_cycle,195,195,0,0,0.0,0.6059907834101381,0.7615571776155717,4,2,at_risk,1,one_time_buyer,0,0,1,214,重要唤回用户
cust_1b58ce5e,2024-08-21 19:55:07,2024-08-21 19:55:07,1,90.64,90.64,0.0,0,1,direct,direct,1,78.22,39.37,1,1,sports,78.22,39.37,1,1,email,,fr,mobile,False,medium_replacement_cycle,132,132,0,0,0.0,0.5033239580669905,0.5780730897009967,3,4,healthy,1,one_time_buyer,1,0,0,413,一般发展用户
cust_1b601b8a,2024-05-08 12:38:16,2024-05-08 12:38:16,1,54.91,54.91,0.0,0,1,organic,organic,1,41.43,11.57,1,1,electronics,41.43,11.57,1,1,organic,,de,tablet,False,very_long_replacement_cycle,237,237,0,0,0.0,0.2792662321988897,0.13666666666666666,1,4,healthy,1,one_time_buyer,1,0,0,411,一般发展用户
cust_1ba9b111,2024-02-25 23:33:05,2024-02-25 23:33:05,1,84.57,84.57,0.0,0,1,tiktok,tiktok,2,76.9,45.92,1,1,fashion,76.9,45.92,2,1,tiktok,camp_9b9afb82,us,mobile,False,seasonal_cycle,310,310,0,0,0.0,0.5971391417425227,0.42045454545454547,3,1,dormant,1,one_time_buyer,0,0,0,113,低价值流失用户
cust_1bc1c2b3,2024-02-06 02:20:09,2024-02-06 02:20:09,1,90.49,90.49,0.0,0,1,meta,meta,1,90.49,44.01,1,1,home,90.49,44.01,1,1,meta,camp_1964cdca,us,mobile,True,long_replacement_cycle,329,329,0,0,0.0,0.48635208310310535,0.4117647058823529,3,3,cooling,1,one_time_buyer,0,0,0,313,低价值流失用户
cust_1bcc792e,2024-01-21 07:59:13,2024-01-21 07:59:13,1,81.23,81.23,7.96,1,1,meta,meta,2,79.58,41.36,1,1,sports,79.58,41.36,2,1,meta,camp_bb40a274,ca,desktop,False,medium_replacement_cycle,345,345,0,0,1.0,0.519728575018849,0.45514950166112955,3,2,at_risk,1,one_time_buyer,0,0,0,213,低价值流失用户
cust_1c09d71f,2024-10-27 17:58:21,2024-10-27 17:58:21,1,145.57,145.57,0.0,0,1,tiktok,tiktok,2,145.56,92.34,1,1,beauty,145.56,92.34,2,1,tiktok,camp_05ca9aa6,ca,desktop,True,short_consumption_cycle,65,65,0,0,0.0,0.6343775762572136,0.9051094890510949,5,4,healthy,1,one_time_buyer,1,0,1,415,重要发展用户
cust_1c0ce5d1,2024-03-23 17:56:48,2024-03-23 17:56:48,1,67.23,67.23,15.0,1,1,organic,organic,2,82.23,57.20000000000001,2,2,beauty,59.63,46.43000000000001,1,1,organic,,uk,desktop,True,short_consumption_cycle,283,283,0,0,1.0,0.6956098747415785,0.5279805352798054,3,1,dormant,1,one_time_buyer,0,0,0,113,低价值流失用户
cust_1c1c516b,2024-07-23 15:44:26,2024-07-23 15:44:26,1,99.23,99.23,0.0,0,1,google,google,1,99.23,53.1,1,1,fashion,99.23,53.1,1,1,google,camp_3295f19f,uk,desktop,False,seasonal_cycle,161,161,0,0,0.0,0.535120427290134,0.5795454545454546,3,3,cooling,1,one_time_buyer,0,0,0,313,低价值流失用户
cust_1c3e5314,2024-09-25 13:47:29,2024-09-25 13:47:29,1,85.0,85.0,0.0,0,1,direct,direct,2,72.38,35.67999999999999,1,1,sports,72.38,35.67999999999999,2,1,meta,camp_f1c9144a,fr,desktop,False,medium_replacement_cycle,97,97,0,0,0.0,0.49295385465598224,0.5249169435215947,3,4,healthy,1,one_time_buyer,1,0,0,413,一般发展用户
cust_1c95491d,2024-12-13 10:25:06,2024-12-13 10:25:06,1,45.28,45.28,0.0,0,1,email,email,1,28.96,19.46,1,1,fashion,28.96,19.46,1,1,email,,de,desktop,True,seasonal_cycle,18,18,0,0,0.0,0.6719613259668509,0.12045454545454545,1,5,fresh,1,one_time_buyer,1,0,0,511,一般发展用户
cust_1ca1416a,2024-03-22 15:38:30,2024-03-22 15:38:30,1,51.21,51.21,10.0,1,1,organic,organic,1,50.02,37.84,1,1,beauty,50.02,37.84,1,1,organic,,de,desktop,False,short_consumption_cycle,284,284,0,0,1.0,0.7564974010395842,0.29927007299270075,2,1,dormant,1,one_time_buyer,0,0,0,112,低价值流失用户
cust_1cc57a37,2024-10-07 08:48:37,2024-10-07 08:48:37,1,79.72,79.72,0.0,0,1,organic,organic,1,68.39,32.05,1,1,home,68.39,32.05,1,1,organic,,uk,desktop,False,long_replacement_cycle,85,85,0,0,0.0,0.4686357654627869,0.28705882352941176,2,5,fresh,1,one_time_buyer,1,0,0,512,一般发展用户
cust_1cefc895,2024-12-09 10:50:17,2024-12-09 10:50:17,1,113.36,113.36,12.6,1,1,direct,direct,2,125.96000000000001,55.6,2,2,sports,77.89,23.47,1,1,google,camp_77bd6940,uk,desktop,False,medium_replacement_cycle,22,22,0,0,1.0,0.4414099714194982,0.7043189368770764,4,5,fresh,1,one_time_buyer,1,0,1,514,重要发展用户
cust_1cf8d106,2024-05-28 14:49:20,2024-05-28 14:49:20,1,133.93,133.93,0.0,0,1,google,google,1,133.93,63.39,1,1,home,133.93,63.39,1,1,google,camp_8ccb7da3,ca,mobile,False,long_replacement_cycle,217,217,0,0,0.0,0.47330695139251844,0.6517647058823529,4,4,healthy,1,one_time_buyer,1,0,1,414,重要发展用户
cust_1cfd1d6a,2024-08-20 01:57:11,2024-08-20 01:57:11,1,133.24,133.24,0.0,0,1,organic,organic,1,133.24,62.7,1,1,home,133.24,62.7,1,1,organic,,us,mobile,False,long_replacement_cycle,133,133,0,0,0.0,0.4705794055839087,0.6447058823529411,4,4,healthy,1,one_time_buyer,1,0,1,414,重要发展用户
cust_1d1497b7,2024-06-09 10:39:05,2024-06-09 10:39:05,1,275.04,275.04,5.0,1,1,organic,organic,3,280.04999999999995,123.20999999999998,1,1,sports,280.04999999999995,123.20999999999998,3,1,organic,,fr,mobile,False,medium_replacement_cycle,205,205,0,0,1.0,0.4399571505088377,0.973421926910299,5,3,cooling,1,one_time_buyer,0,0,1,315,重要唤回用户
cust_1d1e2476,2024-03-18 13:41:51,2024-03-18 13:41:51,1,277.49,277.49,0.0,0,1,organic,organic,4,277.48,182.67000000000004,2,2,fashion,210.12,139.89000000000004,3,1,organic,,us,desktop,False,seasonal_cycle,288,288,0,0,0.0,0.658317716592187,0.9636363636363636,5,2,at_risk,1,one_time_buyer,0,0,1,215,重要唤回用户
cust_1d8e2f02,2024-11-23 14:04:37,2024-11-23 14:04:37,1,41.79,41.79,0.0,0,1,direct,direct,1,28.83,11.349999999999998,1,1,electronics,28.83,11.349999999999998,1,1,organic,,fr,desktop,True,very_long_replacement_cycle,38,38,0,0,0.0,0.3936871314602844,0.04,1,5,fresh,1,one_time_buyer,1,0,0,511,一般发展用户
cust_1d9639ad,2024-11-25 19:56:51,2024-11-25 19:56:51,1,149.37,149.37,0.0,0,1,google,google,3,149.37,84.52000000000001,2,2,beauty,82.98,56.60000000000001,2,1,google,camp_675ea925,us,mobile,False,short_consumption_cycle,36,36,0,0,0.0,0.5658432081408583,0.9294403892944039,5,5,fresh,1,one_time_buyer,1,0,1,515,重要发展用户
cust_1dda1fd5,2024-11-20 20:48:58,2024-11-20 20:48:58,1,43.92,43.92,0.0,0,1,direct,direct,1,35.5,10.920000000000002,1,1,sports,35.5,10.920000000000002,1,1,google,camp_f0599eea,ca,mobile,False,medium_replacement_cycle,41,41,0,0,0.0,0.30760563380281697,0.12292358803986711,1,5,fresh,1,one_time_buyer,1,0,0,511,一般发展用户
cust_1e14d2c8,2024-11-10 10:44:06,2024-11-10 10:44:06,1,93.25,93.25,0.0,0,1,direct,direct,2,82.8,50.839999999999996,1,1,beauty,82.8,50.839999999999996,2,1,direct,,uk,mobile,True,short_consumption_cycle,51,51,0,0,0.0,0.6140096618357488,0.7566909975669099,4,4,healthy,1,one_time_buyer,1,0,1,414,重要发展用户
cust_1e51404f,2024-09-01 15:52:13,2024-09-01 15:52:13,1,35.93,35.93,0.0,0,1,email,email,1,29.42,11.940000000000001,1,1,electronics,29.42,11.940000000000001,1,1,email,,us,tablet,False,very_long_replacement_cycle,121,121,0,0,0.0,0.40584636301835486,0.01,1,5,fresh,1,one_time_buyer,1,0,0,511,一般发展用户
cust_1e561f8d,2024-07-11 17:57:27,2024-07-11 17:57:27,1,168.63,168.63,39.8,1,1,meta,meta,2,199.02,106.76,1,1,fashion,199.02,106.76,2,1,meta,camp_55c73f99,us,mobile,False,seasonal_cycle,173,173,0,0,1.0,0.5364284996482765,0.8568181818181818,5,3,cooling,1,one_time_buyer,0,0,1,315,重要唤回用户
cust_1e9bdb89,2024-05-25 21:58:04,2024-05-25 21:58:04,1,94.27,94.27,0.0,0,1,direct,direct,1,78.23,39.75000000000001,1,1,fashion,78.23,39.75000000000001,1,1,email,,fr,desktop,False,seasonal_cycle,220,220,0,0,0.0,0.5081170906301931,0.5375,3,2,at_risk,1,one_time_buyer,0,0,0,213,低价值流失用户
cust_1eeeb52e,2024-07-16 16:37:59,2024-07-16 16:37:59,1,111.43,111.43,27.86,1,1,direct,direct,3,139.29,78.69,2,2,fashion,93.8,60.44,2,1,email,,us,mobile,False,seasonal_cycle,168,168,0,0,1.0,0.564936463493431,0.6681818181818182,4,3,cooling,1,one_time_buyer,0,0,1,314,重要唤回用户
cust_1f2e79dc,2024-09-22 15:29:48,2024-09-22 15:29:48,1,62.62,62.62,0.0,0,1,tiktok,tiktok,1,53.26,20.75,1,1,sports,53.26,20.75,1,1,tiktok,camp_f587b021,us,desktop,False,medium_replacement_cycle,100,100,0,0,0.0,0.3895981975215922,0.23588039867109634,2,4,healthy,1,one_time_buyer,1,0,0,412,一般发展用户
cust_1f63e438,2024-07-17 10:03:35,2024-07-17 10:03:35,1,67.09,67.09,6.34,1,1,direct,direct,1,63.39,35.16,1,1,home,63.39,35.16,1,1,tiktok,camp_c9b48b76,de,desktop,False,long_replacement_cycle,167,167,0,0,1.0,0.5546616185518219,0.23529411764705882,2,4,healthy,1,one_time_buyer,1,0,0,412,一般发展用户
cust_1f732281,2024-01-25 00:32:55,2024-01-25 00:32:55,1,204.86,204.86,0.0,0,1,tiktok,tiktok,1,190.94,84.88,1,1,electronics,190.94,84.88,1,1,tiktok,camp_366abc09,uk,mobile,False,very_long_replacement_cycle,341,341,0,0,0.0,0.4445375510631612,0.8033333333333333,5,4,healthy,1,one_time_buyer,1,0,1,415,重要发展用户
cust_1f7bbe6d,2024-05-14 22:52:14,2024-05-14 22:52:14,1,70.11,70.11,0.0,0,1,organic,organic,1,60.06,16.64,1,1,electronics,60.06,16.64,1,1,organic,,fr,mobile,True,very_long_replacement_cycle,231,231,0,0,0.0,0.27705627705627706,0.21333333333333335,2,4,healthy,1,one_time_buyer,1,0,0,412,一般发展用户
cust_1fa12484,2024-05-27 18:05:39,2024-05-27 18:05:39,1,97.91,97.91,0.0,0,1,google,google,1,97.91,36.989999999999995,1,1,electronics,97.91,36.989999999999995,1,1,google,camp_570e47b6,us,tablet,False,very_long_replacement_cycle,218,218,0,0,0.0,0.37779593504238584,0.39666666666666667,2,4,healthy,1,one_time_buyer,1,0,0,412,一般发展用户
cust_1fd19972,2024-09-03 09:23:37,2024-09-03 09:23:37,1,58.82,58.82,0.0,0,1,direct,direct,1,43.06,16.430000000000003,1,1,home,43.06,16.430000000000003,1,1,organic,,de,mobile,True,long_replacement_cycle,119,119,0,0,0.0,0.3815606130980028,0.21176470588235294,2,5,fresh,1,one_time_buyer,1,0,0,512,一般发展用户
cust_1ff9cc0b,2024-09-13 13:55:48,2024-09-13 13:55:48,1,162.67,162.67,0.0,0,1,meta,meta,1,151.63,47.42,1,1,electronics,151.63,47.42,1,1,meta,camp_b4072421,uk,mobile,True,very_long_replacement_cycle,109,109,0,0,0.0,0.31273494691024206,0.7233333333333334,4,5,fresh,1,one_time_buyer,1,0,1,514,重要发展用户
cust_2004d214,2024-04-21 08:08:30,2024-04-21 08:08:30,1,157.56,157.56,0.0,0,1,organic,organic,1,157.56,45.99000000000001,1,1,electronics,157.56,45.99000000000001,1,1,organic,,us,mobile,True,very_long_replacement_cycle,254,254,0,0,0.0,0.29188880426504193,0.7,4,4,healthy,1,one_time_buyer,1,0,1,414,重要发展用户
cust_20097e80,2024-06-30 13:06:32,2024-06-30 13:06:32,1,35.81,35.81,0.0,0,1,google,google,1,20.87,12.540000000000001,1,1,fashion,20.87,12.540000000000001,1,1,google,camp_efb287b7,de,mobile,False,seasonal_cycle,184,184,0,0,0.0,0.6008624820316244,0.056818181818181816,1,3,cooling,1,one_time_buyer,0,0,0,311,低价值流失用户
cust_20212d75,2024-03-28 08:38:21,2024-03-28 08:38:21,1,70.54,70.54,6.19,1,1,direct,direct,2,61.89,25.790000000000006,1,2,sports,61.89,25.790000000000006,2,1,email,,uk,mobile,True,medium_replacement_cycle,278,278,0,0,1.0,0.41670706091452586,0.33222591362126247,2,3,cooling,1,one_time_buyer,0,0,0,312,低价值流失用户
cust_20278b95,2024-04-09 21:04:32,2024-04-09 21:04:32,1,149.4,149.4,0.0,0,1,direct,direct,1,149.4,45.19000000000001,1,1,electronics,149.4,45.19000000000001,1,1,direct,,de,mobile,False,very_long_replacement_cycle,266,266,0,0,0.0,0.3024765729585007,0.6566666666666666,4,4,healthy,1,one_time_buyer,1,0,1,414,重要发展用户
cust_203beb09,2024-12-03 09:58:50,2024-12-03 09:58:50,1,177.0,177.0,31.23,1,1,direct,direct,3,208.23000000000002,136.31,2,2,home,130.33,76.15,1,1,google,camp_d0ae6170,uk,desktop,False,long_replacement_cycle,28,28,0,0,1.0,0.6546126878931949,0.7858823529411765,4,5,fresh,1,one_time_buyer,1,0,1,514,重要发展用户
cust_20424fbc,2024-01-19 12:09:12,2024-01-19 12:09:12,1,141.09,141.09,0.0,0,1,meta,meta,4,141.1,87.73,1,2,fashion,141.1,87.73,4,1,meta,camp_6aefd5c7,us,mobile,False,seasonal_cycle,347,347,0,0,0.0,0.6217576187101347,0.7613636363636364,4,1,dormant,1,one_time_buyer,0,0,1,114,重要唤回用户
cust_2064f835,2024-05-03 16:21:39,2024-05-03 16:21:39,1,98.67,98.67,0.0,0,1,organic,organic,1,98.67,46.39,1,1,sports,98.67,46.39,1,1,organic,,us,mobile,False,medium_replacement_cycle,242,242,0,0,0.0,0.4701530353704267,0.6345514950166113,4,3,cooling,1,one_time_buyer,0,0,1,314,重要唤回用户
cust_2066c772,2024-04-22 12:35:29,2024-04-22 12:35:29,1,84.37,84.37,21.09,1,1,email,email,1,105.46,44.53999999999999,1,1,electronics,105.46,44.53999999999999,1,1,email,,us,tablet,False,very_long_replacement_cycle,253,253,0,0,1.0,0.42234022378152847,0.28,2,4,healthy,1,one_time_buyer,1,0,0,412,一般发展用户
cust_20718fdb,2024-12-14 07:46:52,2024-12-14 07:46:52,1,72.53,72.53,0.0,0,1,organic,organic,2,66.14,37.32,1,1,fashion,66.14,37.32,2,1,organic,,us,mobile,True,seasonal_cycle,17,17,0,0,0.0,0.5642576353190203,0.27954545454545454,2,5,fresh,1,one_time_buyer,1,0,0,512,一般发展用户
cust_20928140,2024-02-02 10:39:28,2024-02-02 10:39:28,1,53.26,53.26,0.0,0,1,meta,meta,1,42.74,21.500000000000004,1,1,fashion,42.74,21.500000000000004,1,1,meta,camp_019a6d5e,de,mobile,False,seasonal_cycle,333,333,0,0,0.0,0.5030416471689285,0.16590909090909092,1,1,dormant,1,one_time_buyer,0,0,0,111,低价值流失用户
cust_20c68164,2024-08-18 10:04:18,2024-08-18 10:04:18,1,28.42,28.42,0.0,0,1,meta,meta,1,21.39,13.06,1,1,fashion,21.39,13.06,1,1,meta,camp_844c175f,us,mobile,True,seasonal_cycle,135,135,0,0,0.0,0.6105656848994857,0.022727272727272728,1,3,cooling,1,one_time_buyer,0,0,0,311,低价值流失用户
cust_20e1aa2e,2024-06-15 21:55:32,2024-06-15 21:55:32,1,106.18,106.18,0.0,0,1,direct,direct,3,106.17,32.43000000000001,1,1,sports,106.17,32.43000000000001,3,1,google,camp_d5a067ae,de,mobile,True,medium_replacement_cycle,199,199,0,0,0.0,0.3054535179429218,0.6794019933554817,4,3,cooling,1,one_time_buyer,0,0,1,314,重要唤回用户
cust_20edff5c,2024-09-26 06:51:39,2024-09-26 06:51:39,1,213.36,213.36,0.0,0,1,tiktok,tiktok,4,206.79000000000002,103.72,2,2,home,115.29,58.45,1,1,tiktok,camp_133861ab,us,desktop,False,long_replacement_cycle,96,96,0,0,0.0,0.5015716427293389,0.8423529411764706,5,5,fresh,1,one_time_buyer,1,0,1,515,重要发展用户
cust_20f87cec,2024-03-20 13:34:43,2024-03-20 13:34:43,1,87.69,87.69,0.0,0,1,google,google,2,74.63,45.75,2,2,fashion,46.51,29.83,1,1,google,camp_f362261a,de,mobile,False,seasonal_cycle,286,286,0,0,0.0,0.6130242529813749,0.4727272727272727,3,2,at_risk,1,one_time_buyer,0,0,0,213,低价值流失用户
cust_21167a4f,2024-01-21 21:38:29,2024-01-21 21:38:29,1,32.87,32.87,5.52,1,1,google,google,3,27.599999999999998,16.08,1,1,beauty,27.599999999999998,16.08,3,1,google,camp_04e5602f,fr,mobile,False,short_consumption_cycle,345,345,0,0,1.0,0.5826086956521739,0.10583941605839416,1,1,dormant,1,one_time_buyer,0,0,0,111,低价值流失用户
cust_21296d57,2024-12-04 16:52:18,2024-12-04 16:52:18,1,219.08,219.08,0.0,0,1,organic,organic,2,202.28,97.72,1,1,sports,202.28,97.72,2,1,organic,,fr,desktop,False,medium_replacement_cycle,27,27,0,0,0.0,0.4830927427328455,0.9069767441860465,5,5,fresh,1,one_time_buyer,1,0,1,515,重要发展用户
cust_212c34ff,2024-09-14 20:13:45,2024-09-14 20:13:45,1,106.1,106.1,0.0,0,1,google,google,1,106.1,31.319999999999993,1,1,electronics,106.1,31.319999999999993,1,1,google,camp_3a15d720,us,desktop,False,very_long_replacement_cycle,108,108,0,0,0.0,0.2951932139491046,0.43666666666666665,3,5,fresh,1,one_time_buyer,1,0,0,513,一般发展用户
cust_213d9be1,2024-01-25 21:47:05,2024-01-25 21:47:05,1,57.18,57.18,0.0,0,1,direct,direct,1,45.93,31.47,1,1,beauty,45.93,31.47,1,1,organic,,ca,mobile,False,short_consumption_cycle,341,341,0,0,0.0,0.6851730894839974,0.39659367396593675,2,1,dormant,1,one_time_buyer,0,0,0,112,低价值流失用户
cust_218548e5,2024-08-26 21:50:27,2024-08-26 21:50:27,1,55.25,55.25,0.0,0,1,email,email,1,47.0,16.91,1,1,electronics,47.0,16.91,1,1,email,,ca,desktop,False,very_long_replacement_cycle,127,127,0,0,0.0,0.3597872340425532,0.14333333333333334,1,5,fresh,1,one_time_buyer,1,0,0,511,一般发展用户
cust_21b75d70,2024-10-03 11:20:15,2024-10-03 11:20:15,1,165.69,165.69,0.0,0,1,meta,meta,1,154.64,50.42999999999999,1,1,electronics,154.64,50.42999999999999,1,1,meta,camp_992f75cb,uk,mobile,False,very_long_replacement_cycle,89,89,0,0,0.0,0.3261122607346094,0.74,4,5,fresh,1,one_time_buyer,1,0,1,514,重要发展用户
cust_21e855c6,2024-09-04 13:29:25,2024-09-04 13:29:25,1,156.76,156.76,0.0,0,1,direct,direct,2,156.76,103.53999999999999,1,1,beauty,156.76,103.53999999999999,2,1,tiktok,camp_ab5dd0a9,fr,mobile,False,short_consumption_cycle,118,118,0,0,0.0,0.6605001275835672,0.9416058394160584,5,3,cooling,1,one_time_buyer,0,0,1,315,重要唤回用户
cust_21f00b50,2024-09-07 11:05:13,2024-09-07 11:05:13,1,32.18,32.18,0.0,0,1,tiktok,tiktok,1,21.83,7.909999999999998,1,1,sports,21.83,7.909999999999998,1,1,tiktok,camp_2e57ba06,ca,desktop,False,medium_replacement_cycle,115,115,0,0,0.0,0.36234539624370127,0.019933554817275746,1,4,healthy,1,one_time_buyer,1,0,0,411,一般发展用户
cust_2225cc4b,2024-01-08 09:10:10,2024-01-08 09:10:10,1,74.7,74.7,0.0,0,1,meta,meta,1,66.51,23.320000000000007,1,1,electronics,66.51,23.320000000000007,1,1,meta,camp_1c96f311,us,mobile,False,very_long_replacement_cycle,358,358,0,0,0.0,0.3506239663208541,0.23,2,4,healthy,1,one_time_buyer,1,0,0,412,一般发展用户
cust_224fa71d,2024-02-20 13:29:01,2024-02-20 13:29:01,1,198.88,198.88,0.0,0,1,email,email,2,198.88,77.03999999999999,1,1,electronics,198.88,77.03999999999999,2,1,email,,ca,mobile,True,very_long_replacement_cycle,315,315,0,0,0.0,0.38736926790024134,0.7966666666666666,4,4,healthy,1,one_time_buyer,1,0,1,414,重要发展用户
cust_22cb55e1,2024-07-15 14:33:17,2024-07-15 14:33:17,1,37.16,37.16,0.0,0,1,direct,direct,1,29.69,20.19,1,1,fashion,29.69,20.19,1,1,direct,,us,mobile,False,seasonal_cycle,169,169,0,0,0.0,0.68002694509936,0.0659090909090909,1,3,cooling,1,one_time_buyer,0,0,0,311,低价值流失用户
cust_22e46f06,2024-03-18 14:05:06,2024-03-18 14:05:06,1,203.77,203.77,0.0,0,1,direct,direct,3,203.77999999999997,125.33999999999999,2,2,home,123.96,69.78,1,1,direct,,uk,mobile,False,long_replacement_cycle,288,288,0,0,0.0,0.6150750809696732,0.8223529411764706,5,3,cooling,1,one_time_buyer,0,0,1,315,重要唤回用户
cust_22fdab4f,2024-11-14 18:24:06,2024-11-14 18:24:06,1,222.12,222.12,0.0,0,1,direct,direct,2,213.88,114.03999999999999,1,1,fashion,213.88,114.03999999999999,2,1,meta,camp_06bd5927,us,desktop,False,seasonal_cycle,47,47,0,0,0.0,0.5331961847765102,0.9340909090909091,5,5,fresh,1,one_time_buyer,1,0,1,515,重要发展用户
cust_2303e275,2024-11-10 10:24:30,2024-11-10 10:24:30,1,78.09,78.09,0.0,0,1,google,google,1,66.7,30.36,1,1,home,66.7,30.36,1,1,google,camp_77de7ba5,ca,tablet,False,long_replacement_cycle,51,51,0,0,0.0,0.4551724137931034,0.27294117647058824,2,5,fresh,1,one_time_buyer,1,0,0,512,一般发展用户
cust_23d81e56,2024-05-14 23:10:09,2024-05-14 23:10:09,1,82.49,82.49,0.0,0,1,meta,meta,1,82.49,28.069999999999993,1,1,sports,82.49,28.069999999999993,1,1,meta,camp_da67556c,de,tablet,True,medium_replacement_cycle,231,231,0,0,0.0,0.3402836707479694,0.48172757475083056,3,3,cooling,1,one_time_buyer,0,0,0,313,低价值流失用户
cust_2415b425,2024-03-22 18:25:02,2024-03-22 18:25:02,1,78.61,78.61,0.0,0,1,direct,direct,2,64.91,28.119999999999997,2,2,sports,35.89,17.54,1,1,google,camp_e4075f31,de,mobile,True,medium_replacement_cycle,284,284,0,0,0.0,0.43321522107533506,0.42857142857142855,3,3,cooling,1,one_time_buyer,0,0,0,313,低价值流失用户
cust_245d5db9,2024-11-03 14:47:38,2024-11-03 14:47:38,1,16.84,16.84,0.0,0,1,google,google,1,10.02,6.18,1,1,beauty,10.02,6.18,1,1,google,camp_de4bd490,us,mobile,False,short_consumption_cycle,58,58,0,0,0.0,0.6167664670658682,0.0072992700729927005,1,4,healthy,1,one_time_buyer,1,0,0,411,一般发展用户
cust_24966896,2024-05-06 16:05:24,2024-05-06 16:05:24,1,87.98,87.98,0.0,0,1,google,google,1,87.98,55.760000000000005,1,1,fashion,87.98,55.760000000000005,1,1,google,camp_243daa1d,de,desktop,False,seasonal_cycle,239,239,0,0,0.0,0.6337804046374176,0.4772727272727273,3,2,at_risk,1,one_time_buyer,0,0,0,213,低价值流失用户
cust_24f4d553,2024-06-04 14:19:34,2024-06-04 14:19:34,1,175.79,175.79,0.0,0,1,email,email,2,175.8,73.26,1,1,home,175.8,73.26,2,1,email,,fr,tablet,False,long_replacement_cycle,210,210,0,0,0.0,0.4167235494880546,0.7811764705882352,4,4,healthy,1,one_time_buyer,1,0,1,414,重要发展用户
cust_25075c1b,2024-07-23 17:32:52,2024-07-23 17:32:52,1,67.38,67.38,16.84,1,1,meta,meta,1,84.22,29.799999999999997,1,1,sports,84.22,29.799999999999997,1,1,meta,camp_630bf4d6,de,desktop,False,medium_replacement_cycle,161,161,0,0,1.0,0.3538351935407266,0.2724252491694352,2,4,healthy,1,one_time_buyer,1,0,0,412,一般发展用户
cust_252b01b6,2024-09-13 10:08:14,2024-09-13 10:08:14,1,373.66,373.66,0.0,0,1,meta,meta,4,373.65,225.33,2,2,fashion,314.58,182.67000000000002,3,1,meta,camp_74b453cd,ca,mobile,False,seasonal_cycle,109,109,0,0,0.0,0.6030509835407467,1.0,5,4,healthy,1,one_time_buyer,1,0,1,415,重要发展用户
cust_25395d2e,2024-12-03 17:17:52,2024-12-03 17:17:52,1,35.29,35.29,7.17,1,1,meta,meta,1,35.83,14.95,1,1,home,35.83,14.95,1,1,meta,camp_82418eba,us,desktop,True,long_replacement_cycle,28,28,0,0,1.0,0.4172481161038236,0.04941176470588235,1,5,fresh,1,one_time_buyer,1,0,0,511,一般发展用户
cust_253d38c2,2024-05-09 08:59:09,2024-05-09 08:59:09,1,64.83,64.83,0.0,0,1,organic,organic,1,57.63,41.22,1,1,beauty,57.63,41.22,1,1,organic,,us,desktop,False,short_consumption_cycle,236,236,0,0,0.0,0.7152524726704841,0.5036496350364964,3,2,at_risk,1,one_time_buyer,0,0,0,213,低价值流失用户
cust_256c7079,2024-06-09 19:47:12,2024-06-09 19:47:12,1,189.48,189.48,0.0,0,1,direct,direct,3,189.48000000000002,94.67,2,2,sports,102.86,36.97,1,1,email,,de,mobile,False,medium_replacement_cycle,205,205,0,0,0.0,0.49963056786995985,0.8903654485049833,5,3,cooling,1,one_time_buyer,0,0,1,315,重要唤回用户
cust_2587c33e,2024-03-29 08:37:32,2024-03-29 08:37:32,1,319.49,319.49,0.0,0,1,tiktok,tiktok,2,307.96,84.82,1,1,electronics,307.96,84.82,2,1,tiktok,camp_bff56123,fr,mobile,False,very_long_replacement_cycle,277,277,0,0,0.0,0.2754253799194701,0.9233333333333333,5,4,healthy,1,one_time_buyer,1,0,1,415,重要发展用户
cust_25c4b2a0,2024-08-12 12:24:16,2024-08-12 12:24:16,1,54.33,54.33,0.0,0,1,direct,direct,1,47.33,11.18,1,1,electronics,47.33,11.18,1,1,direct,,us,desktop,True,very_long_replacement_cycle,141,141,0,0,0.0,0.23621381787449822,0.12666666666666668,1,5,fresh,1,one_time_buyer,1,0,0,511,一般发展用户
cust_265bd3fd,2024-05-28 22:49:16,2024-05-28 22:49:16,1,116.99,116.99,0.0,0,1,direct,direct,3,117.0,57.63,1,1,home,117.0,57.63,3,1,google,camp_1e4d7486,de,mobile,True,long_replacement_cycle,217,217,0,0,0.0,0.4925641025641026,0.5529411764705883,3,4,healthy,1,one_time_buyer,1,0,0,413,一般发展用户
cust_266ee50b,2024-04-06 00:02:36,2024-04-06 00:02:36,1,114.18,114.18,0.0,0,1,tiktok,tiktok,3,114.18,79.05000000000001,1,1,beauty,114.18,79.05000000000001,3,1,tiktok,camp_1c078754,uk,desktop,False,short_consumption_cycle,269,269,0,0,0.0,0.6923279033105624,0.8321167883211679,5,1,dormant,1,one_time_buyer,0,0,1,115,重要唤回用户
cust_26a13bda,2024-03-15 11:31:54,2024-03-15 11:31:54,1,183.69,183.69,0.0,0,1,direct,direct,3,183.69,53.429999999999986,1,1,electronics,183.69,53.429999999999986,3,1,direct,,de,desktop,True,very_long_replacement_cycle,291,291,0,0,0.0,0.29087048832271756,0.78,4,4,healthy,1,one_time_buyer,1,0,1,414,重要发展用户
cust_26d1182a,2024-11-03 19:31:51,2024-11-03 19:31:51,1,163.41,163.41,0.0,0,1,tiktok,tiktok,2,152.55,74.85,2,2,electronics,104.02,42.99999999999999,1,1,tiktok,camp_4ef0600c,fr,desktop,True,very_long_replacement_cycle,58,58,0,0,0.0,0.4906588003933136,0.73,4,5,fresh,1,one_time_buyer,1,0,1,514,重要发展用户
cust_27416f26,2024-02-07 21:36:35,2024-02-07 21:36:35,1,73.17,73.17,0.0,0,1,tiktok,tiktok,1,65.28,37.22,1,1,fashion,65.28,37.22,1,1,tiktok,camp_f1e9f4e7,us,mobile,False,seasonal_cycle,328,328,0,0,0.0,0.5701593137254901,0.28863636363636364,2,1,dormant,1,one_time_buyer,0,0,0,112,低价值流失用户
cust_2749dc62,2024-10-04 09:23:28,2024-10-04 09:23:28,1,172.64,172.64,0.0,0,1,meta,meta,2,172.64,102.97999999999999,1,1,fashion,172.64,102.97999999999999,2,1,meta,camp_c39f4cd1,de,desktop,False,seasonal_cycle,88,88,0,0,0.0,0.5965013901760889,0.8613636363636363,5,4,healthy,1,one_time_buyer,1,0,1,415,重要发展用户
cust_27b4f445,2024-08-24 08:34:18,2024-08-24 08:34:18,1,30.93,30.93,0.0,0,1,direct,direct,1,19.57,12.07,1,1,beauty,19.57,12.07,1,1,google,camp_5f9ff8a5,fr,desktop,False,short_consumption_cycle,129,129,0,0,0.0,0.6167603474706183,0.0851581508515815,1,3,cooling,1,one_time_buyer,0,0,0,311,低价值流失用户
cust_281b88a9,2024-09-27 17:59:19,2024-09-27 17:59:19,1,71.03,71.03,0.0,0,1,direct,direct,1,63.71,25.240000000000002,1,1,sports,63.71,25.240000000000002,1,1,meta,camp_5fec7d5e,us,mobile,False,medium_replacement_cycle,95,95,0,0,0.0,0.39617014597394445,0.34551495016611294,2,4,healthy,1,one_time_buyer,1,0,0,412,一般发展用户
cust_28213771,2024-11-17 13:33:22,2024-11-17 13:33:22,1,141.95,141.95,0.0,0,1,direct,direct,1,141.95,45.50999999999999,1,1,electronics,141.95,45.50999999999999,1,1,direct,,us,mobile,False,very_long_replacement_cycle,44,44,0,0,0.0,0.3206058471292708,0.62,4,5,fresh,1,one_time_buyer,1,0,1,514,重要发展用户
cust_283c382d,2024-11-22 10:52:59,2024-11-22 10:52:59,1,119.13,119.13,0.0,0,1,meta,meta,1,104.77,43.849999999999994,1,1,electronics,104.77,43.849999999999994,1,1,meta,camp_2386ac6d,de,mobile,True,very_long_replacement_cycle,39,39,0,0,0.0,0.4185358404123317,0.4866666666666667,3,5,fresh,1,one_time_buyer,1,0,0,513,一般发展用户
cust_2846f38f,2024-12-07 20:37:02,2024-12-07 20:37:02,1,61.64,61.64,5.08,1,1,organic,organic,2,50.8,22.279999999999998,1,1,home,50.8,22.279999999999998,2,1,organic,,de,desktop,True,long_replacement_cycle,24,24,0,0,1.0,0.4385826771653543,0.2211764705882353,2,5,fresh,1,one_time_buyer,1,0,0,512,一般发展用户
cust_2848ead8,2024-09-24 21:51:17,2024-09-24 21:51:17,1,292.35,292.35,0.0,0,1,direct,direct,3,292.35,160.11,1,1,fashion,292.35,160.11,3,1,google,camp_90b7d383,uk,mobile,False,seasonal_cycle,98,98,0,0,0.0,0.5476654694715238,0.975,5,4,healthy,1,one_time_buyer,1,0,1,415,重要发展用户
cust_286d772a,2024-08-27 10:28:00,2024-08-27 10:28:00,1,136.39,136.39,0.0,0,1,organic,organic,1,136.39,78.72999999999999,1,1,home,136.39,78.72999999999999,1,1,organic,,us,desktop,True,long_replacement_cycle,126,126,0,0,0.0,0.5772417332649021,0.6729411764705883,4,4,healthy,1,one_time_buyer,1,0,1,414,重要发展用户
cust_288f6f40,2024-10-10 11:36:48,2024-10-10 11:36:48,1,452.44,452.44,0.0,0,1,organic,organic,4,452.44,197.3,1,2,home,452.44,197.3,4,1,organic,,de,desktop,False,long_replacement_cycle,82,82,0,0,0.0,0.4360799221996287,0.9952941176470588,5,5,fresh,1,one_time_buyer,1,0,1,515,重要发展用户
cust_28982142,2024-05-26 10:07:40,2024-05-26 10:07:40,1,189.07,189.07,0.0,0,1,direct,direct,2,189.07,50.35,1,2,electronics,189.07,50.35,2,1,google,camp_b56ba8b5,uk,mobile,False,very_long_replacement_cycle,219,219,0,0,0.0,0.2663034854815677,0.7833333333333333,4,4,healthy,1,one_time_buyer,1,0,1,414,重要发展用户
cust_28990bfa,2024-09-03 20:55:24,2024-09-03 20:55:24,1,42.13,42.13,0.0,0,1,direct,direct,1,28.64,11.16,1,1,electronics,28.64,11.16,1,1,google,camp_ae989624,de,mobile,False,very_long_replacement_cycle,119,119,0,0,0.0,0.38966480446927376,0.043333333333333335,1,5,fresh,1,one_time_buyer,1,0,0,511,一般发展用户
cust_28d73f07,2024-09-11 19:33:51,2024-09-11 19:33:51,1,26.88,26.88,0.0,0,1,meta,meta,1,18.5,12.280000000000001,1,1,fashion,18.5,12.280000000000001,1,1,meta,camp_c73eb6e5,us,desktop,False,seasonal_cycle,111,111,0,0,0.0,0.6637837837837839,0.00909090909090909,1,4,healthy,1,one_time_buyer,1,0,0,411,一般发展用户
cust_28e310a3,2024-11-30 07:24:17,2024-11-30 07:24:17,1,53.21,53.21,0.0,0,1,tiktok,tiktok,1,45.91,23.069999999999997,1,1,home,45.91,23.069999999999997,1,1,tiktok,camp_e73d05e8,us,desktop,False,long_replacement_cycle,31,31,0,0,0.0,0.5025049008930516,0.19058823529411764,1,5,fresh,1,one_time_buyer,1,0,0,511,一般发展用户
cust_28e809b2,2024-07-19 09:05:38,2024-07-19 09:05:38,1,87.42,87.42,0.0,0,1,google,google,1,77.03,24.72,1,1,sports,77.03,24.72,1,1,google,camp_c61993b6,uk,mobile,False,medium_replacement_cycle,165,165,0,0,0.0,0.3209139296378034,0.5481727574750831,3,4,healthy,1,one_time_buyer,1,0,0,413,一般发展用户
cust_28f5b0ae,2024-12-10 06:21:44,2024-12-10 06:21:44,1,96.1,96.1,16.96,1,1,google,google,1,113.06,50.96,1,1,home,113.06,50.96,1,1,google,camp_c267b0f7,uk,mobile,False,long_replacement_cycle,21,21,0,0,1.0,0.45073412347426145,0.4376470588235294,3,5,fresh,1,one_time_buyer,1,0,0,513,一般发展用户
cust_28f60767,2024-02-01 13:35:44,2024-02-01 13:35:44,1,45.53,45.53,0.0,0,1,direct,direct,1,31.75,17.34,1,1,fashion,31.75,17.34,1,1,organic,,fr,mobile,True,seasonal_cycle,334,334,0,0,0.0,0.5461417322834645,0.12272727272727273,1,1,dormant,1,one_time_buyer,0,0,0,111,低价值流失用户
cust_292456f5,2024-11-10 09:49:43,2024-11-10 09:49:43,1,106.65,106.65,0.0,0,1,meta,meta,2,106.65,44.2,1,2,home,106.65,44.2,2,1,meta,camp_3ff821f0,us,mobile,False,long_replacement_cycle,51,51,0,0,0.0,0.4144397562119081,0.4776470588235294,3,5,fresh,1,one_time_buyer,1,0,0,513,一般发展用户
cust_2924e0aa,2024-08-11 09:31:59,2024-08-11 09:31:59,1,242.98,242.98,27.0,1,1,meta,meta,3,269.97,143.82999999999998,2,2,fashion,139.28,67.32000000000001,2,1,meta,camp_59027871,fr,tablet,True,seasonal_cycle,142,142,0,0,1.0,0.5327628995814349,0.9522727272727273,5,3,cooling,1,one_time_buyer,0,0,1,315,重要唤回用户
cust_2925af18,2024-02-14 08:36:05,2024-02-14 08:36:05,1,232.09,232.09,0.0,0,1,organic,organic,3,232.07999999999998,117.57,1,1,home,232.07999999999998,117.57,3,1,organic,,us,mobile,False,long_replacement_cycle,321,321,0,0,0.0,0.5065925542916235,0.8658823529411764,5,3,cooling,1,one_time_buyer,0,0,1,315,重要唤回用户
cust_292dd69d,2024-08-08 20:23:01,2024-08-08 20:23:01,1,82.56,82.56,0.0,0,1,google,google,1,82.56,44.57,1,1,fashion,82.56,44.57,1,1,google,camp_897fdbdc,de,desktop,False,seasonal_cycle,145,145,0,0,0.0,0.5398498062015504,0.3886363636363636,2,3,cooling,1,one_time_buyer,0,0,0,312,低价值流失用户
cust_295285b8,2024-05-15 07:06:43,2024-05-15 07:06:43,1,65.41,65.41,0.0,0,1,direct,direct,1,51.62,35.839999999999996,1,1,beauty,51.62,35.839999999999996,1,1,direct,,fr,desktop,False,short_consumption_cycle,230,230,0,0,0.0,0.694304533126695,0.5085158150851582,3,2,at_risk,1,one_time_buyer,0,0,0,213,低价值流失用户
cust_299555cc,2024-03-22 19:15:07,2024-03-22 19:15:07,1,32.87,32.87,0.0,0,1,meta,meta,2,24.26,17.200000000000003,1,1,beauty,24.26,17.200000000000003,2,1,meta,camp_f214b6b2,us,mobile,False,short_consumption_cycle,284,284,0,0,0.0,0.7089859851607585,0.10583941605839416,1,1,dormant,1,one_time_buyer,0,0,0,111,低价值流失用户
cust_29ca4a95,2024-09-13 07:22:37,2024-09-13 07:22:37,1,465.53,465.53,0.0,0,1,organic,organic,5,465.53000000000003,164.25,2,2,electronics,337.59000000000003,113.25,3,1,organic,,de,desktop,False,very_long_replacement_cycle,109,109,0,0,0.0,0.3528236633514489,0.98,5,5,fresh,1,one_time_buyer,1,0,1,515,重要发展用户
cust_29e4cd1f,2024-09-01 08:45:41,2024-09-01 08:45:41,1,121.72,121.72,21.48,1,1,direct,direct,1,143.2,74.24,1,1,home,143.2,74.24,1,1,organic,,ca,desktop,False,long_replacement_cycle,121,121,0,0,1.0,0.5184357541899441,0.5858823529411765,3,4,healthy,1,one_time_buyer,1,0,0,413,一般发展用户
cust_29eb162a,2024-12-07 08:10:34,2024-12-07 08:10:34,1,174.23,174.23,0.0,0,1,meta,meta,2,174.24,104.58000000000001,1,1,fashion,174.24,104.58000000000001,2,1,meta,camp_652ac869,us,desktop,False,seasonal_cycle,24,24,0,0,0.0,0.600206611570248,0.865909090909091,5,5,fresh,1,one_time_buyer,1,0,1,515,重要发展用户
cust_29fde014,2024-04-23 19:41:07,2024-04-23 19:41:07,1,115.54,115.54,0.0,0,1,direct,direct,1,115.54,41.13000000000001,1,1,electronics,115.54,41.13000000000001,1,1,meta,camp_b54aeb84,us,mobile,False,very_long_replacement_cycle,252,252,0,0,0.0,0.35598061277479665,0.47,3,4,healthy,1,one_time_buyer,1,0,0,413,一般发展用户
cust_2a185153,2024-12-20 12:19:00,2024-12-20 12:19:00,1,121.67,121.67,12.56,1,1,google,google,3,125.64000000000001,37.23000000000001,1,1,electronics,125.64000000000001,37.23000000000001,3,1,google,camp_ee4c6df6,us,mobile,False,very_long_replacement_cycle,11,11,0,0,1.0,0.2963228271251194,0.5066666666666667,3,5,fresh,1,one_time_buyer,1,0,0,513,一般发展用户
cust_2a24c86e,2024-12-07 10:14:52,2024-12-07 10:14:52,1,158.68,158.68,0.0,0,1,meta,meta,3,158.67000000000002,85.96000000000001,2,2,beauty,101.12,60.92,2,1,meta,camp_2dd05438,de,mobile,True,short_consumption_cycle,24,24,0,0,0.0,0.5417533245099893,0.9440389294403893,5,5,fresh,1,one_time_buyer,1,0,1,515,重要发展用户
cust_2a336d20,2024-07-16 14:07:23,2024-07-16 14:07:23,1,58.8,58.8,0.0,0,1,direct,direct,1,49.37,37.19,1,1,beauty,49.37,37.19,1,1,direct,,us,mobile,True,short_consumption_cycle,168,168,0,0,0.0,0.7532914725541827,0.4257907542579075,3,2,at_risk,1,one_time_buyer,0,0,0,213,低价值流失用户
cust_2a5ad54f,2024-08-14 23:24:30,2024-08-14 23:24:30,1,104.76,104.76,0.0,0,1,google,google,1,104.76,43.74,1,1,electronics,104.76,43.74,1,1,google,camp_d5c17b50,us,desktop,True,very_long_replacement_cycle,139,139,0,0,0.0,0.4175257731958763,0.43333333333333335,3,5,fresh,1,one_time_buyer,1,0,0,513,一般发展用户
cust_2a6fdb80,2024-03-30 17:08:28,2024-03-30 17:08:28,1,136.37,136.37,0.0,0,1,direct,direct,2,122.92,39.14,1,1,sports,122.92,39.14,2,1,email,,uk,tablet,False,medium_replacement_cycle,276,276,0,0,0.0,0.31841848356654734,0.7906976744186046,4,3,cooling,1,one_time_buyer,0,0,1,314,重要唤回用户
cust_2a7ed6d2,2024-01-03 08:23:34,2024-01-03 08:23:34,1,37.07,37.07,2.32,1,1,direct,direct,1,23.17,15.280000000000001,1,1,beauty,23.17,15.280000000000001,1,1,organic,,de,mobile,True,short_consumption_cycle,363,363,0,0,1.0,0.6594734570565386,0.16058394160583941,1,1,dormant,1,one_time_buyer,0,0,0,111,低价值流失用户
cust_2a91dee4,2024-02-02 10:17:59,2024-02-02 10:17:59,1,90.87,90.87,10.1,1,1,direct,direct,1,100.97,39.949999999999996,1,1,electronics,100.97,39.949999999999996,1,1,direct,,fr,desktop,True,very_long_replacement_cycle,333,333,0,0,1.0,0.39566207784490437,0.3416666666666667,2,4,healthy,1,one_time_buyer,1,0,0,412,一般发展用户
cust_2aa805c4,2024-11-24 20:07:24,2024-11-24 20:07:24,1,29.72,29.72,4.81,1,1,direct,direct,1,24.06,13.419999999999998,1,1,home,24.06,13.419999999999998,1,1,meta,camp_af181295,ca,mobile,False,long_replacement_cycle,37,37,0,0,1.0,0.5577722360764754,0.011764705882352941,1,5,fresh,1,one_time_buyer,1,0,0,511,一般发展用户
cust_2ab06db5,2024-10-10 17:43:13,2024-10-10 17:43:13,1,39.78,39.78,0.0,0,1,google,google,1,24.12,14.39,1,1,beauty,24.12,14.39,1,1,google,camp_a1612d27,de,mobile,False,short_consumption_cycle,82,82,0,0,0.0,0.5966003316749585,0.18491484184914841,1,4,healthy,1,one_time_buyer,1,0,0,411,一般发展用户
cust_2abb1fee,2024-08-22 00:02:41,2024-08-22 00:02:41,1,42.32,42.32,0.0,0,1,direct,direct,1,35.85,11.270000000000003,1,1,sports,35.85,11.270000000000003,1,1,direct,,us,mobile,True,medium_replacement_cycle,131,131,0,0,0.0,0.31436541143654123,0.10963455149501661,1,4,healthy,1,one_time_buyer,1,0,0,411,一般发展用户
cust_2ac1635f,2024-04-22 14:37:06,2024-04-22 14:37:06,1,89.32,89.32,0.0,0,1,google,google,2,89.32,54.959999999999994,1,1,beauty,89.32,54.959999999999994,2,1,google,camp_d7621c33,ca,mobile,False,short_consumption_cycle,253,253,0,0,0.0,0.6153157187639946,0.7372262773722628,4,1,dormant,1,one_time_buyer,0,0,1,114,重要唤回用户
cust_2adb6b70,2024-05-19 16:56:18,2024-05-19 16:56:18,1,61.97,61.97,0.0,0,1,google,google,1,48.09,20.230000000000004,1,1,sports,48.09,20.230000000000004,1,1,google,camp_1399d2b3,de,mobile,False,medium_replacement_cycle,226,226,0,0,0.0,0.4206695778748181,0.23255813953488372,2,3,cooling,1,one_time_buyer,0,0,0,312,低价值流失用户
cust_2b126e0c,2024-02-12 20:28:00,2024-02-12 20:28:00,1,201.46,201.46,0.0,0,1,direct,direct,2,201.46,109.2,1,1,fashion,201.46,109.2,2,1,organic,,fr,tablet,False,seasonal_cycle,323,323,0,0,0.0,0.542043085476025,0.9045454545454545,5,1,dormant,1,one_time_buyer,0,0,1,115,重要唤回用户
cust_2b25b74d,2024-11-25 22:22:44,2024-11-25 22:22:44,1,122.43,122.43,0.0,0,1,direct,direct,1,122.43,43.99000000000001,1,1,electronics,122.43,43.99000000000001,1,1,direct,,us,mobile,True,very_long_replacement_cycle,36,36,0,0,0.0,0.35930735930735935,0.51,3,5,fresh,1,one_time_buyer,1,0,0,513,一般发展用户
cust_2b4fcf0d,2024-10-14 11:46:56,2024-10-14 11:46:56,1,79.58,79.58,0.0,0,1,direct,direct,1,70.3,48.709999999999994,1,1,beauty,70.3,48.709999999999994,1,1,direct,,ca,desktop,False,short_consumption_cycle,78,78,0,0,0.0,0.6928876244665718,0.6520681265206812,4,4,healthy,1,one_time_buyer,1,0,1,414,重要发展用户
cust_2b55600f,2024-02-16 10:41:09,2024-02-16 10:41:09,1,45.49,45.49,0.0,0,1,google,google,1,36.25,24.54,1,1,beauty,36.25,24.54,1,1,google,camp_6e49b1b1,us,mobile,True,short_consumption_cycle,319,319,0,0,0.0,0.6769655172413793,0.2384428223844282,2,1,dormant,1,one_time_buyer,0,0,0,112,低价值流失用户
cust_2b57b4cb,2024-01-25 23:54:10,2024-01-25 23:54:10,1,119.52,119.52,0.0,0,1,organic,organic,1,104.26,70.61000000000001,1,1,fashion,104.26,70.61000000000001,1,1,organic,,de,desktop,True,seasonal_cycle,341,341,0,0,0.0,0.6772491847304816,0.7068181818181818,4,1,dormant,1,one_time_buyer,0,0,1,114,重要唤回用户
cust_2b68ebef,2024-05-26 13:33:30,2024-05-26 13:33:30,1,43.18,43.18,0.0,0,1,direct,direct,1,29.05,13.08,1,1,home,29.05,13.08,1,1,google,camp_3bb9e537,de,desktop,False,long_replacement_cycle,219,219,0,0,0.0,0.45025817555938036,0.1388235294117647,1,4,healthy,1,one_time_buyer,1,0,0,411,一般发展用户
cust_2b728526,2024-10-14 18:14:23,2024-10-14 18:14:23,1,109.93,109.93,0.0,0,1,meta,meta,2,109.93,50.15,2,2,sports,63.76,20.659999999999997,1,1,meta,camp_c111cd2f,us,desktop,True,medium_replacement_cycle,78,78,0,0,0.0,0.45619939961793865,0.6943521594684385,4,5,fresh,1,one_time_buyer,1,0,1,514,重要发展用户
cust_2bc96755,2024-08-16 21:55:48,2024-08-16 21:55:48,1,70.38,70.38,15.27,1,1,organic,organic,2,76.37,47.94,2,2,fashion,46.73,30.79,1,1,organic,,us,mobile,False,seasonal_cycle,137,137,0,0,1.0,0.6277334031687835,0.2590909090909091,2,3,cooling,1,one_time_buyer,0,0,0,312,低价值流失用户
cust_2c0e3b4d,2024-09-01 19:29:44,2024-09-01 19:29:44,1,159.67,159.67,0.0,0,1,organic,organic,1,159.67,55.459999999999994,1,1,electronics,159.67,55.459999999999994,1,1,organic,,ca,tablet,False,very_long_replacement_cycle,121,121,0,0,0.0,0.3473413916202167,0.7066666666666667,4,5,fresh,1,one_time_buyer,1,0,1,514,重要发展用户
cust_2c1d6cde,2024-11-03 14:38:05,2024-11-03 14:38:05,1,123.26,123.26,0.0,0,1,direct,direct,1,123.26,54.30000000000001,1,1,home,123.26,54.30000000000001,1,1,meta,camp_9b3f7d0d,us,desktop,False,long_replacement_cycle,58,58,0,0,0.0,0.4405322083400942,0.5905882352941176,3,5,fresh,1,one_time_buyer,1,0,0,513,一般发展用户
cust_2c67d97e,2024-06-23 22:50:37,2024-06-23 22:50:37,1,37.55,37.55,0.0,0,1,tiktok,tiktok,1,25.26,14.620000000000001,1,1,home,25.26,14.620000000000001,1,1,tiktok,camp_f93f31c4,de,desktop,False,long_replacement_cycle,191,191,0,0,0.0,0.5787806809184481,0.08,1,4,healthy,1,one_time_buyer,1,0,0,411,一般发展用户
cust_2c8e4eaf,2024-04-10 17:24:30,2024-04-10 17:24:30,1,64.91,64.91,0.0,0,1,direct,direct,2,49.09,29.1,2,2,home,29.87,17.380000000000003,1,1,organic,,de,mobile,False,long_replacement_cycle,265,265,0,0,0.0,0.5927887553473212,0.23058823529411765,2,3,cooling,1,one_time_buyer,0,0,0,312,低价值流失用户
cust_2cd063d5,2024-01-20 13:48:31,2024-01-20 13:48:31,1,244.83,244.83,0.0,0,1,direct,direct,2,229.84,89.06,1,1,home,229.84,89.06,2,1,direct,,uk,desktop,False,long_replacement_cycle,346,346,0,0,0.0,0.3874869474416986,0.8894117647058823,5,3,cooling,1,one_time_buyer,0,0,1,315,重要唤回用户
cust_2cec2827,2024-04-01 12:59:52,2024-04-01 12:59:52,1,51.61,51.61,0.0,0,1,direct,direct,1,39.16,19.369999999999997,1,1,home,39.16,19.369999999999997,1,1,meta,camp_23377cc8,de,mobile,True,long_replacement_cycle,274,274,0,0,0.0,0.49463738508682326,0.1811764705882353,1,3,cooling,1,one_time_buyer,0,0,0,311,低价值流失用户
cust_2d3aa6b0,2024-04-28 09:17:16,2024-04-28 09:17:16,1,55.63,55.63,0.0,0,1,tiktok,tiktok,1,42.6,26.62,1,1,beauty,42.6,26.62,1,1,tiktok,camp_fbeb41f3,uk,mobile,False,short_consumption_cycle,247,247,0,0,0.0,0.6248826291079812,0.36496350364963503,2,1,dormant,1,one_time_buyer,0,0,0,112,低价值流失用户
cust_2d3f5d13,2024-07-29 14:25:43,2024-07-29 14:25:43,1,45.28,45.28,5.81,1,1,email,email,1,38.71,26.58,1,1,beauty,38.71,26.58,1,1,email,,uk,mobile,False,short_consumption_cycle,155,155,0,0,1.0,0.6866442779643502,0.23357664233576642,2,2,at_risk,1,one_time_buyer,0,0,0,212,低价值流失用户
cust_2d448732,2024-10-28 19:48:53,2024-10-28 19:48:53,1,66.19,66.19,15.0,1,1,google,google,1,81.19,26.769999999999996,1,1,sports,81.19,26.769999999999996,1,1,google,camp_ad501b20,de,mobile,True,medium_replacement_cycle,64,64,0,0,1.0,0.3297204089173543,0.2558139534883721,2,5,fresh,1,one_time_buyer,1,0,0,512,一般发展用户
cust_2da30d84,2024-04-16 15:46:09,2024-04-16 15:46:09,1,147.04,147.04,0.0,0,1,direct,direct,3,147.05,53.28,1,2,sports,147.05,53.28,3,1,direct,,us,desktop,False,medium_replacement_cycle,259,259,0,0,0.0,0.36232573954437264,0.8205980066445183,5,3,cooling,1,one_time_buyer,0,0,1,315,重要唤回用户
cust_2dec8452,2024-11-11 14:18:16,2024-11-11 14:18:16,1,81.9,81.9,0.0,0,1,google,google,1,74.41,39.19,1,1,fashion,74.41,39.19,1,1,google,camp_f5844440,us,desktop,False,seasonal_cycle,50,50,0,0,0.0,0.5266765219728531,0.36818181818181817,2,5,fresh,1,one_time_buyer,1,0,0,512,一般发展用户
cust_2e046b3a,2024-03-04 21:21:16,2024-03-04 21:21:16,1,336.09,336.09,0.0,0,1,direct,direct,3,336.09000000000003,180.39999999999998,2,2,home,236.24,114.2,2,1,google,camp_526d6b9e,ca,desktop,False,long_replacement_cycle,302,302,0,0,0.0,0.5367609866404831,0.9505882352941176,5,3,cooling,1,one_time_buyer,0,0,1,315,重要唤回用户
cust_2e478d40,2024-03-28 06:07:29,2024-03-28 06:07:29,1,151.26,151.26,0.0,0,1,meta,meta,1,137.06,79.4,1,1,home,137.06,79.4,1,1,meta,camp_ec14aa2d,fr,mobile,True,long_replacement_cycle,278,278,0,0,0.0,0.5793083321173209,0.7435294117647059,4,3,cooling,1,one_time_buyer,0,0,1,314,重要唤回用户
cust_2e741b2e,2024-02-21 07:53:51,2024-02-21 07:53:51,1,54.42,54.42,0.0,0,1,meta,meta,1,37.99,26.28,1,1,beauty,37.99,26.28,1,1,meta,camp_46be4040,de,tablet,False,short_consumption_cycle,314,314,0,0,0.0,0.6917609897341406,0.3357664233576642,2,1,dormant,1,one_time_buyer,0,0,0,112,低价值流失用户
cust_2ebc2573,2024-06-18 17:27:54,2024-06-18 17:27:54,1,53.79,53.79,10.0,1,1,direct,direct,1,53.49,24.3,1,1,home,53.49,24.3,1,1,tiktok,camp_185e844e,uk,mobile,False,long_replacement_cycle,196,196,0,0,1.0,0.4542905215928211,0.1976470588235294,1,4,healthy,1,one_time_buyer,1,0,0,411,一般发展用户
cust_2eea2f44,2024-11-07 10:57:02,2024-11-07 10:57:02,1,156.57,156.57,0.0,0,1,organic,organic,1,156.57,52.36,1,1,electronics,156.57,52.36,1,1,organic,,de,mobile,False,very_long_replacement_cycle,54,54,0,0,0.0,0.3344191096634094,0.6933333333333334,4,5,fresh,1,one_time_buyer,1,0,1,514,重要发展用户
cust_2eefeec4,2024-03-29 00:55:31,2024-03-29 00:55:31,1,57.74,57.74,0.0,0,1,google,google,1,48.49,36.31,1,1,beauty,48.49,36.31,1,1,google,camp_07762b7a,us,mobile,False,short_consumption_cycle,277,277,0,0,0.0,0.7488141884924727,0.41362530413625304,3,1,dormant,1,one_time_buyer,0,0,0,113,低价值流失用户
cust_2f206a99,2024-03-22 17:30:43,2024-03-22 17:30:43,1,106.67,106.67,26.67,1,1,organic,organic,2,133.35,60.68,2,2,home,122.09,53.25,1,1,organic,,fr,desktop,False,long_replacement_cycle,284,284,0,0,1.0,0.4550431196100488,0.48,3,3,cooling,1,one_time_buyer,0,0,0,313,低价值流失用户
cust_2f3ef398,2024-05-18 11:30:05,2024-05-18 11:30:05,1,96.77,96.77,0.0,0,1,direct,direct,1,96.77,35.849999999999994,1,1,electronics,96.77,35.849999999999994,1,1,meta,camp_66524020,us,mobile,False,very_long_replacement_cycle,227,227,0,0,0.0,0.3704660535289862,0.38666666666666666,2,4,healthy,1,one_time_buyer,1,0,0,412,一般发展用户
cust_2f4f147b,2024-02-06 21:44:37,2024-02-06 21:44:37,1,60.56,60.56,0.0,0,1,direct,direct,2,46.56,28.02,2,2,home,27.36,15.04,1,1,direct,,de,tablet,False,long_replacement_cycle,329,329,0,0,0.0,0.6018041237113402,0.21411764705882352,2,3,cooling,1,one_time_buyer,0,0,0,312,低价值流失用户
cust_2f8158be,2024-06-17 13:19:20,2024-06-17 13:19:20,1,37.08,37.08,0.0,0,1,direct,direct,1,27.84,15.64,1,1,home,27.84,15.64,1,1,direct,,us,tablet,False,long_replacement_cycle,197,197,0,0,0.0,0.5617816091954023,0.07294117647058823,1,4,healthy,1,one_time_buyer,1,0,0,411,一般发展用户
cust_2fa8e3c7,2024-07-06 06:41:13,2024-07-06 06:41:13,1,28.9,28.9,0.0,0,1,direct,direct,1,19.21,11.71,1,1,beauty,19.21,11.71,1,1,email,,ca,desktop,False,short_consumption_cycle,178,178,0,0,0.0,0.6095783446121812,0.05596107055961071,1,2,at_risk,1,one_time_buyer,0,0,0,211,低价值流失用户
cust_2fb3aa6b,2024-09-16 21:30:44,2024-09-16 21:30:44,1,28.39,28.39,0.0,0,1,direct,direct,1,18.37,10.870000000000001,1,1,beauty,18.37,10.870000000000001,1,1,meta,camp_4378a8c3,fr,mobile,False,short_consumption_cycle,106,106,0,0,0.0,0.5917256396298313,0.043795620437956206,1,3,cooling,1,one_time_buyer,0,0,0,311,低价值流失用户
cust_2fd0b0ad,2024-05-03 07:31:56,2024-05-03 07:31:56,1,271.51,271.51,0.0,0,1,organic,organic,3,271.51,133.07000000000002,1,2,home,271.51,133.07000000000002,3,1,organic,,us,mobile,True,long_replacement_cycle,242,242,0,0,0.0,0.49011086147839866,0.9176470588235294,5,3,cooling,1,one_time_buyer,0,0,1,315,重要唤回用户
cust_2fec24e5,2024-11-07 07:44:11,2024-11-07 07:44:11,1,94.27,94.27,0.0,0,1,direct,direct,1,94.27,35.739999999999995,1,1,sports,94.27,35.739999999999995,1,1,meta,camp_8686e64e,us,mobile,False,medium_replacement_cycle,54,54,0,0,0.0,0.37912379335949925,0.6046511627906976,4,5,fresh,1,one_time_buyer,1,0,1,514,重要发展用户
cust_3004b255,2024-04-16 21:37:43,2024-04-16 21:37:43,1,41.2,41.2,12.86,1,1,google,google,1,42.88,13.020000000000003,1,1,electronics,42.88,13.020000000000003,1,1,google,camp_b4a370cb,uk,desktop,False,very_long_replacement_cycle,259,259,0,0,1.0,0.3036380597014926,0.03666666666666667,1,4,healthy,1,one_time_buyer,1,0,0,411,一般发展用户
cust_302568c6,2024-02-27 17:28:12,2024-02-27 17:28:12,1,69.33,69.33,0.0,0,1,direct,direct,1,59.26,37.739999999999995,1,1,beauty,59.26,37.739999999999995,1,1,direct,,uk,mobile,True,short_consumption_cycle,308,308,0,0,0.0,0.6368545393182584,0.5474452554744526,3,1,dormant,1,one_time_buyer,0,0,0,113,低价值流失用户
cust_304bf448,2024-11-22 06:28:58,2024-11-22 06:28:58,1,44.44,44.44,0.0,0,1,google,google,1,35.61,23.9,1,1,beauty,35.61,23.9,1,1,google,camp_1addbfa1,us,mobile,True,short_consumption_cycle,39,39,0,0,0.0,0.6711597865768042,0.22871046228710462,2,5,fresh,1,one_time_buyer,1,0,0,512,一般发展用户
cust_3065793f,2024-06-05 20:50:29,2024-06-05 20:50:29,1,123.67,123.67,0.0,0,1,direct,direct,1,117.32,58.21999999999999,1,1,home,117.32,58.21999999999999,1,1,organic,,us,tablet,False,long_replacement_cycle,209,209,0,0,0.0,0.49624957381520624,0.6,3,4,healthy,1,one_time_buyer,1,0,0,413,一般发展用户
cust_3070b472,2024-04-04 15:34:58,2024-04-04 15:34:58,1,165.49,165.49,0.0,0,1,direct,direct,2,165.48,61.69999999999999,1,1,sports,165.48,61.69999999999999,2,1,direct,,us,mobile,True,medium_replacement_cycle,271,271,0,0,0.0,0.37285472564660377,0.8471760797342193,5,3,cooling,1,one_time_buyer,0,0,1,315,重要唤回用户
cust_30ba036d,2024-06-19 19:52:56,2024-06-19 19:52:56,1,337.83,337.83,59.62,1,1,google,google,3,397.43999999999994,109.25999999999996,1,1,electronics,397.43999999999994,109.25999999999996,3,1,google,camp_5551082b,fr,desktop,False,very_long_replacement_cycle,195,195,0,0,1.0,0.27490942028985504,0.9366666666666666,5,4,healthy,1,one_time_buyer,1,0,1,415,重要发展用户
cust_30e62ada,2024-04-28 07:01:58,2024-04-28 07:01:58,1,100.77,100.77,0.0,0,1,google,google,1,100.77,39.74999999999999,1,1,electronics,100.77,39.74999999999999,1,1,google,camp_42759d65,us,desktop,True,very_long_replacement_cycle,247,247,0,0,0.0,0.39446263768978856,0.41,3,4,healthy,1,one_time_buyer,1,0,0,413,一般发展用户
cust_30f510ea,2024-10-09 21:08:13,2024-10-09 21:08:13,1,287.96,287.96,0.0,0,1,meta,meta,2,287.96,150.04,1,1,home,287.96,150.04,2,1,meta,camp_cfb2b78c,uk,mobile,False,long_replacement_cycle,83,83,0,0,0.0,0.5210445895263232,0.9317647058823529,5,5,fresh,1,one_time_buyer,1,0,1,515,重要发展用户
cust_31253a5d,2024-08-24 09:29:47,2024-08-24 09:29:47,1,83.4,83.4,0.0,0,1,direct,direct,2,70.26,29.380000000000003,1,1,home,70.26,29.380000000000003,2,1,meta,camp_aa0f7a73,fr,mobile,True,long_replacement_cycle,129,129,0,0,0.0,0.4181611158553943,0.3247058823529412,2,4,healthy,1,one_time_buyer,1,0,0,412,一般发展用户
cust_315cc123,2024-09-01 20:53:16,2024-09-01 20:53:16,1,51.03,51.03,0.0,0,1,tiktok,tiktok,1,43.7,20.860000000000003,1,1,home,43.7,20.860000000000003,1,1,tiktok,camp_29f858de,us,mobile,False,long_replacement_cycle,121,121,0,0,0.0,0.4773455377574371,0.17647058823529413,1,4,healthy,1,one_time_buyer,1,0,0,411,一般发展用户
cust_319855d1,2024-04-28 11:15:03,2024-04-28 11:15:03,1,96.27,96.27,0.0,0,1,direct,direct,2,81.68,47.32000000000001,1,1,beauty,81.68,47.32000000000001,2,1,direct,,uk,tablet,False,short_consumption_cycle,247,247,0,0,0.0,0.5793339862879531,0.7761557177615572,4,1,dormant,1,one_time_buyer,0,0,1,114,重要唤回用户
cust_319948e6,2024-03-04 10:00:31,2024-03-04 10:00:31,1,101.99,101.99,0.0,0,1,direct,direct,1,101.99,56.809999999999995,1,1,fashion,101.99,56.809999999999995,1,1,direct,,uk,desktop,False,seasonal_cycle,302,302,0,0,0.0,0.5570153936660457,0.6,3,1,dormant,1,one_time_buyer,0,0,0,113,低价值流失用户
cust_31be9434,2024-08-08 07:41:11,2024-08-08 07:41:11,1,82.65,82.65,0.0,0,1,direct,direct,2,82.66,43.08,1,1,home,82.66,43.08,2,1,google,camp_aacb77dc,de,desktop,False,long_replacement_cycle,145,145,0,0,0.0,0.521171062182434,0.3176470588235294,2,4,healthy,1,one_time_buyer,1,0,0,412,一般发展用户
cust_3243219e,2024-01-09 19:53:39,2024-01-09 19:53:39,1,264.77,264.77,44.86,1,1,direct,direct,3,299.07,99.71999999999998,1,1,electronics,299.07,99.71999999999998,3,1,organic,,de,tablet,True,very_long_replacement_cycle,357,357,0,0,1.0,0.33343364429732164,0.8733333333333333,5,4,healthy,1,one_time_buyer,1,0,1,415,重要发展用户
cust_324781ab,2024-01-31 02:41:26,2024-01-31 02:41:26,1,31.22,31.22,0.0,0,1,google,google,1,20.86,13.149999999999999,1,1,beauty,20.86,13.149999999999999,1,1,google,camp_14631484,ca,mobile,False,short_consumption_cycle,335,335,0,0,0.0,0.6303930968360498,0.09002433090024331,1,1,dormant,1,one_time_buyer,0,0,0,111,低价值流失用户
cust_3278b2d3,2024-07-22 11:50:20,2024-07-22 11:50:20,1,95.77,95.77,0.0,0,1,direct,direct,1,87.11,40.91,1,1,sports,87.11,40.91,1,1,direct,,us,mobile,True,medium_replacement_cycle,162,162,0,0,0.0,0.4696360922970956,0.6245847176079734,4,4,healthy,1,one_time_buyer,1,0,1,414,重要发展用户
cust_32b13afc,2024-07-12 11:33:29,2024-07-12 11:33:29,1,214.32,214.32,10.0,1,1,meta,meta,2,224.32,102.27999999999999,1,1,home,224.32,102.27999999999999,2,1,meta,camp_ada5e13c,us,desktop,False,long_replacement_cycle,172,172,0,0,1.0,0.45595577746077026,0.8447058823529412,5,4,healthy,1,one_time_buyer,1,0,1,415,重要发展用户
cust_32fe7455,2024-12-09 15:45:59,2024-12-09 15:45:59,1,105.92,105.92,0.0,0,1,tiktok,tiktok,1,105.92,60.74,1,1,fashion,105.92,60.74,1,1,tiktok,camp_a3e939fa,ca,desktop,True,seasonal_cycle,22,22,0,0,0.0,0.5734516616314199,0.6272727272727273,4,5,fresh,1,one_time_buyer,1,0,1,514,重要发展用户
cust_3302f2a1,2024-05-03 16:38:18,2024-05-03 16:38:18,1,151.28,151.28,0.0,0,1,organic,organic,3,151.29,114.75,1,1,beauty,151.29,114.75,3,1,organic,,fr,mobile,False,short_consumption_cycle,242,242,0,0,0.0,0.7584770969660917,0.9343065693430657,5,1,dormant,1,one_time_buyer,0,0,1,115,重要唤回用户
cust_3306a4e4,2024-11-11 20:50:35,2024-11-11 20:50:35,1,87.84,87.84,8.61,1,1,organic,organic,2,86.08,26.36,1,1,electronics,86.08,26.36,2,1,organic,,uk,tablet,False,very_long_replacement_cycle,50,50,0,0,1.0,0.3062267657992565,0.31666666666666665,2,5,fresh,1,one_time_buyer,1,0,0,512,一般发展用户
cust_3324ded5,2024-05-05 09:06:44,2024-05-05 09:06:44,1,42.51,42.51,0.0,0,1,google,google,1,28.59,16.1,1,1,home,28.59,16.1,1,1,google,camp_e33ed929,de,mobile,False,long_replacement_cycle,240,240,0,0,0.0,0.5631339629240993,0.13411764705882354,1,4,healthy,1,one_time_buyer,1,0,0,411,一般发展用户
cust_3339e988,2024-12-08 21:14:52,2024-12-08 21:14:52,1,33.49,33.49,0.0,0,1,direct,direct,1,20.31,11.979999999999999,1,1,fashion,20.31,11.979999999999999,1,1,direct,,fr,mobile,True,seasonal_cycle,23,23,0,0,0.0,0.5898572131954701,0.04772727272727273,1,5,fresh,1,one_time_buyer,1,0,0,511,一般发展用户
cust_333f85d1,2024-12-05 20:03:54,2024-12-05 20:03:54,1,203.91,203.91,0.0,0,1,organic,organic,3,203.91,140.91,1,1,beauty,203.91,140.91,3,1,organic,,ca,desktop,True,short_consumption_cycle,26,26,0,0,0.0,0.6910401647785788,0.9708029197080292,5,5,fresh,1,one_time_buyer,1,0,1,515,重要发展用户
cust_334ca58b,2024-09-19 09:11:29,2024-09-19 09:11:29,1,32.91,32.91,0.0,0,1,direct,direct,1,19.02,12.68,1,1,fashion,19.02,12.68,1,1,email,,uk,mobile,True,seasonal_cycle,103,103,0,0,0.0,0.6666666666666666,0.04090909090909091,1,4,healthy,1,one_time_buyer,1,0,0,411,一般发展用户
cust_33515331,2024-02-05 18:28:00,2024-02-05 18:28:00,1,183.56,183.56,10.0,1,1,organic,organic,3,193.56,77.03000000000002,2,2,electronics,154.18,57.44000000000001,2,1,organic,,fr,tablet,False,very_long_replacement_cycle,330,330,0,0,1.0,0.39796445546600545,0.7766666666666666,4,4,healthy,1,one_time_buyer,1,0,1,414,重要发展用户
cust_33888fac,2024-07-13 11:41:06,2024-07-13 11:41:06,1,38.84,38.84,0.0,0,1,direct,direct,1,32.11,21.4,1,1,fashion,32.11,21.4,1,1,direct,,us,desktop,False,seasonal_cycle,171,171,0,0,0.0,0.6664590470258486,0.07272727272727272,1,3,cooling,1,one_time_buyer,0,0,0,311,低价值流失用户
cust_339cddd3,2024-03-15 20:38:30,2024-03-15 20:38:30,1,163.92,163.92,0.0,0,1,tiktok,tiktok,2,163.92,103.23999999999998,1,1,fashion,163.92,103.23999999999998,2,1,tiktok,camp_3fb7cc10,de,mobile,False,seasonal_cycle,291,291,0,0,0.0,0.6298194241093216,0.8477272727272728,5,2,at_risk,1,one_time_buyer,0,0,1,215,重要唤回用户
cust_33ba2f27,2024-11-06 14:04:34,2024-11-06 14:04:34,1,17.54,17.54,0.0,0,1,google,google,1,10.58,6.75,1,1,beauty,10.58,6.75,1,1,google,camp_58630903,us,desktop,False,short_consumption_cycle,55,55,0,0,0.0,0.6379962192816635,0.014598540145985401,1,4,healthy,1,one_time_buyer,1,0,0,411,一般发展用户
cust_33c19a2f,2024-08-25 19:29:54,2024-08-25 19:29:54,1,29.19,29.19,0.0,0,1,organic,organic,1,19.59,11.879999999999999,1,1,beauty,19.59,11.879999999999999,1,1,organic,,uk,mobile,False,short_consumption_cycle,128,128,0,0,0.0,0.6064318529862174,0.06082725060827251,1,3,cooling,1,one_time_buyer,0,0,0,311,低价值流失用户
cust_352cecd6,2024-04-10 14:02:35,2024-04-10 14:02:35,1,68.4,68.4,0.0,0,1,meta,meta,1,61.74,19.85,1,1,sports,61.74,19.85,1,1,meta,camp_705494c2,us,mobile,True,medium_replacement_cycle,265,265,0,0,0.0,0.32150955620343374,0.28903654485049834,2,3,cooling,1,one_time_buyer,0,0,0,312,低价值流失用户
cust_3554ecaa,2024-03-03 12:22:04,2024-03-03 12:22:04,1,59.17,59.17,12.3,1,1,email,email,2,61.5,30.38,1,1,fashion,61.5,30.38,2,1,email,,us,mobile,False,seasonal_cycle,303,303,0,0,1.0,0.49398373983739835,0.21136363636363636,2,1,dormant,1,one_time_buyer,0,0,0,112,低价值流失用户
cust_355b36b4,2024-09-11 09:32:23,2024-09-11 09:32:23,1,85.09,85.09,0.0,0,1,tiktok,tiktok,3,85.08,48.12,1,1,home,85.08,48.12,3,1,tiktok,camp_49698f28,us,desktop,False,long_replacement_cycle,111,111,0,0,0.0,0.5655853314527504,0.3411764705882353,2,5,fresh,1,one_time_buyer,1,0,0,512,一般发展用户
cust_356f320b,2024-07-05 17:39:02,2024-07-05 17:39:02,1,206.53,206.53,0.0,0,1,google,google,3,206.52,105.17,2,2,fashion,174.84,90.98,2,1,google,camp_aa7b62f6,us,mobile,False,seasonal_cycle,179,179,0,0,0.0,0.5092484989347279,0.9113636363636364,5,3,cooling,1,one_time_buyer,0,0,1,315,重要唤回用户
cust_359c4f28,2024-12-05 15:33:15,2024-12-05 15:33:15,1,39.5,39.5,0.0,0,1,direct,direct,1,28.81,10.2,1,1,sports,28.81,10.2,1,1,meta,camp_4304b2ca,de,desktop,False,medium_replacement_cycle,26,26,0,0,0.0,0.35404373481430057,0.08637873754152824,1,5,fresh,1,one_time_buyer,1,0,0,511,一般发展用户
cust_35a53b3c,2024-01-21 19:54:08,2024-01-21 19:54:08,1,205.82,205.82,0.0,0,1,tiktok,tiktok,3,205.82999999999998,98.01,1,1,fashion,205.82999999999998,98.01,3,1,tiktok,camp_02f0d13f,uk,mobile,False,seasonal_cycle,345,345,0,0,0.0,0.4761696545693048,0.9090909090909091,5,1,dormant,1,one_time_buyer,0,0,1,115,重要唤回用户
cust_35abe521,2024-11-28 16:59:41,2024-11-28 16:59:41,1,108.62,108.62,0.0,0,1,google,google,1,108.62,56.660000000000004,1,1,fashion,108.62,56.660000000000004,1,1,google,camp_ac6f1a9d,de,desktop,False,seasonal_cycle,33,33,0,0,0.0,0.5216350580003682,0.6477272727272727,4,5,fresh,1,one_time_buyer,1,0,1,514,重要发展用户
cust_35b83096,2024-08-04 18:19:40,2024-08-04 18:19:40,1,83.84,83.84,0.0,0,1,google,google,1,69.16,27.15,1,1,home,69.16,27.15,1,1,google,camp_ce7b0038,de,mobile,False,long_replacement_cycle,149,149,0,0,0.0,0.392567958357432,0.32941176470588235,2,4,healthy,1,one_time_buyer,1,0,0,412,一般发展用户
cust_35c7f1e7,2024-03-06 11:34:58,2024-03-06 11:34:58,1,173.32,173.32,0.0,0,1,direct,direct,2,173.32,70.77999999999999,1,1,home,173.32,70.77999999999999,2,1,google,camp_dab6979e,de,mobile,False,long_replacement_cycle,300,300,0,0,0.0,0.40837756750519266,0.7741176470588236,4,3,cooling,1,one_time_buyer,0,0,1,314,重要唤回用户
cust_35c9c637,2024-08-26 22:17:48,2024-08-26 22:17:48,1,82.88,82.88,0.0,0,1,google,google,1,68.68,41.81,1,1,beauty,68.68,41.81,1,1,google,camp_a58f27d6,uk,tablet,True,short_consumption_cycle,127,127,0,0,0.0,0.6087652882935352,0.683698296836983,4,3,cooling,1,one_time_buyer,0,0,1,314,重要唤回用户
cust_35dbd927,2024-10-16 19:47:22,2024-10-16 19:47:22,1,89.45,89.45,22.36,1,1,organic,organic,1,111.81,37.03,1,1,electronics,111.81,37.03,1,1,organic,,de,mobile,False,very_long_replacement_cycle,76,76,0,0,1.0,0.3311868348090511,0.33,2,5,fresh,1,one_time_buyer,1,0,0,512,一般发展用户
cust_36120c3a,2024-05-20 19:12:32,2024-05-20 19:12:32,1,82.3,82.3,0.0,0,1,tiktok,tiktok,1,75.97,37.12,1,1,sports,75.97,37.12,1,1,tiktok,camp_8b5d0288,us,desktop,False,medium_replacement_cycle,225,225,0,0,0.0,0.4886139265499539,0.47840531561461797,3,3,cooling,1,one_time_buyer,0,0,0,313,低价值流失用户
cust_36163fd4,2024-12-02 10:22:53,2024-12-02 10:22:53,1,211.25,211.25,0.0,0,1,meta,meta,2,203.36,77.91000000000003,2,2,electronics,162.8,58.59000000000002,1,1,meta,camp_b3abb451,us,mobile,False,very_long_replacement_cycle,29,29,0,0,0.0,0.38311369000786794,0.8233333333333334,5,5,fresh,1,one_time_buyer,1,0,1,515,重要发展用户
cust_362ea706,2024-02-28 12:26:02,2024-02-28 12:26:02,1,140.47,140.47,0.0,0,1,meta,meta,1,140.47,69.92999999999999,1,1,home,140.47,69.92999999999999,1,1,meta,camp_f1b64588,us,mobile,False,long_replacement_cycle,307,307,0,0,0.0,0.49782871787570293,0.6941176470588235,4,3,cooling,1,one_time_buyer,0,0,1,314,重要唤回用户
cust_36437f22,2024-11-04 15:50:35,2024-11-04 15:50:35,1,33.64,33.64,0.0,0,1,google,google,1,24.33,15.599999999999998,1,1,beauty,24.33,15.599999999999998,1,1,google,camp_7451d679,us,tablet,True,short_consumption_cycle,57,57,0,0,0.0,0.6411837237977804,0.12165450121654502,1,4,healthy,1,one_time_buyer,1,0,0,411,一般发展用户
cust_3674ae3a,2024-11-13 12:21:42,2024-11-13 12:21:42,1,238.05,238.05,0.0,0,1,organic,organic,2,238.06,82.38,1,1,sports,238.06,82.38,2,1,organic,,us,mobile,False,medium_replacement_cycle,48,48,0,0,0.0,0.34604721498781815,0.9368770764119602,5,5,fresh,1,one_time_buyer,1,0,1,515,重要发展用户
cust_367b656d,2024-04-25 06:21:18,2024-04-25 06:21:18,1,81.07,81.07,0.0,0,1,direct,direct,2,81.07,34.72,2,2,electronics,44.94,17.7,1,1,tiktok,camp_0dedba17,us,desktop,False,very_long_replacement_cycle,250,250,0,0,0.0,0.42827186382138893,0.25666666666666665,2,4,healthy,1,one_time_buyer,1,0,0,412,一般发展用户
cust_367eddb6,2024-08-08 10:12:20,2024-08-08 10:12:20,1,31.49,31.49,0.0,0,1,organic,organic,1,24.81,14.169999999999998,1,1,home,24.81,14.169999999999998,1,1,organic,,us,mobile,False,long_replacement_cycle,145,145,0,0,0.0,0.5711406690850463,0.018823529411764704,1,4,healthy,1,one_time_buyer,1,0,0,411,一般发展用户
cust_36949f72,2024-03-03 12:42:10,2024-03-03 12:42:10,1,37.1,37.1,6.74,1,1,meta,meta,1,33.7,19.290000000000003,1,1,fashion,33.7,19.290000000000003,1,1,meta,camp_3341c4fd,fr,desktop,False,seasonal_cycle,303,303,0,0,1.0,0.5724035608308605,0.06363636363636363,1,1,dormant,1,one_time_buyer,0,0,0,111,低价值流失用户
cust_36a6d6fd,2024-11-27 14:06:53,2024-11-27 14:06:53,1,155.92,155.92,0.0,0,1,email,email,2,155.92,98.04999999999998,2,2,fashion,89.82,57.599999999999994,1,1,email,,ca,mobile,False,seasonal_cycle,34,34,0,0,0.0,0.6288481272447408,0.8227272727272728,5,5,fresh,1,one_time_buyer,1,0,1,515,重要发展用户
cust_36babd2f,2024-09-28 11:02:07,2024-09-28 11:02:07,1,182.98,182.98,0.0,0,1,direct,direct,3,182.97000000000003,120.25000000000001,2,2,beauty,153.58,100.36000000000001,2,1,meta,camp_3da87fc7,de,mobile,True,short_consumption_cycle,94,94,0,0,0.0,0.6572115647373886,0.9586374695863747,5,3,cooling,1,one_time_buyer,0,0,1,315,重要唤回用户
cust_36fd3c58,2024-12-22 06:51:34,2024-12-22 06:51:34,1,136.67,136.67,24.12,1,1,direct,direct,1,160.79,49.22,1,1,electronics,160.79,49.22,1,1,organic,,de,mobile,True,very_long_replacement_cycle,9,9,0,0,1.0,0.30611356427638536,0.5966666666666667,3,5,fresh,1,one_time_buyer,1,0,0,513,一般发展用户
cust_36fdc734,2024-09-04 12:19:25,2024-09-04 12:19:25,1,66.97,66.97,0.0,0,1,direct,direct,2,59.040000000000006,40.69,2,2,beauty,40.56,28.43,1,1,direct,,us,mobile,False,short_consumption_cycle,118,118,0,0,0.0,0.6891937669376693,0.5255474452554745,3,3,cooling,1,one_time_buyer,0,0,0,313,低价值流失用户
cust_372fafc7,2024-03-25 10:38:18,2024-03-25 10:38:18,1,76.3,76.3,0.0,0,1,email,email,1,67.16,30.819999999999993,1,1,home,67.16,30.819999999999993,1,1,email,,us,mobile,False,long_replacement_cycle,281,281,0,0,0.0,0.45890410958904104,0.26823529411764707,2,3,cooling,1,one_time_buyer,0,0,0,312,低价值流失用户
cust_373c6bf8,2024-01-09 20:16:56,2024-01-09 20:16:56,1,88.86,88.86,13.42,1,1,tiktok,tiktok,1,89.49,45.41,1,1,fashion,89.49,45.41,1,1,tiktok,camp_a623cab9,ca,mobile,False,seasonal_cycle,357,357,0,0,1.0,0.5074309978768577,0.48863636363636365,3,1,dormant,1,one_time_buyer,0,0,0,113,低价值流失用户
cust_374845fd,2024-07-25 11:55:28,2024-07-25 11:55:28,1,349.33,349.33,0.0,0,1,meta,meta,3,349.32000000000005,202.47000000000003,2,2,home,276.04,155.88000000000002,2,1,meta,camp_4dbcf518,ca,desktop,False,long_replacement_cycle,159,159,0,0,0.0,0.579611817244933,0.9576470588235294,5,4,healthy,1,one_time_buyer,1,0,1,415,重要发展用户
cust_376cd9ad,2024-10-04 16:42:45,2024-10-04 16:42:45,1,34.19,34.19,0.0,0,1,direct,direct,1,26.78,8.89,1,1,sports,26.78,8.89,1,1,email,,us,mobile,False,medium_replacement_cycle,88,88,0,0,0.0,0.3319641523525019,0.03322259136212625,1,5,fresh,1,one_time_buyer,1,0,0,511,一般发展用户
cust_3772c3df,2024-01-15 19:37:05,2024-01-15 19:37:05,1,81.79,81.79,5.0,1,1,organic,organic,1,75.18,36.330000000000005,1,1,sports,75.18,36.330000000000005,1,1,organic,,uk,mobile,False,medium_replacement_cycle,351,351,0,0,1.0,0.48324022346368717,0.46179401993355484,3,2,at_risk,1,one_time_buyer,0,0,0,213,低价值流失用户
cust_379db5ab,2024-08-03 08:24:28,2024-08-03 08:24:28,1,415.49,415.49,0.0,0,1,google,google,4,415.5,163.7,2,2,electronics,293.68,119.84,2,1,google,camp_22faf5af,us,desktop,False,very_long_replacement_cycle,150,150,0,0,0.0,0.3939831528279181,0.97,5,5,fresh,1,one_time_buyer,1,0,1,515,重要发展用户
cust_37b45751,2024-09-07 12:54:58,2024-09-07 12:54:58,1,82.08,82.08,0.0,0,1,meta,meta,1,73.62,52.03,1,1,beauty,73.62,52.03,1,1,meta,camp_6e5410e3,us,desktop,False,short_consumption_cycle,115,115,0,0,0.0,0.7067372996468351,0.6715328467153284,4,3,cooling,1,one_time_buyer,0,0,1,314,重要唤回用户
cust_37bd6595,2024-06-09 20:35:02,2024-06-09 20:35:02,1,390.2,390.2,0.0,0,1,direct,direct,3,390.21,217.23,1,1,home,390.21,217.23,3,1,direct,,uk,desktop,False,long_replacement_cycle,205,205,0,0,0.0,0.5567002383332053,0.9741176470588235,5,4,healthy,1,one_time_buyer,1,0,1,415,重要发展用户
cust_37e79090,2024-11-10 20:55:34,2024-11-10 20:55:34,1,147.08,147.08,0.0,0,1,direct,direct,2,147.07,84.20000000000002,1,2,fashion,147.07,84.20000000000002,2,1,email,,uk,mobile,False,seasonal_cycle,51,51,0,0,0.0,0.5725164887468553,0.7818181818181819,4,5,fresh,1,one_time_buyer,1,0,1,514,重要发展用户
cust_37f6bb47,2024-07-24 15:46:02,2024-07-24 15:46:02,1,123.21,123.21,0.0,0,1,tiktok,tiktok,1,117.08,38.64,1,1,electronics,117.08,38.64,1,1,tiktok,camp_27e9da59,us,desktop,False,very_long_replacement_cycle,160,160,0,0,0.0,0.33003074820635464,0.5166666666666667,3,5,fresh,1,one_time_buyer,1,0,0,513,一般发展用户
cust_383d4825,2024-10-04 19:43:41,2024-10-04 19:43:41,1,160.47,160.47,0.0,0,1,direct,direct,2,149.58,71.65,2,2,fashion,83.04,48.21000000000001,1,1,meta,camp_c9a8ade1,fr,desktop,True,seasonal_cycle,88,88,0,0,0.0,0.4790078887551812,0.8409090909090909,5,4,healthy,1,one_time_buyer,1,0,1,415,重要发展用户
cust_38403de1,2024-02-28 19:01:22,2024-02-28 19:01:22,1,364.66,364.66,0.0,0,1,email,email,3,364.66999999999996,177.07,2,2,home,253.14,115.45999999999998,2,1,email,,us,mobile,False,long_replacement_cycle,307,307,0,0,0.0,0.485562289192969,0.9694117647058823,5,3,cooling,1,one_time_buyer,0,0,1,315,重要唤回用户
cust_387a3c66,2024-11-07 11:55:10,2024-11-07 11:55:10,1,60.41,60.41,0.0,0,1,direct,direct,1,50.98,35.199999999999996,1,1,beauty,50.98,35.199999999999996,1,1,tiktok,camp_1067e937,us,mobile,False,short_consumption_cycle,54,54,0,0,0.0,0.690466849744998,0.44038929440389296,3,4,healthy,1,one_time_buyer,1,0,0,413,一般发展用户
cust_3883e299,2024-07-26 09:32:10,2024-07-26 09:32:10,1,131.59,131.59,0.0,0,1,tiktok,tiktok,1,131.59,35.53,1,1,electronics,131.59,35.53,1,1,tiktok,camp_dac2ede6,us,mobile,False,very_long_replacement_cycle,158,158,0,0,0.0,0.27000531955315754,0.56,3,5,fresh,1,one_time_buyer,1,0,0,513,一般发展用户
cust_38870c6f,2024-09-17 21:27:29,2024-09-17 21:27:29,1,104.02,104.02,5.0,1,1,google,google,2,109.02,76.19999999999999,1,1,beauty,109.02,76.19999999999999,2,1,google,camp_d211a295,fr,mobile,False,short_consumption_cycle,105,105,0,0,1.0,0.6989543203082003,0.805352798053528,5,3,cooling,1,one_time_buyer,0,0,1,315,重要唤回用户
cust_388c0dc0,2024-06-28 00:47:59,2024-06-28 00:47:59,1,85.17,85.17,5.0,1,1,email,email,1,90.17,45.39,1,1,home,90.17,45.39,1,1,email,,us,mobile,True,long_replacement_cycle,186,186,0,0,1.0,0.503382499722746,0.3447058823529412,2,4,healthy,1,one_time_buyer,1,0,0,412,一般发展用户
cust_38cac146,2024-08-25 16:25:02,2024-08-25 16:25:02,1,127.35,127.35,0.0,0,1,direct,direct,1,117.61,47.22,1,1,home,117.61,47.22,1,1,email,,us,mobile,True,long_replacement_cycle,128,128,0,0,0.0,0.4014964713884874,0.6188235294117647,4,4,healthy,1,one_time_buyer,1,0,1,414,重要发展用户
cust_38d4a8c6,2024-02-29 22:56:13,2024-02-29 22:56:13,1,183.1,183.1,20.35,1,1,direct,direct,3,203.45999999999998,98.00999999999999,1,2,home,203.45999999999998,98.00999999999999,3,1,organic,,ca,mobile,True,long_replacement_cycle,306,306,0,0,1.0,0.48171630787378356,0.788235294117647,4,3,cooling,1,one_time_buyer,0,0,1,314,重要唤回用户
cust_38f74949,2024-04-26 21:26:25,2024-04-26 21:26:25,1,97.89,97.89,5.0,1,1,email,email,1,102.89,50.61,1,1,sports,102.89,50.61,1,1,email,,us,mobile,False,medium_replacement_cycle,249,249,0,0,1.0,0.4918845368840509,0.6312292358803987,4,3,cooling,1,one_time_buyer,0,0,1,314,重要唤回用户
cust_39155d9f,2024-02-15 14:46:19,2024-02-15 14:46:19,1,63.92,63.92,0.0,0,1,direct,direct,1,57.83,36.31,1,1,beauty,57.83,36.31,1,1,direct,,us,mobile,False,short_consumption_cycle,320,320,0,0,0.0,0.627874805464292,0.4793187347931874,3,1,dormant,1,one_time_buyer,0,0,0,113,低价值流失用户
cust_39341fed,2024-04-28 10:05:15,2024-04-28 10:05:15,1,49.83,49.83,0.0,0,1,email,email,1,38.01,29.14,1,1,beauty,38.01,29.14,1,1,email,,de,mobile,False,short_consumption_cycle,247,247,0,0,0.0,0.7666403578005788,0.2895377128953771,2,1,dormant,1,one_time_buyer,0,0,0,112,低价值流失用户
cust_3938f386,2024-12-25 13:06:05,2024-12-25 13:06:05,1,197.67,197.67,34.88,1,1,direct,direct,3,232.56,97.3,1,2,sports,232.56,97.3,3,1,direct,,us,mobile,False,medium_replacement_cycle,6,6,0,0,1.0,0.41838665290677673,0.9003322259136213,5,5,fresh,1,one_time_buyer,1,0,1,515,重要发展用户
cust_39516c30,2024-04-21 19:49:04,2024-04-21 19:49:04,1,103.14,103.14,25.79,1,1,direct,direct,1,128.93,74.75,1,1,home,128.93,74.75,1,1,direct,,us,mobile,False,long_replacement_cycle,254,254,0,0,1.0,0.5797719692856589,0.4611764705882353,3,3,cooling,1,one_time_buyer,0,0,0,313,低价值流失用户
cust_395d2022,2024-11-25 06:50:42,2024-11-25 06:50:42,1,21.47,21.47,6.62,1,1,tiktok,tiktok,1,22.07,8.15,1,1,sports,22.07,8.15,1,1,tiktok,camp_600a26f7,us,desktop,False,medium_replacement_cycle,36,36,0,0,1.0,0.36927956502038967,0.0033222591362126247,1,5,fresh,1,one_time_buyer,1,0,0,511,一般发展用户
cust_396abae7,2024-06-02 19:30:57,2024-06-02 19:30:57,1,405.67,405.67,0.0,0,1,google,google,3,405.65999999999997,198.78000000000003,1,1,home,405.65999999999997,198.78000000000003,3,1,google,camp_557c2b92,fr,desktop,False,long_replacement_cycle,212,212,0,0,0.0,0.4900162697825767,0.9811764705882353,5,4,healthy,1,one_time_buyer,1,0,1,415,重要发展用户
cust_3985f7d3,2024-01-18 00:16:31,2024-01-18 00:16:31,1,71.42,71.42,12.6,1,1,meta,meta,1,84.02,50.839999999999996,1,1,fashion,84.02,50.839999999999996,1,1,meta,camp_1d9f9a78,de,mobile,True,seasonal_cycle,348,348,0,0,1.0,0.6050940252320876,0.2681818181818182,2,1,dormant,1,one_time_buyer,0,0,0,112,低价值流失用户
cust_39d937d7,2024-04-12 12:17:00,2024-04-12 12:17:00,1,286.99,286.99,0.0,0,1,google,google,4,271.7,117.5,2,2,sports,179.12,62.06,2,1,google,camp_1ad21a08,fr,desktop,False,medium_replacement_cycle,263,263,0,0,0.0,0.4324622745675377,0.9767441860465116,5,3,cooling,1,one_time_buyer,0,0,1,315,重要唤回用户
cust_39f8bcd8,2024-01-05 08:46:45,2024-01-05 08:46:45,1,58.49,58.49,0.0,0,1,direct,direct,2,51.61,30.28,2,2,fashion,29.73,20.23,1,1,meta,camp_d03c2a43,us,mobile,False,seasonal_cycle,361,361,0,0,0.0,0.5867080023251308,0.20227272727272727,2,1,dormant,1,one_time_buyer,0,0,0,112,低价值流失用户
cust_3a003a32,2024-10-08 12:58:04,2024-10-08 12:58:04,1,84.04,84.04,0.0,0,1,direct,direct,1,84.04,32.150000000000006,1,1,sports,84.04,32.150000000000006,1,1,meta,camp_361cd486,us,mobile,False,medium_replacement_cycle,84,84,0,0,0.0,0.3825559257496431,0.5,3,5,fresh,1,one_time_buyer,1,0,0,513,一般发展用户
cust_3a01d269,2024-12-08 16:37:11,2024-12-08 16:37:11,1,34.97,34.97,0.0,0,1,direct,direct,1,27.8,15.48,1,1,home,27.8,15.48,1,1,google,camp_79465458,us,mobile,True,long_replacement_cycle,23,23,0,0,0.0,0.5568345323741007,0.042352941176470586,1,5,fresh,1,one_time_buyer,1,0,0,511,一般发展用户
cust_3a459051,2024-01-07 14:18:11,2024-01-07 14:18:11,1,52.29,52.29,0.0,0,1,meta,meta,2,43.42,26.76,1,1,fashion,43.42,26.76,2,1,meta,camp_83685e91,us,tablet,True,seasonal_cycle,359,359,0,0,0.0,0.616305849838784,0.15454545454545454,1,1,dormant,1,one_time_buyer,0,0,0,111,低价值流失用户
cust_3a5aa5b7,2024-07-18 19:44:21,2024-07-18 19:44:21,1,179.95,179.95,0.0,0,1,tiktok,tiktok,2,163.26,87.27999999999999,1,1,fashion,163.26,87.27999999999999,2,1,tiktok,camp_3ef1c202,de,mobile,True,seasonal_cycle,166,166,0,0,0.0,0.534607374739679,0.884090909090909,5,3,cooling,1,one_time_buyer,0,0,1,315,重要唤回用户
cust_3a7486e4,2024-07-14 19:20:54,2024-07-14 19:20:54,1,94.99,94.99,0.0,0,1,direct,direct,1,94.99,51.019999999999996,1,1,fashion,94.99,51.019999999999996,1,1,direct,,de,mobile,False,seasonal_cycle,170,170,0,0,0.0,0.5371091693862512,0.5431818181818182,3,3,cooling,1,one_time_buyer,0,0,0,313,低价值流失用户
cust_3a91347d,2024-06-07 04:37:22,2024-06-07 04:37:22,1,84.56,84.56,10.0,1,1,direct,direct,1,94.56,33.54,1,1,electronics,94.56,33.54,1,1,direct,,fr,mobile,False,very_long_replacement_cycle,207,207,0,0,1.0,0.3546954314720812,0.2833333333333333,2,4,healthy,1,one_time_buyer,1,0,0,412,一般发展用户
cust_3a948c14,2024-10-02 08:14:43,2024-10-02 08:14:43,1,39.73,39.73,5.0,1,1,direct,direct,1,28.73,16.240000000000002,1,1,home,28.73,16.240000000000002,1,1,google,camp_c46f2e18,de,desktop,True,long_replacement_cycle,90,90,0,0,1.0,0.5652627915071354,0.1011764705882353,1,5,fresh,1,one_time_buyer,1,0,0,511,一般发展用户
cust_3a99b4bb,2024-11-10 18:37:58,2024-11-10 18:37:58,1,130.46,130.46,0.0,0,1,google,google,2,130.45999999999998,82.41999999999999,2,2,fashion,82.46,44.46999999999999,1,1,google,camp_99b2e9ba,us,mobile,False,seasonal_cycle,51,51,0,0,0.0,0.6317645255250651,0.7363636363636363,4,5,fresh,1,one_time_buyer,1,0,1,514,重要发展用户
cust_3aafdea2,2024-01-12 20:40:45,2024-01-12 20:40:45,1,26.9,26.9,0.0,0,1,google,google,1,18.7,12.36,1,1,fashion,18.7,12.36,1,1,google,camp_749edcb2,ca,mobile,True,seasonal_cycle,354,354,0,0,0.0,0.6609625668449198,0.011363636363636364,1,1,dormant,1,one_time_buyer,0,0,0,111,低价值流失用户
cust_3abd6ff2,2024-03-20 11:42:08,2024-03-20 11:42:08,1,89.25,89.25,0.0,0,1,direct,direct,1,74.39,35.54,1,1,sports,74.39,35.54,1,1,google,camp_955ad05c,de,desktop,True,medium_replacement_cycle,286,286,0,0,0.0,0.47775238607339693,0.5581395348837209,3,3,cooling,1,one_time_buyer,0,0,0,313,低价值流失用户
cust_3ac4f63a,2024-01-29 15:46:42,2024-01-29 15:46:42,1,200.27,200.27,0.0,0,1,direct,direct,3,191.76,107.07,1,1,home,191.76,107.07,3,1,meta,camp_d7494314,us,tablet,False,long_replacement_cycle,337,337,0,0,0.0,0.5583541927409261,0.8188235294117647,5,3,cooling,1,one_time_buyer,0,0,1,315,重要唤回用户
cust_3af65304,2024-09-15 17:00:14,2024-09-15 17:00:14,1,74.83,74.83,0.0,0,1,direct,direct,2,66.64,37.120000000000005,2,2,home,41.31,21.520000000000003,1,1,google,camp_7c964f8c,us,mobile,False,long_replacement_cycle,107,107,0,0,0.0,0.5570228091236495,0.25882352941176473,2,5,fresh,1,one_time_buyer,1,0,0,512,一般发展用户
cust_3af93329,2024-05-15 10:07:58,2024-05-15 10:07:58,1,119.73,119.73,0.0,0,1,meta,meta,1,119.73,45.32000000000001,1,1,electronics,119.73,45.32000000000001,1,1,meta,camp_e9e182da,fr,tablet,False,very_long_replacement_cycle,230,230,0,0,0.0,0.3785183329157271,0.49333333333333335,3,4,healthy,1,one_time_buyer,1,0,0,413,一般发展用户
cust_3b7aef7d,2024-05-23 14:51:48,2024-05-23 14:51:48,1,54.11,54.11,0.0,0,1,meta,meta,1,40.15,29.53,1,1,beauty,40.15,29.53,1,1,meta,camp_6caea7a3,fr,desktop,True,short_consumption_cycle,222,222,0,0,0.0,0.7354919053549192,0.3333333333333333,2,2,at_risk,1,one_time_buyer,0,0,0,212,低价值流失用户
cust_3bae3f15,2024-01-14 09:05:47,2024-01-14 09:05:47,1,40.71,40.71,12.01,1,1,tiktok,tiktok,2,40.04,24.619999999999997,1,1,beauty,40.04,24.619999999999997,2,1,tiktok,camp_14c4f083,uk,mobile,True,short_consumption_cycle,352,352,0,0,1.0,0.6148851148851149,0.20194647201946472,2,1,dormant,1,one_time_buyer,0,0,0,112,低价值流失用户
cust_3bc98014,2024-12-08 06:15:47,2024-12-08 06:15:47,1,81.66,81.66,0.0,0,1,direct,direct,1,68.92,32.58,1,1,home,68.92,32.58,1,1,meta,camp_f8666030,de,mobile,False,long_replacement_cycle,23,23,0,0,0.0,0.47272199651770164,0.30117647058823527,2,5,fresh,1,one_time_buyer,1,0,0,512,一般发展用户
cust_3c00f392,2024-11-22 22:20:02,2024-11-22 22:20:02,1,145.3,145.3,0.0,0,1,email,email,1,145.3,72.97000000000001,1,1,home,145.3,72.97000000000001,1,1,email,,us,desktop,False,long_replacement_cycle,39,39,0,0,0.0,0.5022023399862354,0.7152941176470589,4,5,fresh,1,one_time_buyer,1,0,1,514,重要发展用户
cust_3c0bb47e,2024-11-28 09:36:29,2024-11-28 09:36:29,1,111.01,111.01,0.0,0,1,direct,direct,1,111.01,51.75000000000001,1,1,home,111.01,51.75000000000001,1,1,google,camp_f345690e,us,mobile,False,long_replacement_cycle,33,33,0,0,0.0,0.4661742185388704,0.5105882352941177,3,5,fresh,1,one_time_buyer,1,0,0,513,一般发展用户
cust_3c48bd74,2024-03-09 15:11:58,2024-03-09 15:11:58,1,153.72,153.72,0.0,0,1,meta,meta,2,153.72,67.31,2,2,home,114.57,55.309999999999995,1,1,meta,camp_d256467f,uk,mobile,False,long_replacement_cycle,297,297,0,0,0.0,0.43787405672651575,0.7482352941176471,4,3,cooling,1,one_time_buyer,0,0,1,314,重要唤回用户
cust_3c538b48,2024-01-16 22:05:33,2024-01-16 22:05:33,1,68.45,68.45,0.0,0,1,google,google,1,61.06,19.17,1,1,sports,61.06,19.17,1,1,google,camp_314d8b0e,us,mobile,False,medium_replacement_cycle,350,350,0,0,0.0,0.313953488372093,0.292358803986711,2,2,at_risk,1,one_time_buyer,0,0,0,212,低价值流失用户
cust_3c55f2df,2024-06-22 12:38:53,2024-06-22 12:38:53,1,94.98,94.98,0.0,0,1,meta,meta,1,87.02,45.239999999999995,1,1,fashion,87.02,45.239999999999995,1,1,meta,camp_7967dd8b,us,mobile,True,seasonal_cycle,192,192,0,0,0.0,0.5198804872443116,0.5409090909090909,3,3,cooling,1,one_time_buyer,0,0,0,313,低价值流失用户
cust_3c6b3451,2024-08-02 14:13:30,2024-08-02 14:13:30,1,80.79,80.79,20.2,1,1,email,email,1,100.99,40.06999999999999,1,1,electronics,100.99,40.06999999999999,1,1,email,,us,desktop,False,very_long_replacement_cycle,151,151,0,0,1.0,0.39677195761956624,0.25333333333333335,2,5,fresh,1,one_time_buyer,1,0,0,512,一般发展用户
cust_3caade98,2024-07-01 15:05:07,2024-07-01 15:05:07,1,48.16,48.16,0.0,0,1,direct,direct,1,38.92,30.050000000000004,1,1,beauty,38.92,30.050000000000004,1,1,meta,camp_6f863049,us,mobile,False,short_consumption_cycle,183,183,0,0,0.0,0.7720966084275438,0.26763990267639903,2,2,at_risk,1,one_time_buyer,0,0,0,212,低价值流失用户
cust_3cad6395,2024-03-15 21:43:50,2024-03-15 21:43:50,1,129.66,129.66,0.0,0,1,organic,organic,2,129.66,67.56,2,2,beauty,70.7,50.49,1,1,organic,,de,desktop,False,short_consumption_cycle,291,291,0,0,0.0,0.5210550670985655,0.8759124087591241,5,1,dormant,1,one_time_buyer,0,0,1,115,重要唤回用户
cust_3cd9db5b,2024-01-22 15:05:25,2024-01-22 15:05:25,1,35.93,35.93,0.0,0,1,direct,direct,1,28.41,18.91,1,1,fashion,28.41,18.91,1,1,direct,,us,mobile,False,seasonal_cycle,344,344,0,0,0.0,0.6656107004575854,0.05909090909090909,1,1,dormant,1,one_time_buyer,0,0,0,111,低价值流失用户
cust_3d10f1fe,2024-04-20 09:09:10,2024-04-20 09:09:10,1,75.79,75.79,0.0,0,1,tiktok,tiktok,2,67.2,45.78,1,1,fashion,67.2,45.78,2,1,tiktok,camp_da1385b7,us,mobile,False,seasonal_cycle,255,255,0,0,0.0,0.68125,0.3068181818181818,2,2,at_risk,1,one_time_buyer,0,0,0,212,低价值流失用户
cust_3d68d984,2024-04-18 12:48:18,2024-04-18 12:48:18,1,166.56,166.56,0.0,0,1,direct,direct,2,166.56,81.99,2,2,home,138.88,68.33999999999999,1,1,meta,camp_6aee32cf,us,desktop,False,long_replacement_cycle,257,257,0,0,0.0,0.49225504322766567,0.7623529411764706,4,3,cooling,1,one_time_buyer,0,0,1,314,重要唤回用户
cust_3d6dbb7a,2024-05-27 23:44:37,2024-05-27 23:44:37,1,64.21,64.21,16.05,1,1,google,google,2,80.26,30.94,2,2,sports,61.03,17.93,1,1,google,camp_627abfed,uk,tablet,False,medium_replacement_cycle,218,218,0,0,1.0,0.3854971343134812,0.2425249169435216,2,3,cooling,1,one_time_buyer,0,0,0,312,低价值流失用户
cust_3d7a8058,2024-12-09 22:12:42,2024-12-09 22:12:42,1,114.28,114.28,5.0,1,1,organic,organic,3,119.28,59.91,1,1,home,119.28,59.91,3,1,organic,,uk,mobile,True,long_replacement_cycle,22,22,0,0,1.0,0.5022635814889336,0.5294117647058824,3,5,fresh,1,one_time_buyer,1,0,0,513,一般发展用户
cust_3d944831,2024-09-03 21:16:36,2024-09-03 21:16:36,1,82.27,82.27,0.0,0,1,tiktok,tiktok,1,69.72,49.51,1,1,beauty,69.72,49.51,1,1,tiktok,camp_9eddb28f,de,desktop,False,short_consumption_cycle,119,119,0,0,0.0,0.7101262191623637,0.6788321167883211,4,3,cooling,1,one_time_buyer,0,0,1,314,重要唤回用户
cust_3db664e4,2024-04-17 06:33:15,2024-04-17 06:33:15,1,129.23,129.23,0.0,0,1,direct,direct,3,120.87,84.47999999999999,1,1,beauty,120.87,84.47999999999999,3,1,direct,,us,mobile,False,short_consumption_cycle,258,258,0,0,0.0,0.6989327376520227,0.8710462287104623,5,1,dormant,1,one_time_buyer,0,0,1,115,重要唤回用户
cust_3dbf5443,2024-09-08 08:12:54,2024-09-08 08:12:54,1,69.74,69.74,0.0,0,1,tiktok,tiktok,1,57.04,43.84,1,1,beauty,57.04,43.84,1,1,tiktok,camp_f6e44636,ca,mobile,False,short_consumption_cycle,114,114,0,0,0.0,0.7685834502103788,0.5547445255474452,3,3,cooling,1,one_time_buyer,0,0,0,313,低价值流失用户
cust_3dfdfadf,2024-02-12 20:24:51,2024-02-12 20:24:51,1,50.66,50.66,0.0,0,1,direct,direct,1,44.48,21.639999999999997,1,1,home,44.48,21.639999999999997,1,1,organic,,us,mobile,False,long_replacement_cycle,323,323,0,0,0.0,0.48651079136690645,0.17176470588235293,1,3,cooling,1,one_time_buyer,0,0,0,311,低价值流失用户
cust_3e279000,2024-11-02 17:32:55,2024-11-02 17:32:55,1,98.43,98.43,0.0,0,1,email,email,3,91.77,43.86,1,1,home,91.77,43.86,3,1,email,,us,mobile,True,long_replacement_cycle,59,59,0,0,0.0,0.477933965348153,0.4447058823529412,3,5,fresh,1,one_time_buyer,1,0,0,513,一般发展用户
cust_3e40b4c3,2024-12-30 22:42:29,2024-12-30 22:42:29,1,30.26,30.26,0.0,0,1,meta,meta,1,19.26,11.760000000000002,1,1,beauty,19.26,11.760000000000002,1,1,meta,camp_79015956,uk,mobile,False,short_consumption_cycle,1,1,0,0,0.0,0.6105919003115265,0.072992700729927,1,5,fresh,1,one_time_buyer,1,0,0,511,一般发展用户
cust_3e6685ba,2024-03-03 19:47:18,2024-03-03 19:47:18,1,55.96,55.96,0.0,0,1,tiktok,tiktok,1,46.39,27.82,1,1,fashion,46.39,27.82,1,1,tiktok,camp_1383b7bd,ca,mobile,False,seasonal_cycle,303,303,0,0,0.0,0.5996982108212977,0.18636363636363637,1,1,dormant,1,one_time_buyer,0,0,0,111,低价值流失用户
cust_3eae911f,2024-08-11 23:48:51,2024-08-11 23:48:51,1,63.72,63.72,5.81,1,1,direct,direct,2,58.1,26.16,1,1,home,58.1,26.16,2,1,direct,,uk,mobile,False,long_replacement_cycle,142,142,0,0,1.0,0.45025817555938036,0.2235294117647059,2,4,healthy,1,one_time_buyer,1,0,0,412,一般发展用户
cust_3f0a64ca,2024-03-25 19:53:14,2024-03-25 19:53:14,1,224.36,224.36,0.0,0,1,direct,direct,3,224.37,67.44000000000001,1,1,sports,224.37,67.44000000000001,3,1,meta,camp_a81a6eaa,uk,desktop,False,medium_replacement_cycle,281,281,0,0,0.0,0.3005749431742212,0.9102990033222591,5,3,cooling,1,one_time_buyer,0,0,1,315,重要唤回用户
cust_3f498256,2024-01-13 21:48:30,2024-01-13 21:48:30,1,31.71,31.71,0.0,0,1,direct,direct,1,17.46,13.440000000000001,1,1,beauty,17.46,13.440000000000001,1,1,direct,,fr,desktop,True,short_consumption_cycle,353,353,0,0,0.0,0.7697594501718213,0.09732360097323602,1,1,dormant,1,one_time_buyer,0,0,0,111,低价值流失用户
cust_3f51e764,2024-05-05 18:43:25,2024-05-05 18:43:25,1,190.02,190.02,0.0,0,1,organic,organic,1,176.28,59.32000000000001,1,1,electronics,176.28,59.32000000000001,1,1,organic,,de,desktop,False,very_long_replacement_cycle,240,240,0,0,0.0,0.33651009757204453,0.7866666666666666,4,4,healthy,1,one_time_buyer,1,0,1,414,重要发展用户
cust_3f76f493,2024-09-30 12:31:37,2024-09-30 12:31:37,1,75.33,75.33,15.62,1,1,email,email,1,78.11,34.48,1,1,sports,78.11,34.48,1,1,email,,uk,mobile,False,medium_replacement_cycle,92,92,0,0,1.0,0.44142875432082956,0.4053156146179402,3,4,healthy,1,one_time_buyer,1,0,0,413,一般发展用户
cust_3fa2afb9,2024-03-04 20:47:00,2024-03-04 20:47:00,1,214.62,214.62,0.0,0,1,email,email,2,207.06,116.7,1,1,fashion,207.06,116.7,2,1,email,,us,mobile,False,seasonal_cycle,302,302,0,0,0.0,0.5636047522457259,0.9272727272727272,5,1,dormant,1,one_time_buyer,0,0,1,115,重要唤回用户
cust_3fa8b4d0,2024-10-17 07:00:44,2024-10-17 07:00:44,1,62.19,62.19,0.0,0,1,meta,meta,1,48.51,26.06,1,1,fashion,48.51,26.06,1,1,meta,camp_5f9116c5,fr,desktop,True,seasonal_cycle,75,75,0,0,0.0,0.5372088229231087,0.22727272727272727,2,4,healthy,1,one_time_buyer,1,0,0,412,一般发展用户
cust_3fad1efa,2024-10-26 11:16:46,2024-10-26 11:16:46,1,333.48,333.48,0.0,0,1,meta,meta,4,333.49,144.74,2,2,fashion,225.45000000000002,111.48000000000002,3,1,meta,camp_382e13b4,uk,desktop,False,seasonal_cycle,66,66,0,0,0.0,0.4340160124741372,0.9886363636363636,5,4,healthy,1,one_time_buyer,1,0,1,415,重要发展用户
cust_3fc7cc42,2024-04-14 21:11:29,2024-04-14 21:11:29,1,162.76,162.76,0.0,0,1,direct,direct,3,151.67000000000002,99.17,2,2,beauty,78.8,57.56,2,1,direct,,uk,desktop,True,short_consumption_cycle,261,261,0,0,0.0,0.6538537614557921,0.9464720194647201,5,1,dormant,1,one_time_buyer,0,0,1,115,重要唤回用户
cust_3fcc9b13,2024-04-30 13:14:43,2024-04-30 13:14:43,1,79.34,79.34,5.0,1,1,direct,direct,1,84.34,54.0,1,1,fashion,84.34,54.0,1,1,google,camp_10858ac6,ca,tablet,False,seasonal_cycle,245,245,0,0,1.0,0.6402655916528337,0.33181818181818185,2,2,at_risk,1,one_time_buyer,0,0,0,212,低价值流失用户
cust_3fd68d73,2024-06-18 14:05:58,2024-06-18 14:05:58,1,105.77,105.77,10.0,1,1,organic,organic,2,115.76,89.36000000000001,1,1,beauty,115.76,89.36000000000001,2,1,organic,,us,mobile,False,short_consumption_cycle,196,196,0,0,1.0,0.7719419488597098,0.8126520681265207,5,2,at_risk,1,one_time_buyer,0,0,1,215,重要唤回用户
cust_3fe1bf14,2024-07-23 15:33:03,2024-07-23 15:33:03,1,81.2,81.2,0.0,0,1,meta,meta,1,81.2,42.35,1,1,sports,81.2,42.35,1,1,meta,camp_ecce0acc,de,mobile,False,medium_replacement_cycle,161,161,0,0,0.0,0.521551724137931,0.45182724252491696,3,4,healthy,1,one_time_buyer,1,0,0,413,一般发展用户
cust_3ff57d47,2024-01-20 07:34:31,2024-01-20 07:34:31,1,64.8,64.8,6.02,1,1,tiktok,tiktok,1,60.18,47.06,1,1,beauty,60.18,47.06,1,1,tiktok,camp_cbd8a3d5,de,mobile,True,short_consumption_cycle,346,346,0,0,1.0,0.7819873712196743,0.5012165450121655,3,1,dormant,1,one_time_buyer,0,0,0,113,低价值流失用户
cust_40079784,2024-02-04 07:54:50,2024-02-04 07:54:50,1,95.32,95.32,0.0,0,1,direct,direct,1,95.32,29.429999999999993,1,1,sports,95.32,29.429999999999993,1,1,tiktok,camp_317cefa7,fr,mobile,False,medium_replacement_cycle,331,331,0,0,0.0,0.308749475451112,0.6212624584717608,4,2,at_risk,1,one_time_buyer,0,0,1,214,重要唤回用户
cust_40145348,2024-11-26 15:50:43,2024-11-26 15:50:43,1,104.4,104.4,0.0,0,1,organic,organic,1,104.4,47.56,1,1,home,104.4,47.56,1,1,organic,,fr,mobile,False,long_replacement_cycle,35,35,0,0,0.0,0.45555555555555555,0.4752941176470588,3,5,fresh,1,one_time_buyer,1,0,0,513,一般发展用户
cust_40341e21,2024-11-24 13:56:13,2024-11-24 13:56:13,1,184.41,184.41,0.0,0,1,organic,organic,2,178.06,73.07,2,2,home,129.63,60.78999999999999,1,1,organic,,us,mobile,False,long_replacement_cycle,37,37,0,0,0.0,0.4103672919240705,0.7905882352941176,4,5,fresh,1,one_time_buyer,1,0,1,514,重要发展用户
cust_403d66a9,2024-11-03 19:21:11,2024-11-03 19:21:11,1,186.95,186.95,0.0,0,1,direct,direct,3,186.94,65.56,2,2,sports,125.42,47.46000000000001,2,1,direct,,us,desktop,False,medium_replacement_cycle,58,58,0,0,0.0,0.35070075960201136,0.8803986710963455,5,5,fresh,1,one_time_buyer,1,0,1,515,重要发展用户
cust_40573e96,2024-09-16 07:54:16,2024-09-16 07:54:16,1,57.82,57.82,0.0,0,1,organic,organic,1,44.98,28.999999999999996,1,1,beauty,44.98,28.999999999999996,1,1,organic,,de,desktop,False,short_consumption_cycle,106,106,0,0,0.0,0.6447309915518008,0.41605839416058393,3,3,cooling,1,one_time_buyer,0,0,0,313,低价值流失用户
cust_405c2206,2024-02-14 05:31:06,2024-02-14 05:31:06,1,86.75,86.75,0.0,0,1,direct,direct,2,86.74000000000001,38.88,2,2,electronics,49.99,13.840000000000003,1,1,tiktok,camp_cc42e509,us,desktop,False,very_long_replacement_cycle,321,321,0,0,0.0,0.4482361079086926,0.30666666666666664,2,4,healthy,1,one_time_buyer,1,0,0,412,一般发展用户
cust_409ee84f,2024-07-31 20:47:17,2024-07-31 20:47:17,1,48.58,48.58,0.0,0,1,tiktok,tiktok,1,33.19,25.18,1,1,beauty,33.19,25.18,1,1,tiktok,camp_65ccb0d2,de,mobile,True,short_consumption_cycle,153,153,0,0,0.0,0.7586622476649594,0.2749391727493917,2,2,at_risk,1,one_time_buyer,0,0,0,212,低价值流失用户
cust_40fea9cf,2024-09-29 17:46:42,2024-09-29 17:46:42,1,116.01,116.01,20.47,1,1,tiktok,tiktok,1,136.48,64.14999999999999,1,1,home,136.48,64.14999999999999,1,1,tiktok,camp_e36f3c3e,fr,mobile,False,long_replacement_cycle,93,93,0,0,1.0,0.47003223915592024,0.5458823529411765,3,5,fresh,1,one_time_buyer,1,0,0,513,一般发展用户
cust_41d5392a,2024-10-22 13:39:51,2024-10-22 13:39:51,1,82.18,82.18,0.0,0,1,direct,direct,1,72.53,30.520000000000003,1,1,home,72.53,30.520000000000003,1,1,direct,,us,mobile,False,long_replacement_cycle,70,70,0,0,0.0,0.42079139666344967,0.3129411764705882,2,5,fresh,1,one_time_buyer,1,0,0,512,一般发展用户
cust_421d0f3a,2024-06-17 13:11:27,2024-06-17 13:11:27,1,38.52,38.52,0.0,0,1,direct,direct,1,29.82,11.21,1,1,sports,29.82,11.21,1,1,tiktok,camp_4e74aacf,ca,mobile,False,medium_replacement_cycle,197,197,0,0,0.0,0.37592219986586184,0.07308970099667775,1,3,cooling,1,one_time_buyer,0,0,0,311,低价值流失用户
cust_4228c5d8,2024-07-24 23:46:38,2024-07-24 23:46:38,1,149.07,149.07,0.0,0,1,meta,meta,1,149.07,88.99,1,1,home,149.07,88.99,1,1,meta,camp_a1e17c98,us,tablet,False,long_replacement_cycle,160,160,0,0,0.0,0.5969678674448246,0.7341176470588235,4,4,healthy,1,one_time_buyer,1,0,1,414,重要发展用户
cust_4258d82a,2024-09-24 15:17:44,2024-09-24 15:17:44,1,31.37,31.37,2.81,1,1,meta,meta,1,28.13,9.689999999999998,1,1,electronics,28.13,9.689999999999998,1,1,meta,camp_d059db8f,us,mobile,True,very_long_replacement_cycle,98,98,0,0,1.0,0.3444720938499822,0.0033333333333333335,1,5,fresh,1,one_time_buyer,1,0,0,511,一般发展用户
cust_4278931a,2024-02-25 19:21:32,2024-02-25 19:21:32,1,68.74,68.74,0.0,0,1,direct,direct,1,60.44,17.339999999999996,1,1,sports,60.44,17.339999999999996,1,1,direct,,us,mobile,False,medium_replacement_cycle,310,310,0,0,0.0,0.28689609530112503,0.3089700996677741,2,2,at_risk,1,one_time_buyer,0,0,0,212,低价值流失用户
cust_42908f16,2024-10-27 11:30:34,2024-10-27 11:30:34,1,55.88,55.88,0.0,0,1,direct,direct,1,41.28,30.660000000000004,1,1,beauty,41.28,30.660000000000004,1,1,meta,camp_e8b8d729,uk,desktop,True,short_consumption_cycle,65,65,0,0,0.0,0.742732558139535,0.36739659367396593,2,4,healthy,1,one_time_buyer,1,0,0,412,一般发展用户
cust_4294739f,2024-05-19 17:20:38,2024-05-19 17:20:38,1,115.79,115.79,0.0,0,1,direct,direct,1,115.79,45.400000000000006,1,1,home,115.79,45.400000000000006,1,1,tiktok,camp_3fbc4415,us,mobile,False,long_replacement_cycle,226,226,0,0,0.0,0.39208912686760516,0.5411764705882353,3,4,healthy,1,one_time_buyer,1,0,0,413,一般发展用户
cust_42e6ecee,2024-03-01 15:13:00,2024-03-01 15:13:00,1,83.93,83.93,20.98,1,1,direct,direct,1,104.91,69.74,1,1,fashion,104.91,69.74,1,1,organic,,us,tablet,True,seasonal_cycle,305,305,0,0,1.0,0.6647602707082261,0.40454545454545454,3,1,dormant,1,one_time_buyer,0,0,0,113,低价值流失用户
cust_4313fe11,2024-09-19 11:23:05,2024-09-19 11:23:05,1,36.45,36.45,0.0,0,1,organic,organic,1,24.09,9.83,1,1,home,24.09,9.83,1,1,organic,,de,mobile,False,long_replacement_cycle,103,103,0,0,0.0,0.40805313408053134,0.0611764705882353,1,5,fresh,1,one_time_buyer,1,0,0,511,一般发展用户
cust_433a59ce,2024-05-22 18:26:09,2024-05-22 18:26:09,1,252.94,252.94,0.0,0,1,google,google,3,252.93,114.33,1,1,sports,252.93,114.33,3,1,google,camp_ba615513,us,mobile,True,medium_replacement_cycle,223,223,0,0,0.0,0.4520222986597082,0.9568106312292359,5,3,cooling,1,one_time_buyer,0,0,1,315,重要唤回用户
cust_43793bf7,2024-08-07 13:24:19,2024-08-07 13:24:19,1,103.79,103.79,0.0,0,1,direct,direct,1,103.79,70.14000000000001,1,1,fashion,103.79,70.14000000000001,1,1,direct,,ca,desktop,True,seasonal_cycle,146,146,0,0,0.0,0.6757876481356586,0.6113636363636363,4,3,cooling,1,one_time_buyer,0,0,1,314,重要唤回用户
cust_43a14cc8,2024-03-09 19:22:29,2024-03-09 19:22:29,1,114.5,114.5,0.0,0,1,meta,meta,1,114.5,55.4,1,1,home,114.5,55.4,1,1,meta,camp_13cd7699,uk,mobile,True,long_replacement_cycle,297,297,0,0,0.0,0.48384279475982533,0.5317647058823529,3,3,cooling,1,one_time_buyer,0,0,0,313,低价值流失用户
cust_43a752cb,2024-03-11 20:15:20,2024-03-11 20:15:20,1,106.76,106.76,0.0,0,1,google,google,2,106.76,75.2,1,1,beauty,106.76,75.2,2,1,google,camp_27365ec7,us,tablet,False,short_consumption_cycle,295,295,0,0,0.0,0.704383664293743,0.8150851581508516,5,1,dormant,1,one_time_buyer,0,0,1,115,重要唤回用户
cust_43d427fc,2024-09-21 13:50:05,2024-09-21 13:50:05,1,51.47,51.47,0.0,0,1,organic,organic,1,38.74,29.870000000000005,1,1,beauty,38.74,29.870000000000005,1,1,organic,,ca,mobile,False,short_consumption_cycle,101,101,0,0,0.0,0.7710376871450698,0.30170316301703165,2,3,cooling,1,one_time_buyer,0,0,0,312,低价值流失用户
cust_43d76d6b,2024-10-05 19:08:33,2024-10-05 19:08:33,1,159.29,159.29,0.0,0,1,meta,meta,1,142.86,73.90000000000002,1,1,home,142.86,73.90000000000002,1,1,meta,camp_012363b3,fr,mobile,True,long_replacement_cycle,87,87,0,0,0.0,0.517289654206916,0.7552941176470588,4,5,fresh,1,one_time_buyer,1,0,1,514,重要发展用户
cust_43fbd1d1,2024-05-04 13:12:45,2024-05-04 13:12:45,1,94.22,94.22,0.0,0,1,organic,organic,1,83.88,37.67999999999999,1,1,sports,83.88,37.67999999999999,1,1,organic,,uk,mobile,False,medium_replacement_cycle,241,241,0,0,0.0,0.4492131616595135,0.6013289036544851,4,3,cooling,1,one_time_buyer,0,0,1,314,重要唤回用户
cust_4480e514,2024-08-11 10:24:53,2024-08-11 10:24:53,1,39.66,39.66,0.0,0,1,google,google,1,33.05,22.339999999999996,1,1,fashion,33.05,22.339999999999996,1,1,google,camp_74989b8a,us,desktop,False,seasonal_cycle,142,142,0,0,0.0,0.6759455370650529,0.08181818181818182,1,3,cooling,1,one_time_buyer,0,0,0,311,低价值流失用户
cust_44966d81,2024-10-21 19:44:25,2024-10-21 19:44:25,1,38.71,38.71,0.0,0,1,tiktok,tiktok,1,29.11,10.5,1,1,sports,29.11,10.5,1,1,tiktok,camp_17a24a9c,us,mobile,True,medium_replacement_cycle,71,71,0,0,0.0,0.36070079010649264,0.07641196013289037,1,5,fresh,1,one_time_buyer,1,0,0,511,一般发展用户
cust_44ac7b60,2024-03-04 11:35:58,2024-03-04 11:35:58,1,131.12,131.12,0.0,0,1,google,google,1,131.12,62.16000000000001,1,1,home,131.12,62.16000000000001,1,1,google,camp_b0b21fdf,us,mobile,False,long_replacement_cycle,302,302,0,0,0.0,0.47406955460646744,0.6352941176470588,4,3,cooling,1,one_time_buyer,0,0,1,314,重要唤回用户
cust_44affb2a,2024-03-31 16:26:41,2024-03-31 16:26:41,1,38.79,38.79,0.0,0,1,direct,direct,2,23.94,16.880000000000003,1,1,beauty,23.94,16.880000000000003,2,1,direct,,uk,desktop,False,short_consumption_cycle,275,275,0,0,0.0,0.7050960735171262,0.17274939172749393,1,1,dormant,1,one_time_buyer,0,0,0,111,低价值流失用户
cust_44b4450e,2024-09-06 08:13:22,2024-09-06 08:13:22,1,175.14,175.14,0.0,0,1,direct,direct,2,163.92,94.25999999999999,1,1,fashion,163.92,94.25999999999999,2,1,google,camp_c6bde739,fr,mobile,False,seasonal_cycle,116,116,0,0,0.0,0.5750366032210834,0.8727272727272727,5,4,healthy,1,one_time_buyer,1,0,1,415,重要发展用户
cust_44ffb703,2024-10-14 10:01:09,2024-10-14 10:01:09,1,91.92,91.92,0.0,0,1,organic,organic,1,91.92,40.65,1,1,home,91.92,40.65,1,1,organic,,uk,desktop,True,long_replacement_cycle,78,78,0,0,0.0,0.44223237597911225,0.4188235294117647,3,5,fresh,1,one_time_buyer,1,0,0,513,一般发展用户
cust_4504fe47,2024-11-27 22:33:27,2024-11-27 22:33:27,1,158.69,158.69,0.0,0,1,meta,meta,2,152.5,47.879999999999995,1,1,sports,152.5,47.879999999999995,2,1,meta,camp_8c74bd67,us,mobile,False,medium_replacement_cycle,34,34,0,0,0.0,0.31396721311475406,0.8338870431893688,5,5,fresh,1,one_time_buyer,1,0,1,515,重要发展用户
cust_452b93f6,2024-05-03 21:16:45,2024-05-03 21:16:45,1,63.32,63.32,0.0,0,1,tiktok,tiktok,1,57.32,44.120000000000005,1,1,beauty,57.32,44.120000000000005,1,1,tiktok,camp_60cca95d,us,desktop,False,short_consumption_cycle,242,242,0,0,0.0,0.7697138869504536,0.4720194647201946,3,1,dormant,1,one_time_buyer,0,0,0,113,低价值流失用户
cust_452d0a1f,2024-02-22 21:54:07,2024-02-22 21:54:07,1,414.23,414.23,10.0,1,1,direct,direct,3,424.23,217.35000000000002,1,1,home,424.23,217.35000000000002,3,1,direct,,uk,mobile,True,long_replacement_cycle,313,313,0,0,1.0,0.5123400042429814,0.9882352941176471,5,3,cooling,1,one_time_buyer,0,0,1,315,重要唤回用户
cust_4556c0be,2024-02-18 10:26:09,2024-02-18 10:26:09,1,34.48,34.48,10.0,1,1,direct,direct,1,38.04,26.33,1,1,beauty,38.04,26.33,1,1,meta,camp_c7c0c341,us,mobile,True,short_consumption_cycle,317,317,0,0,1.0,0.6921661409043112,0.13381995133819952,1,1,dormant,1,one_time_buyer,0,0,0,111,低价值流失用户
cust_45792ea1,2024-09-09 12:45:44,2024-09-09 12:45:44,1,110.56,110.56,25.08,1,1,direct,direct,3,125.43,93.57000000000002,1,1,beauty,125.43,93.57000000000002,3,1,direct,,de,mobile,True,short_consumption_cycle,113,113,0,0,1.0,0.7459937813920116,0.8223844282238443,5,3,cooling,1,one_time_buyer,0,0,1,315,重要唤回用户
cust_45cb4344,2024-02-04 11:45:00,2024-02-04 11:45:00,1,115.5,115.5,0.0,0,1,direct,direct,1,115.5,63.54,1,1,fashion,115.5,63.54,1,1,google,camp_833704fb,uk,mobile,False,seasonal_cycle,331,331,0,0,0.0,0.5501298701298701,0.6886363636363636,4,1,dormant,1,one_time_buyer,0,0,1,114,重要唤回用户
cust_462223c5,2024-08-23 22:04:41,2024-08-23 22:04:41,1,67.7,67.7,0.0,0,1,google,google,1,60.25,47.13,1,1,beauty,60.25,47.13,1,1,google,camp_4f6141d5,us,tablet,False,short_consumption_cycle,130,130,0,0,0.0,0.782240663900415,0.5304136253041363,3,3,cooling,1,one_time_buyer,0,0,0,313,低价值流失用户
cust_4655debe,2024-10-31 17:55:45,2024-10-31 17:55:45,1,57.31,57.31,7.73,1,1,direct,direct,1,51.56,39.38,1,1,beauty,51.56,39.38,1,1,direct,,uk,desktop,False,short_consumption_cycle,61,61,0,0,1.0,0.7637703646237394,0.40632603406326034,3,4,healthy,1,one_time_buyer,1,0,0,413,一般发展用户
cust_46c0217f,2024-11-02 15:19:10,2024-11-02 15:19:10,1,79.25,79.25,0.0,0,1,direct,direct,1,68.33,41.64,1,1,fashion,68.33,41.64,1,1,direct,,de,mobile,False,seasonal_cycle,59,59,0,0,0.0,0.6093955802722084,0.32727272727272727,2,5,fresh,1,one_time_buyer,1,0,0,512,一般发展用户
cust_46e216e6,2024-01-07 11:43:41,2024-01-07 11:43:41,1,187.47,187.47,0.0,0,1,meta,meta,2,175.56,91.7,1,1,fashion,175.56,91.7,2,1,meta,camp_e3249539,ca,mobile,False,seasonal_cycle,359,359,0,0,0.0,0.5223285486443381,0.8886363636363637,5,1,dormant,1,one_time_buyer,0,0,1,115,重要唤回用户
cust_46f943ee,2024-02-07 15:47:12,2024-02-07 15:47:12,1,81.82,81.82,0.0,0,1,direct,direct,1,75.46,37.46999999999999,1,1,fashion,75.46,37.46999999999999,1,1,direct,,us,mobile,True,seasonal_cycle,328,328,0,0,0.0,0.49655446594222097,0.36363636363636365,2,1,dormant,1,one_time_buyer,0,0,0,112,低价值流失用户
cust_47207973,2024-03-31 15:02:01,2024-03-31 15:02:01,1,47.63,47.63,15.0,1,1,direct,direct,1,56.05,23.54,1,1,sports,56.05,23.54,1,1,meta,camp_e856f730,us,desktop,True,medium_replacement_cycle,275,275,0,0,1.0,0.4199821587867975,0.15614617940199335,1,3,cooling,1,one_time_buyer,0,0,0,311,低价值流失用户
cust_4738e31e,2024-11-22 09:44:47,2024-11-22 09:44:47,1,117.24,117.24,0.0,0,1,tiktok,tiktok,1,117.24,46.849999999999994,1,1,home,117.24,46.849999999999994,1,1,tiktok,camp_a5d5bc55,de,desktop,False,long_replacement_cycle,39,39,0,0,0.0,0.39960764244285224,0.5552941176470588,3,5,fresh,1,one_time_buyer,1,0,0,513,一般发展用户
cust_47441717,2024-11-24 10:43:12,2024-11-24 10:43:12,1,104.51,104.51,0.0,0,1,meta,meta,1,104.51,38.620000000000005,1,1,sports,104.51,38.620000000000005,1,1,meta,camp_f6064e5a,uk,desktop,False,medium_replacement_cycle,37,37,0,0,0.0,0.36953401588364754,0.6644518272425249,4,5,fresh,1,one_time_buyer,1,0,1,514,重要发展用户
cust_47749a04,2024-03-11 09:42:26,2024-03-11 09:42:26,1,73.06,73.06,0.0,0,1,google,google,1,65.18,40.60000000000001,1,1,beauty,65.18,40.60000000000001,1,1,google,camp_fe3d260e,us,mobile,True,short_consumption_cycle,295,295,0,0,0.0,0.6228904571954588,0.5742092457420924,3,1,dormant,1,one_time_buyer,0,0,0,113,低价值流失用户
cust_4793b89b,2024-10-01 09:26:20,2024-10-01 09:26:20,1,80.72,80.72,0.0,0,1,organic,organic,2,72.72,33.650000000000006,2,2,home,41.05,14.419999999999998,1,1,organic,,us,desktop,True,long_replacement_cycle,91,91,0,0,0.0,0.46273377337733784,0.2964705882352941,2,5,fresh,1,one_time_buyer,1,0,0,512,一般发展用户
cust_47f6b496,2024-10-13 19:02:39,2024-10-13 19:02:39,1,393.94,393.94,15.0,1,1,google,google,3,402.0,229.02,1,1,home,402.0,229.02,3,1,google,camp_6c34e2fa,us,desktop,True,long_replacement_cycle,79,79,0,0,1.0,0.5697014925373135,0.9788235294117648,5,5,fresh,1,one_time_buyer,1,0,1,515,重要发展用户
cust_47fbdbb6,2024-11-11 22:34:39,2024-11-11 22:34:39,1,311.34,311.34,0.0,0,1,direct,direct,2,298.62,178.46,1,1,home,298.62,178.46,2,1,direct,,ca,mobile,True,long_replacement_cycle,50,50,0,0,0.0,0.5976156988815217,0.9411764705882353,5,5,fresh,1,one_time_buyer,1,0,1,515,重要发展用户
cust_4810036b,2024-02-01 21:31:10,2024-02-01 21:31:10,1,160.31,160.31,0.0,0,1,direct,direct,2,147.12,76.68,1,1,fashion,147.12,76.68,2,1,tiktok,camp_6e98fddd,de,desktop,True,seasonal_cycle,334,334,0,0,0.0,0.5212071778140294,0.8363636363636363,5,1,dormant,1,one_time_buyer,0,0,1,115,重要唤回用户
cust_4812ce8b,2024-01-11 11:31:21,2024-01-11 11:31:21,1,32.48,32.48,7.75,1,1,direct,direct,1,25.83,11.569999999999999,1,1,home,25.83,11.569999999999999,1,1,organic,,fr,desktop,True,long_replacement_cycle,355,355,0,0,1.0,0.4479287650019357,0.02823529411764706,1,3,cooling,1,one_time_buyer,0,0,0,311,低价值流失用户
cust_482969ca,2024-11-13 17:08:43,2024-11-13 17:08:43,1,355.86,355.86,0.0,0,1,direct,direct,4,341.26,156.89999999999998,2,2,electronics,201.94,80.1,2,1,tiktok,camp_93f42a39,uk,desktop,False,very_long_replacement_cycle,48,48,0,0,0.0,0.4597667467619996,0.9566666666666667,5,5,fresh,1,one_time_buyer,1,0,1,515,重要发展用户
cust_489c1d00,2024-04-11 21:15:02,2024-04-11 21:15:02,1,133.27,133.27,0.0,0,1,direct,direct,2,133.26,76.79999999999998,1,1,home,133.26,76.79999999999998,2,1,direct,,us,desktop,False,long_replacement_cycle,264,264,0,0,0.0,0.5763169743358847,0.6470588235294118,4,3,cooling,1,one_time_buyer,0,0,1,314,重要唤回用户
cust_48aeafd3,2024-01-26 23:05:18,2024-01-26 23:05:18,1,54.88,54.88,0.0,0,1,direct,direct,1,42.98,26.999999999999996,1,1,beauty,42.98,26.999999999999996,1,1,meta,camp_232b7b9b,uk,tablet,True,short_consumption_cycle,340,340,0,0,0.0,0.6281991624011167,0.34549878345498786,2,1,dormant,1,one_time_buyer,0,0,0,112,低价值流失用户
cust_48aeb936,2024-11-27 08:34:50,2024-11-27 08:34:50,1,267.06,267.06,0.0,0,1,google,google,2,257.76,149.39999999999998,1,1,home,257.76,149.39999999999998,2,1,google,camp_f9a17d38,uk,tablet,False,long_replacement_cycle,34,34,0,0,0.0,0.579608938547486,0.9129411764705883,5,5,fresh,1,one_time_buyer,1,0,1,515,重要发展用户
cust_48bf1096,2024-05-22 15:55:46,2024-05-22 15:55:46,1,87.07,87.07,0.0,0,1,direct,direct,2,79.8,25.5,1,1,electronics,79.8,25.5,2,1,meta,camp_7e455197,us,mobile,True,very_long_replacement_cycle,223,223,0,0,0.0,0.31954887218045114,0.31,2,4,healthy,1,one_time_buyer,1,0,0,412,一般发展用户
cust_48cc5362,2024-04-02 18:11:09,2024-04-02 18:11:09,1,56.09,56.09,0.0,0,1,organic,organic,1,49.34,37.160000000000004,1,1,beauty,49.34,37.160000000000004,1,1,organic,,us,mobile,False,short_consumption_cycle,273,273,0,0,0.0,0.7531414673692745,0.3746958637469586,2,1,dormant,1,one_time_buyer,0,0,0,112,低价值流失用户
cust_48ce7998,2024-04-22 19:53:52,2024-04-22 19:53:52,1,38.38,38.38,4.64,1,1,direct,direct,1,30.95,20.24,1,1,fashion,30.95,20.24,1,1,direct,,uk,desktop,False,seasonal_cycle,253,253,0,0,1.0,0.6539579967689821,0.07045454545454545,1,2,at_risk,1,one_time_buyer,0,0,0,211,低价值流失用户
cust_48ef6025,2024-07-31 09:51:05,2024-07-31 09:51:05,1,108.2,108.2,0.0,0,1,direct,direct,1,108.2,46.1,1,1,home,108.2,46.1,1,1,direct,,us,mobile,False,long_replacement_cycle,153,153,0,0,0.0,0.42606284658040666,0.49176470588235294,3,4,healthy,1,one_time_buyer,1,0,0,413,一般发展用户
cust_493e040c,2024-10-16 15:21:25,2024-10-16 15:21:25,1,164.5,164.5,0.0,0,1,google,google,2,164.49,82.47,2,2,electronics,95.65,34.63,1,1,google,camp_7e3e7e15,uk,tablet,False,very_long_replacement_cycle,76,76,0,0,0.0,0.5013678643078606,0.7333333333333333,4,5,fresh,1,one_time_buyer,1,0,1,514,重要发展用户
cust_495a1c4e,2024-11-24 09:49:39,2024-11-24 09:49:39,1,164.53,164.53,0.0,0,1,organic,organic,1,152.49,40.920000000000016,1,1,electronics,152.49,40.920000000000016,1,1,organic,,de,tablet,False,very_long_replacement_cycle,37,37,0,0,0.0,0.2683454652764117,0.7366666666666667,4,5,fresh,1,one_time_buyer,1,0,1,514,重要发展用户
cust_4999a098,2024-08-03 14:32:41,2024-08-03 14:32:41,1,57.42,57.42,0.0,0,1,organic,organic,1,47.39,32.93,1,1,beauty,47.39,32.93,1,1,organic,,ca,mobile,False,short_consumption_cycle,150,150,0,0,0.0,0.6948723359358514,0.40875912408759124,3,3,cooling,1,one_time_buyer,0,0,0,313,低价值流失用户
cust_49f353ab,2024-08-11 10:27:47,2024-08-11 10:27:47,1,44.36,44.36,0.0,0,1,tiktok,tiktok,1,32.9,12.459999999999997,1,1,home,32.9,12.459999999999997,1,1,tiktok,camp_adddf0c8,de,mobile,False,long_replacement_cycle,142,142,0,0,0.0,0.3787234042553191,0.15058823529411763,1,4,healthy,1,one_time_buyer,1,0,0,411,一般发展用户
cust_4a0333f2,2024-04-28 12:55:48,2024-04-28 12:55:48,1,63.99,63.99,13.42,1,1,direct,direct,1,67.12,44.59,1,1,fashion,67.12,44.59,1,1,google,camp_5affc26d,uk,mobile,False,seasonal_cycle,247,247,0,0,1.0,0.6643325387365911,0.2340909090909091,2,2,at_risk,1,one_time_buyer,0,0,0,212,低价值流失用户
cust_4a6a138d,2024-08-24 18:07:15,2024-08-24 18:07:15,1,55.66,55.66,0.0,0,1,tiktok,tiktok,1,41.94,29.189999999999998,1,1,fashion,41.94,29.189999999999998,1,1,tiktok,camp_b8b4e644,uk,desktop,False,seasonal_cycle,129,129,0,0,0.0,0.695994277539342,0.18181818181818182,1,3,cooling,1,one_time_buyer,0,0,0,311,低价值流失用户
cust_4a76773c,2024-03-08 07:35:10,2024-03-08 07:35:10,1,99.54,99.54,0.0,0,1,direct,direct,2,91.14,54.0,1,1,fashion,91.14,54.0,2,1,meta,camp_b59e35ff,us,mobile,True,seasonal_cycle,298,298,0,0,0.0,0.5924950625411455,0.5818181818181818,3,2,at_risk,1,one_time_buyer,0,0,0,213,低价值流失用户
cust_4aae6265,2024-12-03 15:47:43,2024-12-03 15:47:43,1,187.55,187.55,0.0,0,1,email,email,2,187.54999999999998,109.41999999999999,2,2,home,139.73,79.64999999999999,1,1,email,,us,tablet,False,long_replacement_cycle,28,28,0,0,0.0,0.5834177552652626,0.7952941176470588,4,5,fresh,1,one_time_buyer,1,0,1,514,重要发展用户
cust_4ab7686e,2024-08-27 13:27:44,2024-08-27 13:27:44,1,88.81,88.81,0.0,0,1,email,email,1,79.11,40.63,1,1,fashion,79.11,40.63,1,1,email,,ca,mobile,False,seasonal_cycle,126,126,0,0,0.0,0.5135886739982304,0.4863636363636364,3,3,cooling,1,one_time_buyer,0,0,0,313,低价值流失用户
cust_4ac515ac,2024-07-15 09:36:14,2024-07-15 09:36:14,1,100.06,100.06,0.0,0,1,tiktok,tiktok,2,100.06,68.5,1,1,beauty,100.06,68.5,2,1,tiktok,camp_d3556d51,fr,desktop,False,short_consumption_cycle,169,169,0,0,0.0,0.6845892464521287,0.7931873479318735,4,2,at_risk,1,one_time_buyer,0,0,1,214,重要唤回用户
cust_4ae4871e,2024-10-17 17:22:17,2024-10-17 17:22:17,1,141.89,141.89,0.0,0,1,meta,meta,1,141.89,72.92999999999999,1,1,home,141.89,72.92999999999999,1,1,meta,camp_0f88e18d,uk,tablet,False,long_replacement_cycle,75,75,0,0,0.0,0.513989710338995,0.7011764705882353,4,5,fresh,1,one_time_buyer,1,0,1,514,重要发展用户
cust_4af3f835,2024-12-03 14:57:17,2024-12-03 14:57:17,1,146.21,146.21,0.0,0,1,google,google,1,146.21,86.13000000000001,1,1,home,146.21,86.13000000000001,1,1,google,camp_03a05e03,de,desktop,False,long_replacement_cycle,28,28,0,0,0.0,0.5890841939675809,0.7223529411764706,4,5,fresh,1,one_time_buyer,1,0,1,514,重要发展用户
cust_4b1ca9f2,2024-06-12 19:01:03,2024-06-12 19:01:03,1,44.74,44.74,0.0,0,1,direct,direct,1,28.59,16.1,1,1,home,28.59,16.1,1,1,meta,camp_1ed11035,de,mobile,False,long_replacement_cycle,202,202,0,0,0.0,0.5631339629240993,0.15294117647058825,1,4,healthy,1,one_time_buyer,1,0,0,411,一般发展用户
cust_4ba73ce4,2024-09-07 16:50:53,2024-09-07 16:50:53,1,55.45,55.45,0.0,0,1,google,google,1,44.87,22.419999999999998,1,1,fashion,44.87,22.419999999999998,1,1,google,camp_32fd7856,de,mobile,False,seasonal_cycle,115,115,0,0,0.0,0.49966570091375084,0.17727272727272728,1,4,healthy,1,one_time_buyer,1,0,0,411,一般发展用户
cust_4bee1041,2024-06-17 20:47:46,2024-06-17 20:47:46,1,64.57,64.57,10.0,1,1,google,google,1,58.59,45.39,1,1,beauty,58.59,45.39,1,1,google,camp_5c05ac49,fr,mobile,True,short_consumption_cycle,197,197,0,0,1.0,0.774705581157194,0.49391727493917276,3,2,at_risk,1,one_time_buyer,0,0,0,213,低价值流失用户
cust_4bef0a57,2024-03-11 10:10:33,2024-03-11 10:10:33,1,138.84,138.84,0.0,0,1,direct,direct,1,138.84,42.78,1,1,electronics,138.84,42.78,1,1,direct,,us,mobile,False,very_long_replacement_cycle,295,295,0,0,0.0,0.3081244598098531,0.6033333333333334,4,4,healthy,1,one_time_buyer,1,0,1,414,重要发展用户
cust_4bfce2d6,2024-10-04 11:35:54,2024-10-04 11:35:54,1,223.36,223.36,0.0,0,1,email,email,3,223.35000000000002,143.28000000000003,1,1,fashion,223.35000000000002,143.28000000000003,3,1,email,,uk,desktop,True,seasonal_cycle,88,88,0,0,0.0,0.6415043653458697,0.9363636363636364,5,4,healthy,1,one_time_buyer,1,0,1,415,重要发展用户
cust_4c153a02,2024-09-30 21:32:28,2024-09-30 21:32:28,1,218.9,218.9,0.0,0,1,email,email,2,218.9,104.88,2,2,home,117.15,48.31,1,1,email,,uk,mobile,False,long_replacement_cycle,92,92,0,0,0.0,0.47912288716308815,0.851764705882353,5,5,fresh,1,one_time_buyer,1,0,1,515,重要发展用户
cust_4c34a0a7,2024-09-14 09:48:47,2024-09-14 09:48:47,1,84.53,84.53,5.0,1,1,direct,direct,2,79.04,39.46000000000001,1,1,home,79.04,39.46000000000001,2,1,direct,,uk,mobile,False,long_replacement_cycle,108,108,0,0,1.0,0.49924089068825916,0.33647058823529413,2,5,fresh,1,one_time_buyer,1,0,0,512,一般发展用户
cust_4c4e12c3,2024-11-17 15:00:50,2024-11-17 15:00:50,1,85.94,85.94,0.0,0,1,organic,organic,1,85.94,52.76,1,1,fashion,85.94,52.76,1,1,organic,,us,mobile,False,seasonal_cycle,44,44,0,0,0.0,0.6139166860600419,0.4409090909090909,3,5,fresh,1,one_time_buyer,1,0,0,513,一般发展用户
cust_4c82c6d8,2024-09-12 17:17:25,2024-09-12 17:17:25,1,85.23,85.23,15.0,1,1,tiktok,tiktok,2,90.7,60.96,2,2,beauty,59.76,46.64,1,1,tiktok,camp_b842f3bf,us,mobile,True,short_consumption_cycle,110,110,0,0,1.0,0.6721058434399118,0.7031630170316302,4,3,cooling,1,one_time_buyer,0,0,1,314,重要唤回用户
cust_4c9e0863,2024-06-08 19:09:01,2024-06-08 19:09:01,1,116.43,116.43,0.0,0,1,direct,direct,1,116.43,55.410000000000004,1,1,home,116.43,55.410000000000004,1,1,direct,,us,desktop,False,long_replacement_cycle,206,206,0,0,0.0,0.4759082710641587,0.548235294117647,3,4,healthy,1,one_time_buyer,1,0,0,413,一般发展用户
cust_4ca592fa,2024-02-23 20:16:01,2024-02-23 20:16:01,1,84.42,84.42,0.0,0,1,email,email,1,75.16,26.229999999999997,1,1,sports,75.16,26.229999999999997,1,1,email,,us,desktop,False,medium_replacement_cycle,312,312,0,0,0.0,0.3489888238424694,0.5116279069767442,3,2,at_risk,1,one_time_buyer,0,0,0,213,低价值流失用户
cust_4cd0e0ee,2024-03-27 18:39:46,2024-03-27 18:39:46,1,43.87,43.87,0.0,0,1,email,email,1,28.62,16.3,1,1,home,28.62,16.3,1,1,email,,de,mobile,False,long_replacement_cycle,279,279,0,0,0.0,0.5695317959468903,0.14588235294117646,1,3,cooling,1,one_time_buyer,0,0,0,311,低价值流失用户
cust_4ceea07c,2024-11-30 15:18:09,2024-11-30 15:18:09,1,42.37,42.37,0.0,0,1,tiktok,tiktok,1,35.13,14.250000000000004,1,1,home,35.13,14.250000000000004,1,1,tiktok,camp_153b14f8,us,mobile,False,long_replacement_cycle,31,31,0,0,0.0,0.4056362083689155,0.13176470588235295,1,5,fresh,1,one_time_buyer,1,0,0,511,一般发展用户
cust_4d0e8901,2024-09-25 17:41:57,2024-09-25 17:41:57,1,58.91,58.91,0.0,0,1,direct,direct,1,47.11,21.169999999999998,1,1,sports,47.11,21.169999999999998,1,1,google,camp_e5efa6b2,fr,tablet,True,medium_replacement_cycle,97,97,0,0,0.0,0.4493738059859902,0.2159468438538206,2,4,healthy,1,one_time_buyer,1,0,0,412,一般发展用户
cust_4d21dd11,2024-12-01 20:59:37,2024-12-01 20:59:37,1,223.18,223.18,15.0,1,1,email,email,2,238.18,101.08000000000001,2,2,home,121.78,62.52,1,1,email,,fr,desktop,True,long_replacement_cycle,30,30,0,0,1.0,0.4243849189688471,0.8588235294117647,5,5,fresh,1,one_time_buyer,1,0,1,515,重要发展用户
cust_4d2ff298,2024-10-02 19:57:39,2024-10-02 19:57:39,1,52.67,52.67,0.0,0,1,organic,organic,1,46.21,36.16,1,1,beauty,46.21,36.16,1,1,organic,,us,desktop,False,short_consumption_cycle,90,90,0,0,0.0,0.7825146072278727,0.31873479318734793,2,4,healthy,1,one_time_buyer,1,0,0,412,一般发展用户
cust_4d3fd6f6,2024-01-15 20:22:54,2024-01-15 20:22:54,1,103.86,103.86,22.21,1,1,google,google,1,111.06,54.22,1,1,home,111.06,54.22,1,1,google,camp_f7be7052,fr,mobile,False,long_replacement_cycle,351,351,0,0,1.0,0.48820457410408785,0.47294117647058825,3,3,cooling,1,one_time_buyer,0,0,0,313,低价值流失用户
cust_4d572588,2024-11-18 00:36:20,2024-11-18 00:36:20,1,49.94,49.94,0.0,0,1,google,google,1,40.94,14.309999999999999,1,1,home,40.94,14.309999999999999,1,1,google,camp_8cac52c7,uk,mobile,False,long_replacement_cycle,43,43,0,0,0.0,0.3495359062042013,0.16941176470588235,1,5,fresh,1,one_time_buyer,1,0,0,511,一般发展用户
cust_4d703475,2024-03-05 09:40:00,2024-03-05 09:40:00,1,44.59,44.59,0.0,0,1,meta,meta,2,37.9,25.46,1,1,fashion,37.9,25.46,2,1,meta,camp_c505486a,us,desktop,True,seasonal_cycle,301,301,0,0,0.0,0.6717678100263853,0.11136363636363636,1,1,dormant,1,one_time_buyer,0,0,0,111,低价值流失用户
cust_4dba3950,2024-01-18 23:01:06,2024-01-18 23:01:06,1,101.09,101.09,0.0,0,1,meta,meta,1,101.09,57.120000000000005,1,1,fashion,101.09,57.120000000000005,1,1,meta,camp_a4ed9b7f,de,mobile,True,seasonal_cycle,348,348,0,0,0.0,0.5650410525274508,0.5886363636363636,3,1,dormant,1,one_time_buyer,0,0,0,113,低价值流失用户
cust_4dc35d61,2024-12-19 22:25:38,2024-12-19 22:25:38,1,124.24,124.24,21.92,1,1,direct,direct,2,146.16,41.16,1,1,electronics,146.16,41.16,2,1,google,camp_b561c41c,us,desktop,False,very_long_replacement_cycle,12,12,0,0,1.0,0.28160919540229884,0.5233333333333333,3,5,fresh,1,one_time_buyer,1,0,0,513,一般发展用户
cust_4e00f574,2024-11-11 21:27:48,2024-11-11 21:27:48,1,89.79,89.79,15.84,1,1,direct,direct,1,105.63,48.78999999999999,1,1,home,105.63,48.78999999999999,1,1,google,camp_4e206a85,de,mobile,False,long_replacement_cycle,50,50,0,0,1.0,0.4618952948972829,0.4023529411764706,3,5,fresh,1,one_time_buyer,1,0,0,513,一般发展用户
cust_4e02b520,2024-03-11 21:49:41,2024-03-11 21:49:41,1,38.87,38.87,0.0,0,1,direct,direct,1,26.81,8.919999999999998,1,1,sports,26.81,8.919999999999998,1,1,google,camp_a2c8e368,de,mobile,True,medium_replacement_cycle,295,295,0,0,0.0,0.3327116747482282,0.07973421926910298,1,3,cooling,1,one_time_buyer,0,0,0,311,低价值流失用户
cust_4e18c283,2024-07-06 13:48:51,2024-12-15 08:20:56,2,205.11,102.555,0.0,0,1,direct,direct,2,194.35000000000002,65.86,2,2,electronics,176.71,54.56,1,1,direct,,fr,desktop,False,very_long_replacement_cycle,16,178,161,1,0.0,0.3388731669668124,0.8066666666666666,5,5,fresh,3,early_repeat_buyer,1,1,1,535,重要价值用户
cust_4e1efdc9,2024-01-22 18:25:02,2024-01-22 18:25:02,1,46.77,46.77,0.0,0,1,direct,direct,1,40.05,24.559999999999995,1,1,fashion,40.05,24.559999999999995,1,1,meta,camp_ed70fe8b,us,tablet,False,seasonal_cycle,344,344,0,0,0.0,0.6132334581772784,0.12954545454545455,1,1,dormant,1,one_time_buyer,0,0,0,111,低价值流失用户
cust_4e28273f,2024-10-15 09:10:36,2024-10-15 09:10:36,1,102.79,102.79,0.0,0,1,direct,direct,2,102.8,71.24,1,1,beauty,102.8,71.24,2,1,direct,,uk,mobile,False,short_consumption_cycle,77,77,0,0,0.0,0.6929961089494163,0.8029197080291971,5,4,healthy,1,one_time_buyer,1,0,1,415,重要发展用户
cust_4e30df49,2024-12-11 20:03:31,2024-12-11 20:03:31,1,78.41,78.41,0.0,0,1,direct,direct,1,63.25,38.67,1,1,beauty,63.25,38.67,1,1,tiktok,camp_2351055e,de,mobile,False,short_consumption_cycle,20,20,0,0,0.0,0.6113833992094861,0.635036496350365,4,5,fresh,1,one_time_buyer,1,0,1,514,重要发展用户
cust_4e478ce8,2024-11-21 14:53:59,2024-11-21 14:53:59,1,45.44,45.44,0.0,0,1,direct,direct,1,33.97,13.09,1,1,home,33.97,13.09,1,1,direct,,uk,mobile,True,long_replacement_cycle,40,40,0,0,0.0,0.38534000588754785,0.15764705882352942,1,5,fresh,1,one_time_buyer,1,0,0,511,一般发展用户
cust_4e65c89e,2024-02-06 16:20:28,2024-02-06 16:20:28,1,190.06,190.06,0.0,0,1,meta,meta,2,190.05,95.00999999999999,2,2,home,120.58,61.48,1,1,meta,camp_262fc86f,de,mobile,False,long_replacement_cycle,329,329,0,0,0.0,0.4999210734017363,0.8023529411764706,5,3,cooling,1,one_time_buyer,0,0,1,315,重要唤回用户
cust_4e68ed1d,2024-12-09 08:38:40,2024-12-09 08:38:40,1,305.14,305.14,0.0,0,1,google,google,2,305.14,96.72,1,1,electronics,305.14,96.72,2,1,google,camp_36b00f39,de,tablet,True,very_long_replacement_cycle,22,22,0,0,0.0,0.31696926001179787,0.9066666666666666,5,5,fresh,1,one_time_buyer,1,0,1,515,重要发展用户
cust_4eabaab6,2024-12-01 12:22:14,2024-12-01 12:22:14,1,64.01,64.01,10.14,1,1,direct,direct,1,67.63,43.05,1,1,beauty,67.63,43.05,1,1,organic,,us,desktop,False,short_consumption_cycle,30,30,0,0,1.0,0.6365518261126719,0.48175182481751827,3,5,fresh,1,one_time_buyer,1,0,0,513,一般发展用户
cust_4eacd951,2024-10-27 10:19:49,2024-10-27 10:19:49,1,85.91,85.91,0.0,0,1,organic,organic,2,85.9,51.540000000000006,1,1,beauty,85.9,51.540000000000006,2,1,organic,,us,mobile,True,short_consumption_cycle,65,65,0,0,0.0,0.6,0.7177615571776156,4,4,healthy,1,one_time_buyer,1,0,1,414,重要发展用户
cust_4ed1769a,2024-01-15 16:29:06,2024-01-15 16:29:06,1,41.92,41.92,0.0,0,1,google,google,1,35.2,26.330000000000005,1,1,beauty,35.2,26.330000000000005,1,1,google,camp_46b97256,us,desktop,True,short_consumption_cycle,351,351,0,0,0.0,0.7480113636363638,0.21654501216545013,2,1,dormant,1,one_time_buyer,0,0,0,112,低价值流失用户
cust_4f9d4bb7,2024-12-06 20:13:41,2024-12-06 20:13:41,1,78.72,78.72,0.0,0,1,direct,direct,2,64.06,48.28,1,1,beauty,64.06,48.28,2,1,google,camp_59aed90e,fr,mobile,True,short_consumption_cycle,25,25,0,0,0.0,0.7536684358413986,0.6423357664233577,4,5,fresh,1,one_time_buyer,1,0,1,514,重要发展用户
cust_4facebbd,2024-04-04 14:31:15,2024-04-04 14:31:15,1,39.96,39.96,0.0,0,1,google,google,1,24.33,13.689999999999998,1,1,home,24.33,13.689999999999998,1,1,google,camp_ec3eebef,fr,mobile,True,long_replacement_cycle,271,271,0,0,0.0,0.5626798191533087,0.10588235294117647,1,3,cooling,1,one_time_buyer,0,0,0,311,低价值流失用户
cust_4fea5294,2024-01-23 10:38:27,2024-01-23 10:38:27,1,73.27,73.27,0.0,0,1,meta,meta,1,62.5,34.44,1,1,fashion,62.5,34.44,1,1,meta,camp_99221cb6,de,mobile,True,seasonal_cycle,343,343,0,0,0.0,0.55104,0.2909090909090909,2,1,dormant,1,one_time_buyer,0,0,0,112,低价值流失用户
cust_4ff1f4ce,2024-09-23 09:52:39,2024-09-23 09:52:39,1,68.27,68.27,0.0,0,1,meta,meta,1,59.92,20.940000000000005,1,1,sports,59.92,20.940000000000005,1,1,meta,camp_edd2053b,us,mobile,False,medium_replacement_cycle,99,99,0,0,0.0,0.3494659546061416,0.2857142857142857,2,4,healthy,1,one_time_buyer,1,0,0,412,一般发展用户
cust_4ffb98cf,2024-09-16 18:28:19,2024-09-16 18:28:19,1,147.93,147.93,16.44,1,1,meta,meta,1,164.37,47.41000000000001,1,1,electronics,164.37,47.41000000000001,1,1,meta,camp_7832cd6b,fr,mobile,True,very_long_replacement_cycle,106,106,0,0,1.0,0.2884346291902416,0.6466666666666666,4,5,fresh,1,one_time_buyer,1,0,1,514,重要发展用户
cust_4ffd9b05,2024-02-13 17:57:47,2024-02-13 17:57:47,1,227.4,227.4,0.0,0,1,email,email,3,227.39999999999998,69.89999999999999,1,1,electronics,227.39999999999998,69.89999999999999,3,1,email,,us,mobile,False,very_long_replacement_cycle,322,322,0,0,0.0,0.3073878627968338,0.85,5,4,healthy,1,one_time_buyer,1,0,1,415,重要发展用户
cust_4ffe288a,2024-02-15 22:20:55,2024-02-15 22:20:55,1,98.1,98.1,0.0,0,1,google,google,2,98.1,60.959999999999994,1,1,fashion,98.1,60.959999999999994,2,1,google,camp_e40fc892,uk,mobile,False,seasonal_cycle,320,320,0,0,0.0,0.6214067278287462,0.5772727272727273,3,1,dormant,1,one_time_buyer,0,0,0,113,低价值流失用户
cust_50290544,2024-05-12 11:35:59,2024-05-12 11:35:59,1,43.55,43.55,0.0,0,1,direct,direct,1,37.21,11.95,1,1,electronics,37.21,11.95,1,1,tiktok,camp_501a3bc8,us,mobile,False,very_long_replacement_cycle,233,233,0,0,0.0,0.32115022843321683,0.05333333333333334,1,4,healthy,1,one_time_buyer,1,0,0,411,一般发展用户
cust_503d721b,2024-12-03 12:13:18,2024-12-03 12:13:18,1,138.66,138.66,0.0,0,1,direct,direct,1,138.66,69.7,1,1,home,138.66,69.7,1,1,organic,,us,desktop,False,long_replacement_cycle,28,28,0,0,0.0,0.5026683975191115,0.68,4,5,fresh,1,one_time_buyer,1,0,1,514,重要发展用户
cust_503dca58,2024-04-11 19:38:43,2024-04-11 19:38:43,1,85.62,85.62,0.0,0,1,direct,direct,1,74.57,36.089999999999996,1,1,fashion,74.57,36.089999999999996,1,1,organic,,de,mobile,False,seasonal_cycle,264,264,0,0,0.0,0.48397478878905725,0.43636363636363634,3,2,at_risk,1,one_time_buyer,0,0,0,213,低价值流失用户
cust_5050c3c3,2024-08-29 21:40:03,2024-08-29 21:40:03,1,174.83,174.83,0.0,0,1,organic,organic,2,174.82999999999998,93.22,2,2,home,91.02,39.74999999999999,1,1,organic,,fr,mobile,False,long_replacement_cycle,124,124,0,0,0.0,0.5332036835783333,0.7788235294117647,4,4,healthy,1,one_time_buyer,1,0,1,414,重要发展用户
cust_5070dcf8,2024-08-20 19:44:22,2024-08-20 19:44:22,1,155.26,155.26,0.0,0,1,direct,direct,1,155.26,51.05,1,1,electronics,155.26,51.05,1,1,email,,fr,mobile,False,very_long_replacement_cycle,133,133,0,0,0.0,0.32880329769419037,0.69,4,5,fresh,1,one_time_buyer,1,0,1,514,重要发展用户
cust_50bffc89,2024-06-13 20:11:51,2024-06-13 20:11:51,1,78.25,78.25,13.81,1,1,tiktok,tiktok,1,92.06,59.84,1,1,fashion,92.06,59.84,1,1,tiktok,camp_30463b32,fr,desktop,False,seasonal_cycle,201,201,0,0,1.0,0.6500108624809907,0.3159090909090909,2,3,cooling,1,one_time_buyer,0,0,0,312,低价值流失用户
cust_50c32218,2024-04-15 20:50:54,2024-04-15 20:50:54,1,40.62,40.62,0.0,0,1,direct,direct,1,29.63,17.43,1,1,home,29.63,17.43,1,1,meta,camp_7110cd0d,de,mobile,False,long_replacement_cycle,260,260,0,0,0.0,0.5882551468106649,0.10823529411764705,1,3,cooling,1,one_time_buyer,0,0,0,311,低价值流失用户
cust_50d3fde5,2024-08-24 12:59:44,2024-08-24 12:59:44,1,158.74,158.74,0.0,0,1,google,google,4,158.75,58.459999999999994,2,2,electronics,127.22999999999999,37.64999999999999,3,1,google,camp_ddba56a8,us,desktop,False,very_long_replacement_cycle,129,129,0,0,0.0,0.368251968503937,0.7033333333333334,4,5,fresh,1,one_time_buyer,1,0,1,514,重要发展用户
cust_50d48df8,2024-11-24 06:08:48,2024-11-24 06:08:48,1,443.14,443.14,0.0,0,1,google,google,3,443.13,262.89000000000004,1,1,home,443.13,262.89000000000004,3,1,google,camp_4f899276,ca,mobile,True,long_replacement_cycle,37,37,0,0,0.0,0.5932570577482906,0.9929411764705882,5,5,fresh,1,one_time_buyer,1,0,1,515,重要发展用户
cust_51233b09,2024-11-30 21:00:37,2024-11-30 21:00:37,1,94.67,94.67,0.0,0,1,direct,direct,1,79.24,26.929999999999993,1,1,sports,79.24,26.929999999999993,1,1,meta,camp_c17870a9,fr,mobile,False,medium_replacement_cycle,31,31,0,0,0.0,0.3398536092882382,0.6146179401993356,4,5,fresh,1,one_time_buyer,1,0,1,514,重要发展用户
cust_51236f88,2024-09-23 19:33:17,2024-09-23 19:33:17,1,68.47,68.47,10.0,1,1,google,google,1,67.82,46.22999999999999,1,1,beauty,67.82,46.22999999999999,1,1,google,camp_bd92a122,ca,mobile,True,short_consumption_cycle,99,99,0,0,1.0,0.6816573282217634,0.537712895377129,3,3,cooling,1,one_time_buyer,0,0,0,313,低价值流失用户
cust_512529ee,2024-02-01 08:36:17,2024-02-01 08:36:17,1,283.36,283.36,0.0,0,1,google,google,4,267.81,171.74,2,2,fashion,211.92000000000002,128.97,3,1,google,camp_016b0ac2,fr,mobile,False,seasonal_cycle,334,334,0,0,0.0,0.6412755311601509,0.9659090909090909,5,1,dormant,1,one_time_buyer,0,0,1,115,重要唤回用户
cust_5126f8ea,2024-04-26 11:31:49,2024-04-26 11:31:49,1,133.66,133.66,0.0,0,1,direct,direct,3,133.64999999999998,43.379999999999995,1,1,electronics,133.64999999999998,43.379999999999995,3,1,tiktok,camp_6f1440f3,uk,desktop,False,very_long_replacement_cycle,249,249,0,0,0.0,0.3245791245791246,0.5766666666666667,3,4,healthy,1,one_time_buyer,1,0,0,413,一般发展用户
cust_516441de,2024-10-29 11:19:19,2024-10-29 11:19:19,1,149.53,149.53,0.0,0,1,organic,organic,1,149.53,89.45,1,1,home,149.53,89.45,1,1,organic,,us,desktop,True,long_replacement_cycle,63,63,0,0,0.0,0.59820771751488,0.7364705882352941,4,5,fresh,1,one_time_buyer,1,0,1,514,重要发展用户
cust_516d5fbd,2024-01-11 20:21:48,2024-01-11 20:21:48,1,78.08,78.08,0.0,0,1,email,email,3,63.510000000000005,40.38,1,1,beauty,63.510000000000005,40.38,3,1,email,,de,tablet,False,short_consumption_cycle,355,355,0,0,0.0,0.6358053849787435,0.6301703163017032,4,1,dormant,1,one_time_buyer,0,0,1,114,重要唤回用户
cust_517756ae,2024-05-03 19:43:49,2024-05-03 19:43:49,1,144.55,144.55,0.0,0,1,direct,direct,1,144.55,48.110000000000014,1,1,electronics,144.55,48.110000000000014,1,1,tiktok,camp_b4291531,us,mobile,False,very_long_replacement_cycle,242,242,0,0,0.0,0.33282601176063653,0.64,4,4,healthy,1,one_time_buyer,1,0,1,414,重要发展用户
cust_518276c9,2024-07-08 13:52:09,2024-07-08 13:52:09,1,107.2,107.2,0.0,0,1,direct,direct,1,92.81,60.59,1,1,fashion,92.81,60.59,1,1,organic,,de,desktop,False,seasonal_cycle,176,176,0,0,0.0,0.6528391337140395,0.6363636363636364,4,3,cooling,1,one_time_buyer,0,0,1,314,重要唤回用户
cust_519281cf,2024-03-22 22:30:57,2024-03-22 22:30:57,1,213.94,213.94,0.0,0,1,google,google,2,197.52,105.26,1,1,fashion,197.52,105.26,2,1,google,camp_7f381da3,de,mobile,False,seasonal_cycle,284,284,0,0,0.0,0.5329080599432969,0.925,5,2,at_risk,1,one_time_buyer,0,0,1,215,重要唤回用户
cust_51a9a0ab,2024-07-12 21:54:43,2024-07-12 21:54:43,1,150.0,150.0,0.0,0,1,direct,direct,3,149.99,53.68,2,2,electronics,79.72,25.42,2,1,organic,,de,desktop,False,very_long_replacement_cycle,172,172,0,0,0.0,0.357890526035069,0.6666666666666666,4,5,fresh,1,one_time_buyer,1,0,1,514,重要发展用户
cust_51c3aab5,2024-07-24 13:32:27,2024-07-24 13:32:27,1,49.57,49.57,0.0,0,1,organic,organic,1,37.28,12.02,1,1,electronics,37.28,12.02,1,1,organic,,de,desktop,True,very_long_replacement_cycle,160,160,0,0,0.0,0.32242489270386265,0.09333333333333334,1,5,fresh,1,one_time_buyer,1,0,0,511,一般发展用户
cust_51da1a52,2024-06-25 21:24:08,2024-06-25 21:24:08,1,122.37,122.37,0.0,0,1,meta,meta,3,122.38,71.92,1,2,beauty,122.38,71.92,3,1,meta,camp_f0f69097,ca,desktop,True,short_consumption_cycle,189,189,0,0,0.0,0.5876777251184835,0.851581508515815,5,2,at_risk,1,one_time_buyer,0,0,1,215,重要唤回用户
cust_51deff71,2024-03-01 18:51:48,2024-03-01 18:51:48,1,29.41,29.41,0.0,0,1,google,google,1,22.74,14.849999999999998,1,1,beauty,22.74,14.849999999999998,1,1,google,camp_4e5279f7,us,mobile,False,short_consumption_cycle,305,305,0,0,0.0,0.6530343007915567,0.06326034063260341,1,1,dormant,1,one_time_buyer,0,0,0,111,低价值流失用户
cust_5217167b,2024-07-13 18:25:51,2024-07-13 18:25:51,1,62.68,62.68,0.0,0,1,meta,meta,2,53.18,39.16,1,1,beauty,53.18,39.16,2,1,meta,camp_6ea325ad,uk,desktop,False,short_consumption_cycle,171,171,0,0,0.0,0.7363670552839413,0.45985401459854014,3,2,at_risk,1,one_time_buyer,0,0,0,213,低价值流失用户
cust_525a05ba,2024-06-28 08:22:33,2024-06-28 08:22:33,1,80.88,80.88,0.0,0,1,meta,meta,2,80.89,62.949999999999996,1,2,beauty,80.89,62.949999999999996,2,1,meta,camp_4b9f23d0,de,mobile,False,short_consumption_cycle,186,186,0,0,0.0,0.778217332179503,0.6593673965936739,4,2,at_risk,1,one_time_buyer,0,0,1,214,重要唤回用户
cust_5264c625,2024-05-08 05:31:23,2024-05-08 05:31:23,1,81.9,81.9,0.0,0,1,direct,direct,1,74.27,25.339999999999996,1,1,sports,74.27,25.339999999999996,1,1,tiktok,camp_4b076ffa,us,mobile,False,medium_replacement_cycle,237,237,0,0,0.0,0.3411875589066918,0.46511627906976744,3,3,cooling,1,one_time_buyer,0,0,0,313,低价值流失用户
cust_528354e6,2024-02-19 21:11:00,2024-02-19 21:11:00,1,74.85,74.85,0.0,0,1,direct,direct,1,67.02,42.44,1,1,beauty,67.02,42.44,1,1,google,camp_aef70aa6,us,mobile,False,short_consumption_cycle,316,316,0,0,0.0,0.6332438078185616,0.6009732360097324,4,1,dormant,1,one_time_buyer,0,0,1,114,重要唤回用户
cust_52979fb8,2024-06-09 10:37:46,2024-06-09 10:37:46,1,48.53,48.53,3.79,1,1,meta,meta,1,37.87,22.379999999999995,1,1,fashion,37.87,22.379999999999995,1,1,meta,camp_f1c1fb6d,de,mobile,False,seasonal_cycle,205,205,0,0,1.0,0.590969104832321,0.13863636363636364,1,3,cooling,1,one_time_buyer,0,0,0,311,低价值流失用户
cust_52b698d2,2024-07-09 13:33:37,2024-07-09 13:33:37,1,53.72,53.72,0.0,0,1,google,google,1,45.72,22.88,1,1,home,45.72,22.88,1,1,google,camp_fb95fd21,us,mobile,True,long_replacement_cycle,175,175,0,0,0.0,0.5004374453193351,0.1952941176470588,1,4,healthy,1,one_time_buyer,1,0,0,411,一般发展用户
cust_52d6f352,2024-05-26 21:42:02,2024-05-26 21:42:02,1,210.4,210.4,0.0,0,1,direct,direct,2,210.4,96.01,2,2,electronics,190.11,84.05000000000001,1,1,google,camp_395fe7dd,de,mobile,False,very_long_replacement_cycle,219,219,0,0,0.0,0.4563212927756654,0.82,5,4,healthy,1,one_time_buyer,1,0,1,415,重要发展用户
cust_5317a98c,2024-03-15 05:04:25,2024-03-15 05:04:25,1,83.89,83.89,0.0,0,1,google,google,2,83.9,24.180000000000007,1,1,electronics,83.9,24.180000000000007,2,1,google,camp_9101f1af,us,mobile,True,very_long_replacement_cycle,291,291,0,0,0.0,0.2882002383790227,0.2733333333333333,2,4,healthy,1,one_time_buyer,1,0,0,412,一般发展用户
cust_531dddf6,2024-10-27 13:23:24,2024-10-27 13:23:24,1,97.42,97.42,0.0,0,1,direct,direct,1,89.06,47.13,1,1,fashion,89.06,47.13,1,1,direct,,ca,desktop,True,seasonal_cycle,65,65,0,0,0.0,0.5291938019312823,0.5704545454545454,3,4,healthy,1,one_time_buyer,1,0,0,413,一般发展用户
cust_53885061,2024-05-22 18:26:04,2024-05-22 18:26:04,1,75.95,75.95,15.0,1,1,tiktok,tiktok,1,82.91,28.489999999999995,1,1,sports,82.91,28.489999999999995,1,1,tiktok,camp_f524ff70,us,desktop,True,medium_replacement_cycle,223,223,0,0,1.0,0.3436256181401519,0.4119601328903654,3,3,cooling,1,one_time_buyer,0,0,0,313,低价值流失用户
cust_538caa8e,2024-04-23 09:43:39,2024-04-23 09:43:39,1,89.08,89.08,0.0,0,1,direct,direct,1,89.08,37.809999999999995,1,1,home,89.08,37.809999999999995,1,1,organic,,us,desktop,False,long_replacement_cycle,252,252,0,0,0.0,0.4244499326448136,0.3952941176470588,2,3,cooling,1,one_time_buyer,0,0,0,312,低价值流失用户
cust_5395703c,2024-01-28 07:40:24,2024-01-28 07:40:24,1,40.74,40.74,0.0,0,1,meta,meta,1,32.78,17.22,1,1,fashion,32.78,17.22,1,1,meta,camp_fb1a5eee,us,mobile,False,seasonal_cycle,338,338,0,0,0.0,0.525320317266626,0.08863636363636364,1,1,dormant,1,one_time_buyer,0,0,0,111,低价值流失用户
cust_53a482bd,2024-06-05 20:12:29,2024-06-05 20:12:29,1,22.78,22.78,7.19,1,1,direct,direct,1,23.96,9.700000000000001,1,1,home,23.96,9.700000000000001,1,1,meta,camp_239a3511,us,mobile,False,long_replacement_cycle,209,209,0,0,1.0,0.40484140233722876,0.002352941176470588,1,4,healthy,1,one_time_buyer,1,0,0,411,一般发展用户
cust_53b80301,2024-10-12 07:55:56,2024-10-12 07:55:56,1,36.21,36.21,0.0,0,1,direct,direct,1,28.86,13.45,1,1,sports,28.86,13.45,1,1,direct,,us,desktop,False,medium_replacement_cycle,80,80,0,0,0.0,0.466042966042966,0.054817275747508304,1,5,fresh,1,one_time_buyer,1,0,0,511,一般发展用户
cust_53c003c8,2024-06-12 22:07:19,2024-06-12 22:07:19,1,84.29,84.29,0.0,0,1,tiktok,tiktok,1,84.29,38.09,1,1,sports,84.29,38.09,1,1,tiktok,camp_54bf22d9,us,mobile,True,medium_replacement_cycle,202,202,0,0,0.0,0.4518922766638985,0.5049833887043189,3,3,cooling,1,one_time_buyer,0,0,0,313,低价值流失用户
cust_53e71db5,2024-03-29 07:48:56,2024-03-29 07:48:56,1,99.74,99.74,0.0,0,1,direct,direct,2,99.74,70.41999999999999,1,1,beauty,99.74,70.41999999999999,2,1,meta,camp_8699cb17,de,mobile,False,short_consumption_cycle,277,277,0,0,0.0,0.7060356928012832,0.7858880778588808,4,1,dormant,1,one_time_buyer,0,0,1,114,重要唤回用户
cust_540e9723,2024-10-14 15:25:45,2024-10-14 15:25:45,1,81.23,81.23,0.0,0,1,direct,direct,1,74.07,32.059999999999995,1,1,home,74.07,32.059999999999995,1,1,direct,,us,mobile,False,long_replacement_cycle,78,78,0,0,0.0,0.43283380585932224,0.2988235294117647,2,5,fresh,1,one_time_buyer,1,0,0,512,一般发展用户
cust_54791db5,2024-04-10 23:42:01,2024-04-10 23:42:01,1,43.98,43.98,0.0,0,1,google,google,1,33.38,12.500000000000004,1,1,home,33.38,12.500000000000004,1,1,google,camp_0411bc0f,uk,desktop,False,long_replacement_cycle,265,265,0,0,0.0,0.37447573397243866,0.14823529411764705,1,3,cooling,1,one_time_buyer,0,0,0,311,低价值流失用户
cust_549a4e1f,2024-11-28 06:25:15,2024-11-28 06:25:15,1,182.76,182.76,0.0,0,1,tiktok,tiktok,3,173.66,68.52,2,2,sports,89.94,43.739999999999995,1,1,tiktok,camp_b0784d03,us,mobile,True,medium_replacement_cycle,33,33,0,0,0.0,0.3945640907520442,0.8737541528239202,5,5,fresh,1,one_time_buyer,1,0,1,515,重要发展用户
cust_54bbd08c,2024-02-02 06:53:13,2024-02-02 06:53:13,1,49.02,49.02,0.0,0,1,direct,direct,1,35.67,26.800000000000004,1,1,beauty,35.67,26.800000000000004,1,1,google,camp_f028f302,de,mobile,False,short_consumption_cycle,333,333,0,0,0.0,0.7513316512475471,0.2822384428223844,2,1,dormant,1,one_time_buyer,0,0,0,112,低价值流失用户
cust_55296640,2024-12-17 21:26:22,2024-12-17 21:26:22,1,110.46,110.46,10.0,1,1,direct,direct,1,109.43,39.040000000000006,1,1,home,109.43,39.040000000000006,1,1,organic,,de,mobile,True,long_replacement_cycle,14,14,0,0,1.0,0.3567577446769625,0.5058823529411764,3,5,fresh,1,one_time_buyer,1,0,0,513,一般发展用户
cust_554ca13d,2024-09-12 17:07:10,2024-09-12 17:07:10,1,62.83,62.83,0.0,0,1,tiktok,tiktok,2,52.98,38.959999999999994,1,1,beauty,52.98,38.959999999999994,2,1,tiktok,camp_812f8e11,us,desktop,False,short_consumption_cycle,110,110,0,0,0.0,0.735371838429596,0.46472019464720193,3,3,cooling,1,one_time_buyer,0,0,0,313,低价值流失用户
cust_556aaaae,2024-12-21 13:33:30,2024-12-21 13:33:30,1,213.45,213.45,0.0,0,1,direct,direct,2,207.3,107.46000000000001,1,1,fashion,207.3,107.46000000000001,2,1,organic,,us,mobile,False,seasonal_cycle,10,10,0,0,0.0,0.5183791606367584,0.9204545454545454,5,5,fresh,1,one_time_buyer,1,0,1,515,重要发展用户
cust_5577ead9,2024-09-09 08:10:14,2024-09-09 08:10:14,1,115.11,115.11,0.0,0,1,google,google,2,115.1,88.86,1,1,beauty,115.1,88.86,2,1,google,camp_f3864543,us,mobile,False,short_consumption_cycle,113,113,0,0,0.0,0.7720243266724588,0.8345498783454988,5,3,cooling,1,one_time_buyer,0,0,1,315,重要唤回用户
cust_5585e274,2024-11-08 09:15:08,2024-11-08 09:15:08,1,51.89,51.89,0.0,0,1,direct,direct,1,43.12,16.259999999999998,1,1,sports,43.12,16.259999999999998,1,1,email,,us,tablet,True,medium_replacement_cycle,53,53,0,0,0.0,0.37708719851576994,0.18604651162790697,1,5,fresh,1,one_time_buyer,1,0,0,511,一般发展用户
cust_5606f1c7,2024-05-26 11:33:50,2024-05-26 11:33:50,1,50.26,50.26,0.0,0,1,meta,meta,1,38.57,11.420000000000002,1,1,electronics,38.57,11.420000000000002,1,1,meta,camp_9e901f21,uk,tablet,False,very_long_replacement_cycle,219,219,0,0,0.0,0.29608504018667364,0.1,1,4,healthy,1,one_time_buyer,1,0,0,411,一般发展用户
cust_562eeb63,2024-07-04 14:49:14,2024-07-04 14:49:14,1,114.95,114.95,0.0,0,1,google,google,2,105.94,66.0,2,2,home,68.83,40.599999999999994,1,1,google,camp_a31f566a,uk,desktop,False,long_replacement_cycle,180,180,0,0,0.0,0.6229941476307344,0.5364705882352941,3,4,healthy,1,one_time_buyer,1,0,0,413,一般发展用户
cust_5632b698,2024-07-14 00:40:34,2024-07-14 00:40:34,1,173.24,173.24,0.0,0,1,google,google,1,173.24,56.280000000000015,1,1,electronics,173.24,56.280000000000015,1,1,google,camp_ec5ecc62,de,mobile,True,very_long_replacement_cycle,170,170,0,0,0.0,0.32486723620410995,0.76,4,5,fresh,1,one_time_buyer,1,0,1,514,重要发展用户
cust_5650a6c1,2024-03-03 19:04:04,2024-03-03 19:04:04,1,115.91,115.91,15.0,1,1,direct,direct,2,130.9,53.96000000000001,1,1,sports,130.9,53.96000000000001,2,1,organic,,de,desktop,False,medium_replacement_cycle,303,303,0,0,1.0,0.4122230710466005,0.7159468438538206,4,2,at_risk,1,one_time_buyer,0,0,1,214,重要唤回用户
cust_566ce6ab,2024-06-02 19:27:05,2024-06-02 19:27:05,1,71.92,71.92,0.0,0,1,meta,meta,1,62.22,20.33,1,1,sports,62.22,20.33,1,1,meta,camp_91aba11d,uk,tablet,False,medium_replacement_cycle,212,212,0,0,0.0,0.32674381227900995,0.3654485049833887,2,3,cooling,1,one_time_buyer,0,0,0,312,低价值流失用户
cust_567ca1a1,2024-02-11 18:30:16,2024-02-11 18:30:16,1,46.01,46.01,3.7,1,1,google,google,1,36.97,17.86,1,1,sports,36.97,17.86,1,1,google,camp_d25c64f9,de,mobile,False,medium_replacement_cycle,324,324,0,0,1.0,0.48309440086556665,0.1362126245847176,1,2,at_risk,1,one_time_buyer,0,0,0,211,低价值流失用户
cust_568b21ce,2024-07-29 07:26:07,2024-07-29 07:26:07,1,52.1,52.1,0.0,0,1,direct,direct,1,41.57,30.950000000000003,1,1,beauty,41.57,30.950000000000003,1,1,google,camp_7707b577,uk,desktop,False,short_consumption_cycle,155,155,0,0,0.0,0.7445273033437576,0.31386861313868614,2,2,at_risk,1,one_time_buyer,0,0,0,212,低价值流失用户
cust_56975729,2024-08-12 12:06:00,2024-08-12 12:06:00,1,149.87,149.87,15.53,1,1,google,google,2,155.26,49.459999999999994,1,1,electronics,155.26,49.459999999999994,2,1,google,camp_7f43833e,de,desktop,False,very_long_replacement_cycle,141,141,0,0,1.0,0.3185624114388767,0.6633333333333333,4,5,fresh,1,one_time_buyer,1,0,1,514,重要发展用户
cust_56c5fd8a,2024-04-26 20:38:38,2024-04-26 20:38:38,1,88.14,88.14,15.0,1,1,google,google,2,103.14,78.78,1,1,beauty,103.14,78.78,2,1,google,camp_fda9f072,fr,mobile,False,short_consumption_cycle,249,249,0,0,1.0,0.7638161721931356,0.7250608272506083,4,1,dormant,1,one_time_buyer,0,0,1,114,重要唤回用户
cust_56e3ebb9,2024-04-27 10:02:01,2024-04-27 10:02:01,1,39.49,39.49,0.0,0,1,direct,direct,1,26.21,16.48,1,1,beauty,26.21,16.48,1,1,email,,uk,desktop,False,short_consumption_cycle,248,248,0,0,0.0,0.6287676459366653,0.18248175182481752,1,1,dormant,1,one_time_buyer,0,0,0,111,低价值流失用户
cust_56f06f45,2024-03-28 08:08:11,2024-03-28 08:08:11,1,135.84,135.84,0.0,0,1,meta,meta,2,135.84,93.84,1,1,beauty,135.84,93.84,2,1,meta,camp_15219551,uk,desktop,True,short_consumption_cycle,278,278,0,0,0.0,0.6908127208480566,0.8832116788321168,5,1,dormant,1,one_time_buyer,0,0,1,115,重要唤回用户
cust_56f106b1,2024-04-30 17:09:13,2024-04-30 17:09:13,1,37.77,37.77,0.0,0,1,direct,direct,1,30.16,14.75,1,1,sports,30.16,14.75,1,1,organic,,us,mobile,False,medium_replacement_cycle,245,245,0,0,0.0,0.4890583554376658,0.0664451827242525,1,3,cooling,1,one_time_buyer,0,0,0,311,低价值流失用户
cust_5705ecbc,2024-04-28 21:38:05,2024-04-28 21:38:05,1,45.92,45.92,0.0,0,1,google,google,1,37.12,12.54,1,1,sports,37.12,12.54,1,1,google,camp_0b7c1a3b,us,desktop,True,medium_replacement_cycle,247,247,0,0,0.0,0.33782327586206895,0.132890365448505,1,3,cooling,1,one_time_buyer,0,0,0,311,低价值流失用户
cust_5707a0fa,2024-12-09 07:35:11,2024-12-09 07:35:11,1,22.34,22.34,0.0,0,1,meta,meta,1,11.32,7.49,1,1,beauty,11.32,7.49,1,1,meta,camp_8e54ccc6,uk,mobile,True,short_consumption_cycle,22,22,0,0,0.0,0.661660777385159,0.031630170316301706,1,5,fresh,1,one_time_buyer,1,0,0,511,一般发展用户
cust_57100401,2024-04-17 01:25:14,2024-04-17 01:25:14,1,74.49,74.49,0.0,0,1,organic,organic,1,62.28,37.7,1,1,beauty,62.28,37.7,1,1,organic,,fr,mobile,True,short_consumption_cycle,258,258,0,0,0.0,0.6053307642903019,0.5936739659367397,3,1,dormant,1,one_time_buyer,0,0,0,113,低价值流失用户
cust_575344f5,2024-08-06 13:52:21,2024-08-06 13:52:21,1,81.78,81.78,0.0,0,1,google,google,1,65.56,27.090000000000003,1,1,sports,65.56,27.090000000000003,1,1,google,camp_872273ed,de,mobile,False,medium_replacement_cycle,147,147,0,0,0.0,0.41320927394752904,0.4584717607973422,3,4,healthy,1,one_time_buyer,1,0,0,413,一般发展用户
cust_575cf089,2024-03-01 21:06:58,2024-03-01 21:06:58,1,590.4,590.4,0.0,0,1,meta,meta,6,590.4000000000001,203.97000000000003,2,2,electronics,412.47,151.71000000000004,3,1,meta,camp_4c09974d,us,mobile,True,very_long_replacement_cycle,305,305,0,0,0.0,0.34547764227642275,1.0,5,4,healthy,1,one_time_buyer,1,0,1,415,重要发展用户
cust_5780e783,2024-10-23 20:26:25,2024-10-23 20:26:25,1,40.51,40.51,0.0,0,1,google,google,1,31.72,23.83,1,1,beauty,31.72,23.83,1,1,google,camp_8edbe452,us,desktop,False,short_consumption_cycle,69,69,0,0,0.0,0.7512610340479192,0.19951338199513383,1,4,healthy,1,one_time_buyer,1,0,0,411,一般发展用户
cust_57830286,2024-01-11 09:50:36,2024-01-11 09:50:36,1,141.71,141.71,0.0,0,1,organic,organic,2,141.72,88.34,1,1,fashion,141.72,88.34,2,1,organic,,ca,mobile,False,seasonal_cycle,355,355,0,0,0.0,0.6233418007338414,0.7636363636363637,4,1,dormant,1,one_time_buyer,0,0,1,114,重要唤回用户
cust_578ac5a7,2024-11-22 19:51:28,2024-11-22 19:51:28,1,84.76,84.76,0.0,0,1,tiktok,tiktok,1,78.42,24.0,1,1,sports,78.42,24.0,1,1,tiktok,camp_61480fcf,us,desktop,True,medium_replacement_cycle,39,39,0,0,0.0,0.306044376434583,0.5182724252491694,3,5,fresh,1,one_time_buyer,1,0,0,513,一般发展用户
cust_579668cf,2024-04-11 10:49:51,2024-04-11 10:49:51,1,223.86,223.86,0.0,0,1,direct,direct,2,207.6,118.45,1,2,fashion,207.6,118.45,2,1,tiktok,camp_98e5b22f,fr,tablet,False,seasonal_cycle,264,264,0,0,0.0,0.5705684007707129,0.9386363636363636,5,2,at_risk,1,one_time_buyer,0,0,1,215,重要唤回用户
cust_5798b21d,2024-12-10 14:14:16,2024-12-10 14:14:16,1,35.89,35.89,0.0,0,1,meta,meta,1,28.84,10.23,1,1,sports,28.84,10.23,1,1,meta,camp_303b5cfa,us,mobile,False,medium_replacement_cycle,21,21,0,0,0.0,0.35471567267683773,0.04318936877076412,1,5,fresh,1,one_time_buyer,1,0,0,511,一般发展用户
cust_57b51941,2024-08-02 12:34:02,2024-08-02 12:34:02,1,68.01,68.01,0.0,0,1,direct,direct,1,56.59,43.470000000000006,1,1,beauty,56.59,43.470000000000006,1,1,google,camp_11920956,de,desktop,True,short_consumption_cycle,151,151,0,0,0.0,0.7681569181834247,0.5328467153284672,3,2,at_risk,1,one_time_buyer,0,0,0,213,低价值流失用户
cust_57c6878d,2024-12-17 06:29:06,2024-12-17 06:29:06,1,94.29,94.29,5.0,1,1,tiktok,tiktok,1,99.29,38.370000000000005,1,1,electronics,99.29,38.370000000000005,1,1,tiktok,camp_cb746ea6,us,desktop,True,very_long_replacement_cycle,14,14,0,0,1.0,0.38644375062946923,0.37333333333333335,2,5,fresh,1,one_time_buyer,1,0,0,512,一般发展用户
cust_57e81c37,2024-05-14 14:28:26,2024-05-14 14:28:26,1,39.43,39.43,0.0,0,1,direct,direct,1,32.17,16.61,1,1,fashion,32.17,16.61,1,1,meta,camp_9bba507a,us,desktop,False,seasonal_cycle,231,231,0,0,0.0,0.5163195523779919,0.07954545454545454,1,2,at_risk,1,one_time_buyer,0,0,0,211,低价值流失用户
cust_581d79bc,2024-05-30 21:33:15,2024-05-30 21:33:15,1,148.52,148.52,0.0,0,1,meta,meta,3,138.81,94.83000000000001,1,1,beauty,138.81,94.83000000000001,3,1,meta,camp_d20bf37d,us,desktop,True,short_consumption_cycle,215,215,0,0,0.0,0.6831640371731144,0.9221411192214112,5,2,at_risk,1,one_time_buyer,0,0,1,215,重要唤回用户
cust_58263ded,2024-02-24 23:21:26,2024-02-24 23:21:26,1,102.7,102.7,16.51,1,1,organic,organic,1,110.05,35.64,1,1,electronics,110.05,35.64,1,1,organic,,us,desktop,False,very_long_replacement_cycle,311,311,0,0,1.0,0.3238527941844616,0.42333333333333334,3,4,healthy,1,one_time_buyer,1,0,0,413,一般发展用户
cust_58385c17,2024-10-22 20:54:35,2024-10-22 20:54:35,1,56.57,56.57,15.0,1,1,direct,direct,1,63.45,20.260000000000005,1,1,electronics,63.45,20.260000000000005,1,1,direct,,us,mobile,False,very_long_replacement_cycle,70,70,0,0,1.0,0.3193065405831364,0.15666666666666668,1,5,fresh,1,one_time_buyer,1,0,0,511,一般发展用户
cust_5845ab0c,2024-09-22 20:42:24,2024-09-22 20:42:24,1,221.99,221.99,39.17,1,1,organic,organic,3,261.17,96.91000000000003,2,2,electronics,142.58,37.58000000000001,2,1,organic,,de,desktop,False,very_long_replacement_cycle,100,100,0,0,1.0,0.3710609947543746,0.8366666666666667,5,5,fresh,1,one_time_buyer,1,0,1,515,重要发展用户
cust_58585dd9,2024-05-26 09:55:54,2024-05-26 09:55:54,1,265.43,265.43,0.0,0,1,google,google,3,265.44,126.00000000000003,1,1,home,265.44,126.00000000000003,3,1,google,camp_7c807363,ca,mobile,True,long_replacement_cycle,219,219,0,0,0.0,0.47468354430379756,0.9105882352941177,5,4,healthy,1,one_time_buyer,1,0,1,415,重要发展用户
cust_5883b5ca,2024-08-20 17:28:29,2024-08-20 17:28:29,1,319.07,319.07,0.0,0,1,email,email,3,319.08,94.74,1,1,electronics,319.08,94.74,3,1,email,,uk,desktop,False,very_long_replacement_cycle,133,133,0,0,0.0,0.29691613388491916,0.92,5,5,fresh,1,one_time_buyer,1,0,1,515,重要发展用户
cust_58f59102,2024-04-05 12:26:58,2024-04-05 12:26:58,1,140.99,140.99,0.0,0,1,google,google,2,131.36,44.98000000000002,1,1,electronics,131.36,44.98000000000002,2,1,google,camp_a904baba,us,desktop,False,very_long_replacement_cycle,270,270,0,0,0.0,0.3424177831912303,0.6166666666666667,4,4,healthy,1,one_time_buyer,1,0,1,414,重要发展用户
cust_5922ba89,2024-10-08 20:49:35,2024-10-08 20:49:35,1,52.01,52.01,0.0,0,1,direct,direct,1,43.94,16.08,1,1,sports,43.94,16.08,1,1,organic,,us,desktop,False,medium_replacement_cycle,84,84,0,0,0.0,0.36595357305416476,0.1893687707641196,1,5,fresh,1,one_time_buyer,1,0,0,511,一般发展用户
cust_59286705,2024-12-19 09:54:40,2024-12-19 09:54:40,1,38.67,38.67,0.0,0,1,direct,direct,1,27.86,9.419999999999998,1,1,electronics,27.86,9.419999999999998,1,1,direct,,uk,mobile,False,very_long_replacement_cycle,12,12,0,0,0.0,0.3381191672648958,0.02,1,5,fresh,1,one_time_buyer,1,0,0,511,一般发展用户
cust_593c9a25,2024-11-08 09:08:54,2024-11-08 09:08:54,1,233.83,233.83,25.0,1,1,direct,direct,3,250.01,116.4,2,2,home,219.9,101.7,2,1,tiktok,camp_e4a05e1e,us,desktop,False,long_replacement_cycle,53,53,0,0,1.0,0.4655813767449302,0.8705882352941177,5,5,fresh,1,one_time_buyer,1,0,1,515,重要发展用户
cust_5946a0cb,2024-04-27 19:07:39,2024-04-27 19:07:39,1,188.19,188.19,0.0,0,1,google,google,3,188.19,72.78,1,1,sports,188.19,72.78,3,1,google,camp_2a1b9e89,us,mobile,False,medium_replacement_cycle,248,248,0,0,0.0,0.38673680854455605,0.8870431893687708,5,3,cooling,1,one_time_buyer,0,0,1,315,重要唤回用户
cust_595eedd0,2024-04-23 20:09:24,2024-04-23 20:09:24,1,59.09,59.09,0.0,0,1,organic,organic,1,49.01,30.439999999999998,1,1,fashion,49.01,30.439999999999998,1,1,organic,,de,desktop,False,seasonal_cycle,252,252,0,0,0.0,0.6210977351560906,0.20681818181818182,2,2,at_risk,1,one_time_buyer,0,0,0,212,低价值流失用户
cust_596b49c0,2024-03-09 09:32:58,2024-03-09 09:32:58,1,175.89,175.89,0.0,0,1,google,google,2,175.9,106.24000000000001,1,1,fashion,175.9,106.24000000000001,2,1,google,camp_baa3c2c5,fr,mobile,False,seasonal_cycle,297,297,0,0,0.0,0.6039795338260375,0.875,5,2,at_risk,1,one_time_buyer,0,0,1,215,重要唤回用户
cust_597cc356,2024-03-01 11:44:42,2024-03-01 11:44:42,1,32.1,32.1,0.0,0,1,direct,direct,1,18.56,12.219999999999999,1,1,fashion,18.56,12.219999999999999,1,1,google,camp_6381f6a9,de,desktop,False,seasonal_cycle,305,305,0,0,0.0,0.658405172413793,0.03409090909090909,1,1,dormant,1,one_time_buyer,0,0,0,111,低价值流失用户
cust_59ad27b3,2024-08-03 19:42:50,2024-08-03 19:42:50,1,100.6,100.6,0.0,0,1,google,google,1,93.3,48.519999999999996,1,1,home,93.3,48.519999999999996,1,1,google,camp_41b79f08,us,mobile,False,long_replacement_cycle,150,150,0,0,0.0,0.520042872454448,0.4541176470588235,3,4,healthy,1,one_time_buyer,1,0,0,413,一般发展用户
cust_5a0bf653,2024-01-31 09:33:11,2024-01-31 09:33:11,1,192.61,192.61,15.0,1,1,email,email,3,207.60999999999999,116.40999999999998,2,2,home,147.39,87.30999999999999,1,1,email,,us,desktop,True,long_replacement_cycle,335,335,0,0,1.0,0.5607148017918212,0.8117647058823529,5,3,cooling,1,one_time_buyer,0,0,1,315,重要唤回用户
cust_5a21cbe2,2024-04-21 22:39:43,2024-04-21 22:39:43,1,186.42,186.42,0.0,0,1,meta,meta,3,186.42000000000002,69.48000000000002,1,1,sports,186.42000000000002,69.48000000000002,3,1,meta,camp_321ee90f,us,mobile,False,medium_replacement_cycle,254,254,0,0,0.0,0.372706791116833,0.8770764119601329,5,3,cooling,1,one_time_buyer,0,0,1,315,重要唤回用户
cust_5a68ff84,2024-08-30 12:29:56,2024-08-30 12:29:56,1,134.94,134.94,5.0,1,1,email,email,1,139.94,67.61,1,1,home,139.94,67.61,1,1,email,,uk,mobile,False,long_replacement_cycle,123,123,0,0,1.0,0.4831356295555238,0.6588235294117647,4,4,healthy,1,one_time_buyer,1,0,1,414,重要发展用户
cust_5a9f99b1,2024-12-07 20:12:00,2024-12-07 20:12:00,1,130.41,130.41,0.0,0,1,direct,direct,1,130.41,34.349999999999994,1,1,electronics,130.41,34.349999999999994,1,1,tiktok,camp_aa6e4711,us,mobile,False,very_long_replacement_cycle,24,24,0,0,0.0,0.2634000460087416,0.5533333333333333,3,5,fresh,1,one_time_buyer,1,0,0,513,一般发展用户
cust_5aaad594,2024-04-20 14:45:17,2024-04-20 14:45:17,1,60.94,60.94,0.0,0,1,direct,direct,1,49.32,13.170000000000002,1,1,electronics,49.32,13.170000000000002,1,1,organic,,de,desktop,True,very_long_replacement_cycle,255,255,0,0,0.0,0.26703163017031634,0.18666666666666668,1,4,healthy,1,one_time_buyer,1,0,0,411,一般发展用户
cust_5ac00160,2024-02-27 20:53:46,2024-02-27 20:53:46,1,54.47,54.47,0.0,0,1,tiktok,tiktok,1,47.5,35.32,1,1,beauty,47.5,35.32,1,1,tiktok,camp_a2402ec5,us,mobile,False,short_consumption_cycle,308,308,0,0,0.0,0.743578947368421,0.3381995133819951,2,1,dormant,1,one_time_buyer,0,0,0,112,低价值流失用户
cust_5aca6197,2024-01-15 10:28:18,2024-01-15 10:28:18,1,165.87,165.87,0.0,0,1,tiktok,tiktok,2,165.87,90.91,1,2,fashion,165.87,90.91,2,1,tiktok,camp_4357a5fd,us,tablet,False,seasonal_cycle,351,351,0,0,0.0,0.5480798215469946,0.85,5,1,dormant,1,one_time_buyer,0,0,1,115,重要唤回用户
cust_5ad09ee5,2024-11-25 09:13:32,2024-11-25 09:13:32,1,101.02,101.02,0.0,0,1,direct,direct,1,101.02,39.99999999999999,1,1,electronics,101.02,39.99999999999999,1,1,direct,,fr,desktop,False,very_long_replacement_cycle,36,36,0,0,0.0,0.39596119580281125,0.41333333333333333,3,5,fresh,1,one_time_buyer,1,0,0,513,一般发展用户
cust_5b1e8751,2024-03-23 18:21:12,2024-03-23 18:21:12,1,176.66,176.66,0.0,0,1,organic,organic,2,169.42,99.75999999999999,1,1,fashion,169.42,99.75999999999999,2,1,organic,,us,desktop,True,seasonal_cycle,283,283,0,0,0.0,0.5888324873096447,0.8772727272727273,5,2,at_risk,1,one_time_buyer,0,0,1,215,重要唤回用户
cust_5b24625d,2024-12-29 07:33:09,2024-12-29 07:33:09,1,149.06,149.06,0.0,0,1,tiktok,tiktok,1,149.06,37.49000000000001,1,1,electronics,149.06,37.49000000000001,1,1,tiktok,camp_0d490e5f,us,mobile,True,very_long_replacement_cycle,2,2,0,0,0.0,0.2515094592781431,0.6533333333333333,4,5,fresh,1,one_time_buyer,1,0,1,514,重要发展用户
cust_5b83e26a,2024-04-26 13:15:01,2024-04-26 13:15:01,1,87.25,87.25,0.0,0,1,direct,direct,1,75.35,37.17999999999999,1,1,home,75.35,37.17999999999999,1,1,google,camp_eade828c,ca,mobile,False,long_replacement_cycle,249,249,0,0,0.0,0.4934306569343065,0.37176470588235294,2,3,cooling,1,one_time_buyer,0,0,0,312,低价值流失用户
cust_5b9fb11d,2024-08-16 10:09:37,2024-08-16 10:09:37,1,262.68,262.68,46.36,1,1,email,email,2,309.04,100.62000000000003,1,1,electronics,309.04,100.62000000000003,2,1,email,,us,mobile,True,very_long_replacement_cycle,137,137,0,0,1.0,0.3255889205280871,0.87,5,5,fresh,1,one_time_buyer,1,0,1,515,重要发展用户
cust_5bb79b72,2024-07-16 17:49:44,2024-07-16 17:49:44,1,339.5,339.5,0.0,0,1,direct,direct,3,331.79999999999995,107.45999999999998,1,1,electronics,331.79999999999995,107.45999999999998,3,1,google,camp_ea13b09e,us,mobile,True,very_long_replacement_cycle,168,168,0,0,0.0,0.3238698010849909,0.94,5,5,fresh,1,one_time_buyer,1,0,1,515,重要发展用户
cust_5bcf96fa,2024-06-09 18:14:27,2024-06-09 18:14:27,1,83.72,83.72,0.0,0,1,meta,meta,1,71.06,29.050000000000004,1,1,home,71.06,29.050000000000004,1,1,meta,camp_afa97424,fr,desktop,True,long_replacement_cycle,205,205,0,0,0.0,0.4088094567970729,0.3270588235294118,2,4,healthy,1,one_time_buyer,1,0,0,412,一般发展用户
cust_5bd5cd1b,2024-11-16 14:31:37,2024-11-16 14:31:37,1,126.38,126.38,0.0,0,1,direct,direct,2,118.5,64.79,2,2,home,73.12,41.86,1,1,email,,us,tablet,False,long_replacement_cycle,45,45,0,0,0.0,0.5467510548523207,0.611764705882353,4,5,fresh,1,one_time_buyer,1,0,1,514,重要发展用户
cust_5bdfda3a,2024-04-06 08:30:43,2024-04-06 08:30:43,1,89.12,89.12,0.0,0,1,direct,direct,3,89.13,53.779999999999994,2,2,home,55.76,31.119999999999997,2,1,direct,,us,mobile,False,long_replacement_cycle,269,269,0,0,0.0,0.6033883092112644,0.3976470588235294,2,3,cooling,1,one_time_buyer,0,0,0,312,低价值流失用户
cust_5bfbf5e4,2024-11-24 11:27:19,2024-11-24 11:27:19,1,93.64,93.64,0.0,0,1,meta,meta,2,93.64,53.44,1,1,beauty,93.64,53.44,2,1,meta,camp_dd75d915,de,mobile,True,short_consumption_cycle,37,37,0,0,0.0,0.5706962836394703,0.7639902676399026,4,5,fresh,1,one_time_buyer,1,0,1,514,重要发展用户
cust_5c08bcd6,2024-07-20 22:16:23,2024-07-20 22:16:23,1,67.48,67.48,16.87,1,1,tiktok,tiktok,2,84.36,30.64,1,1,sports,84.36,30.64,2,1,tiktok,camp_e181806d,fr,desktop,False,medium_replacement_cycle,164,164,0,0,1.0,0.3632053105737316,0.2757475083056478,2,4,healthy,1,one_time_buyer,1,0,0,412,一般发展用户
cust_5c59528b,2024-07-24 07:06:04,2024-07-24 07:06:04,1,99.52,99.52,0.0,0,1,direct,direct,3,89.34,43.11,1,1,sports,89.34,43.11,3,1,google,camp_0c8c6b1f,de,mobile,False,medium_replacement_cycle,160,160,0,0,0.0,0.4825386165211551,0.6378737541528239,4,4,healthy,1,one_time_buyer,1,0,1,414,重要发展用户
cust_5caf0fa0,2024-10-19 12:12:52,2024-10-19 12:12:52,1,73.71,73.71,0.0,0,1,organic,organic,1,62.12,18.699999999999996,1,1,electronics,62.12,18.699999999999996,1,1,organic,,ca,tablet,False,very_long_replacement_cycle,73,73,0,0,0.0,0.30103026400515126,0.22333333333333333,2,5,fresh,1,one_time_buyer,1,0,0,512,一般发展用户
cust_5ceeb5f4,2024-07-20 19:40:39,2024-07-20 19:40:39,1,241.22,241.22,0.0,0,1,direct,direct,2,241.22,103.30000000000001,1,1,home,241.22,103.30000000000001,2,1,google,camp_88002c55,ca,tablet,False,long_replacement_cycle,164,164,0,0,0.0,0.4282397811126773,0.88,5,4,healthy,1,one_time_buyer,1,0,1,415,重要发展用户
cust_5d04536d,2024-09-29 08:02:32,2024-09-29 08:02:32,1,141.71,141.71,0.0,0,1,direct,direct,2,141.71,66.64,1,2,home,141.71,66.64,2,1,meta,camp_da3bec47,uk,mobile,False,long_replacement_cycle,93,93,0,0,0.0,0.47025615694023004,0.6988235294117647,4,5,fresh,1,one_time_buyer,1,0,1,514,重要发展用户
cust_5d251470,2024-12-10 20:44:49,2024-12-10 20:44:49,1,166.19,166.19,0.0,0,1,tiktok,tiktok,2,166.18,105.5,1,1,fashion,166.18,105.5,2,1,tiktok,camp_76b3bd48,us,mobile,False,seasonal_cycle,21,21,0,0,0.0,0.6348537730172102,0.8545454545454545,5,5,fresh,1,one_time_buyer,1,0,1,515,重要发展用户
cust_5d58755e,2024-08-28 19:12:45,2024-08-28 19:12:45,1,51.22,51.22,0.0,0,1,google,google,1,40.93,19.69,1,1,fashion,40.93,19.69,1,1,google,camp_29535e0f,uk,tablet,True,seasonal_cycle,125,125,0,0,0.0,0.48106523332518936,0.15227272727272728,1,3,cooling,1,one_time_buyer,0,0,0,311,低价值流失用户
cust_5d64f977,2024-05-08 18:27:26,2024-05-08 18:27:26,1,114.69,114.69,0.0,0,1,organic,organic,2,114.69,76.22999999999999,2,2,home,68.6,40.36999999999999,1,1,organic,,fr,desktop,False,long_replacement_cycle,237,237,0,0,0.0,0.6646612607899555,0.5341176470588235,3,4,healthy,1,one_time_buyer,1,0,0,413,一般发展用户
cust_5d803fe2,2024-08-27 11:12:00,2024-08-27 11:12:00,1,175.27,175.27,0.0,0,1,direct,direct,2,175.26,60.43999999999999,1,2,sports,175.26,60.43999999999999,2,1,google,camp_895f9e6f,us,mobile,True,medium_replacement_cycle,126,126,0,0,0.0,0.34485906652972725,0.8637873754152824,5,4,healthy,1,one_time_buyer,1,0,1,415,重要发展用户
cust_5dd2dac6,2024-02-16 15:27:10,2024-02-16 15:27:10,1,68.93,68.93,15.0,1,1,organic,organic,3,83.94,60.03,1,2,beauty,83.94,60.03,3,1,organic,,ca,mobile,True,short_consumption_cycle,319,319,0,0,1.0,0.7151536812008578,0.5425790754257908,3,1,dormant,1,one_time_buyer,0,0,0,113,低价值流失用户
cust_5e15b990,2024-04-13 19:23:36,2024-04-13 19:23:36,1,116.94,116.94,0.0,0,1,organic,organic,2,116.94,33.16,1,1,sports,116.94,33.16,2,1,organic,,fr,mobile,False,medium_replacement_cycle,262,262,0,0,0.0,0.28356422096801776,0.7209302325581395,4,3,cooling,1,one_time_buyer,0,0,1,314,重要唤回用户
cust_5ea27ce9,2024-01-31 19:34:53,2024-01-31 19:34:53,1,95.69,95.69,0.0,0,1,google,google,2,95.69,59.129999999999995,2,2,fashion,68.24,45.709999999999994,1,1,google,camp_4b07c139,fr,mobile,True,seasonal_cycle,335,335,0,0,0.0,0.6179329083498798,0.5477272727272727,3,1,dormant,1,one_time_buyer,0,0,0,113,低价值流失用户
cust_5ec08b37,2024-11-01 19:17:34,2024-11-01 19:17:34,1,137.19,137.19,0.0,0,1,tiktok,tiktok,1,137.19,66.64999999999999,1,1,home,137.19,66.64999999999999,1,1,tiktok,camp_0e8f7f23,uk,mobile,False,long_replacement_cycle,60,60,0,0,0.0,0.4858225818208324,0.6752941176470588,4,5,fresh,1,one_time_buyer,1,0,1,514,重要发展用户
cust_5ec880d8,2024-01-23 17:00:05,2024-01-23 17:00:05,1,81.91,81.91,0.0,0,1,meta,meta,1,72.87,19.970000000000006,1,1,electronics,72.87,19.970000000000006,1,1,meta,camp_34e0edb1,us,desktop,True,very_long_replacement_cycle,343,343,0,0,0.0,0.27404967750789083,0.2633333333333333,2,4,healthy,1,one_time_buyer,1,0,0,412,一般发展用户
cust_5f5b5687,2024-03-27 08:41:36,2024-03-27 08:41:36,1,94.33,94.33,0.0,0,1,google,google,3,81.84,44.88,1,1,home,81.84,44.88,3,1,google,camp_d44da437,ca,tablet,True,long_replacement_cycle,279,279,0,0,0.0,0.5483870967741935,0.4235294117647059,3,3,cooling,1,one_time_buyer,0,0,0,313,低价值流失用户
cust_5f604b4a,2024-05-27 21:08:43,2024-05-27 21:08:43,1,36.16,36.16,3.08,1,1,meta,meta,1,30.84,15.28,1,1,fashion,30.84,15.28,1,1,meta,camp_31721b80,us,mobile,False,seasonal_cycle,218,218,0,0,1.0,0.4954604409857328,0.06136363636363636,1,2,at_risk,1,one_time_buyer,0,0,0,211,低价值流失用户
cust_5f65e693,2024-09-30 19:34:30,2024-09-30 19:34:30,1,96.18,96.18,0.0,0,1,google,google,2,84.82000000000001,44.86000000000001,2,2,fashion,68.31,32.370000000000005,1,1,google,camp_1b498bb4,de,mobile,True,seasonal_cycle,92,92,0,0,0.0,0.5288846970054233,0.5545454545454546,3,4,healthy,1,one_time_buyer,1,0,0,413,一般发展用户
cust_5f660968,2024-09-30 17:12:21,2024-09-30 17:12:21,1,137.74,137.74,0.0,0,1,direct,direct,3,137.73,54.14999999999999,1,1,sports,137.73,54.14999999999999,3,1,direct,,fr,mobile,True,medium_replacement_cycle,92,92,0,0,0.0,0.3931605314746242,0.7940199335548173,4,4,healthy,1,one_time_buyer,1,0,1,414,重要发展用户
cust_5f7aa210,2024-11-07 03:16:45,2024-11-07 03:16:45,1,91.93,91.93,22.98,1,1,direct,direct,2,114.9,71.86000000000001,1,1,beauty,114.9,71.86000000000001,2,1,direct,,de,mobile,True,short_consumption_cycle,54,54,0,0,1.0,0.625413402959095,0.7493917274939172,4,4,healthy,1,one_time_buyer,1,0,1,414,重要发展用户
cust_5fa1bae9,2024-04-23 19:24:29,2024-04-23 19:24:29,1,48.11,48.11,0.0,0,1,google,google,1,32.51,12.069999999999997,1,1,home,32.51,12.069999999999997,1,1,google,camp_83f3bada,de,mobile,True,long_replacement_cycle,252,252,0,0,0.0,0.3712703783451245,0.16470588235294117,1,3,cooling,1,one_time_buyer,0,0,0,311,低价值流失用户
cust_5fabef9f,2024-01-05 21:44:58,2024-01-05 21:44:58,1,150.17,150.17,0.0,0,1,direct,direct,2,138.54,66.58,1,1,fashion,138.54,66.58,2,1,tiktok,camp_0dbc7413,ca,mobile,True,seasonal_cycle,361,361,0,0,0.0,0.48058322506135415,0.7977272727272727,4,1,dormant,1,one_time_buyer,0,0,1,114,重要唤回用户
cust_5fba4f2e,2024-10-19 17:27:53,2024-10-19 17:27:53,1,139.86,139.86,0.0,0,1,meta,meta,1,139.86,52.94000000000001,1,1,electronics,139.86,52.94000000000001,1,1,meta,camp_888beaae,ca,desktop,False,very_long_replacement_cycle,73,73,0,0,0.0,0.37852137852137857,0.61,4,5,fresh,1,one_time_buyer,1,0,1,514,重要发展用户
cust_6036201b,2024-01-16 19:54:52,2024-01-16 19:54:52,1,100.36,100.36,0.0,0,1,direct,direct,2,93.74,64.41999999999999,1,1,beauty,93.74,64.41999999999999,2,1,direct,,us,desktop,False,short_consumption_cycle,350,350,0,0,0.0,0.6872199701301471,0.7956204379562044,4,1,dormant,1,one_time_buyer,0,0,1,114,重要唤回用户
cust_606e96d3,2024-04-18 14:27:01,2024-04-18 14:27:01,1,110.67,110.67,0.0,0,1,direct,direct,1,110.67,51.57,1,1,home,110.67,51.57,1,1,organic,,uk,mobile,False,long_replacement_cycle,257,257,0,0,0.0,0.4659799403632421,0.508235294117647,3,3,cooling,1,one_time_buyer,0,0,0,313,低价值流失用户
cust_6078b557,2024-11-24 19:49:53,2024-11-24 19:49:53,1,88.21,88.21,0.0,0,1,email,email,2,81.27,50.47,2,2,beauty,61.8,37.22,1,1,email,,us,mobile,False,short_consumption_cycle,37,37,0,0,0.0,0.6210163652024118,0.7274939172749392,4,5,fresh,1,one_time_buyer,1,0,1,514,重要发展用户
cust_6082dddb,2024-07-21 08:14:26,2024-07-21 08:14:26,1,113.8,113.8,0.0,0,1,direct,direct,1,113.8,57.25,1,1,sports,113.8,57.25,1,1,meta,camp_1dcfc086,us,desktop,False,medium_replacement_cycle,163,163,0,0,0.0,0.5030755711775045,0.7109634551495017,4,4,healthy,1,one_time_buyer,1,0,1,414,重要发展用户
cust_60b18aee,2024-10-08 14:30:03,2024-10-08 14:30:03,1,61.45,61.45,0.0,0,1,tiktok,tiktok,1,48.07,17.98,1,1,electronics,48.07,17.98,1,1,tiktok,camp_94238f31,de,mobile,True,very_long_replacement_cycle,84,84,0,0,0.0,0.3740378614520491,0.19,1,5,fresh,1,one_time_buyer,1,0,0,511,一般发展用户
cust_60b30a92,2024-04-30 12:49:01,2024-04-30 12:49:01,1,208.49,208.49,34.6,1,1,direct,direct,2,230.64,108.59999999999998,1,1,home,230.64,108.59999999999998,2,1,meta,camp_1f9042c8,ca,tablet,False,long_replacement_cycle,245,245,0,0,1.0,0.47086368366285114,0.8376470588235294,5,3,cooling,1,one_time_buyer,0,0,1,315,重要唤回用户
cust_60cfbc95,2024-01-07 13:56:45,2024-01-07 13:56:45,1,52.2,52.2,0.0,0,1,meta,meta,1,41.93,14.690000000000001,1,1,electronics,41.93,14.690000000000001,1,1,meta,camp_401954ed,de,tablet,True,very_long_replacement_cycle,359,359,0,0,0.0,0.3503458144526592,0.10666666666666667,1,4,healthy,1,one_time_buyer,1,0,0,411,一般发展用户
cust_60f98fef,2024-09-30 15:28:59,2024-09-30 15:28:59,1,98.43,98.43,17.37,1,1,tiktok,tiktok,1,115.8,41.019999999999996,1,1,electronics,115.8,41.019999999999996,1,1,tiktok,camp_121672cb,de,desktop,False,very_long_replacement_cycle,92,92,0,0,1.0,0.35423143350604486,0.4,2,5,fresh,1,one_time_buyer,1,0,0,512,一般发展用户
cust_60fd2f97,2024-12-09 03:23:37,2024-12-09 03:23:37,1,59.36,59.36,0.0,0,1,organic,organic,1,45.8,15.939999999999998,1,1,electronics,45.8,15.939999999999998,1,1,organic,,fr,mobile,True,very_long_replacement_cycle,22,22,0,0,0.0,0.3480349344978166,0.17666666666666667,1,5,fresh,1,one_time_buyer,1,0,0,511,一般发展用户
cust_6102b10e,2024-08-27 21:03:03,2024-08-27 21:03:03,1,273.02,273.02,48.18,1,1,direct,direct,4,321.20000000000005,175.46,2,2,home,207.78000000000003,114.0,3,1,organic,,us,mobile,False,long_replacement_cycle,126,126,0,0,1.0,0.54626400996264,0.92,5,4,healthy,1,one_time_buyer,1,0,1,415,重要发展用户
cust_612303b7,2024-09-24 15:39:29,2024-09-24 15:39:29,1,33.34,33.34,0.0,0,1,email,email,1,26.71,8.82,1,1,sports,26.71,8.82,1,1,email,,us,tablet,False,medium_replacement_cycle,98,98,0,0,0.0,0.3302134032197679,0.023255813953488372,1,4,healthy,1,one_time_buyer,1,0,0,411,一般发展用户
cust_6151bcf3,2024-10-26 09:36:34,2024-10-26 09:36:34,1,91.17,91.17,0.0,0,1,direct,direct,1,76.63,28.259999999999998,1,1,electronics,76.63,28.259999999999998,1,1,meta,camp_f6088caa,uk,mobile,True,very_long_replacement_cycle,66,66,0,0,0.0,0.3687850711209709,0.3566666666666667,2,5,fresh,1,one_time_buyer,1,0,0,512,一般发展用户
cust_616ca6a4,2024-12-03 23:25:44,2024-12-03 23:25:44,1,88.08,88.08,5.0,1,1,direct,direct,1,79.5,46.32,1,1,fashion,79.5,46.32,1,1,google,camp_9c32a6e5,de,tablet,False,seasonal_cycle,28,28,0,0,1.0,0.5826415094339623,0.4818181818181818,3,5,fresh,1,one_time_buyer,1,0,0,513,一般发展用户
cust_6173f6dd,2024-12-13 21:25:59,2024-12-13 21:25:59,1,139.75,139.75,0.0,0,1,direct,direct,1,126.79,57.95,1,1,home,126.79,57.95,1,1,organic,,uk,mobile,False,long_replacement_cycle,18,18,0,0,0.0,0.4570549727896522,0.6870588235294117,4,5,fresh,1,one_time_buyer,1,0,1,514,重要发展用户
cust_61a79b83,2024-06-19 17:34:05,2024-06-19 17:34:05,1,38.09,38.09,5.0,1,1,direct,direct,1,36.46,27.590000000000003,1,1,beauty,36.46,27.590000000000003,1,1,tiktok,camp_0f60ce45,us,mobile,True,short_consumption_cycle,195,195,0,0,1.0,0.7567196928140428,0.1678832116788321,1,2,at_risk,1,one_time_buyer,0,0,0,211,低价值流失用户
cust_61e9f4b9,2024-09-05 21:25:02,2024-09-05 21:25:02,1,44.95,44.95,0.0,0,1,direct,direct,1,37.27,12.010000000000002,1,1,electronics,37.27,12.010000000000002,1,1,meta,camp_b6809f48,us,mobile,True,very_long_replacement_cycle,117,117,0,0,0.0,0.32224309095787496,0.06333333333333334,1,5,fresh,1,one_time_buyer,1,0,0,511,一般发展用户
cust_61ebef6c,2024-06-30 19:35:31,2024-06-30 19:35:31,1,77.19,77.19,15.0,1,1,organic,organic,1,85.49,39.28999999999999,1,1,sports,85.49,39.28999999999999,1,1,organic,,us,tablet,True,medium_replacement_cycle,184,184,0,0,1.0,0.45958591648145974,0.4186046511627907,3,3,cooling,1,one_time_buyer,0,0,0,313,低价值流失用户
cust_61ed90e9,2024-06-27 19:07:30,2024-06-27 19:07:30,1,112.48,112.48,0.0,0,1,organic,organic,3,100.28999999999999,38.97,1,1,home,100.28999999999999,38.97,3,1,organic,,ca,mobile,False,long_replacement_cycle,187,187,0,0,0.0,0.38857313790008974,0.5247058823529411,3,4,healthy,1,one_time_buyer,1,0,0,413,一般发展用户
cust_6208a3b1,2024-03-17 15:43:59,2024-03-17 15:43:59,1,78.79,78.79,8.75,1,1,direct,direct,1,87.54,42.760000000000005,1,1,home,87.54,42.760000000000005,1,1,tiktok,camp_88bee69d,us,mobile,True,long_replacement_cycle,289,289,0,0,1.0,0.4884624171807174,0.2776470588235294,2,3,cooling,1,one_time_buyer,0,0,0,312,低价值流失用户
cust_621c8b45,2024-09-14 10:04:13,2024-09-14 10:04:13,1,53.25,53.25,5.0,1,1,direct,direct,1,49.43,37.25,1,1,beauty,49.43,37.25,1,1,tiktok,camp_f8115f6f,us,desktop,False,short_consumption_cycle,108,108,0,0,1.0,0.7535909366781307,0.3236009732360097,2,3,cooling,1,one_time_buyer,0,0,0,312,低价值流失用户
cust_621dcd0f,2024-07-04 07:16:49,2024-07-04 07:16:49,1,74.84,74.84,0.0,0,1,google,google,1,64.27,37.39999999999999,1,1,beauty,64.27,37.39999999999999,1,1,google,camp_a69fd4a8,uk,mobile,True,short_consumption_cycle,180,180,0,0,0.0,0.5819200248949742,0.5985401459854015,3,2,at_risk,1,one_time_buyer,0,0,0,213,低价值流失用户
cust_625e330c,2024-05-25 12:16:30,2024-05-25 12:16:30,1,101.65,101.65,5.0,1,1,direct,direct,1,93.14,53.81,1,1,fashion,93.14,53.81,1,1,organic,,uk,mobile,True,seasonal_cycle,220,220,0,0,1.0,0.5777324457805454,0.5931818181818181,3,2,at_risk,1,one_time_buyer,0,0,0,213,低价值流失用户
cust_627b1b27,2024-01-18 20:41:46,2024-01-18 20:41:46,1,83.0,83.0,13.21,1,1,direct,direct,2,88.06,59.14,1,1,beauty,88.06,59.14,2,1,meta,camp_1471d8a3,us,mobile,False,short_consumption_cycle,348,348,0,0,1.0,0.6715875539404951,0.6861313868613139,4,1,dormant,1,one_time_buyer,0,0,1,114,重要唤回用户
cust_62818326,2024-10-04 06:15:35,2024-10-04 06:15:35,1,85.17,85.17,0.0,0,1,direct,direct,1,85.17,40.39,1,1,home,85.17,40.39,1,1,meta,camp_f1cbd97c,uk,mobile,False,long_replacement_cycle,88,88,0,0,0.0,0.47422801455911706,0.3447058823529412,2,5,fresh,1,one_time_buyer,1,0,0,512,一般发展用户
cust_6281f48c,2024-02-18 21:11:42,2024-02-18 21:11:42,1,93.08,93.08,10.0,1,1,tiktok,tiktok,1,103.08,36.629999999999995,1,1,electronics,103.08,36.629999999999995,1,1,tiktok,camp_15be2a6e,us,desktop,False,very_long_replacement_cycle,317,317,0,0,1.0,0.3553550640279394,0.36666666666666664,2,4,healthy,1,one_time_buyer,1,0,0,412,一般发展用户
cust_62b648e9,2024-12-04 19:50:21,2024-12-04 19:50:21,1,301.59,301.59,5.0,1,1,meta,meta,4,306.58,180.88000000000002,2,2,beauty,191.13,117.39000000000001,3,1,meta,camp_1909be2a,ca,mobile,True,short_consumption_cycle,27,27,0,0,1.0,0.5899928240589732,1.0,5,5,fresh,1,one_time_buyer,1,0,1,515,重要发展用户
cust_62f593aa,2024-05-20 18:28:23,2024-05-20 18:28:23,1,41.39,41.39,3.75,1,1,google,google,1,37.49,25.78,1,1,beauty,37.49,25.78,1,1,google,camp_fd1a95e7,us,mobile,True,short_consumption_cycle,225,225,0,0,1.0,0.6876500400106695,0.20437956204379562,2,2,at_risk,1,one_time_buyer,0,0,0,212,低价值流失用户
cust_62fa741d,2024-10-27 07:47:59,2024-10-27 07:47:59,1,101.29,101.29,0.0,0,1,organic,organic,1,101.29,57.32000000000001,1,1,fashion,101.29,57.32000000000001,1,1,organic,,us,tablet,True,seasonal_cycle,65,65,0,0,0.0,0.5658998914009281,0.5909090909090909,3,4,healthy,1,one_time_buyer,1,0,0,413,一般发展用户
cust_6315f192,2024-10-24 12:47:34,2024-10-24 12:47:34,1,41.55,41.55,0.0,0,1,email,email,1,30.27,17.83,1,1,beauty,30.27,17.83,1,1,email,,uk,tablet,False,short_consumption_cycle,68,68,0,0,0.0,0.5890320449289725,0.20681265206812652,2,4,healthy,1,one_time_buyer,1,0,0,412,一般发展用户
cust_631c0a98,2024-02-08 12:13:53,2024-02-08 12:13:53,1,99.98,99.98,0.0,0,1,direct,direct,1,99.98,56.010000000000005,1,1,fashion,99.98,56.010000000000005,1,1,tiktok,camp_4a40ce00,us,mobile,False,seasonal_cycle,327,327,0,0,0.0,0.5602120424084818,0.5840909090909091,3,1,dormant,1,one_time_buyer,0,0,0,113,低价值流失用户
cust_6323ab4b,2024-12-06 00:03:17,2024-12-06 00:03:17,1,116.89,116.89,0.0,0,1,direct,direct,3,116.9,67.53999999999999,2,2,beauty,71.52,48.099999999999994,2,1,tiktok,camp_c016a56b,us,mobile,True,short_consumption_cycle,25,25,0,0,0.0,0.5777587681779297,0.8418491484184915,5,5,fresh,1,one_time_buyer,1,0,1,515,重要发展用户
cust_632ba25c,2024-05-14 14:36:57,2024-05-14 14:36:57,1,92.24,92.24,0.0,0,1,direct,direct,1,78.54,45.36000000000001,1,1,fashion,78.54,45.36000000000001,1,1,direct,,fr,mobile,False,seasonal_cycle,231,231,0,0,0.0,0.5775401069518717,0.5181818181818182,3,2,at_risk,1,one_time_buyer,0,0,0,213,低价值流失用户
cust_63cc3405,2024-11-27 11:31:34,2024-11-27 11:31:34,1,43.79,43.79,13.1,1,1,google,google,1,43.68,30.490000000000002,1,1,beauty,43.68,30.490000000000002,1,1,google,camp_b599b6b0,fr,desktop,False,short_consumption_cycle,34,34,0,0,1.0,0.6980311355311356,0.22627737226277372,2,5,fresh,1,one_time_buyer,1,0,0,512,一般发展用户
cust_63cc596c,2024-03-17 03:14:13,2024-03-17 03:14:13,1,119.12,119.12,0.0,0,1,organic,organic,1,119.12,58.1,1,1,home,119.12,58.1,1,1,organic,,uk,tablet,False,long_replacement_cycle,289,289,0,0,0.0,0.48774345198119545,0.5788235294117647,3,3,cooling,1,one_time_buyer,0,0,0,313,低价值流失用户
cust_63d11874,2024-05-25 09:50:37,2024-05-25 09:50:37,1,109.37,109.37,0.0,0,1,meta,meta,1,97.8,39.269999999999996,1,1,sports,97.8,39.269999999999996,1,1,meta,camp_477cc36b,ca,desktop,False,medium_replacement_cycle,220,220,0,0,0.0,0.4015337423312883,0.6910299003322259,4,3,cooling,1,one_time_buyer,0,0,1,314,重要唤回用户
cust_63ff0e5f,2024-11-18 22:01:30,2024-11-18 22:01:30,1,75.08,75.08,0.0,0,1,direct,direct,2,59.86,35.46,1,1,home,59.86,35.46,2,1,direct,,fr,desktop,True,long_replacement_cycle,43,43,0,0,0.0,0.5923822251921149,0.2611764705882353,2,5,fresh,1,one_time_buyer,1,0,0,512,一般发展用户
cust_64b9c0f9,2024-12-02 22:59:36,2024-12-02 22:59:36,1,69.32,69.32,0.0,0,1,tiktok,tiktok,1,52.47,36.69,1,1,beauty,52.47,36.69,1,1,tiktok,camp_6b03c77a,de,desktop,False,short_consumption_cycle,29,29,0,0,0.0,0.6992567181246426,0.5450121654501217,3,5,fresh,1,one_time_buyer,1,0,0,513,一般发展用户
cust_64dce7cc,2024-03-22 08:40:01,2024-03-22 08:40:01,1,93.9,93.9,0.0,0,1,organic,organic,2,77.24,51.739999999999995,1,1,fashion,77.24,51.739999999999995,2,1,organic,,fr,tablet,False,seasonal_cycle,284,284,0,0,0.0,0.6698601760745727,0.5329545454545455,3,2,at_risk,1,one_time_buyer,0,0,0,213,低价值流失用户
cust_6518f04d,2024-12-08 21:20:05,2024-12-08 21:20:05,1,85.4,85.4,10.0,1,1,google,google,1,95.4,34.38,1,1,electronics,95.4,34.38,1,1,google,camp_65def026,ca,desktop,True,very_long_replacement_cycle,23,23,0,0,1.0,0.36037735849056607,0.2966666666666667,2,5,fresh,1,one_time_buyer,1,0,0,512,一般发展用户
cust_651973c0,2024-02-14 21:27:49,2024-02-14 21:27:49,1,167.85,167.85,0.0,0,1,direct,direct,2,167.85,63.63999999999999,1,2,electronics,167.85,63.63999999999999,2,1,direct,,ca,tablet,True,very_long_replacement_cycle,321,321,0,0,0.0,0.3791480488531427,0.7433333333333333,4,4,healthy,1,one_time_buyer,1,0,1,414,重要发展用户
cust_653282fa,2024-01-31 15:35:46,2024-01-31 15:35:46,1,59.78,59.78,0.0,0,1,google,google,1,52.08,36.3,1,1,beauty,52.08,36.3,1,1,google,camp_d1a9a403,us,mobile,False,short_consumption_cycle,335,335,0,0,0.0,0.6970046082949308,0.43309002433090027,3,1,dormant,1,one_time_buyer,0,0,0,113,低价值流失用户
cust_65499731,2024-09-22 18:33:58,2024-09-22 18:33:58,1,21.3,21.3,5.91,1,1,google,google,1,19.71,13.490000000000002,1,1,fashion,19.71,13.490000000000002,1,1,google,camp_fab1f6ac,us,desktop,False,seasonal_cycle,100,100,0,0,1.0,0.6844241501775749,0.0022727272727272726,1,4,healthy,1,one_time_buyer,1,0,0,411,一般发展用户
cust_65a5d3ea,2024-06-16 11:25:03,2024-06-16 11:25:03,1,97.8,97.8,0.0,0,1,meta,meta,1,97.8,64.15,1,1,fashion,97.8,64.15,1,1,meta,camp_243af4cc,fr,desktop,False,seasonal_cycle,198,198,0,0,0.0,0.6559304703476483,0.575,3,3,cooling,1,one_time_buyer,0,0,0,313,低价值流失用户
cust_65b46c2b,2024-11-25 01:05:51,2024-11-25 01:05:51,1,113.84,113.84,28.46,1,1,direct,direct,2,142.3,101.88000000000001,1,1,beauty,142.3,101.88000000000001,2,1,organic,,uk,tablet,False,short_consumption_cycle,36,36,0,0,1.0,0.7159522136331694,0.829683698296837,5,5,fresh,1,one_time_buyer,1,0,1,515,重要发展用户
cust_65c8f5b2,2024-12-25 16:57:43,2024-12-25 16:57:43,1,47.15,47.15,0.0,0,1,direct,direct,1,38.93,26.799999999999997,1,1,beauty,38.93,26.799999999999997,1,1,organic,,us,mobile,False,short_consumption_cycle,6,6,0,0,0.0,0.6884151040328794,0.24817518248175183,2,5,fresh,1,one_time_buyer,1,0,0,512,一般发展用户
cust_65ce728c,2024-05-24 23:35:37,2024-05-24 23:35:37,1,58.23,58.23,0.0,0,1,google,google,1,48.6,38.55,1,1,beauty,48.6,38.55,1,1,google,camp_21772fb9,uk,mobile,False,short_consumption_cycle,221,221,0,0,0.0,0.7932098765432098,0.41849148418491483,3,2,at_risk,1,one_time_buyer,0,0,0,213,低价值流失用户
cust_65d04068,2024-12-02 20:33:16,2024-12-02 20:33:16,1,193.61,193.61,0.0,0,1,google,google,2,180.3,96.44000000000001,1,1,fashion,180.3,96.44000000000001,2,1,google,camp_e4ae037e,uk,desktop,True,seasonal_cycle,29,29,0,0,0.0,0.5348863006100943,0.8954545454545455,5,5,fresh,1,one_time_buyer,1,0,1,515,重要发展用户
cust_65deb63c,2024-02-24 09:34:04,2024-02-24 09:34:04,1,84.24,84.24,0.0,0,1,direct,direct,1,75.98,37.50000000000001,1,1,fashion,75.98,37.50000000000001,1,1,google,camp_52f398e9,us,tablet,False,seasonal_cycle,311,311,0,0,0.0,0.493550934456436,0.41363636363636364,3,1,dormant,1,one_time_buyer,0,0,0,113,低价值流失用户
cust_65fad4b9,2024-07-03 15:26:04,2024-07-03 15:26:04,1,62.7,62.7,0.0,0,1,meta,meta,1,54.13,40.93000000000001,1,1,beauty,54.13,40.93000000000001,1,1,meta,camp_cae89638,us,mobile,True,short_consumption_cycle,181,181,0,0,0.0,0.7561426196194347,0.46228710462287104,3,2,at_risk,1,one_time_buyer,0,0,0,213,低价值流失用户
cust_65feae77,2024-05-20 21:30:42,2024-05-20 21:30:42,1,83.9,83.9,0.0,0,1,direct,direct,1,76.44,41.22,1,1,fashion,76.44,41.22,1,1,direct,,us,desktop,False,seasonal_cycle,225,225,0,0,0.0,0.5392464678178964,0.4022727272727273,3,2,at_risk,1,one_time_buyer,0,0,0,213,低价值流失用户
cust_66161882,2024-07-21 10:40:59,2024-07-21 10:40:59,1,47.28,47.28,0.0,0,1,tiktok,tiktok,1,39.89,13.030000000000001,1,1,sports,39.89,13.030000000000001,1,1,tiktok,camp_ff21fd00,us,mobile,True,medium_replacement_cycle,163,163,0,0,0.0,0.3266482827776385,0.14950166112956811,1,4,healthy,1,one_time_buyer,1,0,0,411,一般发展用户
cust_661dd469,2024-12-02 14:00:11,2024-12-02 14:00:11,1,401.22,401.22,68.01,1,1,direct,direct,6,453.42,173.42999999999998,2,2,sports,338.43,104.91,3,1,direct,,de,mobile,False,medium_replacement_cycle,29,29,0,0,1.0,0.3824930527987296,0.9966777408637874,5,5,fresh,1,one_time_buyer,1,0,1,515,重要发展用户
cust_6626ce61,2024-11-20 22:29:23,2024-11-20 22:29:23,1,119.6,119.6,0.0,0,1,direct,direct,2,119.60000000000001,57.72000000000001,2,2,fashion,74.15,38.21000000000001,1,1,tiktok,camp_6a6f0884,uk,mobile,False,seasonal_cycle,41,41,0,0,0.0,0.482608695652174,0.7090909090909091,4,5,fresh,1,one_time_buyer,1,0,1,514,重要发展用户
cust_6647baf7,2024-10-30 08:50:07,2024-10-30 08:50:07,1,258.78,258.78,0.0,0,1,meta,meta,3,258.78000000000003,104.97,1,1,home,258.78000000000003,104.97,3,1,meta,camp_8566e085,ca,mobile,False,long_replacement_cycle,62,62,0,0,0.0,0.40563412937630416,0.9035294117647059,5,5,fresh,1,one_time_buyer,1,0,1,515,重要发展用户
cust_66a74750,2024-12-13 21:17:06,2024-12-13 21:17:06,1,172.71,172.71,0.0,0,1,google,google,2,172.72,79.76,1,1,home,172.72,79.76,2,1,google,camp_be038b57,us,mobile,False,long_replacement_cycle,18,18,0,0,0.0,0.46178786475220013,0.7717647058823529,4,5,fresh,1,one_time_buyer,1,0,1,514,重要发展用户
cust_66f42c6f,2024-01-11 23:44:40,2024-01-11 23:44:40,1,64.63,64.63,0.0,0,1,direct,direct,1,51.71,35.93,1,1,beauty,51.71,35.93,1,1,meta,camp_81305f96,uk,desktop,True,short_consumption_cycle,355,355,0,0,0.0,0.6948365886675691,0.49878345498783455,3,1,dormant,1,one_time_buyer,0,0,0,113,低价值流失用户
cust_66f78481,2024-08-30 10:03:31,2024-08-30 10:03:31,1,90.15,90.15,0.0,0,1,tiktok,tiktok,1,74.53,32.52,1,1,home,74.53,32.52,1,1,tiktok,camp_1779d2e5,fr,mobile,False,long_replacement_cycle,123,123,0,0,0.0,0.4363343620018785,0.4047058823529412,3,4,healthy,1,one_time_buyer,1,0,0,413,一般发展用户
cust_676e2768,2024-11-27 19:06:14,2024-11-27 19:06:14,1,91.55,91.55,0.0,0,1,direct,direct,1,91.55,46.769999999999996,1,1,home,91.55,46.769999999999996,1,1,meta,camp_d3d02d50,us,mobile,True,long_replacement_cycle,34,34,0,0,0.0,0.5108683779355543,0.41411764705882353,3,5,fresh,1,one_time_buyer,1,0,0,513,一般发展用户
cust_679b15b2,2024-09-08 12:42:57,2024-09-08 12:42:57,1,71.08,71.08,0.0,0,1,google,google,1,60.32,21.340000000000003,1,1,sports,60.32,21.340000000000003,1,1,google,camp_e50a3dee,de,mobile,True,medium_replacement_cycle,114,114,0,0,0.0,0.3537798408488064,0.3521594684385382,2,4,healthy,1,one_time_buyer,1,0,0,412,一般发展用户
cust_679d2a62,2024-11-05 12:05:26,2024-11-05 12:05:26,1,273.85,273.85,0.0,0,1,direct,direct,2,273.86,106.93,2,2,electronics,180.93,58.78,1,1,meta,camp_ca40e8e3,ca,mobile,True,very_long_replacement_cycle,56,56,0,0,0.0,0.39045497699554516,0.8766666666666667,5,5,fresh,1,one_time_buyer,1,0,1,515,重要发展用户
cust_67a75099,2024-11-28 19:32:45,2024-11-28 19:32:45,1,72.37,72.37,16.52,1,1,google,google,2,82.6,40.12,1,1,fashion,82.6,40.12,2,1,google,camp_0540337d,us,tablet,False,seasonal_cycle,33,33,0,0,1.0,0.4857142857142857,0.2772727272727273,2,5,fresh,1,one_time_buyer,1,0,0,512,一般发展用户
cust_67c9dbc4,2024-09-08 08:35:57,2024-09-08 08:35:57,1,44.71,44.71,0.0,0,1,google,google,1,29.79,20.29,1,1,fashion,29.79,20.29,1,1,google,camp_caa9bf3a,de,mobile,True,seasonal_cycle,114,114,0,0,0.0,0.681101040617657,0.11477272727272728,1,4,healthy,1,one_time_buyer,1,0,0,411,一般发展用户
cust_683b0350,2024-03-15 20:20:02,2024-03-15 20:20:02,1,116.45,116.45,0.0,0,1,organic,organic,1,116.45,54.35,1,1,home,116.45,54.35,1,1,organic,,ca,desktop,False,long_replacement_cycle,291,291,0,0,0.0,0.46672391584370976,0.5505882352941176,3,3,cooling,1,one_time_buyer,0,0,0,313,低价值流失用户
cust_68acc616,2024-09-25 08:34:30,2024-09-25 08:34:30,1,72.72,72.72,0.0,0,1,direct,direct,2,64.14,29.160000000000004,1,1,sports,64.14,29.160000000000004,2,1,meta,camp_6111b3c3,us,tablet,False,medium_replacement_cycle,97,97,0,0,0.0,0.45463049579045844,0.37209302325581395,2,4,healthy,1,one_time_buyer,1,0,0,412,一般发展用户
cust_68c5665b,2024-12-23 09:47:33,2024-12-23 09:47:33,1,91.57,91.57,0.0,0,1,organic,organic,1,91.57,49.63999999999999,1,1,fashion,91.57,49.63999999999999,1,1,organic,,us,mobile,False,seasonal_cycle,8,8,0,0,0.0,0.542098940701103,0.5113636363636364,3,5,fresh,1,one_time_buyer,1,0,0,513,一般发展用户
cust_68d87350,2024-11-21 22:08:57,2024-11-21 22:08:57,1,232.5,232.5,0.0,0,1,direct,direct,3,232.5,75.57,1,1,sports,232.5,75.57,3,1,direct,,fr,mobile,False,medium_replacement_cycle,40,40,0,0,0.0,0.3250322580645161,0.9235880398671097,5,5,fresh,1,one_time_buyer,1,0,1,515,重要发展用户
cust_68dcbd96,2024-10-17 08:30:14,2024-10-17 08:30:14,1,35.46,35.46,0.0,0,1,meta,meta,1,21.73,9.9,1,1,home,21.73,9.9,1,1,meta,camp_ecdcbcbe,uk,desktop,True,long_replacement_cycle,75,75,0,0,0.0,0.4555913483663139,0.05176470588235294,1,5,fresh,1,one_time_buyer,1,0,0,511,一般发展用户
cust_68e06755,2024-09-20 10:27:42,2024-09-20 10:27:42,1,145.31,145.31,0.0,0,1,direct,direct,1,135.28,62.95,1,1,home,135.28,62.95,1,1,organic,,fr,desktop,True,long_replacement_cycle,102,102,0,0,0.0,0.46533116499112953,0.7176470588235294,4,5,fresh,1,one_time_buyer,1,0,1,514,重要发展用户
cust_6900dd35,2024-12-14 16:28:04,2024-12-14 16:28:04,1,198.56,198.56,21.18,1,1,direct,direct,2,211.76,144.45999999999998,1,1,fashion,211.76,144.45999999999998,2,1,meta,camp_51b935c3,us,mobile,False,seasonal_cycle,17,17,0,0,1.0,0.6821873819418208,0.9,5,5,fresh,1,one_time_buyer,1,0,1,515,重要发展用户
cust_6906016c,2024-07-16 10:17:50,2024-07-16 10:17:50,1,327.33,327.33,0.0,0,1,meta,meta,4,327.34000000000003,161.40000000000003,1,2,home,327.34000000000003,161.40000000000003,4,1,meta,camp_05cc7950,fr,desktop,True,long_replacement_cycle,168,168,0,0,0.0,0.4930653143520499,0.9482352941176471,5,4,healthy,1,one_time_buyer,1,0,1,415,重要发展用户
cust_6913cfc2,2024-03-28 13:37:17,2024-03-28 13:37:17,1,363.66,363.66,0.0,0,1,direct,direct,4,351.05,158.53,2,2,home,333.0,146.7,3,1,google,camp_8efbc365,uk,desktop,True,long_replacement_cycle,278,278,0,0,0.0,0.4515880928642643,0.9670588235294117,5,3,cooling,1,one_time_buyer,0,0,1,315,重要唤回用户
cust_69c86e2f,2024-10-14 15:28:32,2024-10-14 15:28:32,1,84.59,84.59,0.0,0,1,google,google,2,76.5,25.979999999999997,1,1,electronics,76.5,25.979999999999997,2,1,google,camp_2b2a8543,us,tablet,False,very_long_replacement_cycle,78,78,0,0,0.0,0.33960784313725484,0.2866666666666667,2,5,fresh,1,one_time_buyer,1,0,0,512,一般发展用户
cust_69d7b8fc,2024-08-30 11:41:12,2024-08-30 11:41:12,1,91.88,91.88,0.0,0,1,meta,meta,1,83.97,32.699999999999996,1,1,home,83.97,32.699999999999996,1,1,meta,camp_c1ff2c2b,us,desktop,False,long_replacement_cycle,123,123,0,0,0.0,0.38942479456948903,0.4164705882352941,3,4,healthy,1,one_time_buyer,1,0,0,413,一般发展用户
cust_69e4ae7d,2024-05-28 13:15:58,2024-05-28 13:15:58,1,72.46,72.46,10.0,1,1,direct,direct,1,73.98,31.970000000000006,1,1,home,73.98,31.970000000000006,1,1,organic,,ca,mobile,False,long_replacement_cycle,217,217,0,0,1.0,0.43214382265477164,0.2541176470588235,2,4,healthy,1,one_time_buyer,1,0,0,412,一般发展用户
cust_69f1f014,2024-06-05 10:20:10,2024-06-05 10:20:10,1,198.58,198.58,0.0,0,1,organic,organic,2,198.58,131.28000000000003,1,1,fashion,198.58,131.28000000000003,2,1,organic,,us,mobile,False,seasonal_cycle,209,209,0,0,0.0,0.6610937657367308,0.9022727272727272,5,3,cooling,1,one_time_buyer,0,0,1,315,重要唤回用户
cust_69ff4a99,2024-03-27 05:56:29,2024-03-27 05:56:29,1,140.76,140.76,0.0,0,1,google,google,2,131.24,75.12,1,1,fashion,131.24,75.12,2,1,google,camp_4b3dbc57,ca,mobile,True,seasonal_cycle,279,279,0,0,0.0,0.572386467540384,0.7545454545454545,4,2,at_risk,1,one_time_buyer,0,0,1,214,重要唤回用户
cust_6a2eb557,2024-07-15 07:28:58,2024-07-15 07:28:58,1,95.21,95.21,0.0,0,1,direct,direct,2,85.91,51.46,2,2,home,66.98,38.75,1,1,meta,camp_de73d4f5,ca,mobile,True,long_replacement_cycle,169,169,0,0,0.0,0.5989989523920383,0.43529411764705883,3,4,healthy,1,one_time_buyer,1,0,0,413,一般发展用户
cust_6a5023a8,2024-03-05 21:28:11,2024-03-05 21:28:11,1,120.78,120.78,0.0,0,1,direct,direct,1,120.78,46.370000000000005,1,1,electronics,120.78,46.370000000000005,1,1,organic,,us,desktop,True,very_long_replacement_cycle,301,301,0,0,0.0,0.38392117900314626,0.5,3,4,healthy,1,one_time_buyer,1,0,0,413,一般发展用户
cust_6a646e9d,2024-08-05 16:18:52,2024-08-05 16:18:52,1,87.16,87.16,0.0,0,1,google,google,2,76.86,39.78,2,2,home,54.4,25.209999999999997,1,1,google,camp_a58d6ff2,fr,mobile,False,long_replacement_cycle,148,148,0,0,0.0,0.5175644028103045,0.36705882352941177,2,4,healthy,1,one_time_buyer,1,0,0,412,一般发展用户
cust_6a6957da,2024-05-14 10:34:08,2024-05-14 10:34:08,1,81.07,81.07,0.0,0,1,direct,direct,1,71.54,22.610000000000007,1,1,sports,71.54,22.610000000000007,1,1,organic,,us,mobile,False,medium_replacement_cycle,231,231,0,0,0.0,0.3160469667318983,0.4418604651162791,3,3,cooling,1,one_time_buyer,0,0,0,313,低价值流失用户
cust_6a8c259c,2024-01-21 10:05:56,2024-01-21 10:05:56,1,111.47,111.47,0.0,0,1,meta,meta,1,97.2,53.120000000000005,1,1,fashion,97.2,53.120000000000005,1,1,meta,camp_2bcc4744,fr,mobile,True,seasonal_cycle,345,345,0,0,0.0,0.5465020576131687,0.6704545454545454,4,1,dormant,1,one_time_buyer,0,0,1,114,重要唤回用户
cust_6ad3fd6e,2024-03-25 21:17:13,2024-03-25 21:17:13,1,113.34,113.34,0.0,0,1,direct,direct,2,113.34,42.09,2,2,electronics,74.67,21.770000000000003,1,1,organic,,de,mobile,False,very_long_replacement_cycle,281,281,0,0,0.0,0.3713605082053997,0.45666666666666667,3,4,healthy,1,one_time_buyer,1,0,0,413,一般发展用户
cust_6aecb4c7,2024-05-25 19:58:39,2024-05-25 19:58:39,1,63.07,63.07,0.0,0,1,direct,direct,1,51.48,35.699999999999996,1,1,beauty,51.48,35.699999999999996,1,1,google,camp_ce945213,de,mobile,True,short_consumption_cycle,220,220,0,0,0.0,0.6934731934731935,0.46715328467153283,3,2,at_risk,1,one_time_buyer,0,0,0,213,低价值流失用户
cust_6b18601e,2024-05-31 08:59:48,2024-05-31 08:59:48,1,176.05,176.05,0.0,0,1,google,google,2,165.84,93.92,1,2,home,165.84,93.92,2,1,google,camp_bf4aded0,de,desktop,False,long_replacement_cycle,214,214,0,0,0.0,0.5663289917993246,0.7835294117647059,4,4,healthy,1,one_time_buyer,1,0,1,414,重要发展用户
cust_6b2f1ee2,2024-03-04 11:23:02,2024-03-04 11:23:02,1,25.77,25.77,0.0,0,1,direct,direct,2,19.54,11.86,1,1,beauty,19.54,11.86,2,1,direct,,us,tablet,True,short_consumption_cycle,302,302,0,0,0.0,0.6069600818833163,0.0364963503649635,1,1,dormant,1,one_time_buyer,0,0,0,111,低价值流失用户
cust_6bb7292a,2024-08-10 15:13:31,2024-08-10 15:13:31,1,118.82,118.82,0.0,0,1,google,google,1,118.82,49.86,1,1,home,118.82,49.86,1,1,google,camp_5718b9eb,de,mobile,False,long_replacement_cycle,143,143,0,0,0.0,0.4196263255344218,0.5764705882352941,3,4,healthy,1,one_time_buyer,1,0,0,413,一般发展用户
cust_6bf551a4,2024-11-30 17:33:17,2024-11-30 17:33:17,1,194.95,194.95,0.0,0,1,tiktok,tiktok,2,194.96,127.66000000000001,1,1,fashion,194.96,127.66000000000001,2,1,tiktok,camp_5f459a27,us,mobile,False,seasonal_cycle,31,31,0,0,0.0,0.6548009848173985,0.8977272727272727,5,5,fresh,1,one_time_buyer,1,0,1,515,重要发展用户
cust_6c24b0fd,2024-07-08 18:32:34,2024-07-08 18:32:34,1,133.84,133.84,0.0,0,1,organic,organic,1,117.99,56.96999999999999,1,1,home,117.99,56.96999999999999,1,1,organic,,de,desktop,False,long_replacement_cycle,176,176,0,0,0.0,0.48283752860411894,0.6494117647058824,4,4,healthy,1,one_time_buyer,1,0,1,414,重要发展用户
cust_6c24e339,2024-09-09 17:00:19,2024-09-09 17:00:19,1,83.78,83.78,0.0,0,1,organic,organic,1,83.78,41.85,1,1,fashion,83.78,41.85,1,1,organic,,de,mobile,False,seasonal_cycle,113,113,0,0,0.0,0.49952255908331344,0.4,2,4,healthy,1,one_time_buyer,1,0,0,412,一般发展用户
cust_6c42b69d,2024-02-28 18:40:01,2024-02-28 18:40:01,1,154.54,154.54,0.0,0,1,tiktok,tiktok,3,154.53,60.040000000000006,2,2,sports,111.14,46.120000000000005,2,1,tiktok,camp_9cd11b37,de,mobile,False,medium_replacement_cycle,307,307,0,0,0.0,0.3885329709441533,0.8272425249169435,5,2,at_risk,1,one_time_buyer,0,0,1,215,重要唤回用户
cust_6c445c49,2024-11-05 13:52:28,2024-11-05 13:52:28,1,89.93,89.93,0.0,0,1,organic,organic,1,89.93,31.400000000000006,1,1,sports,89.93,31.400000000000006,1,1,organic,,de,mobile,True,medium_replacement_cycle,56,56,0,0,0.0,0.34916045813410435,0.5647840531561462,3,5,fresh,1,one_time_buyer,1,0,0,513,一般发展用户
cust_6cb7bb9a,2024-03-08 07:49:03,2024-03-08 07:49:03,1,83.65,83.65,0.0,0,1,tiktok,tiktok,3,72.36,46.17,1,1,beauty,72.36,46.17,3,1,tiktok,camp_875eb2af,de,mobile,True,short_consumption_cycle,298,298,0,0,0.0,0.6380597014925373,0.6934306569343066,4,1,dormant,1,one_time_buyer,0,0,1,114,重要唤回用户
cust_6cc02baa,2024-05-24 11:23:13,2024-05-24 11:23:13,1,140.03,140.03,14.72,1,1,direct,direct,2,147.22,94.0,1,1,beauty,147.22,94.0,2,1,google,camp_3db99b3f,us,tablet,True,short_consumption_cycle,221,221,0,0,1.0,0.6385002037766608,0.8978102189781022,5,2,at_risk,1,one_time_buyer,0,0,1,215,重要唤回用户
cust_6cddc920,2024-04-06 17:47:25,2024-04-06 17:47:25,1,57.3,57.3,0.0,0,1,tiktok,tiktok,1,41.54,25.56,1,1,beauty,41.54,25.56,1,1,tiktok,camp_e17c6d16,de,mobile,True,short_consumption_cycle,269,269,0,0,0.0,0.6153105440539239,0.402676399026764,3,1,dormant,1,one_time_buyer,0,0,0,113,低价值流失用户
cust_6d138d40,2024-08-04 06:08:29,2024-08-04 06:08:29,1,51.83,51.83,0.0,0,1,meta,meta,2,39.52,24.1,1,1,beauty,39.52,24.1,2,1,meta,camp_c02ad897,ca,mobile,True,short_consumption_cycle,149,149,0,0,0.0,0.6098178137651822,0.30656934306569344,2,3,cooling,1,one_time_buyer,0,0,0,312,低价值流失用户
cust_6d6d4496,2024-11-19 20:52:50,2024-11-19 20:52:50,1,146.7,146.7,25.89,1,1,direct,direct,4,172.57999999999998,98.86000000000001,2,2,beauty,89.24,68.78,2,1,tiktok,camp_dbe872f9,us,mobile,True,short_consumption_cycle,42,42,0,0,1.0,0.572835786302005,0.9124087591240876,5,5,fresh,1,one_time_buyer,1,0,1,515,重要发展用户
cust_6d721f8b,2024-10-16 03:02:37,2024-10-16 03:02:37,1,51.12,51.12,0.0,0,1,meta,meta,1,43.16,21.919999999999998,1,1,fashion,43.16,21.919999999999998,1,1,meta,camp_2419a84f,us,mobile,False,seasonal_cycle,76,76,0,0,0.0,0.5078776645041705,0.15,1,4,healthy,1,one_time_buyer,1,0,0,411,一般发展用户
cust_6d76eb88,2024-04-30 09:58:00,2024-04-30 09:58:00,1,74.14,74.14,0.0,0,1,organic,organic,2,64.46,48.67999999999999,1,1,beauty,64.46,48.67999999999999,2,1,organic,,us,desktop,False,short_consumption_cycle,245,245,0,0,0.0,0.7551970214086254,0.5863746958637469,3,1,dormant,1,one_time_buyer,0,0,0,113,低价值流失用户
cust_6ddf8bc5,2024-12-17 17:21:21,2024-12-17 17:21:21,1,60.36,60.36,0.0,0,1,direct,direct,1,50.85,14.700000000000003,1,1,electronics,50.85,14.700000000000003,1,1,tiktok,camp_a87623c9,uk,desktop,True,very_long_replacement_cycle,14,14,0,0,0.0,0.2890855457227139,0.18333333333333332,1,5,fresh,1,one_time_buyer,1,0,0,511,一般发展用户
cust_6df0cf50,2024-02-10 17:46:23,2024-02-10 17:46:23,1,140.84,140.84,0.0,0,1,organic,organic,2,134.46,62.58000000000001,1,1,fashion,134.46,62.58000000000001,2,1,organic,,us,desktop,False,seasonal_cycle,325,325,0,0,0.0,0.4654172244533691,0.759090909090909,4,1,dormant,1,one_time_buyer,0,0,1,114,重要唤回用户
cust_6e2a2064,2024-07-05 10:11:10,2024-07-05 10:11:10,1,102.13,102.13,15.0,1,1,google,google,2,117.12,84.30000000000001,1,1,beauty,117.12,84.30000000000001,2,1,google,camp_b56e07f7,us,mobile,True,short_consumption_cycle,179,179,0,0,1.0,0.7197745901639345,0.7980535279805353,4,2,at_risk,1,one_time_buyer,0,0,1,214,重要唤回用户
cust_6e889a49,2024-04-21 18:41:56,2024-04-21 18:41:56,1,80.49,80.49,0.0,0,1,direct,direct,1,80.49,41.63999999999999,1,1,sports,80.49,41.63999999999999,1,1,meta,camp_d3858cff,us,desktop,False,medium_replacement_cycle,254,254,0,0,0.0,0.5173313455087588,0.43521594684385384,3,3,cooling,1,one_time_buyer,0,0,0,313,低价值流失用户
cust_6e88f4df,2024-06-05 12:48:58,2024-06-05 12:48:58,1,90.99,90.99,0.0,0,1,direct,direct,1,76.09,23.590000000000003,1,1,electronics,76.09,23.590000000000003,1,1,direct,,fr,desktop,False,very_long_replacement_cycle,209,209,0,0,0.0,0.3100275988960442,0.35333333333333333,2,4,healthy,1,one_time_buyer,1,0,0,412,一般发展用户
cust_6eb1d2f4,2024-12-10 17:21:06,2024-12-10 17:21:06,1,28.6,28.6,0.0,0,1,direct,direct,1,19.03,11.530000000000001,1,1,beauty,19.03,11.530000000000001,1,1,direct,,us,mobile,False,short_consumption_cycle,21,21,0,0,0.0,0.6058854440357331,0.04866180048661801,1,5,fresh,1,one_time_buyer,1,0,0,511,一般发展用户
cust_6ed6c3c5,2024-04-12 18:42:10,2024-04-12 18:42:10,1,89.51,89.51,0.0,0,1,google,google,3,72.92999999999999,46.739999999999995,1,1,beauty,72.92999999999999,46.739999999999995,3,1,google,camp_0fb764d9,fr,mobile,False,short_consumption_cycle,263,263,0,0,0.0,0.6408885232414644,0.7396593673965937,4,1,dormant,1,one_time_buyer,0,0,1,114,重要唤回用户
cust_6f429fc8,2024-10-26 17:35:33,2024-10-26 17:35:33,1,49.19,49.19,0.0,0,1,meta,meta,1,39.81,27.68,1,1,beauty,39.81,27.68,1,1,meta,camp_aab989ac,us,desktop,True,short_consumption_cycle,66,66,0,0,0.0,0.6953026877668927,0.2846715328467153,2,4,healthy,1,one_time_buyer,1,0,0,412,一般发展用户
cust_6f5298ee,2024-07-24 12:57:43,2024-07-24 12:57:43,1,36.25,36.25,0.0,0,1,direct,direct,1,27.67,9.23,1,1,electronics,27.67,9.23,1,1,direct,,us,tablet,False,very_long_replacement_cycle,160,160,0,0,0.0,0.3335742681604626,0.013333333333333334,1,5,fresh,1,one_time_buyer,1,0,0,511,一般发展用户
cust_6f79f9d8,2024-09-15 07:26:05,2024-09-15 07:26:05,1,173.43,173.43,30.61,1,1,direct,direct,3,204.03000000000003,123.96000000000002,1,1,fashion,204.03000000000003,123.96000000000002,3,1,tiktok,camp_f30ed98e,uk,mobile,False,seasonal_cycle,107,107,0,0,1.0,0.6075577121011616,0.8636363636363636,5,4,healthy,1,one_time_buyer,1,0,1,415,重要发展用户
cust_6f832463,2024-01-02 01:17:38,2024-01-02 01:17:38,1,85.81,85.81,15.0,1,1,google,google,2,100.81,65.2,2,2,fashion,72.7,49.290000000000006,1,1,google,camp_a8073d21,de,mobile,False,seasonal_cycle,364,364,0,0,1.0,0.6467612340045631,0.43863636363636366,3,1,dormant,1,one_time_buyer,0,0,0,113,低价值流失用户
cust_6f927c09,2024-10-10 12:20:11,2024-10-10 12:20:11,1,33.12,33.12,0.0,0,1,direct,direct,2,20.88,13.219999999999999,1,1,beauty,20.88,13.219999999999999,2,1,meta,camp_cad21a6a,ca,mobile,True,short_consumption_cycle,82,82,0,0,0.0,0.6331417624521073,0.10948905109489052,1,4,healthy,1,one_time_buyer,1,0,0,411,一般发展用户
cust_6fba4f06,2024-04-01 22:21:40,2024-04-01 22:21:40,1,90.41,90.41,0.0,0,1,direct,direct,1,90.41,44.209999999999994,1,1,sports,90.41,44.209999999999994,1,1,direct,,uk,desktop,False,medium_replacement_cycle,274,274,0,0,0.0,0.488994580245548,0.5714285714285714,3,3,cooling,1,one_time_buyer,0,0,0,313,低价值流失用户
cust_6fe564ee,2024-09-14 07:27:52,2024-09-14 07:27:52,1,86.57,86.57,0.0,0,1,google,google,1,72.6,41.33999999999999,1,1,home,72.6,41.33999999999999,1,1,google,camp_2175b147,fr,desktop,True,long_replacement_cycle,108,108,0,0,0.0,0.5694214876033057,0.35764705882352943,2,5,fresh,1,one_time_buyer,1,0,0,512,一般发展用户
cust_6fef667d,2024-12-10 20:40:44,2024-12-10 20:40:44,1,158.37,158.37,0.0,0,1,organic,organic,2,158.36,70.83,2,2,fashion,79.94,44.72,1,1,organic,,fr,tablet,True,seasonal_cycle,21,21,0,0,0.0,0.4472720383935337,0.825,5,5,fresh,1,one_time_buyer,1,0,1,515,重要发展用户
cust_6ff2c26c,2024-08-31 11:39:43,2024-08-31 11:39:43,1,178.74,178.74,5.0,1,1,google,google,4,183.72,116.56,2,2,fashion,101.28,55.15,1,1,google,camp_1b9795fb,fr,mobile,True,seasonal_cycle,122,122,0,0,1.0,0.6344437187023731,0.8818181818181818,5,3,cooling,1,one_time_buyer,0,0,1,315,重要唤回用户
cust_6ffd9a72,2024-02-05 22:41:15,2024-02-05 22:41:15,1,77.1,77.1,0.0,0,1,google,google,1,67.79,40.92,1,1,beauty,67.79,40.92,1,1,google,camp_22495b8b,us,desktop,True,short_consumption_cycle,330,330,0,0,0.0,0.6036288538132467,0.6155717761557178,4,1,dormant,1,one_time_buyer,0,0,1,114,重要唤回用户
cust_70bc0f69,2024-11-30 09:13:10,2024-11-30 09:13:10,1,82.71,82.71,0.0,0,1,direct,direct,1,75.4,48.790000000000006,1,1,beauty,75.4,48.790000000000006,1,1,direct,,us,mobile,False,short_consumption_cycle,31,31,0,0,0.0,0.6470822281167109,0.681265206812652,4,5,fresh,1,one_time_buyer,1,0,1,514,重要发展用户
cust_70c71518,2024-07-13 09:32:18,2024-07-13 09:32:18,1,79.62,79.62,5.0,1,1,google,google,1,74.84,22.340000000000003,1,1,electronics,74.84,22.340000000000003,1,1,google,camp_f21220ad,us,desktop,False,very_long_replacement_cycle,171,171,0,0,1.0,0.2985034740780332,0.25,2,5,fresh,1,one_time_buyer,1,0,0,512,一般发展用户
cust_70cda276,2024-08-10 14:07:36,2024-08-10 14:07:36,1,103.63,103.63,0.0,0,1,direct,direct,1,103.63,37.17999999999999,1,1,electronics,103.63,37.17999999999999,1,1,google,camp_eb86b9a6,us,mobile,False,very_long_replacement_cycle,143,143,0,0,0.0,0.35877641609572514,0.43,3,5,fresh,1,one_time_buyer,1,0,0,513,一般发展用户
cust_71100e2b,2024-11-13 23:19:53,2024-11-13 23:19:53,1,101.73,101.73,0.0,0,1,direct,direct,2,101.72999999999999,31.339999999999996,2,2,electronics,72.21,19.309999999999995,1,1,organic,,de,tablet,False,very_long_replacement_cycle,48,48,0,0,0.0,0.30807038238474393,0.4166666666666667,3,5,fresh,1,one_time_buyer,1,0,0,513,一般发展用户
cust_713f236a,2024-01-24 20:37:34,2024-01-24 20:37:34,1,56.11,56.11,0.0,0,1,google,google,1,43.02,29.830000000000005,1,1,beauty,43.02,29.830000000000005,1,1,google,camp_7f37e448,fr,mobile,True,short_consumption_cycle,342,342,0,0,0.0,0.693398419339842,0.3771289537712895,2,1,dormant,1,one_time_buyer,0,0,0,112,低价值流失用户
cust_71b8f426,2024-01-08 10:16:42,2024-08-26 20:31:48,2,149.48000000000002,74.74000000000001,18.560000000000002,2,1,organic,organic,3,147.6,90.98,2,2,fashion,90.42,58.2,1,1,organic,,uk,mobile,True,seasonal_cycle,127,358,231,1,1.0,0.6163956639566396,0.7954545454545454,4,3,cooling,3,early_repeat_buyer,0,1,1,334,重要挽留用户
cust_71eb9a2c,2024-01-25 08:35:05,2024-01-25 08:35:05,1,67.07,67.07,10.44,1,1,direct,direct,1,69.6,46.19,1,1,fashion,69.6,46.19,1,1,google,camp_35f410aa,us,mobile,False,seasonal_cycle,341,341,0,0,1.0,0.6636494252873564,0.24545454545454545,2,1,dormant,1,one_time_buyer,0,0,0,112,低价值流失用户
cust_71f77ecb,2024-06-18 07:10:07,2024-06-18 07:10:07,1,113.56,113.56,5.0,1,1,direct,direct,1,118.56,44.150000000000006,1,1,electronics,118.56,44.150000000000006,1,1,google,camp_55cb0b1c,us,mobile,False,very_long_replacement_cycle,196,196,0,0,1.0,0.37238529014844807,0.46,3,4,healthy,1,one_time_buyer,1,0,0,413,一般发展用户
cust_71ff385e,2024-01-29 11:22:28,2024-01-29 11:22:28,1,34.06,34.06,6.12,1,1,direct,direct,1,30.62,15.06,1,1,fashion,30.62,15.06,1,1,tiktok,camp_23af8c13,uk,mobile,False,seasonal_cycle,337,337,0,0,1.0,0.4918354016982365,0.05,1,1,dormant,1,one_time_buyer,0,0,0,111,低价值流失用户
cust_7203a736,2024-06-15 09:19:13,2024-06-15 09:19:13,1,28.34,28.34,0.0,0,1,direct,direct,1,20.81,12.479999999999999,1,1,fashion,20.81,12.479999999999999,1,1,google,camp_f7724d83,us,desktop,False,seasonal_cycle,199,199,0,0,0.0,0.5997116770783277,0.020454545454545454,1,3,cooling,1,one_time_buyer,0,0,0,311,低价值流失用户
cust_720bce16,2024-07-01 19:31:49,2024-07-01 19:31:49,1,260.96,260.96,0.0,0,1,meta,meta,2,260.96,152.59999999999997,1,1,home,260.96,152.59999999999997,2,1,meta,camp_108a3dc7,us,mobile,False,long_replacement_cycle,183,183,0,0,0.0,0.584763948497854,0.908235294117647,5,4,healthy,1,one_time_buyer,1,0,1,415,重要发展用户
cust_72239818,2024-08-27 21:12:25,2024-08-27 21:12:25,1,71.43,71.43,0.0,0,1,organic,organic,2,58.52,33.540000000000006,1,1,home,58.52,33.540000000000006,2,1,organic,,uk,mobile,False,long_replacement_cycle,126,126,0,0,0.0,0.5731373889268627,0.24941176470588236,2,4,healthy,1,one_time_buyer,1,0,0,412,一般发展用户
cust_722d7e3e,2024-08-19 08:29:29,2024-08-19 08:29:29,1,69.59,69.59,0.0,0,1,organic,organic,2,56.12,31.479999999999997,1,1,home,56.12,31.479999999999997,2,1,organic,,uk,tablet,True,long_replacement_cycle,134,134,0,0,0.0,0.5609408410548824,0.24,2,4,healthy,1,one_time_buyer,1,0,0,412,一般发展用户
cust_723c8964,2024-01-17 21:00:30,2024-01-17 21:00:30,1,82.74,82.74,0.0,0,1,google,google,1,70.53,28.520000000000003,1,1,home,70.53,28.520000000000003,1,1,google,camp_604c162f,ca,tablet,False,long_replacement_cycle,349,349,0,0,0.0,0.4043669360555792,0.32,2,3,cooling,1,one_time_buyer,0,0,0,312,低价值流失用户
cust_725543b3,2024-02-10 18:35:39,2024-02-10 18:35:39,1,147.47,147.47,0.0,0,1,tiktok,tiktok,2,134.44,83.14,1,1,beauty,134.44,83.14,2,1,tiktok,camp_4f1fef2f,de,mobile,False,short_consumption_cycle,325,325,0,0,0.0,0.6184171377566201,0.9197080291970803,5,1,dormant,1,one_time_buyer,0,0,1,115,重要唤回用户
cust_726e9d91,2024-11-08 10:53:56,2024-11-08 10:53:56,1,92.75,92.75,0.0,0,1,organic,organic,2,92.74,60.86,1,1,fashion,92.74,60.86,2,1,organic,,fr,desktop,False,seasonal_cycle,53,53,0,0,0.0,0.6562432607289196,0.525,3,5,fresh,1,one_time_buyer,1,0,0,513,一般发展用户
cust_72929ab3,2024-11-10 17:53:12,2024-11-10 17:53:12,1,144.53,144.53,0.0,0,1,direct,direct,3,144.52,58.75000000000001,2,2,home,86.54,33.28000000000001,2,1,tiktok,camp_c958c284,uk,desktop,False,long_replacement_cycle,51,51,0,0,0.0,0.4065181289786881,0.7105882352941176,4,5,fresh,1,one_time_buyer,1,0,1,514,重要发展用户
cust_72a7f549,2024-03-24 13:58:15,2024-03-24 13:58:15,1,44.79,44.79,8.95,1,1,direct,direct,1,44.76,31.57,1,1,beauty,44.76,31.57,1,1,direct,,ca,mobile,False,short_consumption_cycle,282,282,0,0,1.0,0.7053172475424486,0.23114355231143552,2,1,dormant,1,one_time_buyer,0,0,0,112,低价值流失用户
cust_72aa67ab,2024-03-08 15:48:42,2024-03-08 15:48:42,1,48.71,48.71,0.0,0,1,direct,direct,1,41.64,26.15,1,1,fashion,41.64,26.15,1,1,organic,,us,mobile,True,seasonal_cycle,298,298,0,0,0.0,0.6280019212295869,0.1409090909090909,1,2,at_risk,1,one_time_buyer,0,0,0,211,低价值流失用户
cust_72b3f3d8,2024-07-05 08:28:41,2024-07-05 08:28:41,1,87.02,87.02,0.0,0,1,direct,direct,2,76.22,36.64,1,1,home,76.22,36.64,2,1,direct,,de,tablet,False,long_replacement_cycle,179,179,0,0,0.0,0.48071372343217006,0.36470588235294116,2,4,healthy,1,one_time_buyer,1,0,0,412,一般发展用户
cust_72fab500,2024-11-15 10:27:52,2024-11-15 10:27:52,1,41.56,41.56,0.0,0,1,google,google,1,33.15,18.74,1,1,fashion,33.15,18.74,1,1,google,camp_0feec91d,us,desktop,False,seasonal_cycle,46,46,0,0,0.0,0.5653092006033182,0.09204545454545454,1,5,fresh,1,one_time_buyer,1,0,0,511,一般发展用户
cust_7305157b,2024-01-27 15:27:04,2024-01-27 15:27:04,1,78.68,78.68,19.67,1,1,direct,direct,2,98.36,74.0,1,1,beauty,98.36,74.0,2,1,google,camp_3051e5c6,uk,mobile,True,short_consumption_cycle,339,339,0,0,1.0,0.7523383489223262,0.6399026763990268,4,1,dormant,1,one_time_buyer,0,0,1,114,重要唤回用户
cust_7333ac07,2024-03-15 18:48:57,2024-03-15 18:48:57,1,33.21,33.21,0.0,0,1,direct,direct,1,26.03,16.3,1,1,beauty,26.03,16.3,1,1,google,camp_54daa6c2,us,mobile,False,short_consumption_cycle,291,291,0,0,0.0,0.6262005378409528,0.11800486618004866,1,1,dormant,1,one_time_buyer,0,0,0,111,低价值流失用户
cust_733b67f3,2024-11-28 21:20:51,2024-11-28 21:20:51,1,71.59,71.59,15.0,1,1,direct,direct,1,76.35,23.849999999999994,1,1,electronics,76.35,23.849999999999994,1,1,direct,,ca,mobile,True,very_long_replacement_cycle,33,33,0,0,1.0,0.31237721021611,0.21666666666666667,2,5,fresh,1,one_time_buyer,1,0,0,512,一般发展用户
cust_73708941,2024-11-17 20:38:56,2024-11-17 20:38:56,1,58.02,58.02,0.0,0,1,direct,direct,1,44.24,17.610000000000003,1,1,home,44.24,17.610000000000003,1,1,direct,,de,mobile,False,long_replacement_cycle,44,44,0,0,0.0,0.3980560578661845,0.20941176470588235,2,5,fresh,1,one_time_buyer,1,0,0,512,一般发展用户
cust_7383698a,2024-12-25 16:01:05,2024-12-25 16:01:05,1,127.58,127.58,0.0,0,1,email,email,3,113.94,87.33,1,1,beauty,113.94,87.33,3,1,email,,fr,tablet,False,short_consumption_cycle,6,6,0,0,0.0,0.7664560294892049,0.8613138686131386,5,5,fresh,1,one_time_buyer,1,0,1,515,重要发展用户
cust_739128f7,2024-02-07 10:03:28,2024-02-07 10:03:28,1,160.83,160.83,40.21,1,1,direct,direct,2,201.04,71.33000000000001,2,2,electronics,162.56,45.60000000000001,1,1,tiktok,camp_2867121e,us,mobile,False,very_long_replacement_cycle,328,328,0,0,1.0,0.3548050139275767,0.715,4,4,healthy,1,one_time_buyer,1,0,1,414,重要发展用户
cust_739b2ce3,2024-12-07 12:43:23,2024-12-07 12:43:23,1,75.02,75.02,0.0,0,1,google,google,1,65.94,39.06999999999999,1,1,beauty,65.94,39.06999999999999,1,1,google,camp_232c08df,us,mobile,False,short_consumption_cycle,24,24,0,0,0.0,0.5925083409159841,0.6034063260340633,4,5,fresh,1,one_time_buyer,1,0,1,514,重要发展用户
cust_73d5afc4,2024-02-16 15:49:17,2024-02-16 15:49:17,1,46.91,46.91,0.0,0,1,direct,direct,1,37.57,28.700000000000003,1,1,beauty,37.57,28.700000000000003,1,1,meta,camp_ea9fb584,us,mobile,False,short_consumption_cycle,319,319,0,0,0.0,0.7639073729039128,0.24087591240875914,2,1,dormant,1,one_time_buyer,0,0,0,112,低价值流失用户
cust_73d8078f,2024-09-20 13:53:55,2024-09-20 13:53:55,1,101.97,101.97,0.0,0,1,organic,organic,1,91.86,33.33,1,1,sports,91.86,33.33,1,1,organic,,de,mobile,False,medium_replacement_cycle,102,102,0,0,0.0,0.3628347485303723,0.654485049833887,4,4,healthy,1,one_time_buyer,1,0,1,414,重要发展用户
cust_74175d8f,2024-01-05 00:56:57,2024-01-05 00:56:57,1,71.92,71.92,0.0,0,1,meta,meta,2,65.0,40.120000000000005,1,1,beauty,65.0,40.120000000000005,2,1,meta,camp_471b8371,us,desktop,False,short_consumption_cycle,361,361,0,0,0.0,0.6172307692307692,0.5669099756690997,3,1,dormant,1,one_time_buyer,0,0,0,113,低价值流失用户
cust_7432b395,2024-08-19 11:46:10,2024-08-19 11:46:10,1,95.86,95.86,0.0,0,1,tiktok,tiktok,1,95.86,51.89,1,1,fashion,95.86,51.89,1,1,tiktok,camp_4de61cc9,us,mobile,True,seasonal_cycle,134,134,0,0,0.0,0.5413102441059879,0.55,3,3,cooling,1,one_time_buyer,0,0,0,313,低价值流失用户
cust_7442fb70,2024-10-05 13:04:06,2024-10-05 13:04:06,1,251.68,251.68,0.0,0,1,direct,direct,3,251.69,132.20999999999998,2,2,sports,157.38,70.11999999999999,2,1,direct,,fr,desktop,False,medium_replacement_cycle,87,87,0,0,0.0,0.5252890460487106,0.9534883720930233,5,5,fresh,1,one_time_buyer,1,0,1,515,重要发展用户
cust_748159ac,2024-11-13 12:35:07,2024-11-13 12:35:07,1,96.17,96.17,0.0,0,1,direct,direct,1,96.17,62.52,1,1,fashion,96.17,62.52,1,1,organic,,us,mobile,False,seasonal_cycle,48,48,0,0,0.0,0.6500987834043881,0.5522727272727272,3,5,fresh,1,one_time_buyer,1,0,0,513,一般发展用户
cust_748fedba,2024-03-22 21:54:51,2024-03-22 21:54:51,1,95.39,95.39,0.0,0,1,google,google,1,95.39,51.31,1,1,fashion,95.39,51.31,1,1,google,camp_64539bdd,de,mobile,False,seasonal_cycle,284,284,0,0,0.0,0.5378970541985534,0.5454545454545454,3,2,at_risk,1,one_time_buyer,0,0,0,213,低价值流失用户
cust_749fe628,2024-07-27 18:41:24,2024-07-27 18:41:24,1,21.48,21.48,0.0,0,1,direct,direct,1,11.33,7.800000000000001,1,1,beauty,11.33,7.800000000000001,1,1,google,camp_bf6f4194,de,mobile,False,short_consumption_cycle,157,157,0,0,0.0,0.6884377758164166,0.0267639902676399,1,2,at_risk,1,one_time_buyer,0,0,0,211,低价值流失用户
cust_74de1318,2024-03-30 11:00:15,2024-03-30 11:00:15,1,208.38,208.38,0.0,0,1,direct,direct,2,208.38,120.44,1,1,fashion,208.38,120.44,2,1,organic,,fr,mobile,False,seasonal_cycle,276,276,0,0,0.0,0.5779825319128515,0.9159090909090909,5,2,at_risk,1,one_time_buyer,0,0,1,215,重要唤回用户
cust_74e4b02f,2024-12-25 16:36:24,2024-12-25 16:36:24,1,96.31,96.31,0.0,0,1,direct,direct,1,81.56,48.38,1,1,fashion,81.56,48.38,1,1,meta,camp_42d2abf6,fr,mobile,False,seasonal_cycle,6,6,0,0,0.0,0.5931829328102011,0.5568181818181818,3,5,fresh,1,one_time_buyer,1,0,0,513,一般发展用户
cust_751eb061,2024-07-15 17:56:46,2024-07-15 17:56:46,1,31.88,31.88,0.0,0,1,direct,direct,1,20.93,13.219999999999999,1,1,beauty,20.93,13.219999999999999,1,1,google,camp_b442afb2,ca,desktop,False,short_consumption_cycle,169,169,0,0,0.0,0.6316292403248924,0.09975669099756691,1,2,at_risk,1,one_time_buyer,0,0,0,211,低价值流失用户
cust_75336973,2024-04-05 21:35:14,2024-04-05 21:35:14,1,177.87,177.87,0.0,0,1,direct,direct,4,177.86,97.57,2,2,fashion,140.19,84.47999999999999,3,1,email,,us,mobile,False,seasonal_cycle,270,270,0,0,0.0,0.5485775328910378,0.8795454545454545,5,2,at_risk,1,one_time_buyer,0,0,1,215,重要唤回用户
cust_759a11a9,2024-10-21 06:53:18,2024-10-21 06:53:18,1,94.78,94.78,10.53,1,1,direct,direct,3,105.30000000000001,42.66000000000001,1,1,home,105.30000000000001,42.66000000000001,3,1,direct,,us,mobile,True,long_replacement_cycle,71,71,0,0,1.0,0.4051282051282052,0.42823529411764705,3,5,fresh,1,one_time_buyer,1,0,0,513,一般发展用户
cust_75b43426,2024-08-17 13:36:18,2024-08-17 13:36:18,1,57.37,57.37,0.0,0,1,email,email,1,44.48,17.24,1,1,electronics,44.48,17.24,1,1,email,,ca,mobile,False,very_long_replacement_cycle,136,136,0,0,0.0,0.38758992805755393,0.16,1,5,fresh,1,one_time_buyer,1,0,0,511,一般发展用户
cust_75beb873,2024-09-16 18:34:54,2024-09-16 18:34:54,1,280.25,280.25,0.0,0,1,organic,organic,4,280.24,163.93,2,2,beauty,141.87,97.88999999999999,3,1,organic,,fr,desktop,True,short_consumption_cycle,106,106,0,0,0.0,0.5849628889523266,0.9975669099756691,5,3,cooling,1,one_time_buyer,0,0,1,315,重要唤回用户
cust_75f9405e,2024-12-15 12:50:34,2024-12-15 12:50:34,1,39.71,39.71,5.0,1,1,google,google,1,29.16,10.55,1,1,sports,29.16,10.55,1,1,google,camp_d6fbd4d7,fr,desktop,False,medium_replacement_cycle,16,16,0,0,1.0,0.36179698216735257,0.08970099667774087,1,5,fresh,1,one_time_buyer,1,0,0,511,一般发展用户
cust_76066cad,2024-05-11 19:59:00,2024-05-11 19:59:00,1,87.46,87.46,0.0,0,1,organic,organic,1,73.9,50.49000000000001,1,1,fashion,73.9,50.49000000000001,1,1,organic,,de,desktop,False,seasonal_cycle,234,234,0,0,0.0,0.6832205683355888,0.4693181818181818,3,2,at_risk,1,one_time_buyer,0,0,0,213,低价值流失用户
cust_76197dbc,2024-07-26 11:10:02,2024-07-26 11:10:02,1,290.96,290.96,10.0,1,1,google,google,3,287.19,174.15,2,2,fashion,228.9,129.06,2,1,google,camp_3af81949,uk,mobile,False,seasonal_cycle,158,158,0,0,1.0,0.6063929802569727,0.9704545454545455,5,3,cooling,1,one_time_buyer,0,0,1,315,重要唤回用户
cust_768f4e49,2024-07-13 10:09:07,2024-07-13 10:09:07,1,143.03,143.03,0.0,0,1,organic,organic,1,143.03,56.11,1,1,electronics,143.03,56.11,1,1,organic,,us,mobile,False,very_long_replacement_cycle,171,171,0,0,0.0,0.3922953226595819,0.625,4,5,fresh,1,one_time_buyer,1,0,1,514,重要发展用户
cust_76ae99ad,2024-08-24 21:24:36,2024-08-24 21:24:36,1,32.04,32.04,0.0,0,1,direct,direct,1,25.09,10.83,1,1,home,25.09,10.83,1,1,direct,,us,tablet,False,long_replacement_cycle,129,129,0,0,0.0,0.4316460741331208,0.023529411764705882,1,4,healthy,1,one_time_buyer,1,0,0,411,一般发展用户
cust_76b77278,2024-05-05 18:10:54,2024-05-05 18:10:54,1,58.47,58.47,0.0,0,1,tiktok,tiktok,1,51.63,15.480000000000004,1,1,electronics,51.63,15.480000000000004,1,1,tiktok,camp_79479d1c,us,mobile,False,very_long_replacement_cycle,240,240,0,0,0.0,0.2998256827425916,0.16666666666666666,1,4,healthy,1,one_time_buyer,1,0,0,411,一般发展用户
cust_76ef585a,2024-01-27 21:40:52,2024-01-27 21:40:52,1,172.73,172.73,0.0,0,1,direct,direct,1,161.7,57.489999999999995,1,1,electronics,161.7,57.489999999999995,1,1,meta,camp_c2009f8d,ca,mobile,False,very_long_replacement_cycle,339,339,0,0,0.0,0.35553494124922697,0.7566666666666667,4,4,healthy,1,one_time_buyer,1,0,1,414,重要发展用户
cust_770146c2,2024-04-23 17:35:00,2024-04-23 17:35:00,1,73.65,73.65,0.0,0,1,direct,direct,3,63.22,27.67,2,2,sports,42.2,14.360000000000003,2,1,google,camp_0f0d2872,ca,desktop,True,medium_replacement_cycle,252,252,0,0,0.0,0.43767795001581783,0.3853820598006645,2,3,cooling,1,one_time_buyer,0,0,0,312,低价值流失用户
cust_770a81fd,2024-06-11 09:53:31,2024-06-11 09:53:31,1,119.18,119.18,0.0,0,1,direct,direct,1,109.83,53.28,1,1,sports,109.83,53.28,1,1,meta,camp_fca93b61,ca,desktop,False,medium_replacement_cycle,203,203,0,0,0.0,0.48511335700628244,0.7275747508305648,4,3,cooling,1,one_time_buyer,0,0,1,314,重要唤回用户
cust_770f14b4,2024-10-26 20:17:47,2024-10-26 20:17:47,1,349.81,349.81,0.0,0,1,organic,organic,3,349.79999999999995,126.57,1,1,electronics,349.79999999999995,126.57,3,1,organic,,uk,desktop,False,very_long_replacement_cycle,66,66,0,0,0.0,0.36183533447684396,0.95,5,5,fresh,1,one_time_buyer,1,0,1,515,重要发展用户
cust_772cccca,2024-01-29 07:48:29,2024-01-29 07:48:29,1,224.67,224.67,0.0,0,1,direct,direct,4,224.67000000000002,158.68,2,2,beauty,181.05,141.69,3,1,direct,,fr,mobile,False,short_consumption_cycle,337,337,0,0,0.0,0.7062803222504117,0.9829683698296837,5,1,dormant,1,one_time_buyer,0,0,1,115,重要唤回用户
cust_7733825b,2024-08-11 09:14:07,2024-08-11 09:14:07,1,48.77,48.77,0.0,0,1,meta,meta,2,39.24,23.82,1,1,beauty,39.24,23.82,2,1,meta,camp_87f4dfbb,uk,desktop,False,short_consumption_cycle,142,142,0,0,0.0,0.6070336391437309,0.2773722627737226,2,3,cooling,1,one_time_buyer,0,0,0,312,低价值流失用户
cust_778864f8,2024-12-19 10:26:30,2024-12-19 10:26:30,1,66.26,66.26,0.0,0,1,google,google,2,51.4,33.94,1,1,beauty,51.4,33.94,2,1,google,camp_6109ecb7,uk,mobile,False,short_consumption_cycle,12,12,0,0,0.0,0.6603112840466926,0.5158150851581509,3,5,fresh,1,one_time_buyer,1,0,0,513,一般发展用户
cust_77b7f167,2024-05-09 13:14:30,2024-05-09 13:14:30,1,39.25,39.25,0.0,0,1,google,google,1,31.18,14.559999999999999,1,1,fashion,31.18,14.559999999999999,1,1,google,camp_01babcaf,ca,desktop,False,seasonal_cycle,236,236,0,0,0.0,0.46696600384862086,0.07727272727272727,1,2,at_risk,1,one_time_buyer,0,0,0,211,低价值流失用户
cust_77ece1d6,2024-10-22 08:57:02,2024-10-22 08:57:02,1,93.9,93.9,0.0,0,1,email,email,1,93.9,61.68000000000001,1,1,fashion,93.9,61.68000000000001,1,1,email,,uk,desktop,False,seasonal_cycle,70,70,0,0,0.0,0.6568690095846645,0.5329545454545455,3,4,healthy,1,one_time_buyer,1,0,0,413,一般发展用户
cust_77fe5c86,2024-12-01 19:16:06,2024-12-01 19:16:06,1,108.95,108.95,0.0,0,1,direct,direct,1,108.95,46.85,1,1,home,108.95,46.85,1,1,email,,de,mobile,False,long_replacement_cycle,30,30,0,0,0.0,0.4300137677833869,0.4976470588235294,3,5,fresh,1,one_time_buyer,1,0,0,513,一般发展用户
cust_783ab42d,2024-11-08 23:53:48,2024-11-08 23:53:48,1,78.75,78.75,0.0,0,1,direct,direct,1,68.89,32.55,1,1,home,68.89,32.55,1,1,organic,,uk,mobile,False,long_replacement_cycle,53,53,0,0,0.0,0.4724923791551749,0.2752941176470588,2,5,fresh,1,one_time_buyer,1,0,0,512,一般发展用户
cust_7844ab0b,2024-11-05 08:20:29,2024-11-05 08:20:29,1,312.22,312.22,0.0,0,1,organic,organic,2,302.18,93.76000000000002,1,1,electronics,302.18,93.76000000000002,2,1,organic,,uk,desktop,False,very_long_replacement_cycle,56,56,0,0,0.0,0.3102786418690847,0.9133333333333333,5,5,fresh,1,one_time_buyer,1,0,1,515,重要发展用户
cust_789924f6,2024-06-05 12:53:21,2024-06-05 12:53:21,1,64.94,64.94,0.0,0,1,direct,direct,1,56.82,43.620000000000005,1,1,beauty,56.82,43.620000000000005,1,1,meta,camp_f359144c,us,tablet,False,short_consumption_cycle,209,209,0,0,0.0,0.767687434002112,0.5060827250608273,3,2,at_risk,1,one_time_buyer,0,0,0,213,低价值流失用户
cust_78a43c00,2024-09-17 19:30:03,2024-09-17 19:30:03,1,77.15,77.15,0.0,0,1,organic,organic,1,68.15,46.56,1,1,beauty,68.15,46.56,1,1,organic,,ca,mobile,True,short_consumption_cycle,105,105,0,0,0.0,0.6831988261188554,0.6180048661800487,4,3,cooling,1,one_time_buyer,0,0,1,314,重要唤回用户
cust_78ca2de3,2024-01-29 17:09:11,2024-01-29 17:09:11,1,33.13,33.13,0.0,0,1,direct,direct,1,20.79,13.079999999999998,1,1,beauty,20.79,13.079999999999998,1,1,direct,,uk,mobile,False,short_consumption_cycle,337,337,0,0,0.0,0.6291486291486291,0.11192214111922141,1,1,dormant,1,one_time_buyer,0,0,0,111,低价值流失用户
cust_78ccdb47,2024-02-15 12:06:31,2024-02-15 12:06:31,1,102.28,102.28,0.0,0,1,tiktok,tiktok,2,95.95,67.33000000000001,2,2,fashion,50.09,31.520000000000003,1,1,tiktok,camp_c628358c,us,tablet,False,seasonal_cycle,320,320,0,0,0.0,0.7017196456487755,0.6022727272727273,4,1,dormant,1,one_time_buyer,0,0,1,114,重要唤回用户
cust_78ff646e,2024-07-22 11:14:58,2024-07-22 11:14:58,1,82.14,82.14,0.0,0,1,google,google,1,72.72,45.07,1,1,fashion,72.72,45.07,1,1,google,camp_a2d08d2f,us,desktop,False,seasonal_cycle,162,162,0,0,0.0,0.6197744774477448,0.3795454545454545,2,3,cooling,1,one_time_buyer,0,0,0,312,低价值流失用户
cust_7919cd08,2024-05-04 10:15:01,2024-05-04 10:15:01,1,111.66,111.66,10.0,1,1,direct,direct,1,121.66,62.4,1,1,home,121.66,62.4,1,1,meta,camp_1e94ec99,us,desktop,True,long_replacement_cycle,241,241,0,0,1.0,0.512904816702285,0.52,3,3,cooling,1,one_time_buyer,0,0,0,313,低价值流失用户
cust_792e6bb1,2024-05-20 11:58:23,2024-05-20 11:58:23,1,86.81,86.81,0.0,0,1,tiktok,tiktok,1,86.81,44.88,1,1,fashion,86.81,44.88,1,1,tiktok,camp_c62c3c7c,uk,desktop,False,seasonal_cycle,225,225,0,0,0.0,0.5169911300541412,0.45681818181818185,3,2,at_risk,1,one_time_buyer,0,0,0,213,低价值流失用户
cust_792fe5e5,2024-04-12 19:51:16,2024-04-12 19:51:16,1,51.36,51.36,0.0,0,1,direct,direct,1,40.88,14.250000000000004,1,1,home,40.88,14.250000000000004,1,1,direct,,de,desktop,False,long_replacement_cycle,263,263,0,0,0.0,0.3485812133072408,0.17882352941176471,1,3,cooling,1,one_time_buyer,0,0,0,311,低价值流失用户
cust_79336b0e,2024-03-22 22:31:04,2024-03-22 22:31:04,1,95.17,95.17,0.0,0,1,tiktok,tiktok,1,95.17,42.89,1,1,sports,95.17,42.89,1,1,tiktok,camp_777c20cd,ca,desktop,True,medium_replacement_cycle,284,284,0,0,0.0,0.4506672270673532,0.6179401993355482,4,3,cooling,1,one_time_buyer,0,0,1,314,重要唤回用户
cust_79468ecc,2024-12-20 17:11:33,2024-12-20 17:11:33,1,117.36,117.36,0.0,0,1,organic,organic,1,117.36,48.400000000000006,1,1,home,117.36,48.400000000000006,1,1,organic,,us,mobile,False,long_replacement_cycle,11,11,0,0,0.0,0.4124062713019769,0.5576470588235294,3,5,fresh,1,one_time_buyer,1,0,0,513,一般发展用户
cust_794890b2,2024-10-05 10:23:46,2024-10-05 10:23:46,1,54.85,54.85,0.0,0,1,google,google,1,42.49,12.630000000000003,1,1,electronics,42.49,12.630000000000003,1,1,google,camp_4643ce58,uk,mobile,False,very_long_replacement_cycle,87,87,0,0,0.0,0.2972464109202166,0.13333333333333333,1,5,fresh,1,one_time_buyer,1,0,0,511,一般发展用户
cust_7974311a,2024-05-10 03:05:21,2024-05-10 03:05:21,1,37.48,37.48,6.22,1,1,direct,direct,1,31.12,18.68,1,1,beauty,31.12,18.68,1,1,tiktok,camp_4221a067,ca,desktop,True,short_consumption_cycle,235,235,0,0,1.0,0.6002570694087404,0.1654501216545012,1,2,at_risk,1,one_time_buyer,0,0,0,211,低价值流失用户
cust_79ad072d,2024-08-31 10:09:03,2024-08-31 10:09:03,1,150.58,150.58,0.0,0,1,direct,direct,2,150.58,66.56000000000002,1,1,home,150.58,66.56000000000002,2,1,organic,,us,mobile,True,long_replacement_cycle,122,122,0,0,0.0,0.4420241731969718,0.7411764705882353,4,4,healthy,1,one_time_buyer,1,0,1,414,重要发展用户
cust_79cfc6fc,2024-02-22 11:58:48,2024-02-22 11:58:48,1,288.73,288.73,0.0,0,1,direct,direct,2,288.72,95.84000000000003,1,1,electronics,288.72,95.84000000000003,2,1,meta,camp_d12e8120,de,tablet,True,very_long_replacement_cycle,313,313,0,0,0.0,0.3319479080077585,0.9,5,4,healthy,1,one_time_buyer,1,0,1,415,重要发展用户
cust_79d9a61b,2024-12-07 13:39:32,2024-12-07 13:39:32,1,33.86,33.86,0.0,0,1,direct,direct,1,25.0,14.36,1,1,home,25.0,14.36,1,1,organic,,ca,mobile,False,long_replacement_cycle,24,24,0,0,0.0,0.5744,0.03294117647058824,1,5,fresh,1,one_time_buyer,1,0,0,511,一般发展用户
cust_7a27fe8b,2024-06-06 13:21:23,2024-06-06 13:21:23,1,75.33,75.33,11.02,1,1,email,email,1,73.44,46.83,1,1,beauty,73.44,46.83,1,1,email,,fr,mobile,False,short_consumption_cycle,208,208,0,0,1.0,0.6376633986928104,0.6058394160583942,4,2,at_risk,1,one_time_buyer,0,0,1,214,重要唤回用户
cust_7a8077c5,2024-08-12 22:47:23,2024-08-12 22:47:23,1,81.09,81.09,0.0,0,1,direct,direct,1,81.09,39.31,1,1,fashion,81.09,39.31,1,1,direct,,uk,mobile,True,seasonal_cycle,141,141,0,0,0.0,0.4847700086323838,0.35454545454545455,2,3,cooling,1,one_time_buyer,0,0,0,312,低价值流失用户
cust_7aa0f7a7,2024-03-11 12:49:42,2024-03-11 12:49:42,1,142.71,142.71,0.0,0,1,organic,organic,1,142.71,82.63000000000001,1,1,home,142.71,82.63000000000001,1,1,organic,,de,mobile,False,long_replacement_cycle,295,295,0,0,0.0,0.5790063765678649,0.7035294117647058,4,3,cooling,1,one_time_buyer,0,0,1,314,重要唤回用户
cust_7ab4aad7,2024-09-14 19:22:07,2024-09-14 19:22:07,1,56.18,56.18,4.37,1,1,meta,meta,1,43.7,14.230000000000004,1,1,electronics,43.7,14.230000000000004,1,1,meta,camp_d36c27ee,fr,mobile,False,very_long_replacement_cycle,108,108,0,0,1.0,0.32562929061784907,0.15333333333333332,1,5,fresh,1,one_time_buyer,1,0,0,511,一般发展用户
cust_7ad267bd,2024-06-13 16:39:18,2024-06-13 16:39:18,1,65.48,65.48,16.37,1,1,organic,organic,1,81.85,40.06999999999999,1,1,fashion,81.85,40.06999999999999,1,1,organic,,ca,mobile,False,seasonal_cycle,201,201,0,0,1.0,0.489554062309102,0.23863636363636365,2,3,cooling,1,one_time_buyer,0,0,0,312,低价值流失用户
cust_7b4b12f8,2024-04-14 09:01:03,2024-04-14 09:01:03,1,73.24,73.24,0.0,0,1,direct,direct,1,56.56,24.050000000000004,1,1,sports,56.56,24.050000000000004,1,1,direct,,de,mobile,False,medium_replacement_cycle,261,261,0,0,0.0,0.4252121640735503,0.3787375415282392,2,3,cooling,1,one_time_buyer,0,0,0,312,低价值流失用户
cust_7b4ea6f4,2024-10-03 14:08:37,2024-10-03 14:08:37,1,132.16,132.16,14.68,1,1,tiktok,tiktok,2,146.84,62.82000000000001,1,1,home,146.84,62.82000000000001,2,1,tiktok,camp_5918c11b,de,desktop,True,long_replacement_cycle,89,89,0,0,1.0,0.42781258512666853,0.64,4,5,fresh,1,one_time_buyer,1,0,1,514,重要发展用户
cust_7b5a8ed3,2024-09-14 19:47:51,2024-09-14 19:47:51,1,80.27,80.27,5.0,1,1,direct,direct,1,85.27,33.99999999999999,1,1,home,85.27,33.99999999999999,1,1,google,camp_dbfec252,us,desktop,False,long_replacement_cycle,108,108,0,0,1.0,0.3987334349712677,0.28941176470588237,2,5,fresh,1,one_time_buyer,1,0,0,512,一般发展用户
cust_7b7a3989,2024-01-21 17:32:39,2024-01-21 17:32:39,1,38.28,38.28,0.0,0,1,direct,direct,1,24.42,14.690000000000001,1,1,beauty,24.42,14.690000000000001,1,1,direct,,de,desktop,True,short_consumption_cycle,345,345,0,0,0.0,0.6015561015561016,0.170316301703163,1,1,dormant,1,one_time_buyer,0,0,0,111,低价值流失用户
cust_7b7dc9a6,2024-12-10 10:45:13,2024-12-10 10:45:13,1,36.89,36.89,9.14,1,1,tiktok,tiktok,1,30.48,14.51,1,1,home,30.48,14.51,1,1,tiktok,camp_f7873c59,fr,desktop,True,long_replacement_cycle,21,21,0,0,1.0,0.4760498687664042,0.06588235294117648,1,5,fresh,1,one_time_buyer,1,0,0,511,一般发展用户
cust_7b987f22,2024-06-08 23:09:49,2024-06-08 23:09:49,1,213.71,213.71,0.0,0,1,direct,direct,2,213.7,109.77999999999999,1,1,fashion,213.7,109.77999999999999,2,1,organic,,us,mobile,False,seasonal_cycle,206,206,0,0,0.0,0.5137108095460926,0.9227272727272727,5,3,cooling,1,one_time_buyer,0,0,1,315,重要唤回用户
cust_7ba8986f,2024-11-12 08:18:20,2024-11-12 08:18:20,1,53.64,53.64,0.0,0,1,direct,direct,1,44.42,14.560000000000002,1,1,electronics,44.42,14.560000000000002,1,1,email,,us,desktop,True,very_long_replacement_cycle,49,49,0,0,0.0,0.32778027915353447,0.11666666666666667,1,5,fresh,1,one_time_buyer,1,0,0,511,一般发展用户
cust_7bae4ff2,2024-11-09 19:15:17,2024-11-09 19:15:17,1,73.82,73.82,8.2,1,1,direct,direct,3,82.02,28.349999999999998,1,1,sports,82.02,28.349999999999998,3,1,direct,,us,desktop,False,medium_replacement_cycle,52,52,0,0,1.0,0.34564740307242137,0.3920265780730897,2,5,fresh,1,one_time_buyer,1,0,0,512,一般发展用户
cust_7be458a0,2024-08-19 18:51:57,2024-08-19 18:51:57,1,173.33,173.33,0.0,0,1,meta,meta,1,173.33,51.18000000000001,1,1,electronics,173.33,51.18000000000001,1,1,meta,camp_eed6bf22,de,mobile,True,very_long_replacement_cycle,134,134,0,0,0.0,0.29527490913286797,0.7633333333333333,4,5,fresh,1,one_time_buyer,1,0,1,514,重要发展用户
cust_7be5035e,2024-07-15 21:48:19,2024-07-15 21:48:19,1,44.97,44.97,0.0,0,1,meta,meta,1,35.64,14.760000000000002,1,1,home,35.64,14.760000000000002,1,1,meta,camp_50c18a98,uk,desktop,True,long_replacement_cycle,169,169,0,0,0.0,0.4141414141414142,0.15529411764705883,1,4,healthy,1,one_time_buyer,1,0,0,411,一般发展用户
cust_7bef8539,2024-05-03 10:09:42,2024-05-03 10:09:42,1,115.91,115.91,0.0,0,1,direct,direct,1,115.91,37.47,1,1,electronics,115.91,37.47,1,1,organic,,de,mobile,False,very_long_replacement_cycle,242,242,0,0,0.0,0.32326805279958587,0.47333333333333333,3,4,healthy,1,one_time_buyer,1,0,0,413,一般发展用户
cust_7c061df7,2024-10-16 12:25:24,2024-10-16 12:25:24,1,226.96,226.96,5.0,1,1,email,email,3,218.37,74.94,2,2,electronics,168.19,46.03999999999999,1,1,email,,uk,mobile,False,very_long_replacement_cycle,76,76,0,0,1.0,0.343179008105509,0.8466666666666667,5,5,fresh,1,one_time_buyer,1,0,1,515,重要发展用户
cust_7c2338ea,2024-06-05 06:57:14,2024-06-05 06:57:14,1,362.31,362.31,0.0,0,1,organic,organic,2,346.32,102.01999999999998,1,1,electronics,346.32,102.01999999999998,2,1,organic,,de,desktop,False,very_long_replacement_cycle,209,209,0,0,0.0,0.2945830445830445,0.96,5,4,healthy,1,one_time_buyer,1,0,1,415,重要发展用户
cust_7c479599,2024-09-19 17:05:40,2024-09-19 17:05:40,1,220.1,220.1,0.0,0,1,direct,direct,2,220.1,97.58,2,2,electronics,121.52,43.08,1,1,meta,camp_62057686,ca,mobile,False,very_long_replacement_cycle,103,103,0,0,0.0,0.4433439345751931,0.83,5,5,fresh,1,one_time_buyer,1,0,1,515,重要发展用户
cust_7c85baa4,2024-03-29 09:07:34,2024-03-29 09:07:34,1,250.79,250.79,62.7,1,1,organic,organic,3,313.5,177.96,1,1,fashion,313.5,177.96,3,1,organic,,us,mobile,False,seasonal_cycle,277,277,0,0,1.0,0.5676555023923445,0.9568181818181818,5,2,at_risk,1,one_time_buyer,0,0,1,215,重要唤回用户
cust_7cc0baa0,2024-01-20 19:47:42,2024-01-20 19:47:42,1,225.54,225.54,39.8,1,1,direct,direct,3,265.33,129.2,2,2,home,216.48,102.79999999999998,2,1,meta,camp_e70d57a9,us,mobile,False,long_replacement_cycle,346,346,0,0,1.0,0.48694079071345114,0.8611764705882353,5,3,cooling,1,one_time_buyer,0,0,1,315,重要唤回用户
cust_7cc90d8f,2024-10-24 05:25:49,2024-10-24 05:25:49,1,86.75,86.75,0.0,0,1,meta,meta,1,71.66,35.31999999999999,1,1,home,71.66,35.31999999999999,1,1,meta,camp_fd8fd5ec,fr,mobile,True,long_replacement_cycle,68,68,0,0,0.0,0.4928830588891989,0.36,2,5,fresh,1,one_time_buyer,1,0,0,512,一般发展用户
cust_7cdd3645,2024-03-08 14:23:58,2024-03-08 14:23:58,1,46.42,46.42,0.0,0,1,email,email,1,33.57,19.16,1,1,fashion,33.57,19.16,1,1,email,,uk,mobile,False,seasonal_cycle,298,298,0,0,0.0,0.570747691391123,0.12727272727272726,1,2,at_risk,1,one_time_buyer,0,0,0,211,低价值流失用户
cust_7ce65635,2024-05-03 15:51:17,2024-05-03 15:51:17,1,287.72,287.72,0.0,0,1,google,google,5,287.73,99.60000000000001,2,2,electronics,145.17000000000002,54.900000000000006,3,1,google,camp_539c69ee,uk,mobile,True,very_long_replacement_cycle,242,242,0,0,0.0,0.34615785632363677,0.8933333333333333,5,4,healthy,1,one_time_buyer,1,0,1,415,重要发展用户
cust_7cfde12d,2024-03-27 10:51:34,2024-03-27 10:51:34,1,108.18,108.18,0.0,0,1,direct,direct,1,108.18,37.790000000000006,1,1,home,108.18,37.790000000000006,1,1,google,camp_9cf76e98,us,mobile,False,long_replacement_cycle,279,279,0,0,0.0,0.3493251987428361,0.4894117647058824,3,3,cooling,1,one_time_buyer,0,0,0,313,低价值流失用户
cust_7d22ec43,2024-09-30 21:43:30,2024-09-30 21:43:30,1,43.64,43.64,0.0,0,1,direct,direct,1,35.88,15.000000000000004,1,1,home,35.88,15.000000000000004,1,1,direct,,us,mobile,True,long_replacement_cycle,92,92,0,0,0.0,0.4180602006688964,0.1411764705882353,1,5,fresh,1,one_time_buyer,1,0,0,511,一般发展用户
cust_7d3b6864,2024-07-09 07:20:11,2024-07-09 07:20:11,1,22.28,22.28,0.0,0,1,google,google,1,11.23,7.4,1,1,beauty,11.23,7.4,1,1,google,camp_1191d6ec,fr,tablet,True,short_consumption_cycle,175,175,0,0,0.0,0.6589492430988424,0.029197080291970802,1,2,at_risk,1,one_time_buyer,0,0,0,211,低价值流失用户
cust_7d4b2694,2024-10-31 14:55:20,2024-10-31 14:55:20,1,260.14,260.14,0.0,0,1,organic,organic,3,252.93,148.44,1,1,fashion,252.93,148.44,3,1,organic,,us,mobile,True,seasonal_cycle,61,61,0,0,0.0,0.5868817459376112,0.9590909090909091,5,4,healthy,1,one_time_buyer,1,0,1,415,重要发展用户
cust_7d6ae9b8,2024-10-23 15:15:01,2024-10-23 15:15:01,1,69.57,69.57,0.0,0,1,direct,direct,2,61.51,42.199999999999996,1,2,beauty,61.51,42.199999999999996,2,1,email,,us,mobile,True,short_consumption_cycle,69,69,0,0,0.0,0.6860673061290846,0.5498783454987834,3,4,healthy,1,one_time_buyer,1,0,0,413,一般发展用户
cust_7d70d58c,2024-08-07 16:54:20,2024-08-07 16:54:20,1,208.84,208.84,0.0,0,1,google,google,3,200.07,126.33,1,1,beauty,200.07,126.33,3,1,google,camp_58a3df49,ca,mobile,True,short_consumption_cycle,146,146,0,0,0.0,0.6314289998500525,0.9732360097323601,5,3,cooling,1,one_time_buyer,0,0,1,315,重要唤回用户
cust_7d736f75,2024-02-05 09:44:49,2024-02-05 09:44:49,1,152.96,152.96,0.0,0,1,direct,direct,2,152.96,76.62,1,1,home,152.96,76.62,2,1,organic,,de,mobile,False,long_replacement_cycle,330,330,0,0,0.0,0.5009152719665272,0.7458823529411764,4,3,cooling,1,one_time_buyer,0,0,1,314,重要唤回用户
cust_7dd8b507,2024-09-05 10:23:07,2024-09-05 10:23:07,1,71.66,71.66,6.5,1,1,meta,meta,1,64.95,36.72,1,1,home,64.95,36.72,1,1,meta,camp_49ebbeb5,uk,mobile,False,long_replacement_cycle,117,117,0,0,1.0,0.5653579676674364,0.25176470588235295,2,5,fresh,1,one_time_buyer,1,0,0,512,一般发展用户
cust_7de85006,2024-07-09 16:00:36,2024-07-09 16:00:36,1,33.21,33.21,0.0,0,1,google,google,1,19.43,11.93,1,1,beauty,19.43,11.93,1,1,google,camp_f41857e9,de,mobile,False,short_consumption_cycle,175,175,0,0,0.0,0.6139989706639217,0.11800486618004866,1,2,at_risk,1,one_time_buyer,0,0,0,211,低价值流失用户
cust_7df2e628,2024-10-29 09:26:38,2024-10-29 09:26:38,1,61.42,61.42,12.44,1,1,google,google,1,62.19,34.129999999999995,1,1,fashion,62.19,34.129999999999995,1,1,google,camp_f21f9862,uk,mobile,True,seasonal_cycle,63,63,0,0,1.0,0.5488020582087152,0.22386363636363638,2,4,healthy,1,one_time_buyer,1,0,0,412,一般发展用户
cust_7e89f0e8,2024-08-17 19:16:07,2024-08-17 19:16:07,1,34.49,34.49,0.0,0,1,direct,direct,1,27.75,15.55,1,1,home,27.75,15.55,1,1,direct,,us,desktop,True,long_replacement_cycle,136,136,0,0,0.0,0.5603603603603604,0.03764705882352941,1,4,healthy,1,one_time_buyer,1,0,0,411,一般发展用户
cust_7ea1c04d,2024-11-11 19:52:02,2024-11-11 19:52:02,1,123.08,123.08,0.0,0,1,direct,direct,1,113.33,38.55,1,1,electronics,113.33,38.55,1,1,direct,,us,mobile,False,very_long_replacement_cycle,50,50,0,0,0.0,0.3401570634430424,0.5133333333333333,3,5,fresh,1,one_time_buyer,1,0,0,513,一般发展用户
cust_7ec36969,2024-08-27 20:28:34,2024-08-27 20:28:34,1,174.54,174.54,0.0,0,1,email,email,3,174.54,89.86999999999999,2,2,home,153.6,77.25999999999999,2,1,email,,us,mobile,True,long_replacement_cycle,126,126,0,0,0.0,0.5148962988426722,0.7764705882352941,4,4,healthy,1,one_time_buyer,1,0,1,414,重要发展用户
cust_7ef35822,2024-01-20 21:03:32,2024-01-20 21:03:32,1,28.24,28.24,0.0,0,1,direct,direct,1,18.34,10.84,1,1,beauty,18.34,10.84,1,1,direct,,ca,mobile,False,short_consumption_cycle,346,346,0,0,0.0,0.5910577971646674,0.038929440389294405,1,1,dormant,1,one_time_buyer,0,0,0,111,低价值流失用户
cust_7f20ded9,2024-10-18 11:02:03,2024-10-18 11:02:03,1,60.88,60.88,0.0,0,1,google,google,1,46.44,31.779999999999998,1,1,beauty,46.44,31.779999999999998,1,1,google,camp_12fc999c,fr,mobile,True,short_consumption_cycle,74,74,0,0,0.0,0.6843238587424634,0.44282238442822386,3,4,healthy,1,one_time_buyer,1,0,0,413,一般发展用户
cust_7f2345c5,2024-10-31 20:38:49,2024-10-31 20:38:49,1,111.15,111.15,19.62,1,1,tiktok,tiktok,1,130.77,76.59,1,1,home,130.77,76.59,1,1,tiktok,camp_c5dc0086,us,tablet,True,long_replacement_cycle,61,61,0,0,1.0,0.58568479008947,0.5129411764705882,3,5,fresh,1,one_time_buyer,1,0,0,513,一般发展用户
cust_7f506cba,2024-08-04 17:10:15,2024-08-04 17:10:15,1,147.34,147.34,0.0,0,1,google,google,2,147.34,93.96000000000001,1,1,fashion,147.34,93.96000000000001,2,1,google,camp_56ff7bce,fr,mobile,False,seasonal_cycle,149,149,0,0,0.0,0.6377087009637573,0.7886363636363637,4,3,cooling,1,one_time_buyer,0,0,1,314,重要唤回用户
cust_7fb6fe0a,2024-08-26 21:07:28,2024-08-26 21:07:28,1,54.81,54.81,0.0,0,1,direct,direct,1,40.09,24.6,1,1,fashion,40.09,24.6,1,1,tiktok,camp_6b92454a,fr,mobile,True,seasonal_cycle,127,127,0,0,0.0,0.613619356447992,0.17045454545454544,1,3,cooling,1,one_time_buyer,0,0,0,311,低价值流失用户
cust_7fbce3fc,2024-09-19 15:10:18,2024-09-19 15:10:18,1,63.38,63.38,0.0,0,1,organic,organic,1,52.58,34.53,1,1,beauty,52.58,34.53,1,1,organic,,ca,tablet,False,short_consumption_cycle,103,103,0,0,0.0,0.6567135793077216,0.4744525547445255,3,3,cooling,1,one_time_buyer,0,0,0,313,低价值流失用户
cust_7fc2cd5a,2024-03-02 08:55:18,2024-03-02 08:55:18,1,282.24,282.24,0.0,0,1,organic,organic,2,282.24,166.92000000000002,1,1,home,282.24,166.92000000000002,2,1,organic,,us,desktop,True,long_replacement_cycle,304,304,0,0,0.0,0.5914115646258504,0.9294117647058824,5,3,cooling,1,one_time_buyer,0,0,1,315,重要唤回用户
cust_7fcc6619,2024-08-10 21:07:40,2024-08-10 21:07:40,1,83.77,83.77,0.0,0,1,direct,direct,2,83.77,57.12,1,2,fashion,83.77,57.12,2,1,direct,,uk,mobile,False,seasonal_cycle,143,143,0,0,0.0,0.6818670168318014,0.3977272727272727,2,3,cooling,1,one_time_buyer,0,0,0,312,低价值流失用户
cust_7fd132f1,2024-10-25 10:03:55,2024-10-25 10:03:55,1,122.1,122.1,21.55,1,1,organic,organic,3,143.65,98.51,2,2,beauty,113.84,81.02000000000001,2,1,organic,,us,desktop,False,short_consumption_cycle,67,67,0,0,1.0,0.6857640097459102,0.8467153284671532,5,4,healthy,1,one_time_buyer,1,0,1,415,重要发展用户
cust_7fd87f14,2024-04-11 11:20:41,2024-04-11 11:20:41,1,36.05,36.05,7.15,1,1,organic,organic,1,35.76,26.89,1,1,beauty,35.76,26.89,1,1,organic,,us,mobile,False,short_consumption_cycle,264,264,0,0,1.0,0.7519574944071589,0.14841849148418493,1,1,dormant,1,one_time_buyer,0,0,0,111,低价值流失用户
cust_7fee82de,2024-04-30 18:20:44,2024-04-30 18:20:44,1,68.87,68.87,0.0,0,1,email,email,1,59.26,17.369999999999997,1,1,sports,59.26,17.369999999999997,1,1,email,,ca,mobile,True,medium_replacement_cycle,245,245,0,0,0.0,0.2931150860614242,0.31561461794019935,2,3,cooling,1,one_time_buyer,0,0,0,312,低价值流失用户
cust_7ff62dc9,2024-09-03 18:06:21,2024-09-03 18:06:21,1,128.93,128.93,0.0,0,1,meta,meta,2,128.93,75.13999999999999,2,2,home,66.44,35.17999999999999,1,1,meta,camp_e5afe098,us,mobile,False,long_replacement_cycle,119,119,0,0,0.0,0.5827968665167144,0.6258823529411764,4,5,fresh,1,one_time_buyer,1,0,1,514,重要发展用户
cust_7ff95092,2024-10-23 19:35:08,2024-10-23 19:35:08,1,14.66,14.66,3.56,1,1,direct,direct,1,11.87,8.34,1,1,beauty,11.87,8.34,1,1,direct,,us,mobile,False,short_consumption_cycle,69,69,0,0,1.0,0.7026116259477675,0.0024330900243309003,1,4,healthy,1,one_time_buyer,1,0,0,411,一般发展用户
cust_803094d3,2024-04-10 09:31:02,2024-04-10 09:31:02,1,133.53,133.53,0.0,0,1,direct,direct,2,133.52,76.99000000000001,2,2,fashion,82.65,44.17000000000001,1,1,tiktok,camp_18b99ce2,ca,mobile,False,seasonal_cycle,265,265,0,0,0.0,0.576617735170761,0.740909090909091,4,2,at_risk,1,one_time_buyer,0,0,1,214,重要唤回用户
cust_80385dcc,2024-11-10 19:56:33,2024-11-10 19:56:33,1,74.38,74.38,0.0,0,1,organic,organic,1,58.21,41.8,1,1,beauty,58.21,41.8,1,1,organic,,fr,mobile,False,short_consumption_cycle,51,51,0,0,0.0,0.71808967531352,0.5912408759124088,3,4,healthy,1,one_time_buyer,1,0,0,413,一般发展用户
cust_804370d7,2024-11-16 11:39:54,2024-11-16 11:39:54,1,103.85,103.85,10.0,1,1,tiktok,tiktok,1,113.85,54.74999999999999,1,1,home,113.85,54.74999999999999,1,1,tiktok,camp_110d6281,us,mobile,True,long_replacement_cycle,45,45,0,0,1.0,0.48089591567852435,0.47058823529411764,3,5,fresh,1,one_time_buyer,1,0,0,513,一般发展用户
cust_804cc5ba,2024-11-30 20:27:06,2024-11-30 20:27:06,1,101.67,101.67,22.11,1,1,meta,meta,3,110.58,55.529999999999994,1,1,sports,110.58,55.529999999999994,3,1,meta,camp_db17824e,de,mobile,True,medium_replacement_cycle,31,31,0,0,1.0,0.5021703743895821,0.6511627906976745,4,5,fresh,1,one_time_buyer,1,0,1,514,重要发展用户
cust_804ead95,2024-11-20 10:34:42,2024-11-20 10:34:42,1,26.42,26.42,0.0,0,1,direct,direct,1,18.63,12.41,1,1,fashion,18.63,12.41,1,1,tiktok,camp_231ec8bc,us,mobile,False,seasonal_cycle,41,41,0,0,0.0,0.6661298980139561,0.006818181818181818,1,5,fresh,1,one_time_buyer,1,0,0,511,一般发展用户
cust_80571014,2024-05-07 08:51:10,2024-05-07 08:51:10,1,94.27,94.27,0.0,0,1,direct,direct,1,94.27,50.19,1,1,fashion,94.27,50.19,1,1,organic,,us,desktop,True,seasonal_cycle,238,238,0,0,0.0,0.5324069163042325,0.5375,3,2,at_risk,1,one_time_buyer,0,0,0,213,低价值流失用户
cust_805d1dc3,2024-05-24 22:26:57,2024-05-24 22:26:57,1,116.69,116.69,0.0,0,1,organic,organic,1,107.5,72.33,1,1,fashion,107.5,72.33,1,1,organic,,us,mobile,False,seasonal_cycle,221,221,0,0,0.0,0.6728372093023256,0.7022727272727273,4,2,at_risk,1,one_time_buyer,0,0,1,214,重要唤回用户
cust_80b12a4a,2024-08-16 20:57:18,2024-08-16 20:57:18,1,208.18,208.18,0.0,0,1,meta,meta,3,199.24,60.49000000000001,1,2,electronics,199.24,60.49000000000001,3,1,meta,camp_c0b7e774,us,mobile,False,very_long_replacement_cycle,137,137,0,0,0.0,0.30360369403734194,0.81,5,5,fresh,1,one_time_buyer,1,0,1,515,重要发展用户
cust_80d0a3d3,2024-04-02 10:06:08,2024-04-02 10:06:08,1,46.6,46.6,5.0,1,1,email,email,1,35.65,10.389999999999997,1,1,electronics,35.65,10.389999999999997,1,1,email,,de,desktop,False,very_long_replacement_cycle,273,273,0,0,1.0,0.29144460028050484,0.08333333333333333,1,4,healthy,1,one_time_buyer,1,0,0,411,一般发展用户
cust_81563f10,2024-08-29 19:36:27,2024-08-29 19:36:27,1,54.92,54.92,0.0,0,1,direct,direct,1,41.26,24.08,1,1,beauty,41.26,24.08,1,1,direct,,uk,desktop,False,short_consumption_cycle,124,124,0,0,0.0,0.583616093068347,0.34793187347931875,2,3,cooling,1,one_time_buyer,0,0,0,312,低价值流失用户
cust_81baf084,2024-09-09 07:22:58,2024-09-09 07:22:58,1,103.33,103.33,0.0,0,1,google,google,3,87.57000000000001,50.970000000000006,1,1,home,87.57000000000001,50.970000000000006,3,1,google,camp_74d7cafd,fr,desktop,False,long_replacement_cycle,113,113,0,0,0.0,0.5820486467968482,0.46588235294117647,3,5,fresh,1,one_time_buyer,1,0,0,513,一般发展用户
cust_82260237,2024-01-25 07:24:39,2024-01-25 07:24:39,1,84.04,84.04,0.0,0,1,direct,direct,1,71.26,18.360000000000007,1,1,electronics,71.26,18.360000000000007,1,1,direct,,de,mobile,True,very_long_replacement_cycle,341,341,0,0,0.0,0.257648049396576,0.27666666666666667,2,4,healthy,1,one_time_buyer,1,0,0,412,一般发展用户
cust_82557cad,2024-06-26 15:10:23,2024-06-26 15:10:23,1,96.8,96.8,0.0,0,1,google,google,2,96.8,76.69999999999999,1,1,beauty,96.8,76.69999999999999,2,1,google,camp_a164409a,ca,desktop,False,short_consumption_cycle,188,188,0,0,0.0,0.7923553719008264,0.7785888077858881,4,2,at_risk,1,one_time_buyer,0,0,1,214,重要唤回用户
cust_825af745,2024-11-06 15:18:17,2024-11-06 15:18:17,1,149.86,149.86,15.0,1,1,meta,meta,3,164.85000000000002,125.25,1,1,beauty,164.85000000000002,125.25,3,1,meta,camp_83cb8b7b,fr,mobile,False,short_consumption_cycle,55,55,0,0,1.0,0.759781619654231,0.9318734793187348,5,4,healthy,1,one_time_buyer,1,0,1,415,重要发展用户
cust_825c1460,2024-11-26 17:27:05,2024-11-26 17:27:05,1,135.22,135.22,0.0,0,1,organic,organic,1,123.44,45.599999999999994,1,1,sports,123.44,45.599999999999994,1,1,organic,,uk,mobile,False,medium_replacement_cycle,35,35,0,0,0.0,0.3694102397926118,0.7873754152823921,4,5,fresh,1,one_time_buyer,1,0,1,514,重要发展用户
cust_82692b51,2024-08-07 10:42:21,2024-08-07 10:42:21,1,359.86,359.86,0.0,0,1,meta,meta,3,359.85,176.79,1,1,home,359.85,176.79,3,1,meta,camp_2caec13e,fr,mobile,False,long_replacement_cycle,146,146,0,0,0.0,0.49128803668195076,0.9647058823529412,5,4,healthy,1,one_time_buyer,1,0,1,415,重要发展用户
cust_8271fe8f,2024-04-13 15:04:28,2024-04-13 15:04:28,1,143.76,143.76,0.0,0,1,meta,meta,3,143.76,76.41000000000001,1,1,fashion,143.76,76.41000000000001,3,1,meta,camp_e58edad0,ca,mobile,False,seasonal_cycle,262,262,0,0,0.0,0.5315108514190319,0.7727272727272727,4,2,at_risk,1,one_time_buyer,0,0,1,214,重要唤回用户
cust_82d8b2e4,2024-12-16 22:33:37,2024-12-16 22:33:37,1,107.16,107.16,26.79,1,1,direct,direct,4,133.94,53.41,2,2,home,106.94999999999999,44.31,3,1,tiktok,camp_10ac58bf,fr,mobile,False,long_replacement_cycle,15,15,0,0,1.0,0.3987606390921308,0.48470588235294115,3,5,fresh,1,one_time_buyer,1,0,0,513,一般发展用户
cust_82f24d5a,2024-07-27 18:23:18,2024-07-27 18:23:18,1,85.52,85.52,0.0,0,1,direct,direct,1,68.92,43.27,1,1,beauty,68.92,43.27,1,1,organic,,de,desktop,True,short_consumption_cycle,157,157,0,0,0.0,0.6278293673824724,0.7153284671532847,4,2,at_risk,1,one_time_buyer,0,0,1,214,重要唤回用户
cust_8307795f,2024-03-08 17:19:38,2024-03-08 17:19:38,1,35.75,35.75,0.0,0,1,direct,direct,1,28.59,10.7,1,1,sports,28.59,10.7,1,1,organic,,us,mobile,False,medium_replacement_cycle,298,298,0,0,0.0,0.37425673312346974,0.03986710963455149,1,3,cooling,1,one_time_buyer,0,0,0,311,低价值流失用户
cust_83112582,2024-12-20 06:32:57,2024-12-20 06:32:57,1,86.73,86.73,0.0,0,1,google,google,1,86.73,44.95,1,1,fashion,86.73,44.95,1,1,google,camp_d3cb27a7,de,desktop,False,seasonal_cycle,11,11,0,0,0.0,0.5182751066528306,0.45454545454545453,3,5,fresh,1,one_time_buyer,1,0,0,513,一般发展用户
cust_832d8172,2024-09-07 20:04:05,2024-09-07 20:04:05,1,87.39,87.39,0.0,0,1,direct,direct,1,76.67,38.5,1,1,home,76.67,38.5,1,1,meta,camp_7980bfa3,de,mobile,True,long_replacement_cycle,115,115,0,0,0.0,0.5021520803443329,0.37529411764705883,2,5,fresh,1,one_time_buyer,1,0,0,512,一般发展用户
cust_83305b0b,2024-05-24 09:22:24,2024-05-24 09:22:24,1,99.54,99.54,0.0,0,1,organic,organic,3,99.55,43.379999999999995,2,2,home,67.66,25.9,2,1,organic,,us,desktop,True,long_replacement_cycle,221,221,0,0,0.0,0.4357609241587142,0.4470588235294118,3,4,healthy,1,one_time_buyer,1,0,0,413,一般发展用户
cust_8345ebbd,2024-11-14 07:54:56,2024-11-14 07:54:56,1,154.68,154.68,25.64,1,1,direct,direct,3,170.9,115.61000000000001,2,2,beauty,86.04,65.58000000000001,2,1,meta,camp_3ae9d6a4,us,tablet,True,short_consumption_cycle,47,47,0,0,1.0,0.6764774722059684,0.9391727493917275,5,4,healthy,1,one_time_buyer,1,0,1,415,重要发展用户
cust_8356f97c,2024-02-22 10:25:44,2024-02-22 10:25:44,1,83.5,83.5,0.0,0,1,meta,meta,1,77.46,42.239999999999995,1,1,fashion,77.46,42.239999999999995,1,1,meta,camp_d453889d,us,desktop,True,seasonal_cycle,313,313,0,0,0.0,0.5453137103020914,0.39545454545454545,2,1,dormant,1,one_time_buyer,0,0,0,112,低价值流失用户
cust_83a722df,2024-11-12 15:06:12,2024-11-12 15:06:12,1,221.32,221.32,0.0,0,1,direct,direct,2,221.32,64.44,1,1,electronics,221.32,64.44,2,1,google,camp_09c9f802,de,desktop,False,very_long_replacement_cycle,49,49,0,0,0.0,0.2911621181998916,0.8333333333333334,5,5,fresh,1,one_time_buyer,1,0,1,515,重要发展用户
cust_83d93c8d,2024-02-02 15:44:01,2024-02-02 15:44:01,1,299.18,299.18,0.0,0,1,direct,direct,4,289.8,118.64000000000001,2,2,sports,249.87,94.20000000000002,3,1,direct,,uk,mobile,False,medium_replacement_cycle,333,333,0,0,0.0,0.4093857832988268,0.9833887043189369,5,2,at_risk,1,one_time_buyer,0,0,1,215,重要唤回用户
cust_83f28ab8,2024-02-13 16:04:32,2024-02-13 16:04:32,1,117.92,117.92,0.0,0,1,direct,direct,1,117.92,39.480000000000004,1,1,electronics,117.92,39.480000000000004,1,1,direct,,us,desktop,True,very_long_replacement_cycle,322,322,0,0,0.0,0.3348032564450475,0.48,3,4,healthy,1,one_time_buyer,1,0,0,413,一般发展用户
cust_845f5209,2024-11-09 22:25:42,2024-11-09 22:25:42,1,255.43,255.43,0.0,0,1,direct,direct,2,244.26,135.89999999999998,1,1,home,244.26,135.89999999999998,2,1,organic,,ca,mobile,False,long_replacement_cycle,52,52,0,0,0.0,0.5563743551952837,0.9011764705882352,5,5,fresh,1,one_time_buyer,1,0,1,515,重要发展用户
cust_84778f78,2024-06-14 09:34:09,2024-06-14 09:34:09,1,75.61,75.61,0.0,0,1,google,google,1,62.67,20.78,1,1,sports,62.67,20.78,1,1,google,camp_39625905,uk,mobile,True,medium_replacement_cycle,200,200,0,0,0.0,0.3315781075474709,0.40863787375415284,3,3,cooling,1,one_time_buyer,0,0,0,313,低价值流失用户
cust_84934bfc,2024-01-06 20:38:09,2024-01-06 20:38:09,1,19.75,19.75,0.0,0,1,meta,meta,1,12.17,8.64,1,1,beauty,12.17,8.64,1,1,meta,camp_c242d9f5,us,mobile,False,short_consumption_cycle,360,360,0,0,0.0,0.7099424815119146,0.019464720194647202,1,1,dormant,1,one_time_buyer,0,0,0,111,低价值流失用户
cust_84940cd7,2024-10-04 11:20:49,2024-10-04 11:20:49,1,66.36,66.36,0.0,0,1,direct,direct,1,50.64,32.59,1,1,beauty,50.64,32.59,1,1,organic,,fr,mobile,False,short_consumption_cycle,88,88,0,0,0.0,0.6435624012638231,0.5182481751824818,3,4,healthy,1,one_time_buyer,1,0,0,413,一般发展用户
cust_8494a04f,2024-05-27 20:38:15,2024-05-27 20:38:15,1,75.11,75.11,0.0,0,1,direct,direct,1,66.24,43.709999999999994,1,1,fashion,66.24,43.709999999999994,1,1,meta,camp_7f958bba,us,mobile,False,seasonal_cycle,218,218,0,0,0.0,0.659873188405797,0.30454545454545456,2,2,at_risk,1,one_time_buyer,0,0,0,212,低价值流失用户
cust_84a7f618,2024-05-08 07:15:08,2024-05-08 07:15:08,1,155.06,155.06,0.0,0,1,organic,organic,1,142.41,82.33,1,1,home,142.41,82.33,1,1,organic,,ca,mobile,True,long_replacement_cycle,237,237,0,0,0.0,0.5781195140790675,0.7505882352941177,4,4,healthy,1,one_time_buyer,1,0,1,414,重要发展用户
cust_84b897f6,2024-09-02 23:02:48,2024-09-02 23:02:48,1,190.8,190.8,15.0,1,1,organic,organic,2,205.8,101.24000000000001,1,1,sports,205.8,101.24000000000001,2,1,organic,,us,mobile,False,medium_replacement_cycle,120,120,0,0,1.0,0.49193391642371237,0.893687707641196,5,4,healthy,1,one_time_buyer,1,0,1,415,重要发展用户
cust_84bfcee6,2024-12-12 11:43:42,2024-12-12 11:43:42,1,52.59,52.59,0.0,0,1,organic,organic,1,40.3,13.439999999999998,1,1,sports,40.3,13.439999999999998,1,1,organic,,de,mobile,True,medium_replacement_cycle,19,19,0,0,0.0,0.3334987593052109,0.19601328903654486,1,5,fresh,1,one_time_buyer,1,0,0,511,一般发展用户
cust_84e475b8,2024-09-06 04:30:11,2024-09-06 04:30:11,1,84.08,84.08,0.0,0,1,tiktok,tiktok,1,71.68,45.07000000000001,1,1,beauty,71.68,45.07000000000001,1,1,tiktok,camp_567914bb,ca,desktop,False,short_consumption_cycle,116,116,0,0,0.0,0.6287667410714286,0.6982968369829684,4,3,cooling,1,one_time_buyer,0,0,1,314,重要唤回用户
cust_84e8a3db,2024-09-12 17:41:21,2024-09-12 17:41:21,1,96.88,96.88,5.0,1,1,email,email,1,95.69,29.239999999999995,1,1,electronics,95.69,29.239999999999995,1,1,email,,us,desktop,True,very_long_replacement_cycle,110,110,0,0,1.0,0.30557007001776565,0.39,2,5,fresh,1,one_time_buyer,1,0,0,512,一般发展用户
cust_8506ef27,2024-11-29 09:40:14,2024-11-29 09:40:14,1,48.69,48.69,0.0,0,1,direct,direct,1,34.36,13.48,1,1,home,34.36,13.48,1,1,meta,camp_5070aebc,uk,desktop,False,long_replacement_cycle,32,32,0,0,0.0,0.3923166472642608,0.16705882352941176,1,5,fresh,1,one_time_buyer,1,0,0,511,一般发展用户
cust_85783c30,2024-10-08 12:51:46,2024-10-08 12:51:46,1,92.1,92.1,10.0,1,1,email,email,1,102.1,58.129999999999995,1,1,fashion,102.1,58.129999999999995,1,1,email,,us,desktop,False,seasonal_cycle,84,84,0,0,1.0,0.5693437806072478,0.5136363636363637,3,4,healthy,1,one_time_buyer,1,0,0,413,一般发展用户
cust_8598b0be,2024-05-19 13:32:36,2024-05-19 13:32:36,1,80.63,80.63,0.0,0,1,direct,direct,1,80.63,26.209999999999994,1,1,sports,80.63,26.209999999999994,1,1,direct,,us,desktop,True,medium_replacement_cycle,226,226,0,0,0.0,0.3250651122411013,0.43853820598006643,3,3,cooling,1,one_time_buyer,0,0,0,313,低价值流失用户
cust_85b79862,2024-12-17 20:19:41,2024-12-17 20:19:41,1,83.12,83.12,0.0,0,1,direct,direct,1,74.22,44.19,1,1,beauty,74.22,44.19,1,1,meta,camp_c0755542,us,mobile,True,short_consumption_cycle,14,14,0,0,0.0,0.595392077607114,0.6885644768856448,4,5,fresh,1,one_time_buyer,1,0,1,514,重要发展用户
cust_85bd24c4,2024-09-26 10:59:47,2024-09-26 10:59:47,1,146.6,146.6,0.0,0,1,google,google,3,129.78,47.01,2,2,home,70.48,29.6,2,1,google,camp_38abcf1f,fr,mobile,True,long_replacement_cycle,96,96,0,0,0.0,0.36222838650023115,0.7270588235294118,4,5,fresh,1,one_time_buyer,1,0,1,514,重要发展用户
cust_85c3cc75,2024-03-06 10:23:06,2024-03-06 10:23:06,1,348.24,348.24,0.0,0,1,direct,direct,3,348.24,123.89999999999999,1,1,electronics,348.24,123.89999999999999,3,1,direct,,de,mobile,True,very_long_replacement_cycle,300,300,0,0,0.0,0.35578911095796,0.9466666666666667,5,4,healthy,1,one_time_buyer,1,0,1,415,重要发展用户
cust_85cb4fd5,2024-09-22 13:23:49,2024-09-22 13:23:49,1,139.42,139.42,0.0,0,1,tiktok,tiktok,2,129.66,43.459999999999994,1,1,sports,129.66,43.459999999999994,2,1,tiktok,camp_d17a33fd,us,mobile,False,medium_replacement_cycle,100,100,0,0,0.0,0.3351843282430973,0.8039867109634552,5,4,healthy,1,one_time_buyer,1,0,1,415,重要发展用户
cust_85f74630,2024-04-27 19:39:13,2024-04-27 19:39:13,1,90.95,90.95,0.0,0,1,direct,direct,2,90.95,42.050000000000004,2,2,electronics,50.27,14.120000000000005,1,1,google,camp_b6c085f5,ca,mobile,False,very_long_replacement_cycle,248,248,0,0,0.0,0.4623419461242441,0.35,2,4,healthy,1,one_time_buyer,1,0,0,412,一般发展用户
cust_860b2abd,2024-09-22 17:31:28,2024-09-22 17:31:28,1,210.71,210.71,0.0,0,1,direct,direct,3,210.71,108.41000000000001,2,2,fashion,180.86,97.00000000000001,2,1,tiktok,camp_dd9230a2,ca,desktop,False,seasonal_cycle,100,100,0,0,0.0,0.5144985999715249,0.9181818181818182,5,4,healthy,1,one_time_buyer,1,0,1,415,重要发展用户
cust_861ab787,2024-11-18 21:20:52,2024-11-18 21:20:52,1,48.26,48.26,0.0,0,1,direct,direct,2,41.54,13.7,1,1,sports,41.54,13.7,2,1,meta,camp_8165fb50,us,desktop,False,medium_replacement_cycle,43,43,0,0,0.0,0.32980259990370725,0.15946843853820597,1,5,fresh,1,one_time_buyer,1,0,0,511,一般发展用户
cust_86214556,2024-12-10 02:24:18,2024-12-10 02:24:18,1,225.4,225.4,0.0,0,1,direct,direct,4,225.41,97.85000000000001,2,2,sports,186.18,69.24000000000001,3,1,meta,camp_f9b695c7,fr,mobile,True,medium_replacement_cycle,21,21,0,0,0.0,0.4340978661106429,0.9136212624584718,5,5,fresh,1,one_time_buyer,1,0,1,515,重要发展用户
cust_8633a43d,2024-11-23 20:07:17,2024-11-23 20:07:17,1,136.28,136.28,0.0,0,1,direct,direct,1,136.28,65.74,1,1,home,136.28,65.74,1,1,organic,,us,mobile,True,long_replacement_cycle,38,38,0,0,0.0,0.4823891987085412,0.668235294117647,4,5,fresh,1,one_time_buyer,1,0,1,514,重要发展用户
cust_8637f495,2024-05-06 03:43:08,2024-05-06 03:43:08,1,159.56,159.56,0.0,0,1,tiktok,tiktok,3,152.64000000000001,68.13,1,2,home,152.64000000000001,68.13,3,1,tiktok,camp_7845c21c,us,desktop,False,long_replacement_cycle,239,239,0,0,0.0,0.4463443396226414,0.7576470588235295,4,4,healthy,1,one_time_buyer,1,0,1,414,重要发展用户
cust_863af950,2024-01-15 20:57:33,2024-01-15 20:57:33,1,31.56,31.56,0.0,0,1,direct,direct,2,19.9,12.219999999999999,1,1,beauty,19.9,12.219999999999999,2,1,google,camp_ee998403,fr,mobile,False,short_consumption_cycle,351,351,0,0,0.0,0.614070351758794,0.0948905109489051,1,1,dormant,1,one_time_buyer,0,0,0,111,低价值流失用户
cust_86709099,2024-11-24 20:05:48,2024-11-24 20:05:48,1,83.36,83.36,5.0,1,1,google,google,2,88.36,33.88,1,1,electronics,88.36,33.88,2,1,google,camp_6b86bf24,us,desktop,False,very_long_replacement_cycle,37,37,0,0,1.0,0.3834314169307379,0.27,2,5,fresh,1,one_time_buyer,1,0,0,512,一般发展用户
cust_86ee06b0,2024-05-09 12:36:57,2024-05-09 12:36:57,1,90.16,90.16,0.0,0,1,organic,organic,1,78.46,40.28999999999999,1,1,home,78.46,40.28999999999999,1,1,organic,,fr,mobile,True,long_replacement_cycle,236,236,0,0,0.0,0.5135100688248788,0.40705882352941175,3,4,healthy,1,one_time_buyer,1,0,0,413,一般发展用户
cust_871c61e5,2024-12-08 11:57:41,2024-12-08 11:57:41,1,58.69,58.69,0.0,0,1,google,google,1,45.56,23.110000000000003,1,1,fashion,45.56,23.110000000000003,1,1,google,camp_a85a7a46,fr,mobile,False,seasonal_cycle,23,23,0,0,0.0,0.507243195785777,0.20454545454545456,2,5,fresh,1,one_time_buyer,1,0,0,512,一般发展用户
cust_877b34be,2024-04-06 20:49:43,2024-04-06 20:49:43,1,68.65,68.65,0.0,0,1,google,google,2,61.540000000000006,28.340000000000003,2,2,sports,42.27,15.410000000000004,1,1,google,camp_3c9e9227,us,mobile,True,medium_replacement_cycle,269,269,0,0,0.0,0.4605134871628209,0.29900332225913623,2,3,cooling,1,one_time_buyer,0,0,0,312,低价值流失用户
cust_87ce9553,2024-07-29 17:15:56,2024-07-29 17:15:56,1,102.53,102.53,0.0,0,1,direct,direct,2,102.53,46.449999999999996,2,2,electronics,81.74,33.37,1,1,direct,,us,desktop,False,very_long_replacement_cycle,155,155,0,0,0.0,0.4530381351799473,0.42,3,5,fresh,1,one_time_buyer,1,0,0,513,一般发展用户
cust_87f4101b,2024-03-12 18:57:55,2024-03-12 18:57:55,1,197.4,197.4,0.0,0,1,meta,meta,3,186.42000000000002,109.47,1,1,beauty,186.42000000000002,109.47,3,1,meta,camp_0e3c823a,uk,desktop,False,short_consumption_cycle,294,294,0,0,0.0,0.5872224010299324,0.9659367396593674,5,1,dormant,1,one_time_buyer,0,0,1,115,重要唤回用户
cust_880f5fbd,2024-10-25 21:27:22,2024-10-25 21:27:22,1,118.7,118.7,0.0,0,1,tiktok,tiktok,1,118.7,57.68,1,1,home,118.7,57.68,1,1,tiktok,camp_91298d90,fr,desktop,False,long_replacement_cycle,67,67,0,0,0.0,0.48593091828138163,0.571764705882353,3,5,fresh,1,one_time_buyer,1,0,0,513,一般发展用户
cust_881aab3e,2024-08-30 00:26:52,2024-08-30 00:26:52,1,343.21,343.21,0.0,0,1,meta,meta,3,343.20000000000005,156.9,1,1,home,343.20000000000005,156.9,3,1,meta,camp_a516df2d,us,tablet,False,long_replacement_cycle,123,123,0,0,0.0,0.45716783216783213,0.9552941176470588,5,4,healthy,1,one_time_buyer,1,0,1,415,重要发展用户
cust_8837e744,2024-08-07 10:51:42,2024-08-07 10:51:42,1,60.93,60.93,0.0,0,1,organic,organic,1,49.01,34.349999999999994,1,1,beauty,49.01,34.349999999999994,1,1,organic,,de,mobile,False,short_consumption_cycle,146,146,0,0,0.0,0.7008773719649051,0.44525547445255476,3,3,cooling,1,one_time_buyer,0,0,0,313,低价值流失用户
cust_8890fef7,2024-05-21 22:59:52,2024-05-21 22:59:52,1,147.32,147.32,10.0,1,1,tiktok,tiktok,2,157.32,86.88,1,1,fashion,157.32,86.88,2,1,tiktok,camp_e5a32b58,fr,mobile,False,seasonal_cycle,224,224,0,0,1.0,0.5522501906941266,0.7863636363636364,4,2,at_risk,1,one_time_buyer,0,0,1,214,重要唤回用户
cust_88a7b22e,2024-08-24 13:48:09,2024-08-24 13:48:09,1,38.29,38.29,0.0,0,1,tiktok,tiktok,1,31.2,15.229999999999999,1,1,home,31.2,15.229999999999999,1,1,tiktok,camp_b118fcd0,us,mobile,False,long_replacement_cycle,129,129,0,0,0.0,0.4881410256410256,0.08470588235294117,1,4,healthy,1,one_time_buyer,1,0,0,411,一般发展用户
cust_891c8624,2024-08-28 04:29:39,2024-08-28 04:29:39,1,164.1,164.1,0.0,0,1,direct,direct,2,164.1,72.84,1,2,sports,164.1,72.84,2,1,direct,,fr,mobile,False,medium_replacement_cycle,125,125,0,0,0.0,0.4438756855575869,0.840531561461794,5,4,healthy,1,one_time_buyer,1,0,1,415,重要发展用户
cust_89652b2b,2024-08-12 12:21:01,2024-08-12 12:21:01,1,169.75,169.75,0.0,0,1,tiktok,tiktok,2,160.68,56.06,1,1,sports,160.68,56.06,2,1,tiktok,camp_bdf66739,us,mobile,False,medium_replacement_cycle,141,141,0,0,0.0,0.3488922081155091,0.8571428571428571,5,4,healthy,1,one_time_buyer,1,0,1,415,重要发展用户
cust_897231c6,2024-06-08 14:22:30,2024-06-08 14:22:30,1,103.79,103.79,18.32,1,1,direct,direct,1,122.11,53.269999999999996,1,1,home,122.11,53.269999999999996,1,1,organic,,us,desktop,False,long_replacement_cycle,206,206,0,0,1.0,0.4362460076979772,0.4682352941176471,3,4,healthy,1,one_time_buyer,1,0,0,413,一般发展用户
cust_898ea69e,2024-03-07 18:27:49,2024-03-07 18:27:49,1,50.53,50.53,7.46,1,1,email,email,1,49.76,31.189999999999998,1,1,fashion,49.76,31.189999999999998,1,1,email,,us,mobile,True,seasonal_cycle,299,299,0,0,1.0,0.6268086816720257,0.14545454545454545,1,2,at_risk,1,one_time_buyer,0,0,0,211,低价值流失用户
cust_89923324,2024-11-27 09:18:41,2024-11-27 09:18:41,1,119.18,119.18,0.0,0,1,direct,direct,1,110.04,35.260000000000005,1,1,electronics,110.04,35.260000000000005,1,1,google,camp_0fec6a9a,ca,desktop,False,very_long_replacement_cycle,34,34,0,0,0.0,0.32042893493275176,0.49,3,5,fresh,1,one_time_buyer,1,0,0,513,一般发展用户
cust_89937d75,2024-12-10 17:24:32,2024-12-10 17:24:32,1,175.06,175.06,0.0,0,1,google,google,2,175.06,105.4,1,1,fashion,175.06,105.4,2,1,google,camp_77e58f44,fr,tablet,False,seasonal_cycle,21,21,0,0,0.0,0.6020792871015652,0.8704545454545455,5,5,fresh,1,one_time_buyer,1,0,1,515,重要发展用户
cust_899d74ae,2024-11-30 19:31:12,2024-11-30 19:31:12,1,35.95,35.95,3.52,1,1,direct,direct,1,23.48,11.65,1,1,home,23.48,11.65,1,1,meta,camp_a68f9465,de,mobile,False,long_replacement_cycle,31,31,0,0,1.0,0.49616695059625215,0.05647058823529412,1,5,fresh,1,one_time_buyer,1,0,0,511,一般发展用户
cust_89d8b7e8,2024-05-08 23:18:34,2024-05-08 23:18:34,1,66.8,66.8,13.68,1,1,direct,direct,2,68.42,35.18,1,1,fashion,68.42,35.18,2,1,tiktok,camp_a477a848,ca,desktop,False,seasonal_cycle,237,237,0,0,1.0,0.5141771411867875,0.2431818181818182,2,2,at_risk,1,one_time_buyer,0,0,0,212,低价值流失用户
cust_89e25b20,2024-05-21 18:22:55,2024-05-21 18:22:55,1,116.16,116.16,15.0,1,1,google,google,2,131.16,86.1,1,1,fashion,131.16,86.1,2,1,google,camp_e3bbb9fe,us,desktop,False,seasonal_cycle,224,224,0,0,1.0,0.6564501372369624,0.6954545454545454,4,2,at_risk,1,one_time_buyer,0,0,1,214,重要唤回用户
cust_89e5cc3d,2024-11-10 20:52:58,2024-11-10 20:52:58,1,93.55,93.55,0.0,0,1,google,google,1,93.55,27.099999999999994,1,1,electronics,93.55,27.099999999999994,1,1,google,camp_e79b882c,us,tablet,False,very_long_replacement_cycle,51,51,0,0,0.0,0.28968466060929976,0.37,2,5,fresh,1,one_time_buyer,1,0,0,512,一般发展用户
cust_89fa8587,2024-06-28 20:28:50,2024-06-28 20:28:50,1,42.55,42.55,0.0,0,1,direct,direct,1,31.15,15.589999999999998,1,1,fashion,31.15,15.589999999999998,1,1,organic,,uk,tablet,False,seasonal_cycle,186,186,0,0,0.0,0.5004815409309791,0.1,1,3,cooling,1,one_time_buyer,0,0,0,311,低价值流失用户
cust_8a071c36,2024-10-02 19:55:26,2024-10-02 19:55:26,1,69.93,69.93,0.0,0,1,organic,organic,1,61.0,32.94,1,1,fashion,61.0,32.94,1,1,organic,,us,mobile,False,seasonal_cycle,90,90,0,0,0.0,0.5399999999999999,0.25681818181818183,2,4,healthy,1,one_time_buyer,1,0,0,412,一般发展用户
cust_8a0779b0,2024-06-12 13:18:09,2024-06-12 13:18:09,1,226.27,226.27,0.0,0,1,google,google,4,226.26,135.14,2,2,beauty,167.60999999999999,118.37999999999998,3,1,google,camp_2af8abf9,ca,desktop,True,short_consumption_cycle,202,202,0,0,0.0,0.5972774683991867,0.9878345498783455,5,2,at_risk,1,one_time_buyer,0,0,1,215,重要唤回用户
cust_8a37a4da,2024-11-30 12:37:21,2024-11-30 12:37:21,1,55.61,55.61,10.0,1,1,direct,direct,1,49.63,29.53,1,1,beauty,49.63,29.53,1,1,google,camp_9393424a,de,mobile,False,short_consumption_cycle,31,31,0,0,1.0,0.5950030223655047,0.36253041362530414,2,5,fresh,1,one_time_buyer,1,0,0,512,一般发展用户
cust_8acd2905,2024-07-31 08:18:03,2024-07-31 08:18:03,1,128.81,128.81,0.0,0,1,meta,meta,2,128.82,86.82,1,1,beauty,128.82,86.82,2,1,meta,camp_11758fc7,fr,mobile,False,short_consumption_cycle,153,153,0,0,0.0,0.6739636702375408,0.8686131386861314,5,2,at_risk,1,one_time_buyer,0,0,1,215,重要唤回用户
cust_8acd6ce8,2024-03-04 16:11:19,2024-03-04 16:11:19,1,145.05,145.05,0.0,0,1,organic,organic,1,145.05,74.51,1,1,home,145.05,74.51,1,1,organic,,us,mobile,False,long_replacement_cycle,302,302,0,0,0.0,0.5136849362288866,0.7129411764705882,4,3,cooling,1,one_time_buyer,0,0,1,314,重要唤回用户
cust_8acf1a7a,2024-10-03 20:16:02,2024-10-03 20:16:02,1,106.38,106.38,26.6,1,1,google,google,3,132.98,55.209999999999994,2,2,electronics,84.5,24.78,2,1,google,camp_5e7f0d9b,ca,mobile,False,very_long_replacement_cycle,89,89,0,0,1.0,0.4151752143179425,0.44,3,5,fresh,1,one_time_buyer,1,0,0,513,一般发展用户
cust_8adb3a8f,2024-10-07 21:38:06,2024-10-07 21:38:06,1,52.33,52.33,0.0,0,1,direct,direct,1,39.72,20.61,1,1,sports,39.72,20.61,1,1,meta,camp_d683da4f,uk,mobile,False,medium_replacement_cycle,85,85,0,0,0.0,0.5188821752265861,0.19269102990033224,1,5,fresh,1,one_time_buyer,1,0,0,511,一般发展用户
cust_8adbf4f7,2024-08-07 22:50:08,2024-08-07 22:50:08,1,145.62,145.62,0.0,0,1,direct,direct,2,133.4,62.650000000000006,2,2,fashion,68.64,40.99,1,1,google,camp_cd04e928,de,mobile,False,seasonal_cycle,146,146,0,0,0.0,0.469640179910045,0.7795454545454545,4,3,cooling,1,one_time_buyer,0,0,1,314,重要唤回用户
cust_8aedf8e1,2024-04-26 08:35:48,2024-04-26 08:35:48,1,43.49,43.49,0.0,0,1,google,google,1,34.16,23.449999999999996,1,1,fashion,34.16,23.449999999999996,1,1,google,camp_f9f268f3,uk,desktop,False,seasonal_cycle,249,249,0,0,0.0,0.6864754098360655,0.10454545454545454,1,2,at_risk,1,one_time_buyer,0,0,0,211,低价值流失用户
cust_8b639e78,2024-01-12 19:04:03,2024-01-12 19:04:03,1,160.03,160.03,0.0,0,1,meta,meta,1,149.1,62.17999999999999,1,1,electronics,149.1,62.17999999999999,1,1,meta,camp_d073a7ab,uk,desktop,False,very_long_replacement_cycle,354,354,0,0,0.0,0.41703554661301134,0.71,4,4,healthy,1,one_time_buyer,1,0,1,414,重要发展用户
cust_8b7de77c,2024-08-03 22:22:02,2024-08-03 22:22:02,1,77.25,77.25,7.81,1,1,email,email,2,78.1,23.799999999999997,1,1,electronics,78.1,23.799999999999997,2,1,email,,us,desktop,True,very_long_replacement_cycle,150,150,0,0,1.0,0.3047375160051216,0.23666666666666666,2,5,fresh,1,one_time_buyer,1,0,0,512,一般发展用户
cust_8ba10080,2024-12-23 12:18:48,2024-12-23 12:18:48,1,206.82,206.82,51.71,1,1,meta,meta,2,258.52,150.15999999999997,1,1,home,258.52,150.15999999999997,2,1,meta,camp_6c104479,us,mobile,True,long_replacement_cycle,8,8,0,0,1.0,0.5808448089122697,0.8329411764705882,5,5,fresh,1,one_time_buyer,1,0,1,515,重要发展用户
cust_8ba77417,2024-11-30 10:52:09,2024-11-30 10:52:09,1,53.56,53.56,0.0,0,1,meta,meta,1,45.27,19.330000000000002,1,1,sports,45.27,19.330000000000002,1,1,meta,camp_c5bbda8f,ca,mobile,True,medium_replacement_cycle,31,31,0,0,0.0,0.4269935939916059,0.19933554817275748,1,5,fresh,1,one_time_buyer,1,0,0,511,一般发展用户
cust_8bdc05e0,2024-12-30 17:20:01,2024-12-30 17:20:01,1,62.54,62.54,0.0,0,1,direct,direct,1,52.58,34.53,1,1,beauty,52.58,34.53,1,1,direct,,us,mobile,True,short_consumption_cycle,1,1,0,0,0.0,0.6567135793077216,0.4562043795620438,3,5,fresh,1,one_time_buyer,1,0,0,513,一般发展用户
cust_8c32f881,2024-05-12 20:24:21,2024-05-12 20:24:21,1,85.15,85.15,0.0,0,1,direct,direct,1,76.45,37.970000000000006,1,1,fashion,76.45,37.970000000000006,1,1,google,camp_db016dda,us,mobile,False,seasonal_cycle,233,233,0,0,0.0,0.4966644865925442,0.42954545454545456,3,2,at_risk,1,one_time_buyer,0,0,0,213,低价值流失用户
cust_8cb2c7e9,2024-06-08 20:43:54,2024-11-12 10:40:48,2,334.19,167.095,0.0,0,1,direct,meta,3,334.2,163.0,2,2,electronics,176.88,59.92,1,1,meta,camp_903a7125,de,desktop,False,very_long_replacement_cycle,49,206,156,1,0.0,0.4877318970676242,0.9333333333333333,5,5,fresh,3,early_repeat_buyer,1,1,1,535,重要价值用户
cust_8ccf3ffb,2024-02-16 10:39:58,2024-02-16 10:39:58,1,414.14,414.14,0.0,0,1,google,google,3,414.15000000000003,202.53000000000003,1,1,home,414.15000000000003,202.53000000000003,3,1,google,camp_2bea9ef5,de,mobile,False,long_replacement_cycle,319,319,0,0,0.0,0.48902571532053607,0.9858823529411764,5,3,cooling,1,one_time_buyer,0,0,1,315,重要唤回用户
cust_8d5081a6,2024-12-17 20:38:07,2024-12-17 20:38:07,1,53.5,53.5,0.0,0,1,direct,direct,1,46.7,32.24,1,1,beauty,46.7,32.24,1,1,direct,,us,mobile,True,short_consumption_cycle,14,14,0,0,0.0,0.6903640256959315,0.32725060827250607,2,5,fresh,1,one_time_buyer,1,0,0,512,一般发展用户
cust_8dab01b6,2024-10-01 21:48:13,2024-10-01 21:48:13,1,55.11,55.11,0.0,0,1,direct,direct,1,47.14,24.3,1,1,home,47.14,24.3,1,1,email,,us,mobile,True,long_replacement_cycle,91,91,0,0,0.0,0.515485787017395,0.2,1,5,fresh,1,one_time_buyer,1,0,0,511,一般发展用户
cust_8dab45e0,2024-07-31 14:46:36,2024-07-31 14:46:36,1,159.59,159.59,0.0,0,1,meta,meta,2,148.64,94.39999999999998,1,1,fashion,148.64,94.39999999999998,2,1,meta,camp_ffa268e0,uk,desktop,False,seasonal_cycle,153,153,0,0,0.0,0.6350914962325079,0.8318181818181818,5,3,cooling,1,one_time_buyer,0,0,1,315,重要唤回用户
cust_8dd01099,2024-08-20 22:09:45,2024-08-20 22:09:45,1,295.88,295.88,0.0,0,1,direct,direct,3,295.89,98.21999999999998,1,1,sports,295.89,98.21999999999998,3,1,direct,,us,mobile,True,medium_replacement_cycle,133,133,0,0,0.0,0.33194768326067114,0.9800664451827242,5,4,healthy,1,one_time_buyer,1,0,1,415,重要发展用户
cust_8de1eaca,2024-05-26 19:56:10,2024-05-26 19:56:10,1,89.8,89.8,0.0,0,1,tiktok,tiktok,2,89.8,29.619999999999997,1,1,electronics,89.8,29.619999999999997,2,1,tiktok,camp_2822d5d3,uk,mobile,True,very_long_replacement_cycle,219,219,0,0,0.0,0.32984409799554565,0.3333333333333333,2,4,healthy,1,one_time_buyer,1,0,0,412,一般发展用户
cust_8e03cc27,2024-07-06 16:56:05,2024-07-06 16:56:05,1,163.0,163.0,0.0,0,1,organic,organic,2,163.0,64.75,2,2,home,115.06,44.67,1,1,organic,,us,desktop,True,long_replacement_cycle,178,178,0,0,0.0,0.39723926380368096,0.76,4,4,healthy,1,one_time_buyer,1,0,1,414,重要发展用户
cust_8e043fbf,2024-03-06 21:25:15,2024-03-06 21:25:15,1,40.07,40.07,0.0,0,1,email,email,1,30.93,16.52,1,1,fashion,30.93,16.52,1,1,email,,us,mobile,True,seasonal_cycle,300,300,0,0,0.0,0.5341092790171355,0.08409090909090909,1,2,at_risk,1,one_time_buyer,0,0,0,211,低价值流失用户
cust_8e0aafd9,2024-05-28 22:07:33,2024-05-28 22:07:33,1,36.17,36.17,0.0,0,1,organic,organic,1,27.12,13.090000000000002,1,1,sports,27.12,13.090000000000002,1,1,organic,,us,mobile,False,medium_replacement_cycle,217,217,0,0,0.0,0.48266961651917406,0.04983388704318937,1,3,cooling,1,one_time_buyer,0,0,0,311,低价值流失用户
cust_8e1bd513,2024-04-30 11:37:34,2024-04-30 11:37:34,1,85.9,85.9,0.0,0,1,email,email,1,74.58,36.41,1,1,home,74.58,36.41,1,1,email,,ca,mobile,False,long_replacement_cycle,245,245,0,0,0.0,0.4882005899705014,0.35058823529411764,2,3,cooling,1,one_time_buyer,0,0,0,312,低价值流失用户
cust_8e513fbe,2024-04-18 14:38:38,2024-04-18 14:38:38,1,68.71,68.71,0.0,0,1,direct,direct,1,60.9,22.43,1,1,sports,60.9,22.43,1,1,direct,,us,tablet,False,medium_replacement_cycle,257,257,0,0,0.0,0.36830870279146144,0.30564784053156147,2,3,cooling,1,one_time_buyer,0,0,0,312,低价值流失用户
cust_8e626458,2024-05-17 20:53:19,2024-05-17 20:53:19,1,288.59,288.59,0.0,0,1,meta,meta,2,288.6,114.76000000000002,1,1,electronics,288.6,114.76000000000002,2,1,meta,camp_1fc9570b,fr,desktop,False,very_long_replacement_cycle,228,228,0,0,0.0,0.3976437976437977,0.8966666666666666,5,4,healthy,1,one_time_buyer,1,0,1,415,重要发展用户
cust_8e6d6bd4,2024-09-26 23:26:31,2024-09-26 23:26:31,1,58.92,58.92,0.0,0,1,email,email,1,48.97,12.82,1,1,electronics,48.97,12.82,1,1,email,,us,desktop,False,very_long_replacement_cycle,96,96,0,0,0.0,0.26179293444966306,0.17,1,5,fresh,1,one_time_buyer,1,0,0,511,一般发展用户
cust_8ea1dc2d,2024-11-29 14:05:00,2024-11-29 14:05:00,1,137.0,137.0,0.0,0,1,google,google,3,137.01,81.30000000000001,1,1,fashion,137.01,81.30000000000001,3,1,google,camp_7eeb3de3,us,mobile,False,seasonal_cycle,32,32,0,0,0.0,0.5933873439894899,0.75,4,5,fresh,1,one_time_buyer,1,0,1,514,重要发展用户
cust_8ec8fb89,2024-08-04 14:21:04,2024-08-04 14:21:04,1,356.46,356.46,0.0,0,1,direct,direct,3,356.46,177.20999999999998,1,2,home,356.46,177.20999999999998,3,1,direct,,us,mobile,False,long_replacement_cycle,149,149,0,0,0.0,0.49713852886719406,0.9623529411764706,5,4,healthy,1,one_time_buyer,1,0,1,415,重要发展用户
cust_8edf9226,2024-10-25 17:18:25,2024-10-25 17:18:25,1,50.84,50.84,0.0,0,1,organic,organic,1,38.48,19.369999999999997,1,1,sports,38.48,19.369999999999997,1,1,organic,,uk,mobile,True,medium_replacement_cycle,67,67,0,0,0.0,0.5033783783783784,0.17275747508305647,1,5,fresh,1,one_time_buyer,1,0,0,511,一般发展用户
cust_8f455cec,2024-10-30 09:37:39,2024-10-30 09:37:39,1,309.43,309.43,0.0,0,1,direct,direct,2,292.68,172.52,1,1,home,292.68,172.52,2,1,direct,,fr,desktop,False,long_replacement_cycle,62,62,0,0,0.0,0.5894492278256116,0.9388235294117647,5,5,fresh,1,one_time_buyer,1,0,1,515,重要发展用户
cust_8f7e2d49,2024-07-03 18:17:33,2024-07-03 18:17:33,1,329.07,329.07,10.0,1,1,meta,meta,3,339.06,115.83,1,1,electronics,339.06,115.83,3,1,meta,camp_cc4d055c,uk,mobile,True,very_long_replacement_cycle,181,181,0,0,1.0,0.34162095204388604,0.9266666666666666,5,4,healthy,1,one_time_buyer,1,0,1,415,重要发展用户
cust_8f89cd98,2024-04-03 22:02:25,2024-04-03 22:02:25,1,44.71,44.71,0.0,0,1,direct,direct,1,31.16,21.66,1,1,fashion,31.16,21.66,1,1,google,camp_387523df,de,mobile,True,seasonal_cycle,272,272,0,0,0.0,0.6951219512195121,0.11477272727272728,1,2,at_risk,1,one_time_buyer,0,0,0,211,低价值流失用户
cust_8f9e7919,2024-08-30 14:22:11,2024-08-30 14:22:11,1,85.16,85.16,0.0,0,1,direct,direct,1,85.16,33.269999999999996,1,1,sports,85.16,33.269999999999996,1,1,organic,,us,mobile,True,medium_replacement_cycle,123,123,0,0,0.0,0.39067637388445275,0.53156146179402,3,4,healthy,1,one_time_buyer,1,0,0,413,一般发展用户
cust_8fe30e87,2024-09-25 18:29:48,2024-09-25 18:29:48,1,116.68,116.68,0.0,0,1,direct,direct,1,109.71,74.53999999999999,1,1,fashion,109.71,74.53999999999999,1,1,organic,,us,mobile,False,seasonal_cycle,97,97,0,0,0.0,0.6794275818065809,0.7,4,4,healthy,1,one_time_buyer,1,0,1,414,重要发展用户
cust_905127e8,2024-03-06 15:09:06,2024-03-06 15:09:06,1,94.63,94.63,0.0,0,1,google,google,2,81.77000000000001,36.18000000000001,2,2,electronics,42.63,15.390000000000004,1,1,google,camp_e4c0ebd8,fr,mobile,True,very_long_replacement_cycle,300,300,0,0,0.0,0.44246056010761897,0.37666666666666665,2,4,healthy,1,one_time_buyer,1,0,0,412,一般发展用户
cust_90698e80,2024-02-23 20:16:30,2024-02-23 20:16:30,1,36.62,36.62,0.0,0,1,direct,direct,1,20.89,13.18,1,1,beauty,20.89,13.18,1,1,organic,,fr,desktop,False,short_consumption_cycle,312,312,0,0,0.0,0.6309238870272857,0.15815085158150852,1,1,dormant,1,one_time_buyer,0,0,0,111,低价值流失用户
cust_9074e3ad,2024-08-19 19:11:01,2024-08-19 19:11:01,1,62.56,62.56,0.0,0,1,direct,direct,1,47.27,28.700000000000003,1,1,fashion,47.27,28.700000000000003,1,1,meta,camp_68e3b9ba,fr,tablet,False,seasonal_cycle,134,134,0,0,0.0,0.6071504125237994,0.22954545454545455,2,3,cooling,1,one_time_buyer,0,0,0,312,低价值流失用户
cust_90a1021f,2024-12-15 16:51:00,2024-12-15 16:51:00,1,134.59,134.59,0.0,0,1,email,email,1,134.59,38.53,1,1,electronics,134.59,38.53,1,1,email,,us,mobile,True,very_long_replacement_cycle,16,16,0,0,0.0,0.28627684077568916,0.5866666666666667,3,5,fresh,1,one_time_buyer,1,0,0,513,一般发展用户
cust_90aa93f0,2024-08-30 05:09:08,2024-08-30 05:09:08,1,87.33,87.33,10.0,1,1,direct,direct,1,97.33,36.309999999999995,1,1,electronics,97.33,36.309999999999995,1,1,direct,,us,desktop,True,very_long_replacement_cycle,123,123,0,0,1.0,0.3730607212575773,0.31333333333333335,2,5,fresh,1,one_time_buyer,1,0,0,512,一般发展用户
cust_91067943,2024-03-15 20:25:09,2024-03-15 20:25:09,1,71.37,71.37,0.0,0,1,google,google,1,64.35,43.349999999999994,1,1,beauty,64.35,43.349999999999994,1,1,google,camp_982e149e,us,mobile,False,short_consumption_cycle,291,291,0,0,0.0,0.6736596736596736,0.5644768856447688,3,1,dormant,1,one_time_buyer,0,0,0,113,低价值流失用户
cust_9110dbe0,2024-09-22 21:27:06,2024-09-22 21:27:06,1,343.79,343.79,0.0,0,1,google,google,4,343.78999999999996,199.39000000000001,2,2,fashion,313.77,181.86,3,1,google,camp_412b364e,us,mobile,True,seasonal_cycle,100,100,0,0,0.0,0.5799761482300243,0.990909090909091,5,4,healthy,1,one_time_buyer,1,0,1,415,重要发展用户
cust_912835f5,2024-12-13 20:50:05,2024-12-13 20:50:05,1,35.55,35.55,0.0,0,1,direct,direct,1,20.34,12.629999999999999,1,1,beauty,20.34,12.629999999999999,1,1,meta,camp_91922914,fr,mobile,False,short_consumption_cycle,18,18,0,0,0.0,0.6209439528023598,0.1435523114355231,1,5,fresh,1,one_time_buyer,1,0,0,511,一般发展用户
cust_912ebf95,2024-03-31 16:57:39,2024-03-31 16:57:39,1,56.25,56.25,0.0,0,1,tiktok,tiktok,1,47.49,32.83,1,1,beauty,47.49,32.83,1,1,tiktok,camp_2cca3c42,ca,desktop,False,short_consumption_cycle,275,275,0,0,0.0,0.6913034323015371,0.3819951338199513,2,1,dormant,1,one_time_buyer,0,0,0,112,低价值流失用户
cust_9152b327,2024-08-31 12:33:24,2024-08-31 12:33:24,1,68.75,68.75,0.0,0,1,tiktok,tiktok,1,56.43,27.72,1,1,sports,56.43,27.72,1,1,tiktok,camp_b61df5bd,ca,tablet,True,medium_replacement_cycle,122,122,0,0,0.0,0.49122807017543857,0.3122923588039867,2,4,healthy,1,one_time_buyer,1,0,0,412,一般发展用户
cust_917410a0,2024-06-22 09:52:00,2024-06-22 09:52:00,1,58.95,58.95,0.0,0,1,tiktok,tiktok,1,47.37,11.219999999999999,1,1,electronics,47.37,11.219999999999999,1,1,tiktok,camp_0276a2f8,fr,desktop,False,very_long_replacement_cycle,192,192,0,0,0.0,0.2368587713742875,0.17333333333333334,1,4,healthy,1,one_time_buyer,1,0,0,411,一般发展用户
cust_91957e6c,2024-03-01 15:03:23,2024-03-01 15:03:23,1,120.61,120.61,0.0,0,1,direct,direct,2,108.31,55.39999999999999,2,2,fashion,71.07,43.419999999999995,1,1,organic,,uk,desktop,False,seasonal_cycle,305,305,0,0,0.0,0.511494783491829,0.7136363636363636,4,1,dormant,1,one_time_buyer,0,0,1,114,重要唤回用户
cust_919db8d1,2024-11-24 05:29:27,2024-11-24 05:29:27,1,152.72,152.72,0.0,0,1,direct,direct,2,152.72,98.47999999999999,1,1,fashion,152.72,98.47999999999999,2,1,tiktok,camp_045f6c9b,fr,mobile,True,seasonal_cycle,37,37,0,0,0.0,0.644840230487166,0.8113636363636364,5,5,fresh,1,one_time_buyer,1,0,1,515,重要发展用户
cust_91a4d263,2024-02-17 13:19:11,2024-02-17 13:19:11,1,240.34,240.34,0.0,0,1,email,email,3,233.21999999999997,118.70999999999998,1,1,home,233.21999999999997,118.70999999999998,3,1,email,,us,mobile,False,long_replacement_cycle,318,318,0,0,0.0,0.5090043735528685,0.8776470588235294,5,3,cooling,1,one_time_buyer,0,0,1,315,重要唤回用户
cust_91e28797,2024-04-02 07:49:38,2024-04-02 07:49:38,1,78.94,78.94,10.0,1,1,google,google,3,88.94999999999999,42.72,1,1,sports,88.94999999999999,42.72,3,1,google,camp_263f3f20,de,desktop,False,medium_replacement_cycle,273,273,0,0,1.0,0.48026981450252954,0.4318936877076412,3,3,cooling,1,one_time_buyer,0,0,0,313,低价值流失用户
cust_91eb905c,2024-12-09 19:46:04,2024-12-09 19:46:04,1,140.94,140.94,0.0,0,1,google,google,2,133.09,60.71999999999999,2,2,home,121.85,53.00999999999999,1,1,google,camp_d87c4a36,us,desktop,False,long_replacement_cycle,22,22,0,0,0.0,0.456232624539785,0.6964705882352941,4,5,fresh,1,one_time_buyer,1,0,1,514,重要发展用户
cust_91f8661b,2024-11-15 20:30:04,2024-11-15 20:30:04,1,79.12,79.12,0.0,0,1,tiktok,tiktok,2,69.66,53.879999999999995,1,1,beauty,69.66,53.879999999999995,2,1,tiktok,camp_9f140269,ca,mobile,True,short_consumption_cycle,46,46,0,0,0.0,0.7734711455641687,0.6472019464720195,4,4,healthy,1,one_time_buyer,1,0,1,414,重要发展用户
cust_92159f87,2024-01-06 12:40:36,2024-01-06 12:40:36,1,216.44,216.44,0.0,0,1,google,google,2,216.44,75.66,1,1,home,216.44,75.66,2,1,google,camp_d2eadc2c,de,desktop,False,long_replacement_cycle,360,360,0,0,0.0,0.34956569950101646,0.8494117647058823,5,3,cooling,1,one_time_buyer,0,0,1,315,重要唤回用户
cust_9233b641,2024-12-05 12:52:32,2024-12-05 12:52:32,1,17.46,17.46,0.0,0,1,meta,meta,1,10.73,6.9,1,1,beauty,10.73,6.9,1,1,meta,camp_e6743256,us,mobile,False,short_consumption_cycle,26,26,0,0,0.0,0.6430568499534017,0.012165450121654502,1,5,fresh,1,one_time_buyer,1,0,0,511,一般发展用户
cust_923858cd,2024-10-03 23:07:50,2024-10-03 23:07:50,1,123.43,123.43,0.0,0,1,google,google,1,111.09,54.540000000000006,1,1,sports,111.09,54.540000000000006,1,1,google,camp_4ad0d11d,uk,mobile,False,medium_replacement_cycle,89,89,0,0,0.0,0.49095328112341347,0.7475083056478405,4,5,fresh,1,one_time_buyer,1,0,1,514,重要发展用户
cust_923b2563,2024-12-29 16:41:46,2024-12-29 16:41:46,1,129.31,129.31,0.0,0,1,email,email,2,119.34,86.52000000000001,1,1,beauty,119.34,86.52000000000001,2,1,email,,uk,desktop,True,short_consumption_cycle,2,2,0,0,0.0,0.7249874308697839,0.8734793187347932,5,5,fresh,1,one_time_buyer,1,0,1,515,重要发展用户
cust_92726bbb,2024-11-13 15:28:52,2024-11-13 15:28:52,1,84.65,84.65,0.0,0,1,tiktok,tiktok,1,70.33,17.83,1,1,electronics,70.33,17.83,1,1,tiktok,camp_f7fcfad8,uk,desktop,True,very_long_replacement_cycle,48,48,0,0,0.0,0.2535191241291056,0.29,2,5,fresh,1,one_time_buyer,1,0,0,512,一般发展用户
cust_92dad008,2024-12-04 13:50:47,2024-12-04 13:50:47,1,82.77,82.77,0.0,0,1,organic,organic,1,82.77,36.56999999999999,1,1,sports,82.77,36.56999999999999,1,1,organic,,ca,mobile,False,medium_replacement_cycle,27,27,0,0,0.0,0.44182674882203693,0.4850498338870432,3,5,fresh,1,one_time_buyer,1,0,0,513,一般发展用户
cust_92e37e3d,2024-12-14 09:09:32,2024-12-14 09:09:32,1,80.04,80.04,0.0,0,1,direct,direct,1,68.05,32.11,1,1,fashion,68.05,32.11,1,1,organic,,de,mobile,True,seasonal_cycle,17,17,0,0,0.0,0.4718589272593681,0.3409090909090909,2,5,fresh,1,one_time_buyer,1,0,0,512,一般发展用户
cust_92e574a4,2024-12-10 14:09:23,2024-12-10 14:09:23,1,66.41,66.41,0.0,0,1,tiktok,tiktok,1,57.53,36.010000000000005,1,1,beauty,57.53,36.010000000000005,1,1,tiktok,camp_10e7e248,us,mobile,False,short_consumption_cycle,21,21,0,0,0.0,0.6259342951503564,0.5206812652068127,3,5,fresh,1,one_time_buyer,1,0,0,513,一般发展用户
cust_92f5a808,2024-11-17 19:45:44,2024-11-17 19:45:44,1,72.04,72.04,0.0,0,1,google,google,1,60.47,21.490000000000002,1,1,sports,60.47,21.490000000000002,1,1,google,camp_84a07580,uk,mobile,True,medium_replacement_cycle,44,44,0,0,0.0,0.3553828344633703,0.3687707641196013,2,5,fresh,1,one_time_buyer,1,0,0,512,一般发展用户
cust_93292c26,2024-02-09 09:48:28,2024-02-09 09:48:28,1,53.66,53.66,0.0,0,1,google,google,1,41.72,31.1,1,1,beauty,41.72,31.1,1,1,google,camp_a273b513,uk,mobile,False,short_consumption_cycle,326,326,0,0,0.0,0.7454458293384468,0.3309002433090024,2,1,dormant,1,one_time_buyer,0,0,0,112,低价值流失用户
cust_93295c44,2024-05-08 13:55:39,2024-05-08 13:55:39,1,64.19,64.19,0.0,0,1,tiktok,tiktok,1,55.02,25.830000000000002,1,1,home,55.02,25.830000000000002,1,1,tiktok,camp_46b66095,us,desktop,False,long_replacement_cycle,237,237,0,0,0.0,0.46946564885496184,0.22823529411764706,2,4,healthy,1,one_time_buyer,1,0,0,412,一般发展用户
cust_9343e346,2024-01-24 18:34:03,2024-01-24 18:34:03,1,108.21,108.21,0.0,0,1,direct,direct,1,108.21,46.10999999999999,1,1,home,108.21,46.10999999999999,1,1,direct,,us,mobile,False,long_replacement_cycle,342,342,0,0,0.0,0.4261158857776545,0.49411764705882355,3,3,cooling,1,one_time_buyer,0,0,0,313,低价值流失用户
cust_93ead5d0,2024-11-17 18:49:25,2024-11-17 18:49:25,1,74.26,74.26,0.0,0,1,tiktok,tiktok,2,60.34,29.520000000000003,1,1,sports,60.34,29.520000000000003,2,1,tiktok,camp_30bd8bfa,fr,desktop,False,medium_replacement_cycle,44,44,0,0,0.0,0.48922770964534307,0.3953488372093023,2,5,fresh,1,one_time_buyer,1,0,0,512,一般发展用户
cust_94160ade,2024-09-03 08:16:06,2024-09-03 08:16:06,1,53.5,53.5,5.17,1,1,direct,direct,2,51.66,31.139999999999997,1,1,beauty,51.66,31.139999999999997,2,1,direct,,us,mobile,False,short_consumption_cycle,119,119,0,0,1.0,0.602787456445993,0.32725060827250607,2,3,cooling,1,one_time_buyer,0,0,0,312,低价值流失用户
cust_94173416,2024-12-24 22:34:47,2024-12-24 22:34:47,1,92.73,92.73,9.41,1,1,google,google,1,94.12,54.790000000000006,1,1,fashion,94.12,54.790000000000006,1,1,google,camp_d0ac7ad4,us,mobile,False,seasonal_cycle,7,7,0,0,1.0,0.5821291967700808,0.5227272727272727,3,5,fresh,1,one_time_buyer,1,0,0,513,一般发展用户
cust_94244bcd,2024-05-06 16:01:21,2024-05-06 16:01:21,1,65.25,65.25,0.0,0,1,tiktok,tiktok,2,56.9,20.019999999999996,1,1,electronics,56.9,20.019999999999996,2,1,tiktok,camp_67127fe5,us,desktop,True,very_long_replacement_cycle,239,239,0,0,0.0,0.3518453427065026,0.2,1,4,healthy,1,one_time_buyer,1,0,0,411,一般发展用户
cust_94249783,2024-08-12 19:29:17,2024-08-12 19:29:17,1,46.44,46.44,0.0,0,1,organic,organic,1,37.7,12.440000000000001,1,1,electronics,37.7,12.440000000000001,1,1,organic,,us,mobile,False,very_long_replacement_cycle,141,141,0,0,0.0,0.32997347480106104,0.08,1,5,fresh,1,one_time_buyer,1,0,0,511,一般发展用户
cust_944d2fb9,2024-03-26 12:32:10,2024-03-26 12:32:10,1,126.38,126.38,0.0,0,1,email,email,3,112.02000000000001,38.280000000000015,1,1,sports,112.02000000000001,38.280000000000015,3,1,email,,de,desktop,True,medium_replacement_cycle,280,280,0,0,0.0,0.34172469201928235,0.7674418604651163,4,3,cooling,1,one_time_buyer,0,0,1,314,重要唤回用户
cust_946daa74,2024-04-26 16:59:21,2024-04-26 16:59:21,1,55.24,55.24,0.0,0,1,direct,direct,1,47.18,35.0,1,1,beauty,47.18,35.0,1,1,organic,,us,desktop,True,short_consumption_cycle,249,249,0,0,0.0,0.7418397626112759,0.35523114355231145,2,1,dormant,1,one_time_buyer,0,0,0,112,低价值流失用户
cust_94ad3d35,2024-04-17 20:01:23,2024-04-17 20:01:23,1,55.04,55.04,0.0,0,1,direct,direct,1,45.97,23.52,1,1,fashion,45.97,23.52,1,1,google,camp_175f2871,us,mobile,True,seasonal_cycle,258,258,0,0,0.0,0.5116380247987818,0.17272727272727273,1,2,at_risk,1,one_time_buyer,0,0,0,211,低价值流失用户
cust_94ad9269,2024-04-09 07:55:57,2024-04-09 07:55:57,1,110.14,110.14,0.0,0,1,direct,direct,1,96.76,57.43000000000001,1,1,fashion,96.76,57.43000000000001,1,1,direct,,de,tablet,True,seasonal_cycle,266,266,0,0,0.0,0.593530384456387,0.6613636363636364,4,2,at_risk,1,one_time_buyer,0,0,1,214,重要唤回用户
cust_94bdc9c6,2024-01-07 10:09:35,2024-01-07 10:09:35,1,51.15,51.15,0.0,0,1,tiktok,tiktok,1,39.22,27.089999999999996,1,1,beauty,39.22,27.089999999999996,1,1,tiktok,camp_e4baaaf2,ca,mobile,False,short_consumption_cycle,359,359,0,0,0.0,0.6907190209077001,0.2944038929440389,2,1,dormant,1,one_time_buyer,0,0,0,112,低价值流失用户
cust_94e439a7,2024-08-08 18:55:54,2024-08-08 18:55:54,1,125.4,125.4,0.0,0,1,direct,direct,1,115.77,59.22,1,1,sports,115.77,59.22,1,1,meta,camp_0c88bf13,us,desktop,True,medium_replacement_cycle,145,145,0,0,0.0,0.5115314848406323,0.760797342192691,4,4,healthy,1,one_time_buyer,1,0,1,414,重要发展用户
cust_95033ebe,2024-03-11 21:36:11,2024-03-11 21:36:11,1,108.24,108.24,0.0,0,1,direct,direct,2,93.34,41.46,1,1,sports,93.34,41.46,2,1,google,camp_3d6c4b1c,fr,desktop,False,medium_replacement_cycle,295,295,0,0,0.0,0.44418255838868653,0.6877076411960132,4,3,cooling,1,one_time_buyer,0,0,1,314,重要唤回用户
cust_95049c06,2024-12-06 15:16:04,2024-12-06 15:16:04,1,87.44,87.44,0.0,0,1,direct,direct,3,87.44999999999999,49.97999999999999,1,1,home,87.44999999999999,49.97999999999999,3,1,meta,camp_2fa401d3,us,mobile,False,long_replacement_cycle,25,25,0,0,0.0,0.5715265866209261,0.3788235294117647,2,5,fresh,1,one_time_buyer,1,0,0,512,一般发展用户
cust_95607a82,2024-04-10 16:57:44,2024-04-10 16:57:44,1,461.06,461.06,0.0,0,1,direct,direct,4,461.06,173.58,2,2,home,244.54,106.62,2,1,google,camp_a3c0d09c,us,desktop,False,long_replacement_cycle,265,265,0,0,0.0,0.37648028456166227,0.9976470588235294,5,3,cooling,1,one_time_buyer,0,0,1,315,重要唤回用户
cust_95719fc9,2024-11-28 14:12:40,2024-11-28 14:12:40,1,147.09,147.09,0.0,0,1,direct,direct,2,147.08,76.64000000000001,1,1,fashion,147.08,76.64000000000001,2,1,organic,,us,desktop,False,seasonal_cycle,33,33,0,0,0.0,0.521076964917052,0.7840909090909091,4,5,fresh,1,one_time_buyer,1,0,1,514,重要发展用户
cust_95dbf9a5,2024-03-30 23:06:57,2024-03-30 23:06:57,1,86.07,86.07,0.0,0,1,google,google,1,79.83,25.409999999999997,1,1,sports,79.83,25.409999999999997,1,1,google,camp_37f798e1,us,mobile,False,medium_replacement_cycle,276,276,0,0,0.0,0.3183013904547162,0.5415282392026578,3,3,cooling,1,one_time_buyer,0,0,0,313,低价值流失用户
cust_95f5ef87,2024-11-11 18:05:17,2024-11-11 18:05:17,1,75.2,75.2,0.0,0,1,direct,direct,1,61.85,18.43,1,1,electronics,61.85,18.43,1,1,email,,de,tablet,True,very_long_replacement_cycle,50,50,0,0,0.0,0.29797898140662893,0.23333333333333334,2,5,fresh,1,one_time_buyer,1,0,0,512,一般发展用户
cust_961e36fb,2024-09-01 08:55:26,2024-09-01 08:55:26,1,33.3,33.3,0.0,0,1,tiktok,tiktok,1,19.89,13.670000000000002,1,1,fashion,19.89,13.670000000000002,1,1,tiktok,camp_ad4bc23b,uk,desktop,False,seasonal_cycle,121,121,0,0,0.0,0.6872800402212168,0.045454545454545456,1,3,cooling,1,one_time_buyer,0,0,0,311,低价值流失用户
cust_962f3c18,2024-07-27 20:36:16,2024-07-27 20:36:16,1,74.69,74.69,0.0,0,1,meta,meta,1,61.85,23.380000000000003,1,1,sports,61.85,23.380000000000003,1,1,meta,camp_ed2dc22f,uk,mobile,False,medium_replacement_cycle,157,157,0,0,0.0,0.3780113177041229,0.39867109634551495,2,4,healthy,1,one_time_buyer,1,0,0,412,一般发展用户
cust_96449c1c,2024-08-21 00:01:15,2024-08-21 00:01:15,1,28.3,28.3,0.0,0,1,google,google,1,17.85,10.350000000000001,1,1,beauty,17.85,10.350000000000001,1,1,google,camp_be1caa5f,fr,mobile,False,short_consumption_cycle,132,132,0,0,0.0,0.5798319327731093,0.0413625304136253,1,3,cooling,1,one_time_buyer,0,0,0,311,低价值流失用户
cust_967dfbd0,2024-10-24 17:17:04,2024-10-24 17:17:04,1,44.04,44.04,0.0,0,1,google,google,1,31.18,13.690000000000001,1,1,sports,31.18,13.690000000000001,1,1,google,camp_820455f7,uk,tablet,True,medium_replacement_cycle,68,68,0,0,0.0,0.43906350224502894,0.12624584717607973,1,5,fresh,1,one_time_buyer,1,0,0,511,一般发展用户
cust_968632da,2024-10-15 23:56:45,2024-10-15 23:56:45,1,84.17,84.17,0.0,0,1,google,google,3,84.17999999999999,47.58,1,1,home,84.17999999999999,47.58,3,1,google,camp_ce46c787,uk,mobile,True,long_replacement_cycle,77,77,0,0,0.0,0.5652173913043479,0.3341176470588235,2,5,fresh,1,one_time_buyer,1,0,0,512,一般发展用户
cust_968da83f,2024-12-05 23:01:48,2024-12-05 23:01:48,1,240.6,240.6,0.0,0,1,direct,direct,2,240.60000000000002,100.66,2,2,sports,124.79,46.95,1,1,tiktok,camp_4ea988d3,de,desktop,False,medium_replacement_cycle,26,26,0,0,0.0,0.4183707398171238,0.9401993355481728,5,5,fresh,1,one_time_buyer,1,0,1,515,重要发展用户
cust_96979203,2024-04-28 12:09:55,2024-04-28 12:09:55,1,79.23,79.23,10.0,1,1,email,email,1,89.23,54.400000000000006,1,1,fashion,89.23,54.400000000000006,1,1,email,,us,mobile,False,seasonal_cycle,247,247,0,0,1.0,0.6096604281071389,0.325,2,2,at_risk,1,one_time_buyer,0,0,0,212,低价值流失用户
cust_96b7f4d8,2024-11-09 13:43:08,2024-11-09 13:43:08,1,144.92,144.92,0.0,0,1,meta,meta,2,144.92000000000002,78.91,2,2,fashion,74.14,38.160000000000004,1,1,meta,camp_02b3533a,uk,desktop,True,seasonal_cycle,52,52,0,0,0.0,0.5445073143803477,0.7772727272727272,4,5,fresh,1,one_time_buyer,1,0,1,514,重要发展用户
cust_96df53bd,2024-07-15 16:19:14,2024-07-15 16:19:14,1,224.25,224.25,0.0,0,1,meta,meta,4,224.26,147.14000000000001,1,2,fashion,224.26,147.14000000000001,4,1,meta,camp_8087d3f4,us,mobile,False,seasonal_cycle,169,169,0,0,0.0,0.6561134397574245,0.9409090909090909,5,3,cooling,1,one_time_buyer,0,0,1,315,重要唤回用户
cust_96e2e401,2024-10-17 19:18:00,2024-10-17 19:18:00,1,85.2,85.2,0.0,0,1,organic,organic,1,74.44,22.129999999999995,1,1,sports,74.44,22.129999999999995,1,1,organic,,ca,desktop,False,medium_replacement_cycle,75,75,0,0,0.0,0.2972864051585169,0.5365448504983389,3,5,fresh,1,one_time_buyer,1,0,0,513,一般发展用户
cust_96e4648c,2024-12-12 05:48:19,2024-12-12 05:48:19,1,233.91,233.91,0.0,0,1,direct,direct,2,233.92,120.82,1,1,sports,233.92,120.82,2,1,meta,camp_3fb6311e,us,mobile,True,medium_replacement_cycle,19,19,0,0,0.0,0.5165013679890561,0.9269102990033222,5,5,fresh,1,one_time_buyer,1,0,1,515,重要发展用户
cust_9700d83a,2024-04-22 19:14:25,2024-04-22 19:14:25,1,110.32,110.32,15.0,1,1,organic,organic,3,125.31,43.59000000000002,1,1,electronics,125.31,43.59000000000002,3,1,organic,,de,desktop,True,very_long_replacement_cycle,253,253,0,0,1.0,0.34785731386162333,0.44666666666666666,3,4,healthy,1,one_time_buyer,1,0,0,413,一般发展用户
cust_97079335,2024-08-01 07:56:25,2024-08-01 07:56:25,1,112.69,112.69,10.0,1,1,meta,meta,3,122.69999999999999,42.12,1,1,sports,122.69999999999999,42.12,3,1,meta,camp_972f58c0,ca,desktop,False,medium_replacement_cycle,152,152,0,0,1.0,0.3432762836185819,0.6976744186046512,4,4,healthy,1,one_time_buyer,1,0,1,414,重要发展用户
cust_970bcee5,2024-02-01 12:22:37,2024-02-01 12:22:37,1,73.73,73.73,0.0,0,1,direct,direct,1,65.49,40.91,1,1,beauty,65.49,40.91,1,1,direct,,ca,desktop,True,short_consumption_cycle,334,334,0,0,0.0,0.6246755229806077,0.5815085158150851,3,1,dormant,1,one_time_buyer,0,0,0,113,低价值流失用户
cust_9717c0fa,2024-11-25 19:56:00,2024-11-25 19:56:00,1,130.16,130.16,0.0,0,1,meta,meta,3,130.15,57.79,2,2,electronics,78.11,25.21,1,1,meta,camp_e246b5af,ca,desktop,False,very_long_replacement_cycle,36,36,0,0,0.0,0.4440261237034191,0.55,3,5,fresh,1,one_time_buyer,1,0,0,513,一般发展用户
cust_972502af,2024-04-08 19:08:20,2024-04-08 19:08:20,1,36.15,36.15,0.0,0,1,meta,meta,1,20.9,13.189999999999998,1,1,beauty,20.9,13.189999999999998,1,1,meta,camp_68c2ad8b,fr,mobile,False,short_consumption_cycle,267,267,0,0,0.0,0.6311004784688995,0.15085158150851583,1,1,dormant,1,one_time_buyer,0,0,0,111,低价值流失用户
cust_9740d705,2024-02-25 19:28:22,2024-02-25 19:28:22,1,187.44,187.44,0.0,0,1,email,email,3,187.44,73.17999999999999,2,2,sports,122.16,35.959999999999994,2,1,email,,us,desktop,False,medium_replacement_cycle,310,310,0,0,0.0,0.39041826717883055,0.8837209302325582,5,2,at_risk,1,one_time_buyer,0,0,1,215,重要唤回用户
cust_974104df,2024-12-24 08:18:24,2024-12-24 08:18:24,1,150.35,150.35,15.0,1,1,organic,organic,2,152.2,105.38,1,1,fashion,152.2,105.38,2,1,organic,,de,desktop,False,seasonal_cycle,7,7,0,0,1.0,0.6923784494086728,0.8,4,5,fresh,1,one_time_buyer,1,0,1,514,重要发展用户
cust_9742cd9e,2024-06-30 19:38:49,2024-06-30 19:38:49,1,40.03,40.03,0.0,0,1,meta,meta,1,29.0,21.990000000000002,1,1,beauty,29.0,21.990000000000002,1,1,meta,camp_d14e794f,de,desktop,False,short_consumption_cycle,184,184,0,0,0.0,0.7582758620689656,0.1897810218978102,1,2,at_risk,1,one_time_buyer,0,0,0,211,低价值流失用户
cust_975c5a49,2024-08-18 09:32:56,2024-08-18 09:32:56,1,108.99,108.99,0.0,0,1,meta,meta,2,108.99000000000001,59.22,2,2,fashion,66.14,43.61,1,1,meta,camp_6cbe0c32,fr,desktop,False,seasonal_cycle,135,135,0,0,0.0,0.5433526011560693,0.6522727272727272,4,3,cooling,1,one_time_buyer,0,0,1,314,重要唤回用户
cust_97783b48,2024-05-20 14:01:55,2024-05-20 14:01:55,1,89.9,89.9,0.0,0,1,direct,direct,2,75.52,51.25999999999999,1,1,beauty,75.52,51.25999999999999,2,1,meta,camp_44389af2,de,desktop,True,short_consumption_cycle,225,225,0,0,0.0,0.6787605932203389,0.7420924574209246,4,2,at_risk,1,one_time_buyer,0,0,1,214,重要唤回用户
cust_9782bd21,2024-01-17 20:51:50,2024-01-17 20:51:50,1,113.68,113.68,0.0,0,1,direct,direct,1,113.68,38.900000000000006,1,1,electronics,113.68,38.900000000000006,1,1,tiktok,camp_8be29fcf,uk,tablet,False,very_long_replacement_cycle,349,349,0,0,0.0,0.34218859957776215,0.4666666666666667,3,4,healthy,1,one_time_buyer,1,0,0,413,一般发展用户
cust_9787e206,2024-08-13 11:47:06,2024-08-13 11:47:06,1,105.8,105.8,0.0,0,1,direct,direct,1,93.36,49.28,1,1,fashion,93.36,49.28,1,1,direct,,uk,tablet,True,seasonal_cycle,140,140,0,0,0.0,0.5278491859468724,0.625,4,3,cooling,1,one_time_buyer,0,0,1,314,重要唤回用户
cust_97a1e1b9,2024-11-26 10:21:00,2024-11-26 10:21:00,1,82.02,82.02,0.0,0,1,email,email,1,82.02,44.029999999999994,1,1,fashion,82.02,44.029999999999994,1,1,email,,ca,desktop,False,seasonal_cycle,35,35,0,0,0.0,0.5368202877346988,0.375,2,5,fresh,1,one_time_buyer,1,0,0,512,一般发展用户
cust_97c6cd7c,2024-03-19 10:45:22,2024-03-19 10:45:22,1,105.25,105.25,0.0,0,1,google,google,1,105.25,55.33,1,1,fashion,105.25,55.33,1,1,google,camp_54102f71,de,mobile,False,seasonal_cycle,287,287,0,0,0.0,0.5257007125890736,0.6181818181818182,4,2,at_risk,1,one_time_buyer,0,0,1,214,重要唤回用户
cust_9836392e,2024-06-19 14:55:35,2024-06-19 14:55:35,1,303.52,303.52,52.35,1,1,direct,direct,3,348.99,137.82,1,1,home,348.99,137.82,3,1,google,camp_0f7a1464,us,mobile,False,long_replacement_cycle,195,195,0,0,1.0,0.3949110289693114,0.9341176470588235,5,4,healthy,1,one_time_buyer,1,0,1,415,重要发展用户
cust_983d0bfd,2024-05-30 19:34:33,2024-05-30 19:34:33,1,84.15,84.15,9.35,1,1,meta,meta,1,93.5,61.28,1,1,fashion,93.5,61.28,1,1,meta,camp_21500a28,us,mobile,False,seasonal_cycle,215,215,0,0,1.0,0.6554010695187166,0.4090909090909091,3,2,at_risk,1,one_time_buyer,0,0,0,213,低价值流失用户
cust_983ee6cb,2024-07-25 15:37:40,2024-07-25 15:37:40,1,70.87,70.87,0.0,0,1,organic,organic,1,62.32,19.22,1,1,sports,62.32,19.22,1,1,organic,,us,mobile,False,medium_replacement_cycle,159,159,0,0,0.0,0.30840821566110393,0.34219269102990035,2,4,healthy,1,one_time_buyer,1,0,0,412,一般发展用户
cust_98422b52,2024-08-08 16:20:04,2024-08-08 16:20:04,1,57.22,57.22,0.0,0,1,direct,direct,1,48.63,33.97,1,1,beauty,48.63,33.97,1,1,email,,ca,mobile,False,short_consumption_cycle,145,145,0,0,0.0,0.6985399958873123,0.39902676399026765,2,3,cooling,1,one_time_buyer,0,0,0,312,低价值流失用户
cust_985969cd,2024-11-09 10:02:00,2024-11-09 10:02:00,1,41.6,41.6,0.0,0,1,direct,direct,3,29.25,17.73,1,1,beauty,29.25,17.73,3,1,direct,,ca,tablet,True,short_consumption_cycle,52,52,0,0,0.0,0.6061538461538462,0.21046228710462286,2,4,healthy,1,one_time_buyer,1,0,0,412,一般发展用户
cust_986a004d,2024-01-27 18:21:40,2024-01-27 18:21:40,1,406.26,406.26,0.0,0,1,organic,organic,4,406.25,138.28,2,2,electronics,329.61,105.27000000000001,3,1,organic,,us,mobile,True,very_long_replacement_cycle,339,339,0,0,0.0,0.34038153846153846,0.9666666666666667,5,4,healthy,1,one_time_buyer,1,0,1,415,重要发展用户
cust_98707df7,2024-07-26 16:24:57,2024-07-26 16:24:57,1,73.15,73.15,7.19,1,1,meta,meta,1,71.94,48.53,1,1,fashion,71.94,48.53,1,1,meta,camp_2602989b,us,mobile,True,seasonal_cycle,158,158,0,0,1.0,0.674589936057826,0.2863636363636364,2,3,cooling,1,one_time_buyer,0,0,0,312,低价值流失用户
cust_9883001c,2024-02-10 08:20:16,2024-02-10 08:20:16,1,85.2,85.2,0.0,0,1,google,google,1,75.91,23.599999999999994,1,1,sports,75.91,23.599999999999994,1,1,google,camp_bdf4528a,us,mobile,False,medium_replacement_cycle,325,325,0,0,0.0,0.310894480305625,0.5365448504983389,3,2,at_risk,1,one_time_buyer,0,0,0,213,低价值流失用户
cust_98863c4c,2024-09-28 12:09:47,2024-09-28 12:09:47,1,55.69,55.69,0.0,0,1,google,google,1,46.54,16.45,1,1,electronics,46.54,16.45,1,1,google,camp_0d573007,us,desktop,False,very_long_replacement_cycle,94,94,0,0,0.0,0.35345938977223895,0.14666666666666667,1,5,fresh,1,one_time_buyer,1,0,0,511,一般发展用户
cust_9893d388,2024-08-01 08:12:08,2024-08-01 08:12:08,1,54.98,54.98,0.0,0,1,tiktok,tiktok,1,47.73,17.639999999999997,1,1,electronics,47.73,17.639999999999997,1,1,tiktok,camp_90e7d698,us,mobile,False,very_long_replacement_cycle,152,152,0,0,0.0,0.36957888120678817,0.14,1,5,fresh,1,one_time_buyer,1,0,0,511,一般发展用户
cust_98a3e5b1,2024-10-27 07:10:27,2024-10-27 07:10:27,1,56.76,56.76,0.0,0,1,organic,organic,1,48.98,26.529999999999998,1,1,fashion,48.98,26.529999999999998,1,1,organic,,us,desktop,False,seasonal_cycle,65,65,0,0,0.0,0.541649652919559,0.1943181818181818,1,4,healthy,1,one_time_buyer,1,0,0,411,一般发展用户
cust_98ba996e,2024-05-18 15:04:22,2024-05-18 15:04:22,1,28.64,28.64,0.0,0,1,direct,direct,1,19.15,11.439999999999998,1,1,beauty,19.15,11.439999999999998,1,1,google,camp_0506fc88,uk,desktop,True,short_consumption_cycle,227,227,0,0,0.0,0.5973890339425587,0.051094890510948905,1,2,at_risk,1,one_time_buyer,0,0,0,211,低价值流失用户
cust_98c79d21,2024-03-09 17:38:20,2024-03-09 17:38:20,1,83.06,83.06,0.0,0,1,direct,direct,3,83.07000000000001,29.400000000000002,1,1,sports,83.07000000000001,29.400000000000002,3,1,direct,,us,mobile,False,medium_replacement_cycle,297,297,0,0,0.0,0.3539183820873962,0.49169435215946844,3,3,cooling,1,one_time_buyer,0,0,0,313,低价值流失用户
cust_98e7b814,2024-06-29 08:57:05,2024-06-29 08:57:05,1,55.73,55.73,0.0,0,1,direct,direct,1,43.51,16.27,1,1,electronics,43.51,16.27,1,1,meta,camp_c4a6285d,fr,mobile,True,very_long_replacement_cycle,185,185,0,0,0.0,0.37393702597104117,0.15,1,4,healthy,1,one_time_buyer,1,0,0,411,一般发展用户
cust_98f6d62c,2024-01-13 20:49:25,2024-01-13 20:49:25,1,109.64,109.64,0.0,0,1,organic,organic,1,109.64,57.68,1,1,fashion,109.64,57.68,1,1,organic,,uk,mobile,False,seasonal_cycle,353,353,0,0,0.0,0.5260853703028092,0.6545454545454545,4,1,dormant,1,one_time_buyer,0,0,1,114,重要唤回用户
cust_99257e46,2024-12-09 16:48:14,2024-12-09 16:48:14,1,143.97,143.97,0.0,0,1,meta,meta,1,143.97,47.53,1,1,electronics,143.97,47.53,1,1,meta,camp_cd913191,de,tablet,True,very_long_replacement_cycle,22,22,0,0,0.0,0.330138223240953,0.6366666666666667,4,5,fresh,1,one_time_buyer,1,0,1,514,重要发展用户
cust_992f1f03,2024-03-05 18:28:58,2024-03-05 18:28:58,1,136.71,136.71,0.0,0,1,direct,direct,1,136.71,49.790000000000006,1,1,electronics,136.71,49.790000000000006,1,1,google,camp_8bffb766,uk,desktop,False,very_long_replacement_cycle,301,301,0,0,0.0,0.36420159461634116,0.6,3,4,healthy,1,one_time_buyer,1,0,0,413,一般发展用户
cust_998e01f2,2024-11-06 18:40:56,2024-11-06 18:40:56,1,203.77,203.77,0.0,0,1,google,google,3,203.76,119.07,1,1,home,203.76,119.07,3,1,google,camp_1a8b4dbc,us,mobile,False,long_replacement_cycle,55,55,0,0,0.0,0.5843639575971732,0.8223529411764706,5,5,fresh,1,one_time_buyer,1,0,1,515,重要发展用户
cust_99c2d65d,2024-06-01 23:00:19,2024-06-01 23:00:19,1,155.29,155.29,0.0,0,1,direct,direct,2,155.28,82.11999999999999,2,2,fashion,99.8,55.83,1,1,tiktok,camp_58b72d90,us,desktop,True,seasonal_cycle,213,213,0,0,0.0,0.5288511076764554,0.8181818181818182,5,2,at_risk,1,one_time_buyer,0,0,1,215,重要唤回用户
cust_99f1d15b,2024-02-01 08:55:18,2024-02-01 08:55:18,1,81.83,81.83,0.0,0,1,direct,direct,1,71.33,47.92,1,1,fashion,71.33,47.92,1,1,organic,,fr,tablet,False,seasonal_cycle,334,334,0,0,0.0,0.6718070937894295,0.3659090909090909,2,1,dormant,1,one_time_buyer,0,0,0,112,低价值流失用户
cust_9a15e4ac,2024-09-02 21:13:15,2024-09-02 21:13:15,1,19.36,19.36,0.0,0,1,direct,direct,1,9.61,5.77,1,1,beauty,9.61,5.77,1,1,meta,camp_8f283255,us,desktop,True,short_consumption_cycle,120,120,0,0,0.0,0.6004162330905307,0.0170316301703163,1,3,cooling,1,one_time_buyer,0,0,0,311,低价值流失用户
cust_9a18d056,2024-11-10 13:24:07,2024-11-10 13:24:07,1,33.97,33.97,0.0,0,1,meta,meta,1,24.36,14.629999999999999,1,1,beauty,24.36,14.629999999999999,1,1,meta,camp_af7ab169,us,mobile,True,short_consumption_cycle,51,51,0,0,0.0,0.6005747126436781,0.12652068126520682,1,4,healthy,1,one_time_buyer,1,0,0,411,一般发展用户
cust_9a20f581,2024-11-18 15:36:17,2024-11-18 15:36:17,1,59.44,59.44,0.0,0,1,meta,meta,1,49.53,37.35,1,1,beauty,49.53,37.35,1,1,meta,camp_3efc5935,us,desktop,True,short_consumption_cycle,43,43,0,0,0.0,0.7540884312537856,0.4282238442822384,3,5,fresh,1,one_time_buyer,1,0,0,513,一般发展用户
cust_9a65ee1c,2024-12-08 15:29:23,2024-12-08 15:29:23,1,108.21,108.21,0.0,0,1,organic,organic,2,108.2,67.6,2,2,fashion,81.51,51.17,1,1,organic,,us,desktop,True,seasonal_cycle,23,23,0,0,0.0,0.6247689463955637,0.6431818181818182,4,5,fresh,1,one_time_buyer,1,0,1,514,重要发展用户
cust_9a88dc12,2024-06-03 19:34:37,2024-06-03 19:34:37,1,30.66,30.66,6.93,1,1,email,email,1,23.11,15.219999999999999,1,1,beauty,23.11,15.219999999999999,1,1,email,,de,mobile,False,short_consumption_cycle,211,211,0,0,1.0,0.6585893552574643,0.07785888077858881,1,2,at_risk,1,one_time_buyer,0,0,0,211,低价值流失用户
cust_9a914837,2024-09-22 21:09:21,2024-09-22 21:09:21,1,95.83,95.83,0.0,0,1,direct,direct,2,86.86,55.56999999999999,2,2,beauty,45.68,35.629999999999995,1,1,direct,,us,mobile,False,short_consumption_cycle,100,100,0,0,0.0,0.6397651393046281,0.7737226277372263,4,3,cooling,1,one_time_buyer,0,0,1,314,重要唤回用户
cust_9a94c081,2024-02-11 23:03:07,2024-02-11 23:03:07,1,50.2,50.2,0.0,0,1,email,email,1,36.77,11.510000000000002,1,1,electronics,36.77,11.510000000000002,1,1,email,,uk,desktop,False,very_long_replacement_cycle,324,324,0,0,0.0,0.3130269241229263,0.09666666666666666,1,4,healthy,1,one_time_buyer,1,0,0,411,一般发展用户
cust_9a972179,2024-12-09 14:38:03,2024-12-09 14:38:03,1,70.66,70.66,10.0,1,1,direct,direct,1,80.66,28.769999999999996,1,1,sports,80.66,28.769999999999996,1,1,direct,,uk,desktop,False,medium_replacement_cycle,22,22,0,0,1.0,0.3566823704438383,0.3388704318936877,2,5,fresh,1,one_time_buyer,1,0,0,512,一般发展用户
cust_9af471ef,2024-09-01 10:26:44,2024-09-01 10:26:44,1,39.17,39.17,0.0,0,1,meta,meta,1,32.23,19.79,1,1,beauty,32.23,19.79,1,1,meta,camp_2ecdb0b5,us,desktop,False,short_consumption_cycle,121,121,0,0,0.0,0.6140242010549178,0.17761557177615572,1,3,cooling,1,one_time_buyer,0,0,0,311,低价值流失用户
cust_9aff8e10,2024-09-22 09:12:31,2024-09-22 09:12:31,1,130.05,130.05,0.0,0,1,google,google,2,130.06,57.419999999999995,2,2,home,86.13,41.349999999999994,1,1,google,camp_62e33ca7,fr,mobile,False,long_replacement_cycle,100,100,0,0,0.0,0.44148854374903884,0.6305882352941177,4,5,fresh,1,one_time_buyer,1,0,1,514,重要发展用户
cust_9b03cacf,2024-11-14 16:34:53,2024-11-14 16:34:53,1,47.19,47.19,9.36,1,1,google,google,1,46.81,16.720000000000002,1,1,electronics,46.81,16.720000000000002,1,1,google,camp_eb6fd740,uk,desktop,True,very_long_replacement_cycle,47,47,0,0,1.0,0.35718863490707115,0.08666666666666667,1,5,fresh,1,one_time_buyer,1,0,0,511,一般发展用户
cust_9b453fce,2024-08-30 18:28:50,2024-08-30 18:28:50,1,84.78,84.78,0.0,0,1,direct,direct,2,84.78,30.300000000000004,1,1,electronics,84.78,30.300000000000004,2,1,direct,,us,mobile,False,very_long_replacement_cycle,123,123,0,0,0.0,0.3573956121726823,0.29333333333333333,2,5,fresh,1,one_time_buyer,1,0,0,512,一般发展用户
cust_9b9bb1de,2024-06-07 17:22:13,2024-06-07 17:22:13,1,168.09,168.09,0.0,0,1,direct,direct,3,168.07999999999998,85.85,2,2,electronics,100.74,34.28999999999999,1,1,organic,,ca,mobile,True,very_long_replacement_cycle,207,207,0,0,0.0,0.5107686815802,0.7466666666666667,4,4,healthy,1,one_time_buyer,1,0,1,414,重要发展用户
cust_9be3c29c,2024-07-18 17:31:19,2024-07-18 17:31:19,1,52.29,52.29,0.0,0,1,google,google,1,43.14,27.16,1,1,beauty,43.14,27.16,1,1,google,camp_7f160f16,us,mobile,True,short_consumption_cycle,166,166,0,0,0.0,0.6295781177561428,0.31630170316301703,2,2,at_risk,1,one_time_buyer,0,0,0,212,低价值流失用户
cust_9befc681,2024-05-18 18:21:18,2024-05-18 18:21:18,1,17.37,17.37,0.0,0,1,google,google,1,10.54,6.709999999999999,1,1,beauty,10.54,6.709999999999999,1,1,google,camp_58911be7,us,desktop,True,short_consumption_cycle,227,227,0,0,0.0,0.6366223908918406,0.009732360097323601,1,2,at_risk,1,one_time_buyer,0,0,0,211,低价值流失用户
cust_9bf470c3,2024-06-10 09:59:06,2024-06-10 09:59:06,1,88.14,88.14,0.0,0,1,google,google,1,88.14,43.36,1,1,home,88.14,43.36,1,1,google,camp_d2c6315a,uk,mobile,False,long_replacement_cycle,204,204,0,0,0.0,0.49194463353755385,0.3835294117647059,2,4,healthy,1,one_time_buyer,1,0,0,412,一般发展用户
cust_9c1a2f48,2024-07-05 17:58:01,2024-07-05 17:58:01,1,116.36,116.36,0.0,0,1,direct,direct,1,107.15,61.970000000000006,1,1,fashion,107.15,61.970000000000006,1,1,direct,,uk,mobile,False,seasonal_cycle,179,179,0,0,0.0,0.5783481101259916,0.6977272727272728,4,3,cooling,1,one_time_buyer,0,0,1,314,重要唤回用户
cust_9c206cce,2024-07-30 06:18:38,2024-07-30 06:18:38,1,38.88,38.88,0.0,0,1,organic,organic,1,29.31,10.869999999999997,1,1,electronics,29.31,10.869999999999997,1,1,organic,,ca,desktop,True,very_long_replacement_cycle,154,154,0,0,0.0,0.3708631866257249,0.023333333333333334,1,5,fresh,1,one_time_buyer,1,0,0,511,一般发展用户
cust_9c3665ce,2024-11-23 16:14:15,2024-11-23 16:14:15,1,436.22,436.22,0.0,0,1,direct,direct,3,436.23,175.46999999999997,1,1,electronics,436.23,175.46999999999997,3,1,google,camp_010788b3,us,mobile,False,very_long_replacement_cycle,38,38,0,0,0.0,0.40224193659308155,0.9766666666666667,5,5,fresh,1,one_time_buyer,1,0,1,515,重要发展用户
cust_9c7ff83e,2024-11-16 11:11:58,2024-11-16 11:11:58,1,37.11,37.11,0.0,0,1,direct,direct,1,30.2,22.189999999999998,1,1,beauty,30.2,22.189999999999998,1,1,direct,,us,mobile,False,short_consumption_cycle,45,45,0,0,0.0,0.7347682119205298,0.1630170316301703,1,5,fresh,1,one_time_buyer,1,0,0,511,一般发展用户
cust_9ca59db4,2024-09-15 22:23:10,2024-09-15 22:23:10,1,363.27,363.27,0.0,0,1,meta,meta,5,363.26,245.36,2,2,fashion,283.26,186.60000000000002,3,1,meta,camp_5dd27e29,de,mobile,False,seasonal_cycle,107,107,0,0,0.0,0.6754390794472279,0.9954545454545455,5,4,healthy,1,one_time_buyer,1,0,1,415,重要发展用户
cust_9cc7a22e,2024-12-14 22:31:11,2024-12-14 22:31:11,1,74.38,74.38,18.59,1,1,google,google,1,92.97,53.64,1,1,fashion,92.97,53.64,1,1,google,camp_70ec5321,uk,mobile,False,seasonal_cycle,17,17,0,0,1.0,0.5769603097773476,0.3,2,5,fresh,1,one_time_buyer,1,0,0,512,一般发展用户
cust_9cc7ac47,2024-04-09 11:38:41,2024-04-09 11:38:41,1,366.1,366.1,0.0,0,1,direct,direct,5,351.60999999999996,200.70000000000002,1,2,fashion,351.60999999999996,200.70000000000002,5,1,organic,,de,tablet,True,seasonal_cycle,266,266,0,0,0.0,0.5708028781889026,0.9977272727272727,5,2,at_risk,1,one_time_buyer,0,0,1,215,重要唤回用户
cust_9ce0d816,2024-12-10 15:23:24,2024-12-10 15:23:24,1,58.06,58.06,0.0,0,1,google,google,1,46.0,30.060000000000002,1,1,fashion,46.0,30.060000000000002,1,1,google,camp_ebbab5fa,uk,tablet,False,seasonal_cycle,21,21,0,0,0.0,0.6534782608695653,0.2,1,5,fresh,1,one_time_buyer,1,0,0,511,一般发展用户
cust_9d1e2d03,2024-05-04 18:22:05,2024-05-04 18:22:05,1,30.04,30.04,0.0,0,1,organic,organic,1,22.58,14.689999999999998,1,1,beauty,22.58,14.689999999999998,1,1,organic,,us,mobile,True,short_consumption_cycle,241,241,0,0,0.0,0.6505757307351638,0.0705596107055961,1,1,dormant,1,one_time_buyer,0,0,0,111,低价值流失用户
cust_9d47f650,2024-07-16 20:21:07,2024-07-16 20:21:07,1,42.15,42.15,14.18,1,1,tiktok,tiktok,1,47.27,35.09,1,1,beauty,47.27,35.09,1,1,tiktok,camp_dff673c6,us,desktop,True,short_consumption_cycle,168,168,0,0,1.0,0.7423312883435583,0.21897810218978103,2,2,at_risk,1,one_time_buyer,0,0,0,212,低价值流失用户
cust_9d844678,2024-07-10 03:46:28,2024-07-10 03:46:28,1,143.79,143.79,0.0,0,1,organic,organic,2,143.78,37.980000000000004,1,1,electronics,143.78,37.980000000000004,2,1,organic,,de,mobile,False,very_long_replacement_cycle,174,174,0,0,0.0,0.26415356795103634,0.6333333333333333,4,5,fresh,1,one_time_buyer,1,0,1,514,重要发展用户
cust_9db13516,2024-07-13 12:00:59,2024-07-13 12:00:59,1,125.87,125.87,0.0,0,1,tiktok,tiktok,1,125.87,56.91000000000001,1,1,home,125.87,56.91000000000001,1,1,tiktok,camp_70a8bfae,us,desktop,False,long_replacement_cycle,171,171,0,0,0.0,0.45213315325335673,0.6094117647058823,4,4,healthy,1,one_time_buyer,1,0,1,414,重要发展用户
cust_9db28bd6,2024-08-27 13:20:44,2024-08-27 13:20:44,1,60.55,60.55,12.05,1,1,google,google,2,60.24,29.42,1,1,sports,60.24,29.42,2,1,google,camp_46f8d599,uk,desktop,False,medium_replacement_cycle,126,126,0,0,1.0,0.48837981407702524,0.22591362126245848,2,4,healthy,1,one_time_buyer,1,0,0,412,一般发展用户
cust_9e11edfc,2024-10-07 10:12:45,2024-10-07 10:12:45,1,57.31,57.31,12.13,1,1,meta,meta,2,60.66,28.719999999999995,1,1,home,60.66,28.719999999999995,2,1,meta,camp_bc734d4e,us,desktop,False,long_replacement_cycle,85,85,0,0,1.0,0.4734586218265743,0.20705882352941177,2,5,fresh,1,one_time_buyer,1,0,0,512,一般发展用户
cust_9e206e40,2024-12-24 06:23:52,2024-12-24 06:23:52,1,94.07,94.07,0.0,0,1,direct,direct,2,94.06,73.96000000000001,1,1,beauty,94.06,73.96000000000001,2,1,tiktok,camp_dbd3f1df,ca,desktop,False,short_consumption_cycle,7,7,0,0,0.0,0.7863066128003403,0.7712895377128953,4,5,fresh,1,one_time_buyer,1,0,1,514,重要发展用户
cust_9e221146,2024-08-17 12:01:12,2024-08-17 12:01:12,1,114.68,114.68,0.0,0,1,direct,direct,1,114.68,62.720000000000006,1,1,fashion,114.68,62.720000000000006,1,1,direct,,us,mobile,True,seasonal_cycle,136,136,0,0,0.0,0.5469131496337636,0.6840909090909091,4,3,cooling,1,one_time_buyer,0,0,1,314,重要唤回用户
cust_9e329fef,2024-09-28 09:22:59,2024-09-28 09:22:59,1,99.88,99.88,0.0,0,1,direct,direct,2,99.88,69.44,1,2,beauty,99.88,69.44,2,1,organic,,us,mobile,True,short_consumption_cycle,94,94,0,0,0.0,0.6952342811373649,0.7883211678832117,4,3,cooling,1,one_time_buyer,0,0,1,314,重要唤回用户
cust_9e3f56e0,2024-03-30 14:52:38,2024-03-30 14:52:38,1,40.11,40.11,8.27,1,1,direct,direct,1,41.37,25.389999999999997,1,1,beauty,41.37,25.389999999999997,1,1,google,camp_1bfad560,us,mobile,False,short_consumption_cycle,276,276,0,0,1.0,0.6137297558617355,0.1922141119221411,1,1,dormant,1,one_time_buyer,0,0,0,111,低价值流失用户
cust_9e928103,2024-02-24 10:43:18,2024-02-24 10:43:18,1,269.08,269.08,0.0,0,1,organic,organic,3,269.07,93.47999999999999,1,1,sports,269.07,93.47999999999999,3,1,organic,,ca,mobile,False,medium_replacement_cycle,311,311,0,0,0.0,0.34741888727840337,0.9634551495016611,5,2,at_risk,1,one_time_buyer,0,0,1,215,重要唤回用户
cust_9ea0e59b,2024-11-19 16:32:08,2024-11-19 16:32:08,1,45.34,45.34,0.0,0,1,direct,direct,1,38.81,29.940000000000005,1,1,beauty,38.81,29.940000000000005,1,1,organic,,us,desktop,False,short_consumption_cycle,42,42,0,0,0.0,0.7714506570471529,0.2360097323600973,2,5,fresh,1,one_time_buyer,1,0,0,512,一般发展用户
cust_9ebc7d72,2024-02-18 12:35:26,2024-02-18 12:35:26,1,77.33,77.33,10.0,1,1,organic,organic,1,79.28,52.67,1,1,beauty,79.28,52.67,1,1,organic,,us,desktop,True,short_consumption_cycle,317,317,0,0,1.0,0.6643541876892028,0.6228710462287105,4,1,dormant,1,one_time_buyer,0,0,1,114,重要唤回用户
cust_9ec210bc,2024-03-15 09:10:45,2024-03-15 09:10:45,1,46.96,46.96,4.5,1,1,direct,direct,1,44.97,30.509999999999998,1,1,beauty,44.97,30.509999999999998,1,1,direct,,us,mobile,False,short_consumption_cycle,291,291,0,0,1.0,0.6784523015343562,0.24330900243309003,2,1,dormant,1,one_time_buyer,0,0,0,112,低价值流失用户
cust_9f0798ea,2024-01-03 08:20:58,2024-01-03 08:20:58,1,80.62,80.62,0.0,0,1,organic,organic,1,69.64,33.3,1,1,home,69.64,33.3,1,1,organic,,uk,mobile,False,long_replacement_cycle,363,363,0,0,0.0,0.47817346352670875,0.2917647058823529,2,3,cooling,1,one_time_buyer,0,0,0,312,低价值流失用户
cust_9f0883d4,2024-04-19 14:41:41,2024-04-19 14:41:41,1,47.81,47.81,7.11,1,1,tiktok,tiktok,1,47.42,32.760000000000005,1,1,beauty,47.42,32.760000000000005,1,1,tiktok,camp_aacad0ac,us,mobile,False,short_consumption_cycle,256,256,0,0,1.0,0.6908477435681148,0.26520681265206814,2,1,dormant,1,one_time_buyer,0,0,0,112,低价值流失用户
cust_9ff84ffb,2024-01-07 10:42:39,2024-01-07 10:42:39,1,73.54,73.54,14.85,1,1,email,email,2,74.25,28.910000000000004,2,2,sports,44.99,17.130000000000003,1,1,email,,fr,mobile,False,medium_replacement_cycle,359,359,0,0,1.0,0.3893602693602694,0.38205980066445183,2,2,at_risk,1,one_time_buyer,0,0,0,212,低价值流失用户
cust_9ffbd824,2024-09-07 19:48:41,2024-09-07 19:48:41,1,190.47,190.47,0.0,0,1,direct,direct,2,176.78,74.24,1,1,home,176.78,74.24,2,1,google,camp_e125cd36,de,mobile,True,long_replacement_cycle,115,115,0,0,0.0,0.4199570087113927,0.8047058823529412,5,5,fresh,1,one_time_buyer,1,0,1,515,重要发展用户
cust_a02cff85,2024-04-30 21:23:17,2024-04-30 21:23:17,1,80.89,80.89,0.0,0,1,google,google,2,66.68,33.440000000000005,1,1,fashion,66.68,33.440000000000005,2,1,google,camp_3f46800e,uk,mobile,False,seasonal_cycle,245,245,0,0,0.0,0.501499700059988,0.3477272727272727,2,2,at_risk,1,one_time_buyer,0,0,0,212,低价值流失用户
cust_a075cf11,2024-04-13 11:37:05,2024-04-13 11:37:05,1,45.83,45.83,8.27,1,1,google,google,1,41.37,20.13,1,1,fashion,41.37,20.13,1,1,google,camp_acb43029,ca,mobile,True,seasonal_cycle,262,262,0,0,1.0,0.4865844815083394,0.125,1,2,at_risk,1,one_time_buyer,0,0,0,211,低价值流失用户
cust_a07f6952,2024-10-18 18:28:19,2024-10-18 18:28:19,1,113.64,113.64,11.89,1,1,meta,meta,1,118.9,40.46000000000001,1,1,electronics,118.9,40.46000000000001,1,1,meta,camp_94316d3b,us,mobile,True,very_long_replacement_cycle,74,74,0,0,1.0,0.3402859545836838,0.4633333333333333,3,5,fresh,1,one_time_buyer,1,0,0,513,一般发展用户
cust_a0861d01,2024-10-25 10:11:51,2024-10-25 10:11:51,1,89.75,89.75,0.0,0,1,direct,direct,2,89.74,44.839999999999996,1,1,fashion,89.74,44.839999999999996,2,1,organic,,de,mobile,False,seasonal_cycle,67,67,0,0,0.0,0.49966570091375084,0.49772727272727274,3,4,healthy,1,one_time_buyer,1,0,0,413,一般发展用户
cust_a0afc567,2024-10-28 11:37:31,2024-10-28 11:37:31,1,55.56,55.56,0.0,0,1,direct,direct,1,45.55,31.089999999999996,1,1,beauty,45.55,31.089999999999996,1,1,meta,camp_c3b82936,uk,mobile,True,short_consumption_cycle,64,64,0,0,0.0,0.6825466520307354,0.36009732360097324,2,4,healthy,1,one_time_buyer,1,0,0,412,一般发展用户
cust_a0b8d26d,2024-08-13 18:27:13,2024-08-13 18:27:13,1,302.32,302.32,0.0,0,1,direct,direct,3,286.83000000000004,162.81,2,2,fashion,155.78,89.42,2,1,meta,camp_d91a51c3,de,desktop,False,seasonal_cycle,140,140,0,0,0.0,0.5676184499529338,0.9795454545454545,5,3,cooling,1,one_time_buyer,0,0,1,315,重要唤回用户
cust_a0e6a611,2024-11-29 16:06:23,2024-11-29 16:06:23,1,39.15,39.15,0.0,0,1,meta,meta,1,24.21,14.48,1,1,beauty,24.21,14.48,1,1,meta,camp_7ededae5,uk,mobile,True,short_consumption_cycle,32,32,0,0,0.0,0.5980999586947542,0.17518248175182483,1,5,fresh,1,one_time_buyer,1,0,0,511,一般发展用户
cust_a1071a21,2024-09-29 18:52:44,2024-09-29 18:52:44,1,273.84,273.84,0.0,0,1,organic,organic,4,273.85,175.97000000000003,1,2,beauty,273.85,175.97000000000003,4,1,organic,,uk,desktop,False,short_consumption_cycle,93,93,0,0,0.0,0.6425780536790214,0.9951338199513382,5,3,cooling,1,one_time_buyer,0,0,1,315,重要唤回用户
cust_a159e925,2024-12-05 17:30:19,2024-12-05 17:30:19,1,134.63,134.63,0.0,0,1,direct,direct,1,134.63,62.3,1,1,home,134.63,62.3,1,1,google,camp_8c00bb16,uk,mobile,False,long_replacement_cycle,26,26,0,0,0.0,0.46274975859763795,0.6564705882352941,4,5,fresh,1,one_time_buyer,1,0,1,514,重要发展用户
cust_a1776789,2024-01-05 08:58:36,2024-01-05 08:58:36,1,156.61,156.61,0.0,0,1,direct,direct,1,156.61,52.40000000000002,1,1,electronics,156.61,52.40000000000002,1,1,tiktok,camp_92fa5b19,uk,mobile,True,very_long_replacement_cycle,361,361,0,0,0.0,0.3345891066981675,0.6966666666666667,4,4,healthy,1,one_time_buyer,1,0,1,414,重要发展用户
cust_a187b3db,2024-09-22 17:39:23,2024-09-22 17:39:23,1,70.65,70.65,0.0,0,1,google,google,1,63.62,25.15,1,1,sports,63.62,25.15,1,1,google,camp_502700fe,us,mobile,False,medium_replacement_cycle,100,100,0,0,0.0,0.3953159383841559,0.33554817275747506,2,4,healthy,1,one_time_buyer,1,0,0,412,一般发展用户
cust_a1e6f782,2024-05-18 02:44:20,2024-05-18 02:44:20,1,142.96,142.96,0.0,0,1,direct,direct,2,142.96,58.94000000000001,1,1,home,142.96,58.94000000000001,2,1,organic,,us,mobile,True,long_replacement_cycle,227,227,0,0,0.0,0.4122831561275882,0.7058823529411765,4,4,healthy,1,one_time_buyer,1,0,1,414,重要发展用户
cust_a20418a5,2024-09-24 20:05:51,2024-09-24 20:05:51,1,420.74,420.74,0.0,0,1,direct,direct,4,420.72999999999996,187.15999999999997,2,2,home,349.71,142.82999999999998,3,1,direct,,ca,mobile,False,long_replacement_cycle,98,98,0,0,0.0,0.444845863142633,0.9905882352941177,5,5,fresh,1,one_time_buyer,1,0,1,515,重要发展用户
cust_a2610ce5,2024-04-06 10:42:36,2024-04-06 10:42:36,1,73.11,73.11,18.28,1,1,organic,organic,1,91.39,59.17,1,1,fashion,91.39,59.17,1,1,organic,,de,mobile,False,seasonal_cycle,269,269,0,0,1.0,0.6474450158660685,0.2840909090909091,2,2,at_risk,1,one_time_buyer,0,0,0,212,低价值流失用户
cust_a2744242,2024-03-07 19:08:31,2024-03-07 19:08:31,1,82.41,82.41,13.23,1,1,direct,direct,3,88.17,59.67,1,1,fashion,88.17,59.67,3,1,google,camp_0132ce8a,us,desktop,False,seasonal_cycle,299,299,0,0,1.0,0.6767608029942157,0.38522727272727275,2,2,at_risk,1,one_time_buyer,0,0,0,212,低价值流失用户
cust_a2836e5a,2024-11-28 07:18:22,2024-11-28 07:18:22,1,36.73,36.73,0.0,0,1,meta,meta,1,28.09,15.89,1,1,home,28.09,15.89,1,1,meta,camp_fe894007,us,mobile,False,long_replacement_cycle,33,33,0,0,0.0,0.5656817372730509,0.06352941176470588,1,5,fresh,1,one_time_buyer,1,0,0,511,一般发展用户
cust_a2b20f9c,2024-04-27 07:43:10,2024-04-27 07:43:10,1,91.8,91.8,0.0,0,1,direct,direct,1,91.8,33.269999999999996,1,1,sports,91.8,33.269999999999996,1,1,direct,,de,desktop,False,medium_replacement_cycle,248,248,0,0,0.0,0.36241830065359476,0.5946843853820598,3,3,cooling,1,one_time_buyer,0,0,0,313,低价值流失用户
cust_a2c27634,2024-02-19 20:49:06,2024-02-19 20:49:06,1,100.74,100.74,15.0,1,1,email,email,2,106.74000000000001,62.45,2,2,fashion,70.95,47.540000000000006,1,1,email,,ca,mobile,True,seasonal_cycle,316,316,0,0,1.0,0.5850665167697208,0.5863636363636363,3,1,dormant,1,one_time_buyer,0,0,0,113,低价值流失用户
cust_a2f6610f,2024-12-22 20:36:26,2024-12-22 20:36:26,1,89.2,89.2,0.0,0,1,meta,meta,1,89.2,30.67,1,1,sports,89.2,30.67,1,1,meta,camp_7d8d98a8,de,mobile,False,medium_replacement_cycle,9,9,0,0,0.0,0.3438340807174888,0.5548172757475083,3,5,fresh,1,one_time_buyer,1,0,0,513,一般发展用户
cust_a340c9f0,2024-06-29 16:01:45,2024-06-29 16:01:45,1,48.94,48.94,0.0,0,1,direct,direct,1,37.14,28.270000000000003,1,1,beauty,37.14,28.270000000000003,1,1,meta,camp_3849d7ee,uk,desktop,False,short_consumption_cycle,185,185,0,0,0.0,0.7611739364566505,0.2798053527980535,2,2,at_risk,1,one_time_buyer,0,0,0,212,低价值流失用户
cust_a34b16fc,2024-07-08 19:30:04,2024-07-08 19:30:04,1,38.99,38.99,0.0,0,1,tiktok,tiktok,1,30.66,21.16,1,1,fashion,30.66,21.16,1,1,tiktok,camp_def54b5f,ca,desktop,True,seasonal_cycle,176,176,0,0,0.0,0.690150032615786,0.075,1,3,cooling,1,one_time_buyer,0,0,0,311,低价值流失用户
cust_a3742b81,2024-10-22 16:01:16,2024-10-22 16:01:16,1,127.84,127.84,0.0,0,1,direct,direct,2,127.84,71.38,1,1,home,127.84,71.38,2,1,direct,,us,desktop,False,long_replacement_cycle,70,70,0,0,0.0,0.5583541927409261,0.6211764705882353,4,5,fresh,1,one_time_buyer,1,0,1,514,重要发展用户
cust_a38c7a42,2024-02-04 15:21:35,2024-02-04 15:21:35,1,51.48,51.48,0.0,0,1,meta,meta,1,44.46,18.52,1,1,sports,44.46,18.52,1,1,meta,camp_7a95fc82,us,desktop,False,medium_replacement_cycle,331,331,0,0,0.0,0.41655420602789023,0.17940199335548174,1,2,at_risk,1,one_time_buyer,0,0,0,211,低价值流失用户
cust_a39dadfc,2024-12-15 19:41:44,2024-12-15 19:41:44,1,44.34,44.34,13.96,1,1,direct,direct,1,46.54,16.45,1,1,electronics,46.54,16.45,1,1,organic,,uk,desktop,False,very_long_replacement_cycle,16,16,0,0,1.0,0.35345938977223895,0.056666666666666664,1,5,fresh,1,one_time_buyer,1,0,0,511,一般发展用户
cust_a3d14de5,2024-06-12 12:34:06,2024-06-12 12:34:06,1,51.16,51.16,0.0,0,1,direct,direct,1,36.63,11.370000000000001,1,1,electronics,36.63,11.370000000000001,1,1,direct,,de,mobile,True,very_long_replacement_cycle,202,202,0,0,0.0,0.3104013104013104,0.10333333333333333,1,4,healthy,1,one_time_buyer,1,0,0,411,一般发展用户
cust_a3e2dbee,2024-11-11 10:49:03,2024-11-11 10:49:03,1,139.35,139.35,0.0,0,1,meta,meta,3,130.2,90.63,1,1,beauty,130.2,90.63,3,1,meta,camp_2e96c7ca,us,mobile,False,short_consumption_cycle,50,50,0,0,0.0,0.6960829493087558,0.8905109489051095,5,4,healthy,1,one_time_buyer,1,0,1,415,重要发展用户
cust_a3e3fc7f,2024-04-18 08:01:03,2024-04-18 08:01:03,1,171.23,171.23,0.0,0,1,organic,organic,1,171.23,49.079999999999984,1,1,electronics,171.23,49.079999999999984,1,1,organic,,de,desktop,False,very_long_replacement_cycle,257,257,0,0,0.0,0.28663201541785893,0.7533333333333333,4,4,healthy,1,one_time_buyer,1,0,1,414,重要发展用户
cust_a417d018,2024-12-06 19:33:53,2024-12-06 19:33:53,1,108.6,108.6,0.0,0,1,email,email,3,108.6,76.83999999999999,1,2,beauty,108.6,76.83999999999999,3,1,email,,us,desktop,True,short_consumption_cycle,25,25,0,0,0.0,0.7075506445672191,0.8175182481751825,5,5,fresh,1,one_time_buyer,1,0,1,515,重要发展用户
cust_a4205dde,2024-06-27 11:39:49,2024-06-27 11:39:49,1,30.45,30.45,0.0,0,1,direct,direct,1,21.04,12.709999999999999,1,1,fashion,21.04,12.709999999999999,1,1,email,,uk,desktop,False,seasonal_cycle,187,187,0,0,0.0,0.6040874524714829,0.02727272727272727,1,3,cooling,1,one_time_buyer,0,0,0,311,低价值流失用户
cust_a447bf28,2024-10-20 22:28:53,2024-10-20 22:28:53,1,78.06,78.06,0.0,0,1,tiktok,tiktok,1,71.52,44.91,1,1,beauty,71.52,44.91,1,1,tiktok,camp_6419bc5e,us,mobile,False,short_consumption_cycle,72,72,0,0,0.0,0.6279362416107382,0.6277372262773723,4,4,healthy,1,one_time_buyer,1,0,1,414,重要发展用户
cust_a4654993,2024-02-14 21:17:02,2024-02-14 21:17:02,1,66.58,66.58,5.0,1,1,google,google,1,64.83,43.83,1,1,beauty,64.83,43.83,1,1,google,camp_4764bd7a,us,mobile,False,short_consumption_cycle,321,321,0,0,1.0,0.6760758907913003,0.5231143552311436,3,1,dormant,1,one_time_buyer,0,0,0,113,低价值流失用户
cust_a46cc639,2024-02-18 12:04:19,2024-02-18 12:04:19,1,158.45,158.45,0.0,0,1,email,email,2,158.46,104.22,1,1,fashion,158.46,104.22,2,1,email,,uk,desktop,False,seasonal_cycle,317,317,0,0,0.0,0.6577054146156759,0.8272727272727273,5,1,dormant,1,one_time_buyer,0,0,1,115,重要唤回用户
cust_a4a031d2,2024-12-29 18:20:47,2024-12-29 18:20:47,1,44.72,44.72,0.0,0,1,organic,organic,1,35.5,10.239999999999998,1,1,electronics,35.5,10.239999999999998,1,1,organic,,uk,mobile,False,very_long_replacement_cycle,2,2,0,0,0.0,0.2884507042253521,0.06,1,5,fresh,1,one_time_buyer,1,0,0,511,一般发展用户
cust_a4e56a7b,2024-03-23 06:54:36,2024-03-23 06:54:36,1,115.83,115.83,0.0,0,1,direct,direct,3,101.25,58.019999999999996,1,1,fashion,101.25,58.019999999999996,3,1,google,camp_035bf851,uk,desktop,False,seasonal_cycle,283,283,0,0,0.0,0.573037037037037,0.6931818181818182,4,2,at_risk,1,one_time_buyer,0,0,1,214,重要唤回用户
cust_a51b3ed5,2024-06-10 16:00:27,2024-06-10 16:00:27,1,132.3,132.3,0.0,0,1,google,google,3,132.29000000000002,60.790000000000006,2,2,electronics,72.01,19.510000000000005,1,1,google,camp_9c5bd7e8,fr,mobile,True,very_long_replacement_cycle,204,204,0,0,0.0,0.45952074986771485,0.5666666666666667,3,4,healthy,1,one_time_buyer,1,0,0,413,一般发展用户
cust_a52f139f,2024-06-30 22:27:44,2024-06-30 22:27:44,1,82.9,82.9,0.0,0,1,direct,direct,1,75.78,26.85,1,1,sports,75.78,26.85,1,1,email,,us,mobile,False,medium_replacement_cycle,184,184,0,0,0.0,0.3543151227236738,0.4883720930232558,3,3,cooling,1,one_time_buyer,0,0,0,313,低价值流失用户
cust_a5483dd5,2024-08-09 11:58:31,2024-08-09 11:58:31,1,300.47,300.47,0.0,0,1,direct,direct,5,291.12,169.35,2,2,fashion,178.98,114.53999999999999,2,1,tiktok,camp_e4bc80fc,us,desktop,False,seasonal_cycle,144,144,0,0,0.0,0.5817188788128607,0.9772727272727273,5,3,cooling,1,one_time_buyer,0,0,1,315,重要唤回用户
cust_a560d896,2024-11-07 15:20:14,2024-11-07 15:20:14,1,121.19,121.19,0.0,0,1,direct,direct,1,121.19,42.75,1,1,electronics,121.19,42.75,1,1,tiktok,camp_c911999b,de,tablet,False,very_long_replacement_cycle,54,54,0,0,0.0,0.3527518772175922,0.5033333333333333,3,5,fresh,1,one_time_buyer,1,0,0,513,一般发展用户
cust_a590a5df,2024-08-04 22:01:29,2024-08-04 22:01:29,1,82.44,82.44,0.0,0,1,google,google,1,71.48,40.22,1,1,home,71.48,40.22,1,1,google,camp_34064080,de,mobile,True,long_replacement_cycle,149,149,0,0,0.0,0.5626748740906546,0.31529411764705884,2,4,healthy,1,one_time_buyer,1,0,0,412,一般发展用户
cust_a5aac3ed,2024-10-08 20:06:09,2024-10-08 20:06:09,1,71.06,71.06,0.0,0,1,direct,direct,2,57.98,20.759999999999998,1,1,sports,57.98,20.759999999999998,2,1,meta,camp_cb10a9c1,de,mobile,True,medium_replacement_cycle,84,84,0,0,0.0,0.3580545015522594,0.3488372093023256,2,5,fresh,1,one_time_buyer,1,0,0,512,一般发展用户
cust_a5ae39f2,2024-03-12 09:33:37,2024-03-12 09:33:37,1,86.46,86.46,0.0,0,1,direct,direct,1,75.56,33.550000000000004,1,1,home,75.56,33.550000000000004,1,1,direct,,uk,tablet,False,long_replacement_cycle,294,294,0,0,0.0,0.4440179989412388,0.3552941176470588,2,3,cooling,1,one_time_buyer,0,0,0,312,低价值流失用户
cust_a5d4c6ba,2024-02-19 16:22:13,2024-02-19 16:22:13,1,42.61,42.61,0.0,0,1,direct,direct,1,26.87,16.61,1,1,beauty,26.87,16.61,1,1,direct,,de,mobile,False,short_consumption_cycle,316,316,0,0,0.0,0.6181615184220319,0.22384428223844283,2,1,dormant,1,one_time_buyer,0,0,0,112,低价值流失用户
cust_a5ec48af,2024-11-07 15:33:05,2024-11-07 15:33:05,1,97.17,97.17,0.0,0,1,direct,direct,1,97.17,36.25,1,1,electronics,97.17,36.25,1,1,meta,camp_c556c759,uk,desktop,True,very_long_replacement_cycle,54,54,0,0,0.0,0.37305752804363485,0.3933333333333333,2,5,fresh,1,one_time_buyer,1,0,0,512,一般发展用户
cust_a5ede133,2024-11-02 08:15:44,2024-11-02 08:15:44,1,64.14,64.14,16.04,1,1,direct,direct,1,80.18,42.190000000000005,1,1,fashion,80.18,42.190000000000005,1,1,google,camp_3a22d182,ca,mobile,True,seasonal_cycle,59,59,0,0,1.0,0.5261910700922924,0.23636363636363636,2,5,fresh,1,one_time_buyer,1,0,0,512,一般发展用户
cust_a616c5e7,2024-03-25 06:49:20,2024-03-25 06:49:20,1,145.47,145.47,0.0,0,1,meta,meta,3,145.47,37.02000000000001,1,1,electronics,145.47,37.02000000000001,3,1,meta,camp_0bfd3b70,uk,mobile,False,very_long_replacement_cycle,281,281,0,0,0.0,0.25448546091977736,0.6433333333333333,4,4,healthy,1,one_time_buyer,1,0,1,414,重要发展用户
cust_a6317f99,2024-09-22 13:27:29,2024-09-22 13:27:29,1,118.62,118.62,0.0,0,1,organic,organic,3,118.62,82.22999999999999,1,1,beauty,118.62,82.22999999999999,3,1,organic,,us,desktop,True,short_consumption_cycle,100,100,0,0,0.0,0.6932220536165907,0.8442822384428224,5,3,cooling,1,one_time_buyer,0,0,1,315,重要唤回用户
cust_a643ed9a,2024-07-03 18:39:36,2024-07-03 18:39:36,1,72.11,72.11,12.72,1,1,direct,direct,1,84.83,42.9,1,1,fashion,84.83,42.9,1,1,tiktok,camp_b7f4b6f5,us,mobile,False,seasonal_cycle,181,181,0,0,1.0,0.505717316986915,0.275,2,3,cooling,1,one_time_buyer,0,0,0,312,低价值流失用户
cust_a64baa1d,2024-11-02 16:48:33,2024-11-02 16:48:33,1,136.34,136.34,15.0,1,1,organic,organic,2,141.88,79.35999999999999,1,1,home,141.88,79.35999999999999,2,1,organic,,us,tablet,False,long_replacement_cycle,59,59,0,0,1.0,0.5593459261347616,0.6705882352941176,4,5,fresh,1,one_time_buyer,1,0,1,514,重要发展用户
cust_a652a610,2024-07-09 23:04:58,2024-07-09 23:04:58,1,59.66,59.66,8.45,1,1,meta,meta,1,56.35,34.83,1,1,beauty,56.35,34.83,1,1,meta,camp_91b7f1b4,uk,mobile,False,short_consumption_cycle,175,175,0,0,1.0,0.6181011535048802,0.4306569343065693,3,2,at_risk,1,one_time_buyer,0,0,0,213,低价值流失用户
cust_a6598f83,2024-07-22 10:39:14,2024-07-22 10:39:14,1,163.01,163.01,0.0,0,1,google,google,1,163.01,58.8,1,1,electronics,163.01,58.8,1,1,google,camp_d8e0129c,fr,desktop,False,very_long_replacement_cycle,162,162,0,0,0.0,0.36071406662167965,0.7266666666666667,4,5,fresh,1,one_time_buyer,1,0,1,514,重要发展用户
cust_a6bc134b,2024-01-12 08:15:09,2024-01-12 08:15:09,1,31.14,31.14,0.0,0,1,meta,meta,1,16.81,12.79,1,1,beauty,16.81,12.79,1,1,meta,camp_3c25f00e,uk,mobile,False,short_consumption_cycle,354,354,0,0,0.0,0.7608566329565735,0.08759124087591241,1,1,dormant,1,one_time_buyer,0,0,0,111,低价值流失用户
cust_a6e5848d,2024-05-06 20:03:36,2024-05-06 20:03:36,1,138.54,138.54,32.94,1,1,organic,organic,2,164.72,72.32,1,1,sports,164.72,72.32,2,1,organic,,us,mobile,True,medium_replacement_cycle,239,239,0,0,1.0,0.4390480815930063,0.8006644518272426,5,3,cooling,1,one_time_buyer,0,0,1,315,重要唤回用户
cust_a70f6a12,2024-12-12 19:00:39,2024-12-12 19:00:39,1,160.36,160.36,0.0,0,1,direct,direct,2,148.3,76.42000000000002,1,1,fashion,148.3,76.42000000000002,2,1,direct,,ca,mobile,False,seasonal_cycle,19,19,0,0,0.0,0.5153068105192179,0.8386363636363636,5,5,fresh,1,one_time_buyer,1,0,1,515,重要发展用户
cust_a71c1cad,2024-12-06 12:00:16,2024-12-06 12:00:16,1,94.39,94.39,0.0,0,1,direct,direct,2,87.86,32.14,1,1,sports,87.86,32.14,2,1,meta,camp_bcbb86f5,us,mobile,True,medium_replacement_cycle,25,25,0,0,0.0,0.3658092419758707,0.6112956810631229,4,5,fresh,1,one_time_buyer,1,0,1,514,重要发展用户
cust_a72f640c,2024-08-08 10:54:57,2024-08-08 10:54:57,1,143.63,143.63,0.0,0,1,tiktok,tiktok,2,143.64,96.82,1,1,fashion,143.64,96.82,2,1,tiktok,camp_94a1ab28,de,mobile,False,seasonal_cycle,145,145,0,0,0.0,0.6740462266778057,0.7704545454545455,4,3,cooling,1,one_time_buyer,0,0,1,314,重要唤回用户
cust_a74f55b6,2024-06-21 16:09:56,2024-06-21 16:09:56,1,136.17,136.17,0.0,0,1,organic,organic,2,136.18,63.5,1,1,home,136.18,63.5,2,1,organic,,us,mobile,False,long_replacement_cycle,193,193,0,0,0.0,0.46629461007490086,0.6658823529411765,4,4,healthy,1,one_time_buyer,1,0,1,414,重要发展用户
cust_a76f3c58,2024-12-23 09:41:15,2024-12-23 09:41:15,1,105.18,105.18,0.0,0,1,direct,direct,2,105.17999999999999,39.629999999999995,2,2,sports,73.69,24.759999999999998,1,1,direct,,uk,mobile,False,medium_replacement_cycle,8,8,0,0,0.0,0.376782658300057,0.6710963455149501,4,5,fresh,1,one_time_buyer,1,0,1,514,重要发展用户
cust_a786d1c3,2024-07-25 10:31:20,2024-07-25 10:31:20,1,68.97,68.97,0.0,0,1,direct,direct,2,55.3,27.24,1,1,sports,55.3,27.24,2,1,organic,,uk,mobile,False,medium_replacement_cycle,159,159,0,0,0.0,0.4925858951175407,0.31893687707641194,2,4,healthy,1,one_time_buyer,1,0,0,412,一般发展用户
cust_a7cbbfd4,2024-09-26 10:10:28,2024-09-26 10:10:28,1,125.25,125.25,5.0,1,1,google,google,2,118.6,92.19999999999999,1,1,beauty,118.6,92.19999999999999,2,1,google,camp_e4b44acb,ca,mobile,True,short_consumption_cycle,96,96,0,0,1.0,0.7774030354131534,0.8588807785888077,5,3,cooling,1,one_time_buyer,0,0,1,315,重要唤回用户
cust_a7d83dde,2024-09-21 13:02:30,2024-09-21 13:02:30,1,110.61,110.61,0.0,0,1,tiktok,tiktok,1,110.61,36.2,1,1,electronics,110.61,36.2,1,1,tiktok,camp_3cb5fa55,ca,mobile,True,very_long_replacement_cycle,101,101,0,0,0.0,0.3272760148268692,0.45,3,5,fresh,1,one_time_buyer,1,0,0,513,一般发展用户
cust_a8126699,2024-11-02 15:11:00,2024-11-02 15:11:00,1,260.08,260.08,0.0,0,1,direct,direct,2,251.16,142.8,1,1,home,251.16,142.8,2,1,organic,,us,mobile,False,long_replacement_cycle,59,59,0,0,0.0,0.5685618729096991,0.9058823529411765,5,5,fresh,1,one_time_buyer,1,0,1,515,重要发展用户
cust_a82f8268,2024-09-09 16:24:42,2024-09-09 16:24:42,1,36.26,36.26,0.0,0,1,google,google,1,20.99,13.279999999999998,1,1,beauty,20.99,13.279999999999998,1,1,google,camp_2373526c,fr,mobile,True,short_consumption_cycle,113,113,0,0,0.0,0.6326822296331586,0.15328467153284672,1,3,cooling,1,one_time_buyer,0,0,0,311,低价值流失用户
cust_a8304bcd,2024-11-01 17:04:56,2024-11-01 17:04:56,1,46.81,46.81,5.0,1,1,tiktok,tiktok,1,38.25,18.46,1,1,home,38.25,18.46,1,1,tiktok,camp_602f0e0d,fr,mobile,False,long_replacement_cycle,60,60,0,0,1.0,0.48261437908496735,0.16,1,5,fresh,1,one_time_buyer,1,0,0,511,一般发展用户
cust_a84efb2f,2024-10-19 08:31:58,2024-10-19 08:31:58,1,111.26,111.26,10.0,1,1,tiktok,tiktok,1,111.94,55.099999999999994,1,1,home,111.94,55.099999999999994,1,1,tiktok,camp_2df4773b,us,desktop,True,long_replacement_cycle,73,73,0,0,1.0,0.49222797927461137,0.5152941176470588,3,5,fresh,1,one_time_buyer,1,0,0,513,一般发展用户
cust_a85127f9,2024-01-09 11:58:23,2024-01-09 11:58:23,1,28.86,28.86,9.62,1,1,direct,direct,1,32.06,19.620000000000005,1,1,beauty,32.06,19.620000000000005,1,1,google,camp_9c202efd,us,mobile,True,short_consumption_cycle,357,357,0,0,1.0,0.6119775421085466,0.0535279805352798,1,1,dormant,1,one_time_buyer,0,0,0,111,低价值流失用户
cust_a87c7927,2024-12-17 17:32:20,2024-12-17 17:32:20,1,63.42,63.42,0.0,0,1,google,google,1,50.06,34.120000000000005,1,1,fashion,50.06,34.120000000000005,1,1,google,camp_51a28545,fr,mobile,False,seasonal_cycle,14,14,0,0,0.0,0.6815821014782262,0.2318181818181818,2,5,fresh,1,one_time_buyer,1,0,0,512,一般发展用户
cust_a8a3b6f3,2024-07-22 09:59:09,2024-07-22 09:59:09,1,56.76,56.76,0.0,0,1,direct,direct,1,46.57,24.12,1,1,fashion,46.57,24.12,1,1,meta,camp_13164c3c,ca,mobile,True,seasonal_cycle,162,162,0,0,0.0,0.5179299978526949,0.1943181818181818,1,3,cooling,1,one_time_buyer,0,0,0,311,低价值流失用户
cust_a8c6f038,2024-11-25 19:24:09,2024-11-25 19:24:09,1,84.47,84.47,0.0,0,1,tiktok,tiktok,1,77.72,44.54,1,1,fashion,77.72,44.54,1,1,tiktok,camp_1f5ed88f,us,tablet,True,seasonal_cycle,36,36,0,0,0.0,0.5730828615542974,0.4159090909090909,3,5,fresh,1,one_time_buyer,1,0,0,513,一般发展用户
cust_a9141411,2024-12-06 20:57:03,2024-12-06 20:57:03,1,135.83,135.83,0.0,0,1,direct,direct,1,135.83,48.91000000000001,1,1,electronics,135.83,48.91000000000001,1,1,direct,,us,desktop,False,very_long_replacement_cycle,25,25,0,0,0.0,0.3600824560111905,0.59,3,5,fresh,1,one_time_buyer,1,0,0,513,一般发展用户
cust_a93d78ba,2024-06-25 12:38:57,2024-06-25 12:38:57,1,115.98,115.98,12.89,1,1,email,email,2,128.86,86.86000000000001,1,1,beauty,128.86,86.86000000000001,2,1,email,,us,mobile,False,short_consumption_cycle,189,189,0,0,1.0,0.6740648766102747,0.8369829683698297,5,2,at_risk,1,one_time_buyer,0,0,1,215,重要唤回用户
cust_a9589bdc,2024-09-24 09:35:07,2024-09-24 09:35:07,1,57.3,57.3,0.0,0,1,direct,direct,1,48.79,34.129999999999995,1,1,beauty,48.79,34.129999999999995,1,1,direct,,ca,desktop,False,short_consumption_cycle,98,98,0,0,0.0,0.6995285919245746,0.402676399026764,3,3,cooling,1,one_time_buyer,0,0,0,313,低价值流失用户
cust_a967e8f9,2024-09-09 12:13:01,2024-09-09 12:13:01,1,81.03,81.03,0.0,0,1,google,google,1,68.53,38.5,1,1,beauty,68.53,38.5,1,1,google,camp_f1e5163e,ca,desktop,False,short_consumption_cycle,113,113,0,0,0.0,0.5617977528089888,0.6618004866180048,4,3,cooling,1,one_time_buyer,0,0,1,314,重要唤回用户
cust_a96f32eb,2024-01-13 17:13:15,2024-01-13 17:13:15,1,79.68,79.68,5.0,1,1,google,google,1,84.68,49.85000000000001,1,1,fashion,84.68,49.85000000000001,1,1,google,camp_36f40d8f,ca,mobile,False,seasonal_cycle,353,353,0,0,1.0,0.5886868209730751,0.3386363636363636,2,1,dormant,1,one_time_buyer,0,0,0,112,低价值流失用户
cust_a9879c20,2024-05-27 20:40:37,2024-05-27 20:40:37,1,72.75,72.75,0.0,0,1,meta,meta,2,59.9,33.28,2,2,beauty,31.56,23.549999999999997,1,1,meta,camp_c1be8fbb,fr,desktop,False,short_consumption_cycle,218,218,0,0,0.0,0.55559265442404,0.5717761557177615,3,2,at_risk,1,one_time_buyer,0,0,0,213,低价值流失用户
cust_a9bc4432,2024-10-26 14:39:56,2024-10-26 14:39:56,1,79.08,79.08,0.0,0,1,google,google,1,69.61,41.96,1,1,fashion,69.61,41.96,1,1,google,camp_b2c6bb3f,us,mobile,True,seasonal_cycle,66,66,0,0,0.0,0.6027869558971413,0.32272727272727275,2,4,healthy,1,one_time_buyer,1,0,0,412,一般发展用户
cust_a9c9c632,2024-04-26 10:10:18,2024-04-26 10:10:18,1,81.67,81.67,0.0,0,1,direct,direct,1,81.67,43.68,1,1,fashion,81.67,43.68,1,1,tiktok,camp_4984047d,us,mobile,False,seasonal_cycle,249,249,0,0,0.0,0.5348353128443737,0.3568181818181818,2,2,at_risk,1,one_time_buyer,0,0,0,212,低价值流失用户
cust_aa320868,2024-01-08 06:51:10,2024-01-08 06:51:10,1,252.05,252.05,0.0,0,1,tiktok,tiktok,4,252.06,126.54000000000002,2,2,beauty,157.36,104.14000000000001,2,1,tiktok,camp_3eb88a98,us,tablet,True,short_consumption_cycle,358,358,0,0,0.0,0.5020233277791003,0.9927007299270073,5,1,dormant,1,one_time_buyer,0,0,1,115,重要唤回用户
cust_aa38c0d8,2024-10-24 11:48:11,2024-10-24 11:48:11,1,89.6,89.6,0.0,0,1,direct,direct,3,89.61,41.7,1,1,home,89.61,41.7,3,1,direct,,us,desktop,True,long_replacement_cycle,68,68,0,0,0.0,0.4653498493471711,0.4,2,5,fresh,1,one_time_buyer,1,0,0,512,一般发展用户
cust_aa4fdd13,2024-03-08 01:16:51,2024-03-08 01:16:51,1,29.47,29.47,9.0,1,1,tiktok,tiktok,1,30.0,11.39,1,1,sports,30.0,11.39,1,1,tiktok,camp_f0644b9a,us,mobile,False,medium_replacement_cycle,298,298,0,0,1.0,0.3796666666666667,0.006644518272425249,1,3,cooling,1,one_time_buyer,0,0,0,311,低价值流失用户
cust_aa66704e,2024-04-17 18:26:25,2024-04-17 18:26:25,1,103.26,103.26,0.0,0,1,organic,organic,3,90.0,42.089999999999996,1,1,home,90.0,42.089999999999996,3,1,organic,,uk,mobile,True,long_replacement_cycle,258,258,0,0,0.0,0.4676666666666666,0.46352941176470586,3,3,cooling,1,one_time_buyer,0,0,0,313,低价值流失用户
cust_aab3b155,2024-04-04 11:51:51,2024-04-04 11:51:51,1,156.73,156.73,0.0,0,1,direct,direct,2,156.73,62.129999999999995,1,2,sports,156.73,62.129999999999995,2,1,google,camp_43bd3b00,uk,mobile,False,medium_replacement_cycle,271,271,0,0,0.0,0.39641421552989214,0.8305647840531561,5,3,cooling,1,one_time_buyer,0,0,1,315,重要唤回用户
cust_aabf56c3,2024-11-19 20:14:39,2024-11-19 20:14:39,1,245.69,245.69,0.0,0,1,direct,direct,2,245.7,121.41,2,2,home,131.66,59.33,1,1,organic,,us,desktop,False,long_replacement_cycle,42,42,0,0,0.0,0.49413919413919416,0.8917647058823529,5,5,fresh,1,one_time_buyer,1,0,1,515,重要发展用户
cust_aae6663b,2024-07-07 08:36:38,2024-07-07 08:36:38,1,120.54,120.54,13.39,1,1,direct,direct,4,133.93,72.33,2,2,fashion,93.57000000000001,61.44,3,1,google,camp_0759ba81,us,desktop,False,seasonal_cycle,177,177,0,0,1.0,0.54005823937878,0.7113636363636363,4,3,cooling,1,one_time_buyer,0,0,1,314,重要唤回用户
cust_aaf606c4,2024-12-10 19:27:20,2024-12-10 19:27:20,1,82.15,82.15,0.0,0,1,direct,direct,1,71.78,40.519999999999996,1,1,home,71.78,40.519999999999996,1,1,tiktok,camp_afdc67bd,ca,mobile,False,long_replacement_cycle,21,21,0,0,0.0,0.5645026469768737,0.31058823529411766,2,5,fresh,1,one_time_buyer,1,0,0,512,一般发展用户
cust_ab62893f,2024-01-02 15:07:36,2024-01-02 15:07:36,1,83.82,83.82,0.0,0,1,direct,direct,2,83.82,30.099999999999994,1,1,sports,83.82,30.099999999999994,2,1,google,camp_b2ed3ce6,fr,mobile,False,medium_replacement_cycle,364,364,0,0,0.0,0.3591028394178,0.4950166112956811,3,2,at_risk,1,one_time_buyer,0,0,0,213,低价值流失用户
cust_ab6594b2,2024-09-19 15:56:02,2024-09-19 15:56:02,1,126.73,126.73,0.0,0,1,direct,direct,1,116.55,46.16,1,1,home,116.55,46.16,1,1,google,camp_3ecbe3ca,de,mobile,False,long_replacement_cycle,103,103,0,0,0.0,0.39605319605319605,0.6141176470588235,4,5,fresh,1,one_time_buyer,1,0,1,514,重要发展用户
cust_ab799a51,2024-10-29 20:10:50,2024-10-29 20:10:50,1,67.26,67.26,0.0,0,1,meta,meta,1,59.83,17.939999999999998,1,1,sports,59.83,17.939999999999998,1,1,meta,camp_963fa938,us,desktop,False,medium_replacement_cycle,63,63,0,0,0.0,0.2998495737924118,0.26578073089701,2,5,fresh,1,one_time_buyer,1,0,0,512,一般发展用户
cust_ab8fd2c2,2024-05-05 11:34:43,2024-05-05 11:34:43,1,93.62,93.62,0.0,0,1,meta,meta,2,93.62,61.74000000000001,1,1,fashion,93.62,61.74000000000001,2,1,meta,camp_d4042175,ca,mobile,False,seasonal_cycle,240,240,0,0,0.0,0.6594744712668233,0.5295454545454545,3,2,at_risk,1,one_time_buyer,0,0,0,213,低价值流失用户
cust_abbc41b7,2024-11-21 14:13:45,2024-11-21 14:13:45,1,108.46,108.46,0.0,0,1,direct,direct,1,108.46,58.53999999999999,1,1,fashion,108.46,58.53999999999999,1,1,organic,,us,mobile,True,seasonal_cycle,40,40,0,0,0.0,0.5397381523142172,0.6454545454545455,4,5,fresh,1,one_time_buyer,1,0,1,514,重要发展用户
cust_abbc5d5c,2024-08-24 16:20:50,2024-08-24 16:20:50,1,154.95,154.95,0.0,0,1,organic,organic,1,154.95,43.379999999999995,1,1,electronics,154.95,43.379999999999995,1,1,organic,,us,desktop,True,very_long_replacement_cycle,129,129,0,0,0.0,0.27996127783155855,0.6866666666666666,4,5,fresh,1,one_time_buyer,1,0,1,514,重要发展用户
cust_abe46a13,2024-06-08 19:09:55,2024-06-08 19:09:55,1,105.48,105.48,0.0,0,1,direct,direct,1,105.48,60.300000000000004,1,1,fashion,105.48,60.300000000000004,1,1,direct,,fr,desktop,True,seasonal_cycle,206,206,0,0,0.0,0.5716723549488055,0.6204545454545455,4,3,cooling,1,one_time_buyer,0,0,1,314,重要唤回用户
cust_ac0bca1d,2024-10-23 20:09:42,2024-10-23 20:09:42,1,102.58,102.58,0.0,0,1,google,google,2,102.58,56.81,2,2,fashion,92.5,50.57,1,1,google,camp_3654ab0a,us,mobile,False,seasonal_cycle,69,69,0,0,0.0,0.5538116591928252,0.6068181818181818,4,4,healthy,1,one_time_buyer,1,0,1,414,重要发展用户
cust_ac9227de,2024-06-20 10:33:18,2024-06-20 10:33:18,1,123.82,123.82,0.0,0,1,direct,direct,1,113.5,56.95,1,1,sports,113.5,56.95,1,1,direct,,uk,tablet,False,medium_replacement_cycle,194,194,0,0,0.0,0.501762114537445,0.7541528239202658,4,3,cooling,1,one_time_buyer,0,0,1,314,重要唤回用户
cust_aca0680a,2024-07-25 12:01:14,2024-07-25 12:01:14,1,34.1,34.1,0.0,0,1,direct,direct,1,24.68,14.04,1,1,home,24.68,14.04,1,1,google,camp_6a6f86f6,uk,tablet,False,long_replacement_cycle,159,159,0,0,0.0,0.5688816855753647,0.03529411764705882,1,4,healthy,1,one_time_buyer,1,0,0,411,一般发展用户
cust_acaa76aa,2024-03-01 12:44:52,2024-03-01 12:44:52,1,168.69,168.69,10.0,1,1,meta,meta,3,167.43,102.87000000000002,1,1,beauty,167.43,102.87000000000002,3,1,meta,camp_85b47817,ca,mobile,True,short_consumption_cycle,305,305,0,0,1.0,0.614406020426447,0.9513381995133819,5,1,dormant,1,one_time_buyer,0,0,1,115,重要唤回用户
cust_accb8689,2024-04-18 00:12:01,2024-04-18 00:12:01,1,118.25,118.25,0.0,0,1,direct,direct,1,118.25,49.41,1,1,home,118.25,49.41,1,1,meta,camp_49aab3e6,fr,mobile,False,long_replacement_cycle,257,257,0,0,0.0,0.41784355179704014,0.5670588235294117,3,3,cooling,1,one_time_buyer,0,0,0,313,低价值流失用户
cust_aceca183,2024-02-15 22:03:47,2024-02-15 22:03:47,1,94.94,94.94,23.74,1,1,email,email,1,118.68,57.660000000000004,1,1,home,118.68,57.660000000000004,1,1,email,,de,desktop,False,long_replacement_cycle,320,320,0,0,1.0,0.4858442871587462,0.43058823529411766,3,3,cooling,1,one_time_buyer,0,0,0,313,低价值流失用户
cust_acf5fd0a,2024-11-01 23:02:02,2024-11-01 23:02:02,1,38.83,38.83,0.0,0,1,meta,meta,1,29.35,13.38,1,1,home,29.35,13.38,1,1,meta,camp_2fe4ee8e,ca,mobile,False,long_replacement_cycle,60,60,0,0,0.0,0.45587734241908007,0.08941176470588236,1,5,fresh,1,one_time_buyer,1,0,0,511,一般发展用户
cust_ad03b63a,2024-02-16 11:20:03,2024-02-16 11:20:03,1,34.7,34.7,0.0,0,1,tiktok,tiktok,1,25.1,16.37,1,1,beauty,25.1,16.37,1,1,tiktok,camp_7e112fd4,uk,mobile,True,short_consumption_cycle,319,319,0,0,0.0,0.652191235059761,0.1362530413625304,1,1,dormant,1,one_time_buyer,0,0,0,111,低价值流失用户
cust_ad128f4a,2024-05-23 07:12:47,2024-05-23 07:12:47,1,145.37,145.37,0.0,0,1,direct,direct,2,145.36,102.18,1,1,beauty,145.36,102.18,2,1,direct,,de,desktop,False,short_consumption_cycle,222,222,0,0,0.0,0.7029444138690149,0.902676399026764,5,2,at_risk,1,one_time_buyer,0,0,1,215,重要唤回用户
cust_ad129cfe,2024-11-06 20:38:02,2024-11-06 20:38:02,1,48.35,48.35,0.0,0,1,tiktok,tiktok,1,35.87,27.0,1,1,beauty,35.87,27.0,1,1,tiktok,camp_bb82e50c,de,desktop,False,short_consumption_cycle,55,55,0,0,0.0,0.7527181488709228,0.2725060827250608,2,4,healthy,1,one_time_buyer,1,0,0,412,一般发展用户
cust_ad3e26d5,2024-11-12 10:17:58,2024-11-12 10:17:58,1,68.92,68.92,0.0,0,1,meta,meta,2,60.12,28.179999999999996,1,1,home,60.12,28.179999999999996,2,1,meta,camp_44374161,ca,mobile,False,long_replacement_cycle,49,49,0,0,0.0,0.4687292082501663,0.2376470588235294,2,5,fresh,1,one_time_buyer,1,0,0,512,一般发展用户
cust_ad4398f8,2024-01-02 22:18:11,2024-01-02 22:18:11,1,169.44,169.44,15.0,1,1,direct,direct,2,167.6,84.03999999999999,1,1,fashion,167.6,84.03999999999999,2,1,email,,fr,tablet,True,seasonal_cycle,364,364,0,0,1.0,0.5014319809069212,0.8590909090909091,5,1,dormant,1,one_time_buyer,0,0,1,115,重要唤回用户
cust_ad590646,2024-11-10 17:56:47,2024-11-10 17:56:47,1,33.15,33.15,8.97,1,1,direct,direct,1,29.89,20.39,1,1,fashion,29.89,20.39,1,1,google,camp_a6a87902,fr,tablet,True,seasonal_cycle,51,51,0,0,1.0,0.6821679491468718,0.04318181818181818,1,5,fresh,1,one_time_buyer,1,0,0,511,一般发展用户
cust_ad594354,2024-11-12 20:20:47,2024-11-12 20:20:47,1,73.19,73.19,0.0,0,1,direct,direct,1,63.12,19.699999999999996,1,1,electronics,63.12,19.699999999999996,1,1,meta,camp_02c2534b,de,mobile,False,very_long_replacement_cycle,49,49,0,0,0.0,0.3121039290240811,0.22,2,5,fresh,1,one_time_buyer,1,0,0,512,一般发展用户
cust_ad8c23bc,2024-05-30 19:12:11,2024-05-30 19:12:11,1,85.29,85.29,0.0,0,1,google,google,1,68.97,38.94,1,1,beauty,68.97,38.94,1,1,google,camp_e72760e9,fr,tablet,False,short_consumption_cycle,215,215,0,0,0.0,0.5645933014354066,0.7104622871046229,4,2,at_risk,1,one_time_buyer,0,0,1,214,重要唤回用户
cust_ad8f18f2,2024-12-06 18:12:00,2024-12-06 18:12:00,1,111.58,111.58,0.0,0,1,direct,direct,1,111.58,54.739999999999995,1,1,home,111.58,54.739999999999995,1,1,organic,,us,tablet,False,long_replacement_cycle,25,25,0,0,0.0,0.49058971141781677,0.5176470588235295,3,5,fresh,1,one_time_buyer,1,0,0,513,一般发展用户
cust_adb63e19,2024-12-17 19:39:42,2024-12-17 19:39:42,1,149.09,149.09,0.0,0,1,meta,meta,2,149.08,51.22000000000001,1,1,sports,149.08,51.22000000000001,2,1,meta,camp_ba27e010,fr,mobile,True,medium_replacement_cycle,14,14,0,0,0.0,0.34357392004293,0.8239202657807309,5,5,fresh,1,one_time_buyer,1,0,1,515,重要发展用户
cust_adce7be5,2024-04-15 11:53:05,2024-04-15 11:53:05,1,155.62,155.62,0.0,0,1,direct,direct,2,155.62,78.66000000000001,1,1,fashion,155.62,78.66000000000001,2,1,direct,,ca,mobile,True,seasonal_cycle,260,260,0,0,0.0,0.5054620228762371,0.8204545454545454,5,2,at_risk,1,one_time_buyer,0,0,1,215,重要唤回用户
cust_ae07f22e,2024-10-09 09:50:30,2024-10-09 09:50:30,1,138.38,138.38,34.6,1,1,google,google,2,172.98,70.43999999999998,1,1,home,172.98,70.43999999999998,2,1,google,camp_1cc23abd,us,mobile,False,long_replacement_cycle,83,83,0,0,1.0,0.40721470690253203,0.6776470588235294,4,5,fresh,1,one_time_buyer,1,0,1,514,重要发展用户
cust_ae88f9fd,2024-03-13 08:38:30,2024-03-13 08:38:30,1,483.38,483.38,0.0,0,1,direct,direct,4,483.38,191.10000000000002,2,2,electronics,300.0,91.58000000000001,2,1,meta,camp_4fd2a197,fr,desktop,False,very_long_replacement_cycle,293,293,0,0,0.0,0.39534113947618854,0.9866666666666667,5,4,healthy,1,one_time_buyer,1,0,1,415,重要发展用户
cust_ae8ba1c7,2024-05-30 18:29:33,2024-05-30 18:29:33,1,194.41,194.41,0.0,0,1,direct,direct,4,182.18,85.57999999999998,2,2,home,106.08,47.699999999999996,2,1,direct,,ca,desktop,True,long_replacement_cycle,215,215,0,0,0.0,0.46975518717751663,0.8141176470588235,5,4,healthy,1,one_time_buyer,1,0,1,415,重要发展用户
cust_ae99a112,2024-03-26 14:27:00,2024-03-26 14:27:00,1,66.68,66.68,0.0,0,1,direct,direct,2,57.66,29.599999999999998,1,1,sports,57.66,29.599999999999998,2,1,meta,camp_9fbb4a8a,us,desktop,False,medium_replacement_cycle,280,280,0,0,0.0,0.5133541449878598,0.2591362126245847,2,3,cooling,1,one_time_buyer,0,0,0,312,低价值流失用户
cust_aebbbecf,2024-05-25 18:00:41,2024-05-25 18:00:41,1,57.86,57.86,0.0,0,1,meta,meta,1,47.79,17.7,1,1,electronics,47.79,17.7,1,1,meta,camp_103430c5,de,tablet,False,very_long_replacement_cycle,220,220,0,0,0.0,0.37037037037037035,0.16333333333333333,1,4,healthy,1,one_time_buyer,1,0,0,411,一般发展用户
cust_af488ab6,2024-07-18 11:34:49,2024-07-18 11:34:49,1,81.78,81.78,0.0,0,1,direct,direct,1,74.56,32.550000000000004,1,1,home,74.56,32.550000000000004,1,1,google,camp_c80d7073,us,mobile,True,long_replacement_cycle,166,166,0,0,0.0,0.43656115879828333,0.3035294117647059,2,4,healthy,1,one_time_buyer,1,0,0,412,一般发展用户
cust_af4f7223,2024-03-29 19:14:12,2024-03-29 19:14:12,1,123.38,123.38,0.0,0,1,direct,direct,3,123.39000000000001,76.81,2,2,fashion,75.15,48.03,1,1,email,,uk,mobile,True,seasonal_cycle,277,277,0,0,0.0,0.6224977712942702,0.7204545454545455,4,2,at_risk,1,one_time_buyer,0,0,1,214,重要唤回用户
cust_af665f0f,2024-12-05 08:58:55,2024-12-05 08:58:55,1,133.16,133.16,10.0,1,1,organic,organic,3,143.16,78.03999999999999,2,2,fashion,82.96,49.779999999999994,1,1,organic,,us,mobile,False,seasonal_cycle,26,26,0,0,1.0,0.5451243364068175,0.7386363636363636,4,5,fresh,1,one_time_buyer,1,0,1,514,重要发展用户
cust_afda687c,2024-07-13 21:36:51,2024-07-13 21:36:51,1,174.52,174.52,0.0,0,1,organic,organic,3,174.51,135.15,1,1,beauty,174.51,135.15,3,1,organic,,de,mobile,False,short_consumption_cycle,171,171,0,0,0.0,0.7744541860065326,0.9537712895377128,5,2,at_risk,1,one_time_buyer,0,0,1,215,重要唤回用户
cust_aff8fa47,2024-02-09 12:49:14,2024-02-09 12:49:14,1,67.07,67.07,0.0,0,1,google,google,2,58.83,31.610000000000003,2,2,sports,32.34,14.850000000000005,1,1,google,camp_bc8a9ee9,us,mobile,False,medium_replacement_cycle,326,326,0,0,0.0,0.5373108958014619,0.26245847176079734,2,2,at_risk,1,one_time_buyer,0,0,0,212,低价值流失用户
cust_b027cf6d,2024-11-29 10:10:44,2024-11-29 10:10:44,1,87.17,87.17,0.0,0,1,meta,meta,1,87.17,42.39,1,1,home,87.17,42.39,1,1,meta,camp_88c960d1,us,desktop,True,long_replacement_cycle,32,32,0,0,0.0,0.4862911552139498,0.36941176470588233,2,5,fresh,1,one_time_buyer,1,0,0,512,一般发展用户
cust_b0a48426,2024-11-27 21:13:32,2024-11-27 21:13:32,1,76.38,76.38,0.0,0,1,organic,organic,1,59.44,20.46,1,1,sports,59.44,20.46,1,1,organic,,de,mobile,False,medium_replacement_cycle,34,34,0,0,0.0,0.3442126514131898,0.4152823920265781,3,5,fresh,1,one_time_buyer,1,0,0,513,一般发展用户
cust_b0d1ef19,2024-12-12 17:04:49,2024-12-12 17:04:49,1,170.93,170.93,0.0,0,1,email,email,1,158.48,47.91999999999999,1,1,electronics,158.48,47.91999999999999,1,1,email,,uk,desktop,True,very_long_replacement_cycle,19,19,0,0,0.0,0.3023725391216557,0.75,4,5,fresh,1,one_time_buyer,1,0,1,514,重要发展用户
cust_b0d9f1cf,2024-07-28 11:08:15,2024-07-28 11:08:15,1,70.68,70.68,0.0,0,1,google,google,2,56.64,21.840000000000003,2,2,home,34.92,14.040000000000003,1,1,google,camp_a2c7c107,fr,mobile,False,long_replacement_cycle,156,156,0,0,0.0,0.38559322033898313,0.24705882352941178,2,4,healthy,1,one_time_buyer,1,0,0,412,一般发展用户
cust_b1af7368,2024-07-11 21:18:29,2024-07-11 21:18:29,1,62.54,62.54,0.0,0,1,meta,meta,1,47.42,27.32,1,1,beauty,47.42,27.32,1,1,meta,camp_feea76ab,de,mobile,False,short_consumption_cycle,173,173,0,0,0.0,0.5761282159426402,0.4562043795620438,3,2,at_risk,1,one_time_buyer,0,0,0,213,低价值流失用户
cust_b1b79c0d,2024-04-21 22:02:15,2024-04-21 22:02:15,1,42.34,42.34,0.0,0,1,meta,meta,1,29.2,11.719999999999999,1,1,electronics,29.2,11.719999999999999,1,1,meta,camp_6d1fcbab,fr,mobile,False,very_long_replacement_cycle,254,254,0,0,0.0,0.4013698630136986,0.04666666666666667,1,4,healthy,1,one_time_buyer,1,0,0,411,一般发展用户
cust_b1f2a3c2,2024-05-30 11:18:24,2024-05-30 11:18:24,1,125.52,125.52,0.0,0,1,email,email,2,125.52,41.739999999999995,1,1,sports,125.52,41.739999999999995,2,1,email,,us,mobile,False,medium_replacement_cycle,215,215,0,0,0.0,0.33253664754620776,0.7641196013289037,4,3,cooling,1,one_time_buyer,0,0,1,314,重要唤回用户
cust_b1ff3da2,2024-12-20 08:44:51,2024-12-20 08:44:51,1,74.6,74.6,0.0,0,1,direct,direct,2,59.9,24.939999999999998,1,1,electronics,59.9,24.939999999999998,2,1,direct,,uk,mobile,True,very_long_replacement_cycle,11,11,0,0,0.0,0.41636060100166944,0.22666666666666666,2,5,fresh,1,one_time_buyer,1,0,0,512,一般发展用户
cust_b216805c,2024-11-24 10:06:36,2024-11-24 10:06:36,1,166.04,166.04,0.0,0,1,direct,direct,2,166.04,90.05999999999999,1,1,fashion,166.04,90.05999999999999,2,1,direct,,uk,desktop,True,seasonal_cycle,37,37,0,0,0.0,0.5423994218260659,0.8522727272727273,5,5,fresh,1,one_time_buyer,1,0,1,515,重要发展用户
cust_b2424b78,2024-04-01 22:51:38,2024-04-01 22:51:38,1,79.29,79.29,11.8,1,1,google,google,1,78.69,45.51,1,1,fashion,78.69,45.51,1,1,google,camp_57edf787,de,desktop,True,seasonal_cycle,274,274,0,0,1.0,0.578345406023637,0.32954545454545453,2,2,at_risk,1,one_time_buyer,0,0,0,212,低价值流失用户
cust_b2512122,2024-10-17 14:11:30,2024-10-17 14:11:30,1,81.56,81.56,5.0,1,1,email,email,2,86.56,26.840000000000003,1,1,electronics,86.56,26.840000000000003,2,1,email,,uk,desktop,False,very_long_replacement_cycle,75,75,0,0,1.0,0.31007393715341963,0.26,2,5,fresh,1,one_time_buyer,1,0,0,512,一般发展用户
cust_b28c3720,2024-12-29 22:01:10,2024-12-29 22:01:10,1,91.52,91.52,5.0,1,1,direct,direct,1,96.52,44.239999999999995,1,1,sports,96.52,44.239999999999995,1,1,tiktok,camp_df6d1c6e,ca,mobile,True,medium_replacement_cycle,2,2,0,0,1.0,0.4583506009117281,0.5880398671096345,3,5,fresh,1,one_time_buyer,1,0,0,513,一般发展用户
cust_b2951432,2024-11-22 19:43:55,2024-11-22 19:43:55,1,228.04,228.04,0.0,0,1,meta,meta,2,228.04,128.2,1,1,fashion,228.04,128.2,2,1,meta,camp_c55b0029,de,mobile,False,seasonal_cycle,39,39,0,0,0.0,0.5621820733204701,0.9431818181818182,5,5,fresh,1,one_time_buyer,1,0,1,515,重要发展用户
cust_b2ad47f8,2024-07-18 20:05:02,2024-07-18 20:05:02,1,117.14,117.14,0.0,0,1,direct,direct,1,117.14,65.18,1,1,fashion,117.14,65.18,1,1,google,camp_e926a9a5,uk,mobile,False,seasonal_cycle,166,166,0,0,0.0,0.5564282055659895,0.7045454545454546,4,3,cooling,1,one_time_buyer,0,0,1,314,重要唤回用户
cust_b2c446e9,2024-11-16 16:36:39,2024-11-16 16:36:39,1,113.86,113.86,0.0,0,1,direct,direct,1,113.86,63.94,1,1,fashion,113.86,63.94,1,1,direct,,fr,desktop,False,seasonal_cycle,45,45,0,0,0.0,0.5615668364658353,0.6727272727272727,4,5,fresh,1,one_time_buyer,1,0,1,514,重要发展用户
cust_b2d23a3b,2024-12-15 09:38:47,2024-12-15 09:38:47,1,93.33,93.33,10.0,1,1,organic,organic,1,103.33,68.16,1,1,fashion,103.33,68.16,1,1,organic,,de,mobile,False,seasonal_cycle,16,16,0,0,1.0,0.6596341817477983,0.5272727272727272,3,5,fresh,1,one_time_buyer,1,0,0,513,一般发展用户
cust_b2da8de7,2024-10-17 07:40:13,2024-10-17 07:40:13,1,37.41,37.41,0.0,0,1,direct,direct,1,25.86,11.6,1,1,home,25.86,11.6,1,1,organic,,uk,mobile,True,long_replacement_cycle,75,75,0,0,0.0,0.448569218870843,0.07764705882352942,1,5,fresh,1,one_time_buyer,1,0,0,511,一般发展用户
cust_b2e122c2,2024-08-29 17:33:20,2024-08-29 17:33:20,1,285.99,285.99,0.0,0,1,direct,direct,2,270.04,77.92000000000002,1,1,electronics,270.04,77.92000000000002,2,1,google,camp_361c3fbb,de,mobile,False,very_long_replacement_cycle,124,124,0,0,0.0,0.2885498444674863,0.89,5,5,fresh,1,one_time_buyer,1,0,1,515,重要发展用户
cust_b2ee8483,2024-10-22 11:14:32,2024-10-22 11:14:32,1,390.95,390.95,0.0,0,1,organic,organic,2,381.66,169.54000000000002,1,1,electronics,381.66,169.54000000000002,2,1,organic,,us,tablet,False,very_long_replacement_cycle,70,70,0,0,0.0,0.44421736624220515,0.9633333333333334,5,5,fresh,1,one_time_buyer,1,0,1,515,重要发展用户
cust_b2f79f5c,2024-04-22 08:02:45,2024-04-22 08:02:45,1,329.3,329.3,15.0,1,1,google,google,3,335.70000000000005,185.94,1,1,fashion,335.70000000000005,185.94,3,1,google,camp_8d83335f,us,desktop,True,seasonal_cycle,253,253,0,0,1.0,0.5538873994638069,0.9840909090909091,5,2,at_risk,1,one_time_buyer,0,0,1,215,重要唤回用户
cust_b300c63b,2024-10-19 11:21:43,2024-10-19 11:21:43,1,256.81,256.81,0.0,0,1,meta,meta,3,256.81,143.49,2,2,electronics,143.09,56.17,1,1,meta,camp_8f775800,us,desktop,False,very_long_replacement_cycle,73,73,0,0,0.0,0.5587399244577703,0.8666666666666667,5,5,fresh,1,one_time_buyer,1,0,1,515,重要发展用户
cust_b30b2964,2024-09-07 15:09:26,2024-09-07 15:09:26,1,119.14,119.14,27.5,1,1,google,google,1,137.52,66.98,1,1,home,137.52,66.98,1,1,google,camp_8ba19a85,us,mobile,True,long_replacement_cycle,115,115,0,0,1.0,0.4870564281559046,0.5811764705882353,3,5,fresh,1,one_time_buyer,1,0,0,513,一般发展用户
cust_b3195f0b,2024-08-06 07:58:09,2024-08-06 07:58:09,1,282.18,282.18,0.0,0,1,direct,direct,2,282.19,149.78,1,2,home,282.19,149.78,2,1,tiktok,camp_fd73fba4,fr,mobile,False,long_replacement_cycle,147,147,0,0,0.0,0.5307771359722173,0.9270588235294117,5,4,healthy,1,one_time_buyer,1,0,1,415,重要发展用户
cust_b33842fb,2024-01-16 08:14:14,2024-01-16 08:14:14,1,92.01,92.01,0.0,0,1,direct,direct,1,82.8,36.599999999999994,1,1,sports,82.8,36.599999999999994,1,1,meta,camp_38d839cf,us,mobile,True,medium_replacement_cycle,350,350,0,0,0.0,0.44202898550724634,0.5980066445182725,3,2,at_risk,1,one_time_buyer,0,0,0,213,低价值流失用户
cust_b345c77b,2024-03-14 19:50:40,2024-03-14 19:50:40,1,164.33,164.33,0.0,0,1,direct,direct,2,154.44,58.25,1,2,sports,154.44,58.25,2,1,direct,,us,desktop,False,medium_replacement_cycle,292,292,0,0,0.0,0.37716912716912715,0.8438538205980066,5,3,cooling,1,one_time_buyer,0,0,1,315,重要唤回用户
cust_b3656640,2024-05-10 15:58:36,2024-05-10 15:58:36,1,65.87,65.87,0.0,0,1,direct,direct,2,55.55,23.949999999999996,2,2,electronics,36.98,11.719999999999995,1,1,direct,,fr,mobile,False,very_long_replacement_cycle,235,235,0,0,0.0,0.4311431143114311,0.20333333333333334,2,4,healthy,1,one_time_buyer,1,0,0,412,一般发展用户
cust_b39f7963,2024-08-01 19:35:58,2024-08-01 19:35:58,1,65.15,65.15,14.45,1,1,meta,meta,1,72.24,30.229999999999997,1,1,home,72.24,30.229999999999997,1,1,meta,camp_ec0d671b,us,mobile,True,long_replacement_cycle,152,152,0,0,1.0,0.41846622369878184,0.23294117647058823,2,4,healthy,1,one_time_buyer,1,0,0,412,一般发展用户
cust_b3d61c08,2024-06-08 08:56:17,2024-06-08 08:56:17,1,78.44,78.44,15.0,1,1,meta,meta,1,93.44,61.22,1,1,fashion,93.44,61.22,1,1,meta,camp_276a135a,us,desktop,True,seasonal_cycle,206,206,0,0,1.0,0.655179794520548,0.3181818181818182,2,3,cooling,1,one_time_buyer,0,0,0,312,低价值流失用户
cust_b3d7f290,2024-07-05 12:43:17,2024-07-05 12:43:17,1,63.4,63.4,0.0,0,1,direct,direct,1,49.6,13.450000000000003,1,1,electronics,49.6,13.450000000000003,1,1,tiktok,camp_dd9676b8,uk,tablet,True,very_long_replacement_cycle,179,179,0,0,0.0,0.27116935483870974,0.19333333333333333,1,5,fresh,1,one_time_buyer,1,0,0,511,一般发展用户
cust_b40fa7d0,2024-02-24 09:14:13,2024-02-24 09:14:13,1,88.94,88.94,0.0,0,1,tiktok,tiktok,1,81.36,39.58,1,1,fashion,81.36,39.58,1,1,tiktok,camp_68bdca4e,us,mobile,False,seasonal_cycle,311,311,0,0,0.0,0.4864798426745329,0.49318181818181817,3,1,dormant,1,one_time_buyer,0,0,0,113,低价值流失用户
cust_b45837ee,2024-11-29 10:19:24,2024-11-29 10:19:24,1,39.44,39.44,0.0,0,1,direct,direct,1,29.28,17.080000000000002,1,1,home,29.28,17.080000000000002,1,1,tiktok,camp_27752b95,uk,mobile,False,long_replacement_cycle,32,32,0,0,0.0,0.5833333333333334,0.09647058823529411,1,5,fresh,1,one_time_buyer,1,0,0,511,一般发展用户
cust_b495d742,2024-01-30 08:37:25,2024-01-30 08:37:25,1,198.03,198.03,34.95,1,1,google,google,2,232.98,108.77999999999999,1,1,home,232.98,108.77999999999999,2,1,google,camp_de9ea84f,ca,mobile,False,long_replacement_cycle,336,336,0,0,1.0,0.4669070306464074,0.8164705882352942,5,3,cooling,1,one_time_buyer,0,0,1,315,重要唤回用户
cust_b4a6652d,2024-06-25 01:02:16,2024-06-25 01:02:16,1,128.95,128.95,14.33,1,1,google,google,2,143.28,38.28,1,1,electronics,143.28,38.28,2,1,google,camp_bd092b54,de,desktop,False,very_long_replacement_cycle,189,189,0,0,1.0,0.26716917922948075,0.54,3,4,healthy,1,one_time_buyer,1,0,0,413,一般发展用户
cust_b4e90d38,2024-03-08 17:33:06,2024-03-08 17:33:06,1,30.44,30.44,0.0,0,1,organic,organic,1,18.5,12.280000000000001,1,1,fashion,18.5,12.280000000000001,1,1,organic,,de,tablet,True,seasonal_cycle,298,298,0,0,0.0,0.6637837837837839,0.025,1,2,at_risk,1,one_time_buyer,0,0,0,211,低价值流失用户
cust_b502bfd2,2024-05-13 00:20:33,2024-05-13 00:20:33,1,65.56,65.56,0.0,0,1,email,email,1,48.76,32.82,1,1,fashion,48.76,32.82,1,1,email,,de,mobile,True,seasonal_cycle,232,232,0,0,0.0,0.6730926989335522,0.2409090909090909,2,2,at_risk,1,one_time_buyer,0,0,0,212,低价值流失用户
cust_b5043cbc,2024-07-04 12:08:04,2024-07-04 12:08:04,1,35.34,35.34,0.0,0,1,direct,direct,1,28.51,19.01,1,1,fashion,28.51,19.01,1,1,meta,camp_6e971e76,us,tablet,False,seasonal_cycle,180,180,0,0,0.0,0.6667835847071203,0.05454545454545454,1,3,cooling,1,one_time_buyer,0,0,0,311,低价值流失用户
cust_b52768a2,2024-10-29 18:02:05,2024-10-29 18:02:05,1,226.31,226.31,0.0,0,1,google,google,2,226.3,104.26,1,1,home,226.3,104.26,2,1,google,camp_def5112d,us,desktop,False,long_replacement_cycle,63,63,0,0,0.0,0.4607158638974812,0.8635294117647059,5,5,fresh,1,one_time_buyer,1,0,1,515,重要发展用户
cust_b5a8ea75,2024-03-20 23:46:31,2024-03-20 23:46:31,1,35.03,35.03,0.0,0,1,organic,organic,1,23.5,9.24,1,1,home,23.5,9.24,1,1,organic,,uk,mobile,False,long_replacement_cycle,286,286,0,0,0.0,0.3931914893617021,0.04470588235294118,1,3,cooling,1,one_time_buyer,0,0,0,311,低价值流失用户
cust_b5ab39cb,2024-10-06 22:48:08,2024-10-06 22:48:08,1,112.99,112.99,0.0,0,1,organic,organic,1,112.99,42.599999999999994,1,1,home,112.99,42.599999999999994,1,1,organic,,de,desktop,False,long_replacement_cycle,86,86,0,0,0.0,0.3770245154438446,0.5270588235294118,3,5,fresh,1,one_time_buyer,1,0,0,513,一般发展用户
cust_b5b7e28c,2024-06-21 07:55:10,2024-06-21 07:55:10,1,137.75,137.75,15.0,1,1,direct,direct,2,152.75,65.57,2,2,fashion,91.49,47.41,1,1,direct,,fr,desktop,False,seasonal_cycle,193,193,0,0,1.0,0.4292635024549918,0.7522727272727273,4,3,cooling,1,one_time_buyer,0,0,1,314,重要唤回用户
cust_b60a2ea2,2024-11-10 09:37:32,2024-11-10 09:37:32,1,103.37,103.37,0.0,0,1,direct,direct,1,103.37,68.2,1,1,fashion,103.37,68.2,1,1,google,camp_d2258d21,us,desktop,False,seasonal_cycle,51,51,0,0,0.0,0.6597658895230725,0.6090909090909091,4,5,fresh,1,one_time_buyer,1,0,1,514,重要发展用户
cust_b621c454,2024-11-17 19:19:12,2024-11-17 19:19:12,1,53.22,53.22,0.0,0,1,tiktok,tiktok,1,44.12,17.49,1,1,home,44.12,17.49,1,1,tiktok,camp_04120c89,us,desktop,False,long_replacement_cycle,44,44,0,0,0.0,0.3964188576609247,0.19294117647058823,1,5,fresh,1,one_time_buyer,1,0,0,511,一般发展用户
cust_b6441b40,2024-10-26 19:56:09,2024-10-26 19:56:09,1,73.71,73.71,0.0,0,1,organic,organic,2,62.54,33.72,1,1,fashion,62.54,33.72,2,1,organic,,ca,tablet,True,seasonal_cycle,66,66,0,0,0.0,0.5391749280460505,0.29545454545454547,2,4,healthy,1,one_time_buyer,1,0,0,412,一般发展用户
cust_b64a5b47,2024-05-25 00:21:37,2024-05-25 00:21:37,1,48.32,48.32,0.0,0,1,direct,direct,1,40.19,28.059999999999995,1,1,beauty,40.19,28.059999999999995,1,1,direct,,us,mobile,True,short_consumption_cycle,220,220,0,0,0.0,0.6981836277681014,0.27007299270072993,2,2,at_risk,1,one_time_buyer,0,0,0,212,低价值流失用户
cust_b6ac5443,2024-06-16 08:35:10,2024-06-16 08:35:10,1,142.03,142.03,0.0,0,1,direct,direct,2,142.03,63.81,1,2,sports,142.03,63.81,2,1,google,camp_94f4532a,ca,mobile,True,medium_replacement_cycle,198,198,0,0,0.0,0.44927128071534184,0.813953488372093,5,3,cooling,1,one_time_buyer,0,0,1,315,重要唤回用户
cust_b6adf685,2024-01-13 12:44:43,2024-01-13 12:44:43,1,78.25,78.25,0.0,0,1,email,email,2,63.39,46.0,2,2,beauty,32.87,24.979999999999997,1,1,email,,fr,mobile,True,short_consumption_cycle,353,353,0,0,0.0,0.7256665089130777,0.6326034063260341,4,1,dormant,1,one_time_buyer,0,0,1,114,重要唤回用户
cust_b6b2b518,2024-07-10 19:33:31,2024-07-10 19:33:31,1,64.61,64.61,16.15,1,1,direct,direct,2,80.76,59.52000000000001,1,1,beauty,80.76,59.52000000000001,2,1,google,camp_13a2ae66,ca,desktop,False,short_consumption_cycle,174,174,0,0,1.0,0.736998514115899,0.49635036496350365,3,2,at_risk,1,one_time_buyer,0,0,0,213,低价值流失用户
cust_b6e9d351,2024-06-11 22:57:14,2024-06-11 22:57:14,1,89.12,89.12,0.0,0,1,direct,direct,2,79.16,44.650000000000006,2,2,beauty,47.1,27.0,1,1,meta,camp_07734126,us,desktop,True,short_consumption_cycle,203,203,0,0,0.0,0.5640474987367359,0.7347931873479319,4,2,at_risk,1,one_time_buyer,0,0,1,214,重要唤回用户
cust_b73d5a3b,2024-09-06 18:03:09,2024-09-06 18:03:09,1,123.43,123.43,0.0,0,1,tiktok,tiktok,1,110.87,51.61000000000001,1,1,home,110.87,51.61000000000001,1,1,tiktok,camp_5d790386,uk,mobile,False,long_replacement_cycle,116,116,0,0,0.0,0.46550013529358714,0.5952941176470589,3,5,fresh,1,one_time_buyer,1,0,0,513,一般发展用户
cust_b7659067,2024-12-19 10:31:32,2024-12-19 10:31:32,1,65.72,65.72,9.29,1,1,tiktok,tiktok,1,61.92,20.03,1,1,sports,61.92,20.03,1,1,tiktok,camp_5c98a008,uk,mobile,False,medium_replacement_cycle,12,12,0,0,1.0,0.32348191214470284,0.25249169435215946,2,5,fresh,1,one_time_buyer,1,0,0,512,一般发展用户
cust_b76afead,2024-08-12 15:50:52,2024-08-12 15:50:52,1,251.28,251.28,0.0,0,1,meta,meta,2,243.72,86.84,1,1,electronics,243.72,86.84,2,1,meta,camp_3d29170d,us,mobile,True,very_long_replacement_cycle,141,141,0,0,0.0,0.3563105202691613,0.8633333333333333,5,5,fresh,1,one_time_buyer,1,0,1,515,重要发展用户
cust_b7a492e4,2024-04-12 13:39:59,2024-04-12 13:39:59,1,35.61,35.61,0.0,0,1,direct,direct,1,23.71,11.88,1,1,home,23.71,11.88,1,1,direct,,de,mobile,True,long_replacement_cycle,263,263,0,0,0.0,0.5010544074230283,0.05411764705882353,1,3,cooling,1,one_time_buyer,0,0,0,311,低价值流失用户
cust_b7bb44f2,2024-08-31 18:34:23,2024-08-31 18:34:23,1,95.57,95.57,0.0,0,1,direct,direct,1,95.57,34.54999999999999,1,1,electronics,95.57,34.54999999999999,1,1,meta,camp_aed97dd0,us,mobile,False,very_long_replacement_cycle,122,122,0,0,0.0,0.36151511980747086,0.38,2,5,fresh,1,one_time_buyer,1,0,0,512,一般发展用户
cust_b7ce7c4d,2024-05-30 06:30:48,2024-05-30 06:30:48,1,70.94,70.94,0.0,0,1,direct,direct,2,61.61,32.5,2,2,fashion,32.2,15.580000000000002,1,1,tiktok,camp_df4eab1a,us,mobile,True,seasonal_cycle,215,215,0,0,0.0,0.5275117675701997,0.2636363636363636,2,2,at_risk,1,one_time_buyer,0,0,0,212,低价值流失用户
cust_b8078fe1,2024-12-31 14:05:00,2024-12-31 14:05:00,1,37.1,37.1,0.0,0,1,direct,direct,1,27.8,15.600000000000001,1,1,home,27.8,15.600000000000001,1,1,organic,,us,desktop,True,long_replacement_cycle,0,0,0,0,0.0,0.5611510791366907,0.07529411764705882,1,5,fresh,1,one_time_buyer,1,0,0,511,一般发展用户
cust_b822e943,2024-08-16 19:18:46,2024-08-16 19:18:46,1,91.16,91.16,0.0,0,1,meta,meta,1,80.21,41.35999999999999,1,1,sports,80.21,41.35999999999999,1,1,meta,camp_7e28d546,fr,desktop,True,medium_replacement_cycle,137,137,0,0,0.0,0.5156464281261688,0.584717607973422,3,4,healthy,1,one_time_buyer,1,0,0,413,一般发展用户
cust_b8416f17,2024-07-11 19:37:42,2024-07-11 19:37:42,1,64.47,64.47,0.0,0,1,direct,direct,1,55.78,34.260000000000005,1,1,beauty,55.78,34.260000000000005,1,1,tiktok,camp_7f76ecff,ca,mobile,False,short_consumption_cycle,173,173,0,0,0.0,0.614198637504482,0.48661800486618007,3,2,at_risk,1,one_time_buyer,0,0,0,213,低价值流失用户
cust_b87c55aa,2024-12-07 13:26:24,2024-12-07 13:26:24,1,98.06,98.06,0.0,0,1,tiktok,tiktok,2,98.06,77.96000000000001,1,1,beauty,98.06,77.96000000000001,2,1,tiktok,camp_87208c43,ca,desktop,True,short_consumption_cycle,24,24,0,0,0.0,0.7950234550275342,0.781021897810219,4,5,fresh,1,one_time_buyer,1,0,1,514,重要发展用户
cust_b8f61831,2024-09-21 21:05:13,2024-09-21 21:05:13,1,89.01,89.01,0.0,0,1,organic,organic,2,79.8,58.56,1,1,beauty,79.8,58.56,2,1,organic,,us,mobile,False,short_consumption_cycle,101,101,0,0,0.0,0.7338345864661655,0.732360097323601,4,3,cooling,1,one_time_buyer,0,0,1,314,重要唤回用户
cust_b920634b,2024-06-30 21:35:35,2024-06-30 21:35:35,1,113.18,113.18,0.0,0,1,google,google,1,97.18,31.290000000000006,1,1,sports,97.18,31.290000000000006,1,1,google,camp_9132cee6,fr,desktop,False,medium_replacement_cycle,184,184,0,0,0.0,0.3219798312409961,0.7009966777408638,4,3,cooling,1,one_time_buyer,0,0,1,314,重要唤回用户
cust_b9850f4a,2024-10-21 19:14:14,2024-10-21 19:14:14,1,72.97,72.97,0.0,0,1,meta,meta,1,62.53,19.43,1,1,sports,62.53,19.43,1,1,meta,camp_0c1448c7,fr,desktop,False,medium_replacement_cycle,71,71,0,0,0.0,0.31073084919238764,0.3754152823920266,2,5,fresh,1,one_time_buyer,1,0,0,512,一般发展用户
cust_b9a48e44,2024-12-01 18:18:19,2024-12-01 18:18:19,1,50.52,50.52,5.0,1,1,google,google,1,46.4,31.74,1,1,beauty,46.4,31.74,1,1,google,camp_d0c333e3,us,desktop,True,short_consumption_cycle,30,30,0,0,1.0,0.684051724137931,0.291970802919708,2,5,fresh,1,one_time_buyer,1,0,0,512,一般发展用户
cust_b9c94e0b,2024-12-09 09:41:22,2024-12-09 09:41:22,1,70.84,70.84,0.0,0,1,meta,meta,1,63.84,41.31,1,1,fashion,63.84,41.31,1,1,meta,camp_56347e55,us,mobile,False,seasonal_cycle,22,22,0,0,0.0,0.6470864661654135,0.26136363636363635,2,5,fresh,1,one_time_buyer,1,0,0,512,一般发展用户
cust_b9d4f3c4,2024-06-14 18:47:05,2024-06-14 18:47:05,1,37.13,37.13,5.0,1,1,meta,meta,1,35.34,10.760000000000005,1,1,sports,35.34,10.760000000000005,1,1,meta,camp_fa274b16,us,mobile,False,medium_replacement_cycle,200,200,0,0,1.0,0.3044708545557443,0.059800664451827246,1,3,cooling,1,one_time_buyer,0,0,0,311,低价值流失用户
cust_ba0e1ee1,2024-07-29 10:40:25,2024-07-29 10:40:25,1,124.16,124.16,27.04,1,1,meta,meta,1,135.2,62.86999999999999,1,1,home,135.2,62.86999999999999,1,1,meta,camp_5c93fa79,fr,mobile,True,long_replacement_cycle,155,155,0,0,1.0,0.4650147928994082,0.6023529411764705,4,4,healthy,1,one_time_buyer,1,0,1,414,重要发展用户
cust_ba1b090d,2024-04-10 11:25:45,2024-04-10 11:25:45,1,41.13,41.13,0.0,0,1,google,google,1,28.63,16.43,1,1,home,28.63,16.43,1,1,google,camp_449636f3,fr,mobile,False,long_replacement_cycle,265,265,0,0,0.0,0.5738735592036326,0.11764705882352941,1,3,cooling,1,one_time_buyer,0,0,0,311,低价值流失用户
cust_ba4fb5dc,2024-12-24 16:38:34,2024-12-24 16:38:34,1,235.55,235.55,0.0,0,1,meta,meta,2,218.69,105.71,2,2,home,112.09,51.07,1,1,meta,camp_4a1787a6,de,desktop,False,long_replacement_cycle,7,7,0,0,0.0,0.4833782980474644,0.8729411764705882,5,5,fresh,1,one_time_buyer,1,0,1,515,重要发展用户
cust_bac37565,2024-12-11 14:26:22,2024-12-11 14:26:22,1,60.43,60.43,0.0,0,1,google,google,1,53.02,24.310000000000002,1,1,sports,53.02,24.310000000000002,1,1,google,camp_7e682d97,us,desktop,False,medium_replacement_cycle,20,20,0,0,0.0,0.4585062240663901,0.22259136212624583,2,5,fresh,1,one_time_buyer,1,0,0,512,一般发展用户
cust_bb04b4e1,2024-01-16 13:44:45,2024-01-16 13:44:45,1,40.82,40.82,0.0,0,1,tiktok,tiktok,1,34.62,10.04,1,1,sports,34.62,10.04,1,1,tiktok,camp_3ffbf486,us,mobile,True,medium_replacement_cycle,350,350,0,0,0.0,0.2900057770075101,0.10299003322259136,1,2,at_risk,1,one_time_buyer,0,0,0,211,低价值流失用户
cust_bb0e7be9,2024-05-12 15:37:52,2024-05-12 15:37:52,1,16.64,16.64,0.0,0,1,meta,meta,1,10.07,6.23,1,1,beauty,10.07,6.23,1,1,meta,camp_ffa3796f,us,mobile,False,short_consumption_cycle,233,233,0,0,0.0,0.6186693147964251,0.004866180048661801,1,2,at_risk,1,one_time_buyer,0,0,0,211,低价值流失用户
cust_bb336c34,2024-04-01 21:50:56,2024-04-01 21:50:56,1,122.55,122.55,0.0,0,1,direct,direct,1,122.55,53.709999999999994,1,1,home,122.55,53.709999999999994,1,1,meta,camp_303e83b8,de,mobile,False,long_replacement_cycle,274,274,0,0,0.0,0.43827009383924925,0.5882352941176471,3,3,cooling,1,one_time_buyer,0,0,0,313,低价值流失用户
cust_bb3a3104,2024-11-29 22:09:35,2024-11-29 22:09:35,1,85.32,85.32,0.0,0,1,google,google,1,85.32,34.04999999999999,1,1,home,85.32,34.04999999999999,1,1,google,camp_89464b19,fr,desktop,False,long_replacement_cycle,32,32,0,0,0.0,0.3990857946554148,0.34823529411764703,2,5,fresh,1,one_time_buyer,1,0,0,512,一般发展用户
cust_bb461844,2024-06-23 12:40:58,2024-06-23 12:40:58,1,53.91,53.91,0.0,0,1,direct,direct,1,46.97,21.029999999999998,1,1,sports,46.97,21.029999999999998,1,1,meta,camp_4d47267c,us,mobile,False,medium_replacement_cycle,191,191,0,0,0.0,0.44773259527357884,0.20431893687707642,2,3,cooling,1,one_time_buyer,0,0,0,312,低价值流失用户
cust_bb4c6891,2024-06-16 17:43:38,2024-06-16 17:43:38,1,77.27,77.27,15.0,1,1,direct,direct,1,79.08,52.47,1,1,beauty,79.08,52.47,1,1,direct,,fr,mobile,False,short_consumption_cycle,198,198,0,0,1.0,0.66350531107739,0.6204379562043796,4,2,at_risk,1,one_time_buyer,0,0,1,214,重要唤回用户
cust_bb677dd0,2024-10-07 21:38:45,2024-10-07 21:38:45,1,134.25,134.25,0.0,0,1,direct,direct,2,134.24,85.08000000000001,1,1,beauty,134.24,85.08000000000001,2,1,google,camp_a7e9feb0,us,desktop,True,short_consumption_cycle,85,85,0,0,0.0,0.6337902264600715,0.8807785888077859,5,4,healthy,1,one_time_buyer,1,0,1,415,重要发展用户
cust_bb6c5f36,2024-12-09 09:26:11,2024-12-09 09:26:11,1,59.3,59.3,0.0,0,1,direct,direct,1,46.36,27.79,1,1,fashion,46.36,27.79,1,1,meta,camp_6af882ee,ca,desktop,False,seasonal_cycle,22,22,0,0,0.0,0.5994391716997411,0.2159090909090909,2,5,fresh,1,one_time_buyer,1,0,0,512,一般发展用户
cust_bb6fa370,2024-09-15 09:59:20,2024-09-15 09:59:20,1,70.79,70.79,10.06,1,1,direct,direct,3,67.05000000000001,43.38,1,1,beauty,67.05000000000001,43.38,3,1,direct,,uk,mobile,False,short_consumption_cycle,107,107,0,0,1.0,0.646979865771812,0.5571776155717761,3,3,cooling,1,one_time_buyer,0,0,0,313,低价值流失用户
cust_bbddb791,2024-12-16 21:19:53,2024-12-16 21:19:53,1,54.08,54.08,0.0,0,1,direct,direct,1,44.81,14.720000000000002,1,1,electronics,44.81,14.720000000000002,1,1,google,camp_2a4b77fb,ca,mobile,False,very_long_replacement_cycle,15,15,0,0,0.0,0.3284981031019862,0.12333333333333334,1,5,fresh,1,one_time_buyer,1,0,0,511,一般发展用户
cust_bbe6c9ed,2024-10-14 20:05:41,2024-10-14 20:05:41,1,39.48,39.48,0.0,0,1,direct,direct,1,30.55,13.060000000000002,1,1,sports,30.55,13.060000000000002,1,1,organic,,us,mobile,True,medium_replacement_cycle,78,78,0,0,0.0,0.42749590834697226,0.08305647840531562,1,5,fresh,1,one_time_buyer,1,0,0,511,一般发展用户
cust_bc177f73,2024-09-10 21:15:20,2024-09-10 21:15:20,1,87.27,87.27,0.0,0,1,google,google,1,79.94,38.16,1,1,fashion,79.94,38.16,1,1,google,camp_4a177186,us,mobile,False,seasonal_cycle,112,112,0,0,0.0,0.4773580185138854,0.4659090909090909,3,4,healthy,1,one_time_buyer,1,0,0,413,一般发展用户
cust_bc47a80b,2024-09-10 03:54:35,2024-09-10 03:54:35,1,125.81,125.81,0.0,0,1,tiktok,tiktok,2,125.8,63.01,2,2,home,114.3,55.04,1,1,tiktok,camp_eb43e03c,uk,mobile,False,long_replacement_cycle,112,112,0,0,0.0,0.5008744038155802,0.6070588235294118,4,5,fresh,1,one_time_buyer,1,0,1,514,重要发展用户
cust_bc4f4fc3,2024-07-04 20:05:39,2024-07-04 20:05:39,1,28.93,28.93,3.4,1,1,tiktok,tiktok,2,22.7,15.04,1,1,beauty,22.7,15.04,2,1,tiktok,camp_9504db65,ca,mobile,False,short_consumption_cycle,180,180,0,0,1.0,0.6625550660792952,0.058394160583941604,1,2,at_risk,1,one_time_buyer,0,0,0,211,低价值流失用户
cust_bc714dc8,2024-04-24 08:46:26,2024-04-24 08:46:26,1,146.95,146.95,0.0,0,1,google,google,2,137.74,77.68,1,1,beauty,137.74,77.68,2,1,google,camp_11bc470b,ca,mobile,False,short_consumption_cycle,251,251,0,0,0.0,0.5639610861042544,0.9148418491484185,5,1,dormant,1,one_time_buyer,0,0,1,115,重要唤回用户
cust_bc723509,2024-06-19 03:34:52,2024-06-19 03:34:52,1,54.6,54.6,0.0,0,1,meta,meta,1,47.41,32.949999999999996,1,1,beauty,47.41,32.949999999999996,1,1,meta,camp_f8443adf,us,desktop,True,short_consumption_cycle,195,195,0,0,0.0,0.6950010546298249,0.340632603406326,2,2,at_risk,1,one_time_buyer,0,0,0,212,低价值流失用户
cust_bc804454,2024-12-03 14:14:35,2024-12-03 14:14:35,1,225.64,225.64,0.0,0,1,direct,direct,4,225.64,151.76,2,2,beauty,130.04,88.03999999999999,2,1,direct,,us,tablet,False,short_consumption_cycle,28,28,0,0,0.0,0.6725757844353838,0.9854014598540146,5,5,fresh,1,one_time_buyer,1,0,1,515,重要发展用户
cust_bcaff4ea,2024-11-10 08:55:22,2024-11-10 08:55:22,1,78.96,78.96,16.26,1,1,meta,meta,2,81.28,22.340000000000003,1,1,electronics,81.28,22.340000000000003,2,1,meta,camp_71e9193e,uk,mobile,False,very_long_replacement_cycle,51,51,0,0,1.0,0.2748523622047244,0.24333333333333335,2,5,fresh,1,one_time_buyer,1,0,0,512,一般发展用户
cust_bcbfbd28,2024-04-30 19:02:30,2024-04-30 19:02:30,1,291.03,291.03,0.0,0,1,email,email,3,291.03000000000003,152.64000000000001,1,1,fashion,291.03000000000003,152.64000000000001,3,1,email,,us,mobile,True,seasonal_cycle,245,245,0,0,0.0,0.5244820121636945,0.9727272727272728,5,2,at_risk,1,one_time_buyer,0,0,1,215,重要唤回用户
cust_bd022c77,2024-09-26 16:27:17,2024-09-26 16:27:17,1,65.71,65.71,15.0,1,1,organic,organic,1,63.82,36.95,1,1,beauty,63.82,36.95,1,1,organic,,de,desktop,True,short_consumption_cycle,96,96,0,0,1.0,0.578972109056722,0.5109489051094891,3,3,cooling,1,one_time_buyer,0,0,0,313,低价值流失用户
cust_bd0c738a,2024-06-03 20:54:20,2024-06-03 20:54:20,1,69.58,69.58,0.0,0,1,direct,direct,2,56.76,20.979999999999997,1,1,sports,56.76,20.979999999999997,2,1,meta,camp_6d2e3a4b,de,mobile,False,medium_replacement_cycle,211,211,0,0,0.0,0.36962649753347426,0.32558139534883723,2,3,cooling,1,one_time_buyer,0,0,0,312,低价值流失用户
cust_bd694d02,2024-07-23 12:15:54,2024-07-23 12:15:54,1,130.66,130.66,10.0,1,1,organic,organic,4,140.66,93.44999999999999,1,2,beauty,140.66,93.44999999999999,4,1,organic,,fr,mobile,False,short_consumption_cycle,161,161,0,0,1.0,0.664367979525096,0.878345498783455,5,2,at_risk,1,one_time_buyer,0,0,1,215,重要唤回用户
cust_bdae9b2e,2024-09-07 10:01:17,2024-09-07 10:01:17,1,84.57,84.57,0.0,0,1,google,google,1,69.51,41.28,1,1,home,69.51,41.28,1,1,google,camp_037acaaa,de,mobile,True,long_replacement_cycle,115,115,0,0,0.0,0.5938713854121709,0.3388235294117647,2,5,fresh,1,one_time_buyer,1,0,0,512,一般发展用户
cust_bdfbfe23,2024-05-13 20:28:21,2024-05-13 20:28:21,1,114.3,114.3,0.0,0,1,direct,direct,2,114.3,65.2,2,2,fashion,75.46,36.98,1,1,direct,,fr,desktop,False,seasonal_cycle,232,232,0,0,0.0,0.5704286964129485,0.6772727272727272,4,2,at_risk,1,one_time_buyer,0,0,1,214,重要唤回用户
cust_be1c483a,2024-02-03 21:36:04,2024-02-03 21:36:04,1,142.09,142.09,15.0,1,1,organic,organic,3,157.09,96.05999999999999,2,2,fashion,127.1,82.03999999999999,2,1,organic,,us,mobile,False,seasonal_cycle,332,332,0,0,1.0,0.6114965943089947,0.7659090909090909,4,1,dormant,1,one_time_buyer,0,0,1,114,重要唤回用户
cust_be246550,2024-01-05 18:05:12,2024-01-05 18:05:12,1,123.49,123.49,12.71,1,1,tiktok,tiktok,1,127.09,72.91,1,1,home,127.09,72.91,1,1,tiktok,camp_0d5f1ea0,uk,tablet,False,long_replacement_cycle,361,361,0,0,1.0,0.5736879376819576,0.5976470588235294,3,3,cooling,1,one_time_buyer,0,0,0,313,低价值流失用户
cust_be46d94b,2024-01-07 14:39:34,2024-01-07 14:39:34,1,74.76,74.76,0.0,0,1,direct,direct,1,60.26,18.369999999999997,1,1,sports,60.26,18.369999999999997,1,1,meta,camp_f6ea221c,fr,mobile,False,medium_replacement_cycle,359,359,0,0,0.0,0.3048456687686691,0.4019933554817276,3,2,at_risk,1,one_time_buyer,0,0,0,213,低价值流失用户
cust_be586d90,2024-12-09 15:38:49,2024-12-09 15:38:49,1,110.8,110.8,0.0,0,1,direct,direct,1,110.8,32.36,1,1,electronics,110.8,32.36,1,1,google,camp_ac6ddece,us,mobile,False,very_long_replacement_cycle,22,22,0,0,0.0,0.292057761732852,0.4533333333333333,3,5,fresh,1,one_time_buyer,1,0,0,513,一般发展用户
cust_bebf3f4a,2024-06-06 11:38:03,2024-06-06 11:38:03,1,154.45,154.45,25.89,1,1,google,google,1,172.57,50.41999999999999,1,1,electronics,172.57,50.41999999999999,1,1,google,camp_d1372387,us,mobile,False,very_long_replacement_cycle,208,208,0,0,1.0,0.29217129280871523,0.6833333333333333,4,4,healthy,1,one_time_buyer,1,0,1,414,重要发展用户
cust_bec9aabd,2024-11-24 13:31:08,2024-11-24 13:31:08,1,90.94,90.94,0.0,0,1,direct,direct,3,90.92999999999999,38.489999999999995,1,1,electronics,90.92999999999999,38.489999999999995,3,1,organic,,uk,tablet,True,very_long_replacement_cycle,37,37,0,0,0.0,0.42329264269218075,0.3466666666666667,2,5,fresh,1,one_time_buyer,1,0,0,512,一般发展用户
cust_bf1de200,2024-03-15 21:58:10,2024-03-15 21:58:10,1,58.53,58.53,0.0,0,1,direct,direct,1,48.23,30.179999999999996,1,1,beauty,48.23,30.179999999999996,1,1,direct,,fr,tablet,False,short_consumption_cycle,291,291,0,0,0.0,0.6257516068836824,0.4233576642335766,3,1,dormant,1,one_time_buyer,0,0,0,113,低价值流失用户
cust_bfa9dd73,2024-10-28 00:01:50,2024-10-28 00:01:50,1,221.31,221.31,0.0,0,1,direct,direct,4,221.32,113.80000000000001,2,2,beauty,143.24,90.02000000000001,2,1,meta,camp_ca620fc2,ca,mobile,False,short_consumption_cycle,64,64,0,0,0.0,0.5141876016627508,0.9805352798053528,5,4,healthy,1,one_time_buyer,1,0,1,415,重要发展用户
cust_bfd94155,2024-06-13 19:31:10,2024-06-13 19:31:10,1,89.62,89.62,9.09,1,1,organic,organic,2,90.88,35.16,1,1,sports,90.88,35.16,2,1,organic,,us,tablet,False,medium_replacement_cycle,201,201,0,0,1.0,0.3868838028169014,0.5614617940199336,3,3,cooling,1,one_time_buyer,0,0,0,313,低价值流失用户
cust_bff562d8,2024-12-18 22:04:52,2024-12-18 22:04:52,1,79.67,79.67,0.0,0,1,google,google,1,70.0,38.739999999999995,1,1,home,70.0,38.739999999999995,1,1,google,camp_dab71f2a,us,desktop,False,long_replacement_cycle,13,13,0,0,0.0,0.5534285714285714,0.2847058823529412,2,5,fresh,1,one_time_buyer,1,0,0,512,一般发展用户
cust_c0191745,2024-09-29 14:19:36,2024-09-29 14:19:36,1,30.9,30.9,9.42,1,1,organic,organic,1,31.39,15.98,1,1,sports,31.39,15.98,1,1,organic,,us,mobile,False,medium_replacement_cycle,93,93,0,0,1.0,0.509079324625677,0.016611295681063124,1,4,healthy,1,one_time_buyer,1,0,0,411,一般发展用户
cust_c0236856,2024-06-14 08:59:48,2024-06-14 08:59:48,1,40.23,40.23,0.0,0,1,google,google,1,32.92,25.03,1,1,beauty,32.92,25.03,1,1,google,camp_0ad1ea90,us,tablet,True,short_consumption_cycle,200,200,0,0,0.0,0.7603280680437424,0.19464720194647203,1,2,at_risk,1,one_time_buyer,0,0,0,211,低价值流失用户
cust_c042971a,2024-01-27 13:40:21,2024-01-27 13:40:21,1,41.14,41.14,3.15,1,1,google,google,1,31.53,15.56,1,1,home,31.53,15.56,1,1,google,camp_371508c1,ca,mobile,False,long_replacement_cycle,339,339,0,0,1.0,0.4934982556295591,0.12,1,3,cooling,1,one_time_buyer,0,0,0,311,低价值流失用户
cust_c04ea1a6,2024-01-17 08:14:31,2024-01-17 08:14:31,1,124.81,124.81,0.0,0,1,email,email,1,114.21,52.10999999999999,1,1,home,114.21,52.10999999999999,1,1,email,,de,desktop,True,long_replacement_cycle,349,349,0,0,0.0,0.4562647754137115,0.6047058823529412,4,3,cooling,1,one_time_buyer,0,0,1,314,重要唤回用户
cust_c0a9976b,2024-10-19 09:12:39,2024-10-19 09:12:39,1,96.81,96.81,10.76,1,1,meta,meta,1,107.57,62.38999999999999,1,1,fashion,107.57,62.38999999999999,1,1,meta,camp_388606cc,de,tablet,False,seasonal_cycle,73,73,0,0,1.0,0.5799944222366831,0.5636363636363636,3,4,healthy,1,one_time_buyer,1,0,0,413,一般发展用户
cust_c13a237d,2024-02-25 16:08:43,2024-02-25 16:08:43,1,107.73,107.73,0.0,0,1,meta,meta,1,97.8,53.72,1,1,fashion,97.8,53.72,1,1,meta,camp_c620494e,us,mobile,True,seasonal_cycle,310,310,0,0,0.0,0.5492842535787321,0.6409090909090909,4,1,dormant,1,one_time_buyer,0,0,1,114,重要唤回用户
cust_c14d873d,2024-02-03 08:36:04,2024-02-03 08:36:04,1,79.72,79.72,0.0,0,1,tiktok,tiktok,1,71.44,51.23,1,1,beauty,71.44,51.23,1,1,tiktok,camp_06347f74,us,desktop,True,short_consumption_cycle,332,332,0,0,0.0,0.7171052631578947,0.6545012165450121,4,1,dormant,1,one_time_buyer,0,0,1,114,重要唤回用户
cust_c15a8023,2024-03-17 21:13:43,2024-03-17 21:13:43,1,142.39,142.39,14.19,1,1,direct,direct,2,141.92,86.61999999999999,1,1,fashion,141.92,86.61999999999999,2,1,direct,,fr,mobile,True,seasonal_cycle,289,289,0,0,1.0,0.6103438556933484,0.7681818181818182,4,2,at_risk,1,one_time_buyer,0,0,1,214,重要唤回用户
cust_c1a8bd3f,2024-02-27 09:59:10,2024-02-27 09:59:10,1,68.19,68.19,0.0,0,1,google,google,1,60.42,21.440000000000005,1,1,sports,60.42,21.440000000000005,1,1,google,camp_0faf658d,us,desktop,False,medium_replacement_cycle,308,308,0,0,0.0,0.35484938761999346,0.2823920265780731,2,2,at_risk,1,one_time_buyer,0,0,0,212,低价值流失用户
cust_c1b50d22,2024-05-31 10:43:05,2024-05-31 10:43:05,1,90.87,90.87,0.0,0,1,tiktok,tiktok,1,76.12,23.620000000000005,1,1,electronics,76.12,23.620000000000005,1,1,tiktok,camp_85f56cfb,uk,mobile,True,very_long_replacement_cycle,214,214,0,0,0.0,0.3102995270625329,0.3416666666666667,2,4,healthy,1,one_time_buyer,1,0,0,412,一般发展用户
cust_c1e49c1b,2024-02-02 02:11:00,2024-02-02 02:11:00,1,20.77,20.77,0.0,0,1,organic,organic,1,11.25,7.42,1,1,beauty,11.25,7.42,1,1,organic,,us,mobile,False,short_consumption_cycle,333,333,0,0,0.0,0.6595555555555556,0.021897810218978103,1,1,dormant,1,one_time_buyer,0,0,0,111,低价值流失用户
cust_c25c2ea7,2024-07-19 11:13:04,2024-07-19 11:13:04,1,103.52,103.52,0.0,0,1,meta,meta,1,103.52,37.629999999999995,1,1,sports,103.52,37.629999999999995,1,1,meta,camp_98292a08,us,mobile,False,medium_replacement_cycle,165,165,0,0,0.0,0.36350463678516226,0.6578073089700996,4,4,healthy,1,one_time_buyer,1,0,1,414,重要发展用户
cust_c25f500c,2024-08-05 20:19:35,2024-08-05 20:19:35,1,48.3,48.3,4.31,1,1,tiktok,tiktok,1,43.06,15.820000000000004,1,1,electronics,43.06,15.820000000000004,1,1,tiktok,camp_d542da90,uk,desktop,False,very_long_replacement_cycle,148,148,0,0,1.0,0.36739433348815614,0.09,1,5,fresh,1,one_time_buyer,1,0,0,511,一般发展用户
cust_c26a9ce3,2024-09-15 18:59:13,2024-09-15 18:59:13,1,22.99,22.99,7.15,1,1,direct,direct,1,23.84,12.01,1,1,home,23.84,12.01,1,1,direct,,us,mobile,False,long_replacement_cycle,107,107,0,0,1.0,0.5037751677852349,0.004705882352941176,1,5,fresh,1,one_time_buyer,1,0,0,511,一般发展用户
cust_c284fbd3,2024-11-07 22:20:14,2024-11-07 22:20:14,1,135.83,135.83,0.0,0,1,direct,direct,1,119.91,50.95,1,1,home,119.91,50.95,1,1,google,camp_a8275ad0,de,mobile,True,long_replacement_cycle,54,54,0,0,0.0,0.4249020098407139,0.6635294117647059,4,5,fresh,1,one_time_buyer,1,0,1,514,重要发展用户
cust_c2936336,2024-06-14 14:40:23,2024-06-14 14:40:23,1,67.27,67.27,0.0,0,1,google,google,1,61.2,22.730000000000004,1,1,sports,61.2,22.730000000000004,1,1,google,camp_b16e3657,us,mobile,False,medium_replacement_cycle,200,200,0,0,0.0,0.37140522875817,0.2691029900332226,2,3,cooling,1,one_time_buyer,0,0,0,312,低价值流失用户
cust_c2a5916c,2024-11-26 12:32:24,2024-11-26 12:32:24,1,132.15,132.15,10.0,1,1,organic,organic,2,142.16,37.16,1,1,electronics,142.16,37.16,2,1,organic,,us,mobile,False,very_long_replacement_cycle,35,35,0,0,1.0,0.26139561057962857,0.5633333333333334,3,5,fresh,1,one_time_buyer,1,0,0,513,一般发展用户
cust_c31f0e21,2024-05-02 20:40:45,2024-05-02 20:40:45,1,502.22,502.22,55.8,1,1,tiktok,tiktok,4,558.01,174.07999999999998,1,2,electronics,558.01,174.07999999999998,4,1,tiktok,camp_4791b28c,uk,mobile,True,very_long_replacement_cycle,243,243,0,0,1.0,0.31196573538108635,0.9966666666666667,5,4,healthy,1,one_time_buyer,1,0,1,415,重要发展用户
cust_c32885ca,2024-09-02 11:13:36,2024-09-02 11:13:36,1,56.8,56.8,0.0,0,1,direct,direct,1,42.24,26.26,1,1,beauty,42.24,26.26,1,1,email,,uk,mobile,True,short_consumption_cycle,120,120,0,0,0.0,0.6216856060606061,0.39416058394160586,2,3,cooling,1,one_time_buyer,0,0,0,312,低价值流失用户
cust_c333783a,2024-07-08 19:39:33,2024-07-08 19:39:33,1,25.07,25.07,4.07,1,1,organic,organic,1,20.37,12.040000000000001,1,1,fashion,20.37,12.040000000000001,1,1,organic,,us,mobile,True,seasonal_cycle,176,176,0,0,1.0,0.5910652920962199,0.004545454545454545,1,3,cooling,1,one_time_buyer,0,0,0,311,低价值流失用户
cust_c3ed97fc,2024-01-16 21:04:13,2024-01-16 21:04:13,1,38.16,38.16,0.0,0,1,email,email,1,23.4,12.759999999999998,1,1,home,23.4,12.759999999999998,1,1,email,,fr,mobile,False,long_replacement_cycle,350,350,0,0,0.0,0.5452991452991452,0.08235294117647059,1,3,cooling,1,one_time_buyer,0,0,0,311,低价值流失用户
cust_c3fcb646,2024-08-22 00:32:15,2024-08-22 00:32:15,1,95.69,95.69,0.0,0,1,direct,direct,1,95.69,34.669999999999995,1,1,electronics,95.69,34.669999999999995,1,1,meta,camp_5135e275,uk,mobile,True,very_long_replacement_cycle,131,131,0,0,0.0,0.3623158114745532,0.38333333333333336,2,5,fresh,1,one_time_buyer,1,0,0,512,一般发展用户
cust_c4387e25,2024-04-08 12:05:40,2024-04-08 12:05:40,1,192.47,192.47,0.0,0,1,meta,meta,5,176.95999999999998,102.67,2,2,home,89.1,41.19,3,1,meta,camp_97a53106,de,mobile,False,long_replacement_cycle,267,267,0,0,0.0,0.5801876130198915,0.8070588235294117,5,3,cooling,1,one_time_buyer,0,0,1,315,重要唤回用户
cust_c4a0be55,2024-07-19 21:12:51,2024-07-19 21:12:51,1,96.71,96.71,15.67,1,1,meta,meta,4,104.44,47.68,2,2,home,66.28,24.520000000000003,2,1,meta,camp_0130922f,us,mobile,False,long_replacement_cycle,165,165,0,0,1.0,0.4565300651091536,0.44,3,4,healthy,1,one_time_buyer,1,0,0,413,一般发展用户
cust_c4a31b19,2024-10-06 19:24:31,2024-10-06 19:24:31,1,55.52,55.52,0.0,0,1,direct,direct,2,43.26,26.599999999999998,1,1,fashion,43.26,26.599999999999998,2,1,meta,camp_8afd6178,uk,mobile,False,seasonal_cycle,86,86,0,0,0.0,0.6148867313915858,0.17954545454545454,1,4,healthy,1,one_time_buyer,1,0,0,411,一般发展用户
cust_c4ef5b75,2024-06-24 12:38:46,2024-06-24 12:38:46,1,71.58,71.58,0.0,0,1,email,email,1,62.79,24.32,1,1,sports,62.79,24.32,1,1,email,,us,tablet,False,medium_replacement_cycle,190,190,0,0,0.0,0.3873228221054308,0.36046511627906974,2,3,cooling,1,one_time_buyer,0,0,0,312,低价值流失用户
cust_c544ed2e,2024-12-21 15:03:22,2024-12-21 15:03:22,1,40.72,40.72,0.0,0,1,direct,direct,1,29.87,13.9,1,1,home,29.87,13.9,1,1,organic,,fr,desktop,False,long_replacement_cycle,10,10,0,0,0.0,0.46534984934717105,0.11294117647058824,1,5,fresh,1,one_time_buyer,1,0,0,511,一般发展用户
cust_c5568231,2024-12-14 13:40:59,2024-12-14 13:40:59,1,105.12,105.12,0.0,0,1,meta,meta,3,105.12,31.380000000000003,1,1,sports,105.12,31.380000000000003,3,1,meta,camp_9a0f51ff,ca,desktop,False,medium_replacement_cycle,17,17,0,0,0.0,0.2985159817351598,0.6677740863787376,4,5,fresh,1,one_time_buyer,1,0,1,514,重要发展用户
cust_c58435e5,2024-02-12 19:18:17,2024-02-12 19:18:17,1,121.85,121.85,0.0,0,1,google,google,3,108.03,50.699999999999996,1,1,sports,108.03,50.699999999999996,3,1,google,camp_a68a7263,de,mobile,False,medium_replacement_cycle,323,323,0,0,0.0,0.4693140794223826,0.7375415282392026,4,2,at_risk,1,one_time_buyer,0,0,1,214,重要唤回用户
cust_c598e42b,2024-10-27 21:50:55,2024-10-27 21:50:55,1,90.47,90.47,0.0,0,1,direct,direct,1,90.47,45.69,1,1,home,90.47,45.69,1,1,direct,,us,desktop,True,long_replacement_cycle,65,65,0,0,0.0,0.5050292914778379,0.40941176470588236,3,5,fresh,1,one_time_buyer,1,0,0,513,一般发展用户
cust_c59ef482,2024-11-12 19:50:21,2024-11-12 19:50:21,1,31.54,31.54,5.22,1,1,tiktok,tiktok,1,26.1,16.37,1,1,beauty,26.1,16.37,1,1,tiktok,camp_c1d68a81,de,tablet,False,short_consumption_cycle,49,49,0,0,1.0,0.6272030651340996,0.09245742092457421,1,4,healthy,1,one_time_buyer,1,0,0,411,一般发展用户
cust_c5aa8604,2024-10-09 22:01:17,2024-10-09 22:01:17,1,90.78,90.78,0.0,0,1,direct,direct,2,90.78,35.06,1,1,sports,90.78,35.06,2,1,meta,camp_18c8e391,uk,mobile,False,medium_replacement_cycle,83,83,0,0,0.0,0.3862084159506499,0.5813953488372093,3,5,fresh,1,one_time_buyer,1,0,0,513,一般发展用户
cust_c5e5d6bc,2024-01-09 10:28:34,2024-01-09 10:28:34,1,94.06,94.06,0.0,0,1,direct,direct,2,94.06,53.06999999999999,2,2,home,68.28,37.019999999999996,1,1,meta,camp_d9b6d63d,ca,mobile,True,long_replacement_cycle,357,357,0,0,0.0,0.5642143312779077,0.4211764705882353,3,3,cooling,1,one_time_buyer,0,0,0,313,低价值流失用户
cust_c5eeb2a1,2024-08-06 16:52:01,2024-08-06 16:52:01,1,85.14,85.14,9.46,1,1,meta,meta,1,94.6,28.709999999999994,1,1,sports,94.6,28.709999999999994,1,1,meta,camp_51aaa39b,us,desktop,True,medium_replacement_cycle,147,147,0,0,1.0,0.3034883720930232,0.5282392026578073,3,4,healthy,1,one_time_buyer,1,0,0,413,一般发展用户
cust_c63e9dc7,2024-11-18 20:20:26,2024-11-18 20:20:26,1,43.33,43.33,3.77,1,1,direct,direct,1,37.75,19.4,1,1,sports,37.75,19.4,1,1,direct,,ca,mobile,False,medium_replacement_cycle,43,43,0,0,1.0,0.5139072847682119,0.11627906976744186,1,5,fresh,1,one_time_buyer,1,0,0,511,一般发展用户
cust_c66596a8,2024-08-05 17:38:14,2024-08-05 17:38:14,1,118.57,118.57,0.0,0,1,direct,direct,1,118.57,40.72999999999999,1,1,sports,118.57,40.72999999999999,1,1,organic,,fr,mobile,True,medium_replacement_cycle,148,148,0,0,0.0,0.3435101627730454,0.7242524916943521,4,4,healthy,1,one_time_buyer,1,0,1,414,重要发展用户
cust_c67f1a19,2024-12-07 19:43:51,2024-12-07 19:43:51,1,56.47,56.47,5.0,1,1,direct,direct,1,48.28,22.34,1,1,sports,48.28,22.34,1,1,direct,,fr,mobile,True,medium_replacement_cycle,24,24,0,0,1.0,0.4627174813587407,0.21262458471760798,2,5,fresh,1,one_time_buyer,1,0,0,512,一般发展用户
cust_c6bd94a4,2024-06-25 16:17:53,2024-06-25 16:17:53,1,36.02,36.02,0.0,0,1,direct,direct,1,22.01,8.090000000000002,1,1,sports,22.01,8.090000000000002,1,1,organic,,fr,tablet,True,medium_replacement_cycle,189,189,0,0,0.0,0.36756019990913225,0.046511627906976744,1,3,cooling,1,one_time_buyer,0,0,0,311,低价值流失用户
cust_c716593b,2024-08-21 05:27:52,2024-08-21 05:27:52,1,79.38,79.38,0.0,0,1,organic,organic,1,67.58,39.93,1,1,fashion,67.58,39.93,1,1,organic,,fr,mobile,True,seasonal_cycle,132,132,0,0,0.0,0.5908552826279965,0.3340909090909091,2,3,cooling,1,one_time_buyer,0,0,0,312,低价值流失用户
cust_c77e2c28,2024-02-28 14:39:23,2024-02-28 14:39:23,1,81.26,81.26,0.0,0,1,direct,direct,1,72.21,45.599999999999994,1,1,beauty,72.21,45.599999999999994,1,1,tiktok,camp_2f3599d6,us,mobile,True,short_consumption_cycle,307,307,0,0,0.0,0.6314914831740756,0.6642335766423357,4,1,dormant,1,one_time_buyer,0,0,1,114,重要唤回用户
cust_c7aa7d0a,2024-02-15 19:18:48,2024-02-15 19:18:48,1,42.86,42.86,0.0,0,1,google,google,1,36.03,10.77,1,1,electronics,36.03,10.77,1,1,google,camp_2bf1387a,us,mobile,True,very_long_replacement_cycle,320,320,0,0,0.0,0.29891756869275604,0.05,1,4,healthy,1,one_time_buyer,1,0,0,411,一般发展用户
cust_c7c31fb5,2024-01-06 19:26:58,2024-01-06 19:26:58,1,73.54,73.54,0.0,0,1,direct,direct,1,67.51,39.28,1,1,home,67.51,39.28,1,1,direct,,us,desktop,False,long_replacement_cycle,360,360,0,0,0.0,0.5818397274477854,0.2564705882352941,2,3,cooling,1,one_time_buyer,0,0,0,312,低价值流失用户
cust_c867548a,2024-10-13 20:33:26,2024-10-13 20:33:26,1,57.54,57.54,5.59,1,1,organic,organic,1,55.93,42.81,1,1,beauty,55.93,42.81,1,1,organic,,us,tablet,True,short_consumption_cycle,79,79,0,0,1.0,0.765421062041838,0.41119221411192214,3,4,healthy,1,one_time_buyer,1,0,0,413,一般发展用户
cust_c86b913e,2024-08-25 19:38:56,2024-08-25 19:38:56,1,59.59,59.59,0.0,0,1,direct,direct,1,48.05,11.899999999999999,1,1,electronics,48.05,11.899999999999999,1,1,google,camp_92fa8629,ca,mobile,True,very_long_replacement_cycle,128,128,0,0,0.0,0.2476586888657648,0.18,1,5,fresh,1,one_time_buyer,1,0,0,511,一般发展用户
cust_c86fb05c,2024-02-15 13:36:47,2024-02-15 13:36:47,1,32.78,32.78,0.0,0,1,google,google,1,21.42,13.090000000000002,1,1,fashion,21.42,13.090000000000002,1,1,google,camp_b4fb95cc,de,desktop,False,seasonal_cycle,320,320,0,0,0.0,0.6111111111111112,0.038636363636363635,1,1,dormant,1,one_time_buyer,0,0,0,111,低价值流失用户
cust_c8b305f7,2024-02-27 09:33:46,2024-02-27 09:33:46,1,128.18,128.18,0.0,0,1,meta,meta,2,128.18,76.88000000000001,1,1,beauty,128.18,76.88000000000001,2,1,meta,camp_90c731ab,fr,tablet,True,short_consumption_cycle,308,308,0,0,0.0,0.5997815571852083,0.8661800486618005,5,1,dormant,1,one_time_buyer,0,0,1,115,重要唤回用户
cust_c8cd974b,2024-03-28 17:38:50,2024-03-28 17:38:50,1,84.17,84.17,0.0,0,1,google,google,1,69.54,33.56000000000001,1,1,fashion,69.54,33.56000000000001,1,1,google,camp_beebdc29,fr,tablet,True,seasonal_cycle,278,278,0,0,0.0,0.4825999424791488,0.4113636363636364,3,2,at_risk,1,one_time_buyer,0,0,0,213,低价值流失用户
cust_c92daa33,2024-11-11 17:14:07,2024-11-11 17:14:07,1,88.47,88.47,0.0,0,1,direct,direct,2,74.64,51.22,1,1,beauty,74.64,51.22,2,1,tiktok,camp_d10c8549,de,desktop,False,short_consumption_cycle,50,50,0,0,0.0,0.6862272240085745,0.7299270072992701,4,4,healthy,1,one_time_buyer,1,0,1,414,重要发展用户
cust_c93cf7cb,2024-10-12 15:37:09,2024-10-12 15:37:09,1,123.76,123.76,0.0,0,1,direct,direct,3,123.75,35.34,1,1,electronics,123.75,35.34,3,1,direct,,ca,mobile,False,very_long_replacement_cycle,80,80,0,0,0.0,0.2855757575757576,0.52,3,5,fresh,1,one_time_buyer,1,0,0,513,一般发展用户
cust_c99f2bbe,2024-01-13 17:16:28,2024-01-13 17:16:28,1,124.73,124.73,22.01,1,1,organic,organic,2,146.74,80.32000000000001,1,2,fashion,146.74,80.32000000000001,2,1,organic,,us,tablet,False,seasonal_cycle,353,353,0,0,1.0,0.547362682295216,0.725,4,1,dormant,1,one_time_buyer,0,0,1,114,重要唤回用户
cust_c9f979df,2024-04-09 19:16:04,2024-04-09 19:16:04,1,28.15,28.15,0.0,0,1,direct,direct,1,21.23,12.9,1,1,fashion,21.23,12.9,1,1,meta,camp_1d651602,us,mobile,False,seasonal_cycle,266,266,0,0,0.0,0.6076307112576542,0.01818181818181818,1,2,at_risk,1,one_time_buyer,0,0,0,211,低价值流失用户
cust_ca1872e8,2024-08-05 21:52:28,2024-08-05 21:52:28,1,146.59,146.59,0.0,0,1,meta,meta,3,135.14,92.13,2,2,beauty,68.1,46.50999999999999,1,1,meta,camp_e285d9df,fr,desktop,False,short_consumption_cycle,148,148,0,0,0.0,0.6817374574515318,0.9099756690997567,5,3,cooling,1,one_time_buyer,0,0,1,315,重要唤回用户
cust_ca320d0f,2024-01-16 09:38:55,2024-01-16 09:38:55,1,91.69,91.69,0.0,0,1,direct,direct,1,76.46,37.60999999999999,1,1,sports,76.46,37.60999999999999,1,1,direct,,fr,mobile,False,medium_replacement_cycle,350,350,0,0,0.0,0.4918911849332984,0.5913621262458472,3,2,at_risk,1,one_time_buyer,0,0,0,213,低价值流失用户
cust_ca711753,2024-03-16 15:51:19,2024-12-08 08:37:06,2,406.13,203.065,37.09,1,1,meta,meta,4,428.08000000000004,204.79000000000002,2,2,home,370.86,163.98000000000002,3,1,meta,camp_b5926f8e,de,desktop,False,long_replacement_cycle,23,290,266,1,0.5,0.47839188936647353,0.9835294117647059,5,5,fresh,3,early_repeat_buyer,1,1,1,535,重要价值用户
cust_caff0189,2024-11-08 08:58:17,2024-11-08 08:58:17,1,71.58,71.58,0.0,0,1,google,google,2,61.94,26.96,1,1,sports,61.94,26.96,2,1,google,camp_82e49475,us,mobile,False,medium_replacement_cycle,53,53,0,0,0.0,0.4352599289635131,0.36046511627906974,2,5,fresh,1,one_time_buyer,1,0,0,512,一般发展用户
cust_cb284211,2024-04-28 13:48:34,2024-04-28 13:48:34,1,43.82,43.82,4.12,1,1,meta,meta,1,41.24,21.450000000000003,1,1,home,41.24,21.450000000000003,1,1,meta,camp_60fa3500,us,desktop,False,long_replacement_cycle,247,247,0,0,1.0,0.5201260911736179,0.14352941176470588,1,3,cooling,1,one_time_buyer,0,0,0,311,低价值流失用户
cust_cb296447,2024-01-13 03:41:29,2024-01-13 03:41:29,1,236.14,236.14,0.0,0,1,organic,organic,2,236.14,75.99000000000001,1,2,electronics,236.14,75.99000000000001,2,1,organic,,fr,desktop,False,very_long_replacement_cycle,353,353,0,0,0.0,0.3218006267468452,0.8566666666666667,5,4,healthy,1,one_time_buyer,1,0,1,415,重要发展用户
cust_cb408276,2024-12-27 10:19:16,2024-12-27 10:19:16,1,49.78,49.78,0.0,0,1,organic,organic,1,40.58,13.719999999999999,1,1,sports,40.58,13.719999999999999,1,1,organic,,us,desktop,False,medium_replacement_cycle,4,4,0,0,0.0,0.33809758501724985,0.16279069767441862,1,5,fresh,1,one_time_buyer,1,0,0,511,一般发展用户
cust_cb58594c,2024-10-18 15:49:25,2024-10-18 15:49:25,1,71.56,71.56,15.0,1,1,tiktok,tiktok,1,86.56,51.730000000000004,1,1,fashion,86.56,51.730000000000004,1,1,tiktok,camp_03037d0f,de,mobile,False,seasonal_cycle,74,74,0,0,1.0,0.5976201478743068,0.2727272727272727,2,4,healthy,1,one_time_buyer,1,0,0,412,一般发展用户
cust_cb7d06a4,2024-11-26 18:58:30,2024-11-26 18:58:30,1,55.4,55.4,0.0,0,1,meta,meta,1,47.14,24.3,1,1,home,47.14,24.3,1,1,meta,camp_ac01e89a,us,tablet,True,long_replacement_cycle,35,35,0,0,0.0,0.515485787017395,0.2023529411764706,2,5,fresh,1,one_time_buyer,1,0,0,512,一般发展用户
cust_cbd3f3d5,2024-04-10 21:06:07,2024-04-10 21:06:07,1,86.58,86.58,0.0,0,1,meta,meta,1,76.69,24.189999999999998,1,1,electronics,76.69,24.189999999999998,1,1,meta,camp_31b00122,us,mobile,False,very_long_replacement_cycle,265,265,0,0,0.0,0.31542573999217627,0.30333333333333334,2,4,healthy,1,one_time_buyer,1,0,0,412,一般发展用户
cust_cbe18638,2024-11-12 07:20:59,2024-11-12 07:20:59,1,40.27,40.27,0.0,0,1,organic,organic,1,27.63,9.739999999999998,1,1,sports,27.63,9.739999999999998,1,1,organic,,uk,mobile,True,medium_replacement_cycle,49,49,0,0,0.0,0.3525153818313427,0.09966777408637874,1,5,fresh,1,one_time_buyer,1,0,0,511,一般发展用户
cust_cc58de35,2024-09-04 14:39:20,2024-09-04 14:39:20,1,74.16,74.16,7.3,1,1,organic,organic,1,73.01,51.42,1,1,beauty,73.01,51.42,1,1,organic,,us,desktop,False,short_consumption_cycle,118,118,0,0,1.0,0.7042870839611012,0.5888077858880778,3,3,cooling,1,one_time_buyer,0,0,0,313,低价值流失用户
cust_cc61fb9a,2024-10-30 22:19:06,2024-10-30 22:19:06,1,61.19,61.19,0.0,0,1,direct,direct,2,50.72,22.2,1,1,home,50.72,22.2,2,1,email,,de,desktop,True,long_replacement_cycle,62,62,0,0,0.0,0.43769716088328076,0.2164705882352941,2,5,fresh,1,one_time_buyer,1,0,0,512,一般发展用户
cust_cc72620e,2024-04-13 02:34:34,2024-04-13 02:34:34,1,42.44,42.44,6.89,1,1,meta,meta,1,34.43,9.850000000000001,1,1,sports,34.43,9.850000000000001,1,1,meta,camp_afde571c,de,mobile,True,medium_replacement_cycle,262,262,0,0,1.0,0.2860877142027302,0.11295681063122924,1,3,cooling,1,one_time_buyer,0,0,0,311,低价值流失用户
cust_cc92c27b,2024-11-14 12:49:49,2024-11-14 12:49:49,1,127.8,127.8,0.0,0,1,meta,meta,2,117.66,91.42,1,1,beauty,117.66,91.42,2,1,meta,camp_201280da,de,mobile,True,short_consumption_cycle,47,47,0,0,0.0,0.7769845317015128,0.8637469586374696,5,4,healthy,1,one_time_buyer,1,0,1,415,重要发展用户
cust_cc99491f,2024-12-02 16:02:21,2024-12-02 16:02:21,1,132.09,132.09,0.0,0,1,direct,direct,1,132.09,74.43,1,1,home,132.09,74.43,1,1,google,camp_5aa8c6d8,de,mobile,True,long_replacement_cycle,29,29,0,0,0.0,0.5634794458323871,0.6376470588235295,4,5,fresh,1,one_time_buyer,1,0,1,514,重要发展用户
cust_ccac14a8,2024-10-03 21:27:01,2024-10-03 21:27:01,1,138.86,138.86,0.0,0,1,tiktok,tiktok,1,132.32,74.66,1,1,home,132.32,74.66,1,1,tiktok,camp_5e97626d,us,mobile,False,long_replacement_cycle,89,89,0,0,0.0,0.5642382103990327,0.6823529411764706,4,5,fresh,1,one_time_buyer,1,0,1,514,重要发展用户
cust_ccaffc9b,2024-02-24 20:03:28,2024-02-24 20:03:28,1,371.58,371.58,0.0,0,1,direct,direct,3,371.58,138.06,1,1,sports,371.58,138.06,3,1,meta,camp_627cbd43,us,desktop,True,medium_replacement_cycle,311,311,0,0,0.0,0.37154852252543197,0.9900332225913622,5,2,at_risk,1,one_time_buyer,0,0,1,215,重要唤回用户
cust_ccb955c8,2024-07-28 06:12:26,2024-07-28 06:12:26,1,87.24,87.24,0.0,0,1,direct,direct,1,87.24,55.019999999999996,1,1,fashion,87.24,55.019999999999996,1,1,direct,,ca,mobile,False,seasonal_cycle,156,156,0,0,0.0,0.6306740027510316,0.4636363636363636,3,3,cooling,1,one_time_buyer,0,0,0,313,低价值流失用户
cust_ccc277c0,2024-11-09 00:31:50,2024-11-09 00:31:50,1,245.39,245.39,0.0,0,1,google,google,2,245.4,89.72,1,1,sports,245.4,89.72,2,1,google,camp_9a2398dc,de,desktop,True,medium_replacement_cycle,52,52,0,0,0.0,0.36560717196414017,0.946843853820598,5,5,fresh,1,one_time_buyer,1,0,1,515,重要发展用户
cust_ccd4ef3c,2024-09-07 23:06:43,2024-09-07 23:06:43,1,80.63,80.63,15.0,1,1,tiktok,tiktok,1,80.66,53.53999999999999,1,1,fashion,80.66,53.53999999999999,1,1,tiktok,camp_78e35f08,uk,mobile,True,seasonal_cycle,115,115,0,0,1.0,0.663773865608728,0.3431818181818182,2,4,healthy,1,one_time_buyer,1,0,0,412,一般发展用户
cust_cceb81de,2024-04-03 10:46:56,2024-04-03 10:46:56,1,122.25,122.25,0.0,0,1,google,google,2,122.26,45.32000000000001,1,1,sports,122.26,45.32000000000001,2,1,google,camp_c0cb95aa,fr,desktop,True,medium_replacement_cycle,272,272,0,0,0.0,0.370685424505153,0.7441860465116279,4,3,cooling,1,one_time_buyer,0,0,1,314,重要唤回用户
cust_cd06e7e3,2024-12-16 08:04:10,2024-12-16 08:04:10,1,319.5,319.5,0.0,0,1,google,google,4,307.22,179.04000000000002,2,2,fashion,232.6,128.68,2,1,google,camp_70ea6e3c,de,mobile,True,seasonal_cycle,15,15,0,0,0.0,0.5827745589479851,0.9818181818181818,5,5,fresh,1,one_time_buyer,1,0,1,515,重要发展用户
cust_cd15c899,2024-03-25 06:11:05,2024-03-25 06:11:05,1,152.42,152.42,0.0,0,1,google,google,2,146.25,49.72,2,2,electronics,74.88,21.979999999999997,1,1,google,camp_db9ce7de,us,mobile,True,very_long_replacement_cycle,281,281,0,0,0.0,0.33996581196581194,0.6733333333333333,4,4,healthy,1,one_time_buyer,1,0,1,414,重要发展用户
cust_cd16cbef,2024-06-25 10:51:34,2024-06-25 10:51:34,1,86.02,86.02,9.56,1,1,meta,meta,2,95.58,63.7,1,1,fashion,95.58,63.7,2,1,meta,camp_5004b5e3,uk,mobile,False,seasonal_cycle,189,189,0,0,1.0,0.6664574178698472,0.44545454545454544,3,3,cooling,1,one_time_buyer,0,0,0,313,低价值流失用户
cust_cd2c4fc7,2024-05-11 14:50:55,2024-05-11 14:50:55,1,40.36,40.36,0.0,0,1,direct,direct,1,28.53,21.520000000000003,1,1,beauty,28.53,21.520000000000003,1,1,direct,,fr,tablet,False,short_consumption_cycle,234,234,0,0,0.0,0.7542937259025588,0.19708029197080293,1,2,at_risk,1,one_time_buyer,0,0,0,211,低价值流失用户
cust_cdbaef55,2024-07-09 22:33:50,2024-07-09 22:33:50,1,56.35,56.35,0.0,0,1,meta,meta,1,39.45,23.96,1,1,fashion,39.45,23.96,1,1,meta,camp_7b5478ad,de,mobile,False,seasonal_cycle,175,175,0,0,0.0,0.6073510773130545,0.19090909090909092,1,3,cooling,1,one_time_buyer,0,0,0,311,低价值流失用户
cust_cdbc4528,2024-12-05 17:05:24,2024-12-05 17:05:24,1,61.63,61.63,10.0,1,1,email,email,1,55.41,39.0,1,1,beauty,55.41,39.0,1,1,email,,fr,desktop,False,short_consumption_cycle,26,26,0,0,1.0,0.7038440714672443,0.44768856447688565,3,5,fresh,1,one_time_buyer,1,0,0,513,一般发展用户
cust_cdfed7f8,2024-08-27 20:51:55,2024-08-27 20:51:55,1,73.92,73.92,7.05,1,1,direct,direct,2,70.48,53.52,1,2,beauty,70.48,53.52,2,1,meta,camp_c6319e1f,de,desktop,False,short_consumption_cycle,126,126,0,0,1.0,0.7593643586833144,0.583941605839416,3,3,cooling,1,one_time_buyer,0,0,0,313,低价值流失用户
cust_ce2705d7,2024-11-26 18:38:43,2024-11-26 18:38:43,1,47.62,47.62,0.0,0,1,organic,organic,1,38.21,22.72,1,1,fashion,38.21,22.72,1,1,organic,,ca,desktop,True,seasonal_cycle,35,35,0,0,0.0,0.5946087411672336,0.1318181818181818,1,5,fresh,1,one_time_buyer,1,0,0,511,一般发展用户
cust_ce2b41fe,2024-03-18 17:49:28,2024-03-18 17:49:28,1,52.46,52.46,10.0,1,1,organic,organic,1,47.66,31.72,1,1,fashion,47.66,31.72,1,1,organic,,de,mobile,True,seasonal_cycle,288,288,0,0,1.0,0.6655476290390264,0.1590909090909091,1,2,at_risk,1,one_time_buyer,0,0,0,211,低价值流失用户
cust_ce3a5864,2024-12-07 05:22:14,2024-12-07 05:22:14,1,40.37,40.37,0.0,0,1,direct,direct,1,31.85,16.29,1,1,fashion,31.85,16.29,1,1,direct,,us,mobile,False,seasonal_cycle,24,24,0,0,0.0,0.5114599686028257,0.08636363636363636,1,5,fresh,1,one_time_buyer,1,0,0,511,一般发展用户
cust_ce5f5b84,2024-12-14 10:48:11,2024-12-14 10:48:11,1,41.62,41.62,0.0,0,1,organic,organic,1,29.57,14.16,1,1,sports,29.57,14.16,1,1,organic,,ca,tablet,True,medium_replacement_cycle,17,17,0,0,0.0,0.47886371322286103,0.10631229235880399,1,5,fresh,1,one_time_buyer,1,0,0,511,一般发展用户
cust_ceb8c0e6,2024-02-28 14:56:11,2024-02-28 14:56:11,1,69.2,69.2,0.0,0,1,tiktok,tiktok,1,60.4,16.979999999999997,1,1,electronics,60.4,16.979999999999997,1,1,tiktok,camp_f852523a,us,desktop,True,very_long_replacement_cycle,307,307,0,0,0.0,0.2811258278145695,0.21,2,4,healthy,1,one_time_buyer,1,0,0,412,一般发展用户
cust_cebb2e54,2024-03-02 18:20:52,2024-03-02 18:20:52,1,85.99,85.99,0.0,0,1,direct,direct,1,74.69,48.0,1,1,fashion,74.69,48.0,1,1,meta,camp_75216f9e,ca,mobile,True,seasonal_cycle,304,304,0,0,0.0,0.6426563127594056,0.4431818181818182,3,1,dormant,1,one_time_buyer,0,0,0,113,低价值流失用户
cust_ced8205d,2024-11-26 00:01:18,2024-11-26 00:01:18,1,149.59,149.59,0.0,0,1,tiktok,tiktok,2,149.59,74.10999999999999,2,2,electronics,103.6,42.57999999999999,1,1,tiktok,camp_c6ab9a5a,ca,mobile,False,very_long_replacement_cycle,35,35,0,0,0.0,0.4954208168995253,0.66,4,5,fresh,1,one_time_buyer,1,0,1,514,重要发展用户
cust_ceed3acb,2024-12-11 10:10:23,2024-12-11 10:10:23,1,341.67,341.67,0.0,0,1,email,email,3,341.67,158.60999999999999,1,1,home,341.67,158.60999999999999,3,1,email,,us,mobile,False,long_replacement_cycle,20,20,0,0,0.0,0.4642198612696461,0.9529411764705882,5,5,fresh,1,one_time_buyer,1,0,1,515,重要发展用户
cust_cf033012,2024-10-06 12:49:29,2024-10-06 12:49:29,1,250.03,250.03,0.0,0,1,google,google,3,240.89999999999998,124.35,1,1,sports,240.89999999999998,124.35,3,1,google,camp_ff2e0ea3,uk,desktop,False,medium_replacement_cycle,86,86,0,0,0.0,0.516189290161893,0.9501661129568106,5,5,fresh,1,one_time_buyer,1,0,1,515,重要发展用户
cust_cf0df2fb,2024-07-14 21:14:20,2024-07-14 21:14:20,1,55.18,55.18,0.0,0,1,meta,meta,1,43.33,30.14,1,1,beauty,43.33,30.14,1,1,meta,camp_553c574b,de,desktop,True,short_consumption_cycle,170,170,0,0,0.0,0.6955919686129702,0.35279805352798055,2,2,at_risk,1,one_time_buyer,0,0,0,212,低价值流失用户
cust_cf34991f,2024-12-17 14:32:12,2024-12-17 14:32:12,1,116.7,116.7,0.0,0,1,google,google,3,116.69999999999999,80.30999999999999,1,1,beauty,116.69999999999999,80.30999999999999,3,1,google,camp_cef2c0c3,de,desktop,True,short_consumption_cycle,14,14,0,0,0.0,0.6881748071979434,0.8394160583941606,5,5,fresh,1,one_time_buyer,1,0,1,515,重要发展用户
cust_cf3eb1f0,2024-05-20 08:36:27,2024-05-20 08:36:27,1,56.29,56.29,0.0,0,1,google,google,1,46.0,30.060000000000002,1,1,fashion,46.0,30.060000000000002,1,1,google,camp_94a09c49,ca,tablet,False,seasonal_cycle,225,225,0,0,0.0,0.6534782608695653,0.18863636363636363,1,2,at_risk,1,one_time_buyer,0,0,0,211,低价值流失用户
cust_cf52673d,2024-11-11 13:01:49,2024-11-11 13:01:49,1,64.46,64.46,5.0,1,1,google,google,1,60.15,43.739999999999995,1,1,beauty,60.15,43.739999999999995,1,1,google,camp_5ba32098,us,mobile,True,short_consumption_cycle,50,50,0,0,1.0,0.7271820448877805,0.48418491484184917,3,4,healthy,1,one_time_buyer,1,0,0,413,一般发展用户
cust_cf63f7b8,2024-01-31 22:01:16,2024-01-31 22:01:16,1,77.96,77.96,0.0,0,1,tiktok,tiktok,2,63.24,41.82,1,1,fashion,63.24,41.82,2,1,tiktok,camp_12cd4c98,uk,desktop,False,seasonal_cycle,335,335,0,0,0.0,0.6612903225806451,0.3125,2,1,dormant,1,one_time_buyer,0,0,0,112,低价值流失用户
cust_cf892466,2024-12-15 21:54:36,2024-12-15 21:54:36,1,59.13,59.13,0.0,0,1,organic,organic,1,47.0,31.060000000000002,1,1,fashion,47.0,31.060000000000002,1,1,organic,,fr,mobile,False,seasonal_cycle,16,16,0,0,0.0,0.6608510638297873,0.20909090909090908,2,5,fresh,1,one_time_buyer,1,0,0,512,一般发展用户
cust_cff2dc78,2024-09-08 20:48:04,2024-09-08 20:48:04,1,88.07,88.07,0.0,0,1,direct,direct,1,74.22,50.81,1,1,fashion,74.22,50.81,1,1,google,camp_b831eadf,uk,mobile,False,seasonal_cycle,114,114,0,0,0.0,0.6845863648612235,0.47954545454545455,3,4,healthy,1,one_time_buyer,1,0,0,413,一般发展用户
cust_cffab188,2024-09-15 22:22:40,2024-09-15 22:22:40,1,62.44,62.44,0.0,0,1,google,google,1,53.31,37.53,1,1,beauty,53.31,37.53,1,1,google,camp_01ced54a,uk,desktop,False,short_consumption_cycle,107,107,0,0,0.0,0.7039954980303883,0.45255474452554745,3,3,cooling,1,one_time_buyer,0,0,0,313,低价值流失用户
cust_cffbbeb0,2024-03-06 15:46:07,2024-03-06 15:46:07,1,86.29,86.29,0.0,0,1,direct,direct,2,76.32,58.58,1,1,beauty,76.32,58.58,2,1,organic,,us,mobile,False,short_consumption_cycle,300,300,0,0,0.0,0.7675576519916143,0.7201946472019465,4,1,dormant,1,one_time_buyer,0,0,1,114,重要唤回用户
cust_d0170566,2024-05-13 15:22:28,2024-05-13 15:22:28,1,276.64,276.64,0.0,0,1,direct,direct,2,276.64,161.32,1,1,home,276.64,161.32,2,1,email,,de,mobile,False,long_replacement_cycle,232,232,0,0,0.0,0.5831405436668594,0.9247058823529412,5,4,healthy,1,one_time_buyer,1,0,1,415,重要发展用户
cust_d01816bd,2024-08-20 07:11:59,2024-08-20 07:11:59,1,49.82,49.82,0.0,0,1,google,google,1,40.78,24.8,1,1,beauty,40.78,24.8,1,1,google,camp_4af6a2d2,us,mobile,True,short_consumption_cycle,133,133,0,0,0.0,0.6081412457086808,0.2871046228710462,2,3,cooling,1,one_time_buyer,0,0,0,312,低价值流失用户
cust_d01db3bd,2024-11-03 15:45:44,2024-11-03 15:45:44,1,229.48,229.48,0.0,0,1,direct,direct,3,229.48000000000002,137.88,2,2,fashion,143.0,96.18,2,1,google,camp_d7474abf,ca,tablet,False,seasonal_cycle,58,58,0,0,0.0,0.6008366742199756,0.95,5,5,fresh,1,one_time_buyer,1,0,1,515,重要发展用户
cust_d028e068,2024-12-16 10:29:07,2024-12-16 10:29:07,1,84.02,84.02,0.0,0,1,meta,meta,1,70.29,48.7,1,1,beauty,70.29,48.7,1,1,meta,camp_67b34f86,fr,desktop,False,short_consumption_cycle,15,15,0,0,0.0,0.692843932280552,0.6958637469586375,4,5,fresh,1,one_time_buyer,1,0,1,514,重要发展用户
cust_d07f833b,2024-12-13 19:55:44,2024-12-13 19:55:44,1,84.04,84.04,0.0,0,1,google,google,2,84.03999999999999,31.65,1,2,sports,84.03999999999999,31.65,2,1,google,camp_366fc38c,us,desktop,False,medium_replacement_cycle,18,18,0,0,0.0,0.37660637791527846,0.5,3,5,fresh,1,one_time_buyer,1,0,0,513,一般发展用户
cust_d09d0d21,2024-10-11 02:19:47,2024-10-11 02:19:47,1,130.1,130.1,0.0,0,1,direct,direct,2,130.1,43.25999999999999,1,1,electronics,130.1,43.25999999999999,2,1,direct,,uk,desktop,False,very_long_replacement_cycle,81,81,0,0,0.0,0.3325134511913912,0.5466666666666666,3,5,fresh,1,one_time_buyer,1,0,0,513,一般发展用户
cust_d0a61de8,2024-05-20 08:12:01,2024-05-20 08:12:01,1,199.6,199.6,0.0,0,1,organic,organic,3,193.41,78.0,1,1,sports,193.41,78.0,3,1,organic,,us,mobile,True,medium_replacement_cycle,225,225,0,0,0.0,0.40328835117108736,0.9036544850498339,5,3,cooling,1,one_time_buyer,0,0,1,315,重要唤回用户
cust_d12e7b85,2024-07-27 21:10:09,2024-07-27 21:10:09,1,74.67,74.67,0.0,0,1,direct,direct,1,59.28,46.08,1,1,beauty,59.28,46.08,1,1,google,camp_7b2d4549,de,tablet,True,short_consumption_cycle,157,157,0,0,0.0,0.7773279352226721,0.5961070559610706,3,2,at_risk,1,one_time_buyer,0,0,0,213,低价值流失用户
cust_d143c6cb,2024-02-17 10:42:35,2024-02-17 10:42:35,1,146.36,146.36,25.83,1,1,organic,organic,3,172.18,101.84,2,2,home,136.76,79.1,1,1,organic,,uk,desktop,False,long_replacement_cycle,318,318,0,0,1.0,0.5914740387966082,0.7247058823529412,4,3,cooling,1,one_time_buyer,0,0,1,314,重要唤回用户
cust_d14dc276,2024-07-24 08:43:02,2024-07-24 08:43:02,1,47.35,47.35,0.0,0,1,direct,direct,1,31.41,18.97,1,1,beauty,31.41,18.97,1,1,meta,camp_e5824fbe,fr,tablet,False,short_consumption_cycle,160,160,0,0,0.0,0.6039477873288761,0.25304136253041365,2,2,at_risk,1,one_time_buyer,0,0,0,212,低价值流失用户
cust_d17195ff,2024-11-09 21:25:26,2024-11-09 21:25:26,1,72.5,72.5,0.0,0,1,organic,organic,3,61.71,38.58,1,1,beauty,61.71,38.58,3,1,organic,,uk,mobile,True,short_consumption_cycle,52,52,0,0,0.0,0.6251823043266893,0.5693430656934306,3,4,healthy,1,one_time_buyer,1,0,0,413,一般发展用户
cust_d17244b8,2024-05-02 22:12:19,2024-05-02 22:12:19,1,55.08,55.08,0.0,0,1,direct,direct,1,43.93,22.69,1,1,fashion,43.93,22.69,1,1,google,camp_2436a8b1,de,desktop,True,seasonal_cycle,243,243,0,0,0.0,0.5165035283405418,0.175,1,2,at_risk,1,one_time_buyer,0,0,0,211,低价值流失用户
cust_d180580b,2024-05-11 08:53:41,2024-05-11 08:53:41,1,63.21,63.21,0.0,0,1,google,google,2,50.16,32.699999999999996,1,1,beauty,50.16,32.699999999999996,2,1,google,camp_e125a51c,fr,mobile,True,short_consumption_cycle,234,234,0,0,0.0,0.6519138755980861,0.46958637469586373,3,2,at_risk,1,one_time_buyer,0,0,0,213,低价值流失用户
cust_d1b77f9b,2024-08-06 08:28:44,2024-08-06 08:28:44,1,52.4,52.4,0.0,0,1,meta,meta,1,39.07,19.28,1,1,home,39.07,19.28,1,1,meta,camp_47aba28d,uk,mobile,False,long_replacement_cycle,147,147,0,0,0.0,0.493473253135398,0.18588235294117647,1,4,healthy,1,one_time_buyer,1,0,0,411,一般发展用户
cust_d1d2c9b0,2024-12-01 11:16:39,2024-12-01 11:16:39,1,109.32,109.32,0.0,0,1,meta,meta,1,109.32,47.21999999999999,1,1,home,109.32,47.21999999999999,1,1,meta,camp_feaa08d8,fr,mobile,False,long_replacement_cycle,30,30,0,0,0.0,0.4319429198682766,0.5011764705882353,3,5,fresh,1,one_time_buyer,1,0,0,513,一般发展用户
cust_d1e2c0c7,2024-05-17 08:12:52,2024-05-17 08:12:52,1,47.75,47.75,4.35,1,1,direct,direct,1,43.52,29.060000000000002,1,1,beauty,43.52,29.060000000000002,1,1,organic,,us,mobile,False,short_consumption_cycle,228,228,0,0,1.0,0.6677389705882353,0.26277372262773724,2,2,at_risk,1,one_time_buyer,0,0,0,212,低价值流失用户
cust_d1f612dc,2024-09-08 07:50:32,2024-09-08 07:50:32,1,137.78,137.78,0.0,0,1,google,google,2,126.52,42.739999999999995,1,1,sports,126.52,42.739999999999995,2,1,google,camp_dbc1c782,uk,mobile,True,medium_replacement_cycle,114,114,0,0,0.0,0.33781220360417324,0.7973421926910299,4,4,healthy,1,one_time_buyer,1,0,1,414,重要发展用户
cust_d221fe61,2024-10-19 21:43:43,2024-10-19 21:43:43,1,125.06,125.06,0.0,0,1,meta,meta,2,125.06,81.55000000000001,2,2,fashion,74.7,51.290000000000006,1,1,meta,camp_3ffe1e89,de,mobile,False,seasonal_cycle,73,73,0,0,0.0,0.6520869982408445,0.7272727272727273,4,4,healthy,1,one_time_buyer,1,0,1,414,重要发展用户
cust_d246a145,2024-03-05 14:31:19,2024-03-05 14:31:19,1,182.11,182.11,0.0,0,1,direct,direct,3,182.10000000000002,142.74,1,1,beauty,182.10000000000002,142.74,3,1,direct,,fr,desktop,False,short_consumption_cycle,301,301,0,0,0.0,0.7838550247116968,0.9562043795620438,5,1,dormant,1,one_time_buyer,0,0,1,115,重要唤回用户
cust_d2696e7a,2024-08-11 20:22:25,2024-08-11 20:22:25,1,79.03,79.03,0.0,0,1,google,google,1,66.48,35.22,1,1,home,66.48,35.22,1,1,google,camp_2091196e,uk,desktop,False,long_replacement_cycle,142,142,0,0,0.0,0.529783393501805,0.28,2,4,healthy,1,one_time_buyer,1,0,0,412,一般发展用户
cust_d2897687,2024-06-17 11:36:19,2024-06-17 11:36:19,1,62.93,62.93,0.0,0,1,meta,meta,2,54.94,19.159999999999997,1,1,sports,54.94,19.159999999999997,2,1,meta,camp_9d9f16fb,us,mobile,False,medium_replacement_cycle,197,197,0,0,0.0,0.3487440844557699,0.23920265780730898,2,3,cooling,1,one_time_buyer,0,0,0,312,低价值流失用户
cust_d2a59ad9,2024-11-24 01:12:46,2024-11-24 01:12:46,1,79.63,79.63,14.05,1,1,direct,direct,1,93.68,54.35000000000001,1,1,fashion,93.68,54.35000000000001,1,1,tiktok,camp_09134fdd,de,tablet,True,seasonal_cycle,37,37,0,0,1.0,0.5801665243381725,0.33636363636363636,2,5,fresh,1,one_time_buyer,1,0,0,512,一般发展用户
cust_d319c70e,2024-11-11 15:32:47,2024-11-11 15:32:47,1,88.54,88.54,0.0,0,1,meta,meta,2,75.9,36.32000000000001,1,1,home,75.9,36.32000000000001,2,1,meta,camp_88d98cff,fr,mobile,False,long_replacement_cycle,50,50,0,0,0.0,0.47852437417654814,0.3905882352941176,2,5,fresh,1,one_time_buyer,1,0,0,512,一般发展用户
cust_d333e76f,2024-06-07 20:57:28,2024-06-07 20:57:28,1,84.1,84.1,0.0,0,1,direct,direct,1,84.1,32.82999999999999,1,1,home,84.1,32.82999999999999,1,1,meta,camp_32064c49,us,mobile,False,long_replacement_cycle,207,207,0,0,0.0,0.39036860879904867,0.33176470588235296,2,4,healthy,1,one_time_buyer,1,0,0,412,一般发展用户
cust_d3883054,2024-05-23 19:29:55,2024-05-23 19:29:55,1,134.68,134.68,0.0,0,1,direct,direct,2,134.68,75.56,2,2,fashion,95.93,56.60000000000001,1,1,organic,,us,mobile,True,seasonal_cycle,222,222,0,0,0.0,0.5610335610335611,0.7431818181818182,4,2,at_risk,1,one_time_buyer,0,0,1,214,重要唤回用户
cust_d3b38a84,2024-01-15 13:18:57,2024-01-15 13:18:57,1,71.13,71.13,7.08,1,1,tiktok,tiktok,3,70.83,47.16,1,1,beauty,70.83,47.16,3,1,tiktok,camp_0b6fdf6a,us,mobile,False,short_consumption_cycle,351,351,0,0,1.0,0.6658195679796696,0.559610705596107,3,1,dormant,1,one_time_buyer,0,0,0,113,低价值流失用户
cust_d3ee4aea,2024-05-27 17:41:02,2024-05-27 17:41:02,1,211.47,211.47,0.0,0,1,direct,direct,3,197.54,93.34,2,2,beauty,124.24,72.94,2,1,meta,camp_82762666,uk,tablet,False,short_consumption_cycle,218,218,0,0,0.0,0.472511896324795,0.975669099756691,5,2,at_risk,1,one_time_buyer,0,0,1,215,重要唤回用户
cust_d3f462d6,2024-03-06 14:54:35,2024-03-06 14:54:35,1,29.1,29.1,0.0,0,1,direct,direct,1,22.95,11.12,1,1,home,22.95,11.12,1,1,direct,,us,mobile,True,long_replacement_cycle,300,300,0,0,0.0,0.48453159041394334,0.009411764705882352,1,3,cooling,1,one_time_buyer,0,0,0,311,低价值流失用户
cust_d463b836,2024-09-21 16:21:05,2024-09-21 16:21:05,1,192.3,192.3,0.0,0,1,direct,direct,4,177.11,99.08000000000001,2,2,beauty,129.27,81.33000000000001,3,1,email,,de,mobile,False,short_consumption_cycle,101,101,0,0,0.0,0.5594263452091921,0.9635036496350365,5,3,cooling,1,one_time_buyer,0,0,1,315,重要唤回用户
cust_d46fb2e1,2024-03-19 23:35:38,2024-03-19 23:35:38,1,103.0,103.0,5.0,1,1,organic,organic,1,108.0,37.61,1,1,home,108.0,37.61,1,1,organic,,us,desktop,True,long_replacement_cycle,287,287,0,0,1.0,0.34824074074074074,0.4588235294117647,3,3,cooling,1,one_time_buyer,0,0,0,313,低价值流失用户
cust_d4c38a5e,2024-04-09 18:59:54,2024-04-09 18:59:54,1,81.8,81.8,0.0,0,1,direct,direct,1,81.8,43.809999999999995,1,1,fashion,81.8,43.809999999999995,1,1,meta,camp_38782d11,fr,tablet,False,seasonal_cycle,266,266,0,0,0.0,0.5355745721271393,0.3613636363636364,2,2,at_risk,1,one_time_buyer,0,0,0,212,低价值流失用户
cust_d4d992a7,2024-05-15 19:15:15,2024-05-15 19:15:15,1,143.85,143.85,35.96,1,1,direct,direct,2,179.8,95.94000000000001,1,1,fashion,179.8,95.94000000000001,2,1,direct,,fr,mobile,False,seasonal_cycle,230,230,0,0,1.0,0.5335928809788655,0.775,4,2,at_risk,1,one_time_buyer,0,0,1,214,重要唤回用户
cust_d51c7fd2,2024-02-24 09:29:18,2024-02-24 09:29:18,1,242.26,242.26,0.0,0,1,direct,direct,2,242.26999999999998,116.76,2,2,home,127.58,58.620000000000005,1,1,google,camp_480b20fd,ca,mobile,False,long_replacement_cycle,311,311,0,0,0.0,0.48194163536550133,0.8847058823529412,5,3,cooling,1,one_time_buyer,0,0,1,315,重要唤回用户
cust_d545c454,2024-06-19 20:25:41,2024-06-19 20:25:41,1,53.91,53.91,0.0,0,1,meta,meta,1,43.71,16.85,1,1,sports,43.71,16.85,1,1,meta,camp_57305694,de,desktop,True,medium_replacement_cycle,195,195,0,0,0.0,0.3854953099977122,0.20431893687707642,2,3,cooling,1,one_time_buyer,0,0,0,312,低价值流失用户
cust_d54eeab7,2024-03-08 08:07:04,2024-03-08 08:07:04,1,144.37,144.37,0.0,0,1,organic,organic,1,133.72,63.17999999999999,1,1,home,133.72,63.17999999999999,1,1,organic,,fr,desktop,True,long_replacement_cycle,298,298,0,0,0.0,0.4724798085551899,0.7082352941176471,4,3,cooling,1,one_time_buyer,0,0,1,314,重要唤回用户
cust_d55ac03f,2024-09-24 09:33:36,2024-09-24 09:33:36,1,191.7,191.7,33.83,1,1,tiktok,tiktok,2,225.54,135.18,1,1,fashion,225.54,135.18,2,1,tiktok,camp_9da68d69,uk,mobile,False,seasonal_cycle,98,98,0,0,1.0,0.5993615323224263,0.8931818181818182,5,4,healthy,1,one_time_buyer,1,0,1,415,重要发展用户
cust_d58b2843,2024-04-02 16:06:11,2024-04-02 16:06:11,1,70.14,70.14,0.0,0,1,direct,direct,1,63.43,35.2,1,1,home,63.43,35.2,1,1,google,camp_048cd9d0,us,desktop,False,long_replacement_cycle,273,273,0,0,0.0,0.5549424562509854,0.24235294117647058,2,3,cooling,1,one_time_buyer,0,0,0,312,低价值流失用户
cust_d58f9ff4,2024-09-14 18:33:39,2024-09-14 18:33:39,1,86.83,86.83,0.0,0,1,tiktok,tiktok,1,79.52,52.39999999999999,1,1,fashion,79.52,52.39999999999999,1,1,tiktok,camp_dac3e11d,us,mobile,False,seasonal_cycle,108,108,0,0,0.0,0.658953722334004,0.4590909090909091,3,4,healthy,1,one_time_buyer,1,0,0,413,一般发展用户
cust_d5a0ad4d,2024-11-04 08:36:45,2024-11-04 08:36:45,1,33.04,33.04,3.31,1,1,direct,direct,1,22.07,10.24,1,1,home,22.07,10.24,1,1,meta,camp_dbdc62e6,de,mobile,True,long_replacement_cycle,57,57,0,0,1.0,0.4639782510194835,0.03058823529411765,1,5,fresh,1,one_time_buyer,1,0,0,511,一般发展用户
cust_d5bb123e,2024-12-18 20:51:26,2024-12-18 20:51:26,1,98.23,98.23,10.91,1,1,organic,organic,1,109.14,52.3,1,1,home,109.14,52.3,1,1,organic,,us,tablet,True,long_replacement_cycle,13,13,0,0,1.0,0.4792010262048744,0.4423529411764706,3,5,fresh,1,one_time_buyer,1,0,0,513,一般发展用户
cust_d5c02e47,2024-02-14 06:38:33,2024-02-14 06:38:33,1,56.05,56.05,0.0,0,1,meta,meta,1,42.42,25.240000000000002,1,1,beauty,42.42,25.240000000000002,1,1,meta,camp_4f25d9e1,uk,mobile,True,short_consumption_cycle,321,321,0,0,0.0,0.595002357378595,0.36982968369829683,2,1,dormant,1,one_time_buyer,0,0,0,112,低价值流失用户
cust_d60aa63b,2024-03-24 20:50:52,2024-03-24 20:50:52,1,45.6,45.6,0.0,0,1,direct,direct,1,38.26,12.999999999999996,1,1,electronics,38.26,12.999999999999996,1,1,direct,,us,mobile,True,very_long_replacement_cycle,282,282,0,0,0.0,0.33978044955567166,0.06666666666666667,1,4,healthy,1,one_time_buyer,1,0,0,411,一般发展用户
cust_d66aeb66,2024-10-02 11:13:12,2024-10-02 11:13:12,1,39.94,39.94,0.0,0,1,direct,direct,1,30.21,17.770000000000003,1,1,beauty,30.21,17.770000000000003,1,1,meta,camp_d3e35249,uk,desktop,True,short_consumption_cycle,90,90,0,0,0.0,0.5882158225753062,0.1873479318734793,1,4,healthy,1,one_time_buyer,1,0,0,411,一般发展用户
cust_d67229e1,2024-09-01 20:51:34,2024-09-01 20:51:34,1,82.14,82.14,0.0,0,1,direct,direct,1,75.55,37.379999999999995,1,1,home,75.55,37.379999999999995,1,1,google,camp_bd2837d6,us,desktop,True,long_replacement_cycle,121,121,0,0,0.0,0.4947716743878226,0.30823529411764705,2,4,healthy,1,one_time_buyer,1,0,0,412,一般发展用户
cust_d68705f7,2024-03-29 05:11:13,2024-09-01 10:41:19,2,385.38,192.69,0.0,0,1,direct,direct,3,374.68,166.37,1,2,home,374.68,166.37,3,2,google,camp_d6dec328,uk,mobile,False,long_replacement_cycle,121,277,156,1,0.0,0.4440322408455215,0.971764705882353,5,4,healthy,3,early_repeat_buyer,1,1,1,435,重要价值用户
cust_d687d2be,2024-08-18 21:15:37,2024-08-18 21:15:37,1,242.86,242.86,0.0,0,1,direct,direct,3,225.92,90.86999999999999,2,2,home,169.04,66.49999999999999,2,1,tiktok,camp_bd53986a,fr,mobile,False,long_replacement_cycle,135,135,0,0,0.0,0.4022220254957507,0.8870588235294118,5,4,healthy,1,one_time_buyer,1,0,1,415,重要发展用户
cust_d69855e3,2024-07-21 11:31:34,2024-07-21 11:31:34,1,34.92,34.92,0.0,0,1,google,google,1,27.07,14.75,1,1,home,27.07,14.75,1,1,google,camp_3702efc5,us,mobile,True,long_replacement_cycle,163,163,0,0,0.0,0.5448836350203177,0.04,1,4,healthy,1,one_time_buyer,1,0,0,411,一般发展用户
cust_d6acdfc4,2024-05-19 06:13:35,2024-05-19 06:13:35,1,63.77,63.77,13.62,1,1,organic,organic,2,68.08,27.199999999999996,1,1,home,68.08,27.199999999999996,2,1,organic,,us,mobile,True,long_replacement_cycle,226,226,0,0,1.0,0.399529964747356,0.22588235294117648,2,4,healthy,1,one_time_buyer,1,0,0,412,一般发展用户
cust_d6d00228,2024-12-12 12:28:14,2024-12-12 12:28:14,1,30.05,30.05,5.0,1,1,direct,direct,1,28.93,11.04,1,1,sports,28.93,11.04,1,1,google,camp_cc844e1d,us,mobile,True,medium_replacement_cycle,19,19,0,0,1.0,0.3816107846526097,0.013289036544850499,1,5,fresh,1,one_time_buyer,1,0,0,511,一般发展用户
cust_d6efa8bb,2024-06-08 07:21:51,2024-06-08 07:21:51,1,101.61,101.61,0.0,0,1,meta,meta,1,101.61,49.33,1,1,sports,101.61,49.33,1,1,meta,camp_f3ad5908,us,mobile,False,medium_replacement_cycle,206,206,0,0,0.0,0.4854837122330479,0.6445182724252492,4,3,cooling,1,one_time_buyer,0,0,1,314,重要唤回用户
cust_d71a99f0,2024-07-23 10:03:35,2024-07-23 10:03:35,1,66.25,66.25,0.0,0,1,direct,direct,1,59.2,46.0,1,1,beauty,59.2,46.0,1,1,tiktok,camp_ff0dc4a6,us,mobile,False,short_consumption_cycle,161,161,0,0,0.0,0.777027027027027,0.51338199513382,3,2,at_risk,1,one_time_buyer,0,0,0,213,低价值流失用户
cust_d727d665,2024-01-02 11:37:27,2024-01-02 11:37:27,1,285.82,285.82,0.0,0,1,tiktok,tiktok,3,285.81,167.82,1,1,fashion,285.81,167.82,3,1,tiktok,camp_e1a9abc9,de,mobile,False,seasonal_cycle,364,364,0,0,0.0,0.5871732969455232,0.9681818181818181,5,1,dormant,1,one_time_buyer,0,0,1,115,重要唤回用户
cust_d7306006,2024-12-06 21:22:31,2024-12-06 21:22:31,1,84.49,84.49,5.0,1,1,meta,meta,2,89.5,62.940000000000005,2,2,fashion,49.63,33.690000000000005,1,1,meta,camp_857e0b38,fr,mobile,False,seasonal_cycle,25,25,0,0,1.0,0.7032402234636872,0.41818181818181815,3,5,fresh,1,one_time_buyer,1,0,0,513,一般发展用户
cust_d756ee4c,2024-07-22 11:21:29,2024-07-22 11:21:29,1,186.93,186.93,0.0,0,1,organic,organic,2,186.93,113.38,2,2,fashion,113.42,61.46,1,1,organic,,de,desktop,True,seasonal_cycle,162,162,0,0,0.0,0.6065372064409137,0.8863636363636364,5,3,cooling,1,one_time_buyer,0,0,1,315,重要唤回用户
cust_d7673144,2024-08-18 16:30:41,2024-08-18 16:30:41,1,117.41,117.41,0.0,0,1,organic,organic,1,117.41,47.019999999999996,1,1,home,117.41,47.019999999999996,1,1,organic,,us,mobile,False,long_replacement_cycle,135,135,0,0,0.0,0.40047696107656927,0.56,3,4,healthy,1,one_time_buyer,1,0,0,413,一般发展用户
cust_d7f40e88,2024-08-25 20:15:27,2024-08-25 20:15:27,1,94.51,94.51,0.0,0,1,google,google,1,94.51,49.730000000000004,1,1,home,94.51,49.730000000000004,1,1,google,camp_358068f5,fr,desktop,True,long_replacement_cycle,128,128,0,0,0.0,0.5261877050047614,0.4258823529411765,3,4,healthy,1,one_time_buyer,1,0,0,413,一般发展用户
cust_d80204b7,2024-07-07 17:58:41,2024-07-07 17:58:41,1,70.38,70.38,0.0,0,1,direct,direct,2,54.52,30.120000000000005,1,1,home,54.52,30.120000000000005,2,1,google,camp_4793535f,fr,mobile,False,long_replacement_cycle,177,177,0,0,0.0,0.5524578136463684,0.2447058823529412,2,4,healthy,1,one_time_buyer,1,0,0,412,一般发展用户
cust_d8081501,2024-10-21 18:36:33,2024-10-21 18:36:33,1,310.62,310.62,0.0,0,1,direct,direct,2,302.58,79.44,1,1,electronics,302.58,79.44,2,1,meta,camp_68e273ee,us,mobile,True,very_long_replacement_cycle,71,71,0,0,0.0,0.26254213761649814,0.91,5,5,fresh,1,one_time_buyer,1,0,1,515,重要发展用户
cust_d859113a,2024-01-16 18:13:41,2024-01-16 18:13:41,1,46.85,46.85,0.0,0,1,google,google,1,31.07,15.1,1,1,home,31.07,15.1,1,1,google,camp_512ac827,fr,desktop,True,long_replacement_cycle,350,350,0,0,0.0,0.4859993562922433,0.1623529411764706,1,3,cooling,1,one_time_buyer,0,0,0,311,低价值流失用户
cust_d86770a5,2024-08-01 21:29:29,2024-08-01 21:29:29,1,58.43,58.43,0.0,0,1,tiktok,tiktok,1,47.52,35.34,1,1,beauty,47.52,35.34,1,1,tiktok,camp_f9ced71f,uk,desktop,False,short_consumption_cycle,152,152,0,0,0.0,0.7436868686868687,0.4209245742092457,3,2,at_risk,1,one_time_buyer,0,0,0,213,低价值流失用户
cust_d89b5820,2024-05-21 09:46:01,2024-05-21 09:46:01,1,100.03,100.03,0.0,0,1,direct,direct,2,89.95,28.240000000000002,1,2,sports,89.95,28.240000000000002,2,1,tiktok,camp_be76c57d,uk,mobile,False,medium_replacement_cycle,224,224,0,0,0.0,0.3139521956642579,0.6411960132890365,4,3,cooling,1,one_time_buyer,0,0,1,314,重要唤回用户
cust_d8a9bb80,2024-05-26 21:28:32,2024-05-26 21:28:32,1,30.33,30.33,9.25,1,1,organic,organic,3,30.839999999999996,19.349999999999998,1,1,beauty,30.839999999999996,19.349999999999998,3,1,organic,,ca,tablet,False,short_consumption_cycle,219,219,0,0,1.0,0.627431906614786,0.07542579075425791,1,2,at_risk,1,one_time_buyer,0,0,0,211,低价值流失用户
cust_d8fc8bbf,2024-04-28 11:01:14,2024-04-28 11:01:14,1,56.06,56.06,0.0,0,1,direct,direct,1,49.61,29.509999999999998,1,1,beauty,49.61,29.509999999999998,1,1,meta,camp_f81f8b13,us,mobile,False,short_consumption_cycle,247,247,0,0,0.0,0.594839750050393,0.3722627737226277,2,1,dormant,1,one_time_buyer,0,0,0,112,低价值流失用户
cust_d90597ec,2024-09-29 18:57:54,2024-09-29 18:57:54,1,82.06,82.06,0.0,0,1,direct,direct,2,70.2,21.040000000000006,1,1,sports,70.2,21.040000000000006,2,1,organic,,uk,mobile,False,medium_replacement_cycle,93,93,0,0,0.0,0.2997150997150998,0.4717607973421927,3,4,healthy,1,one_time_buyer,1,0,0,413,一般发展用户
cust_d91a2f47,2024-10-10 10:47:16,2024-10-10 10:47:16,1,55.17,55.17,0.0,0,1,organic,organic,2,41.66,26.239999999999995,1,1,beauty,41.66,26.239999999999995,2,1,organic,,de,mobile,False,short_consumption_cycle,82,82,0,0,0.0,0.6298607777244358,0.35036496350364965,2,4,healthy,1,one_time_buyer,1,0,0,412,一般发展用户
cust_d95aea04,2024-03-25 11:01:34,2024-03-25 11:01:34,1,60.91,60.91,0.0,0,1,google,google,1,50.33,34.39,1,1,fashion,50.33,34.39,1,1,google,camp_53e0faee,fr,mobile,False,seasonal_cycle,281,281,0,0,0.0,0.6832902841247765,0.22045454545454546,2,2,at_risk,1,one_time_buyer,0,0,0,212,低价值流失用户
cust_d95b545b,2024-12-10 16:38:06,2024-12-10 16:38:06,1,89.68,89.68,0.0,0,1,direct,direct,1,75.78,37.300000000000004,1,1,fashion,75.78,37.300000000000004,1,1,meta,camp_7e0737e7,uk,mobile,False,seasonal_cycle,21,21,0,0,0.0,0.4922143045658486,0.4954545454545455,3,5,fresh,1,one_time_buyer,1,0,0,513,一般发展用户
cust_d95fd810,2024-08-11 10:45:13,2024-08-11 10:45:13,1,483.79,483.79,0.0,0,1,meta,meta,3,475.86,144.18,1,1,electronics,475.86,144.18,3,1,meta,camp_5bfeee5f,us,mobile,False,very_long_replacement_cycle,142,142,0,0,0.0,0.3029882738620603,0.99,5,5,fresh,1,one_time_buyer,1,0,1,515,重要发展用户
cust_d97d4d73,2024-05-29 09:11:05,2024-05-29 09:11:05,1,135.86,135.86,0.0,0,1,direct,direct,1,135.86,48.94000000000001,1,1,electronics,135.86,48.94000000000001,1,1,email,,uk,desktop,False,very_long_replacement_cycle,216,216,0,0,0.0,0.36022375975268667,0.5933333333333334,3,4,healthy,1,one_time_buyer,1,0,0,413,一般发展用户
cust_d9b3d3ab,2024-11-30 18:46:38,2024-11-30 18:46:38,1,174.48,174.48,0.0,0,1,organic,organic,2,174.48,90.91999999999999,1,1,fashion,174.48,90.91999999999999,2,1,organic,,uk,mobile,False,seasonal_cycle,31,31,0,0,0.0,0.5210912425492893,0.8681818181818182,5,5,fresh,1,one_time_buyer,1,0,1,515,重要发展用户
cust_d9daab5a,2024-11-28 04:31:52,2024-11-28 04:31:52,1,41.6,41.6,0.0,0,1,google,google,1,25.39,15.13,1,1,beauty,25.39,15.13,1,1,google,camp_b2c67a2e,de,mobile,False,short_consumption_cycle,33,33,0,0,0.0,0.5959038991729028,0.21046228710462286,2,5,fresh,1,one_time_buyer,1,0,0,512,一般发展用户
cust_d9ea1e1d,2024-03-24 09:26:25,2024-03-24 09:26:25,1,47.64,47.64,0.0,0,1,organic,organic,1,36.54,24.83,1,1,beauty,36.54,24.83,1,1,organic,,uk,mobile,False,short_consumption_cycle,282,282,0,0,0.0,0.6795292829775588,0.25790754257907544,2,1,dormant,1,one_time_buyer,0,0,0,112,低价值流失用户
cust_d9ec68c1,2024-05-16 13:46:43,2024-05-16 13:46:43,1,94.28,94.28,9.74,1,1,direct,direct,2,97.36,47.67,2,2,sports,56.87,24.36,1,1,direct,,us,mobile,True,medium_replacement_cycle,229,229,0,0,1.0,0.4896261298274446,0.6079734219269103,4,3,cooling,1,one_time_buyer,0,0,1,314,重要唤回用户
cust_d9f4b581,2024-06-21 12:42:47,2024-06-21 12:42:47,1,39.83,39.83,0.0,0,1,tiktok,tiktok,1,29.94,12.46,1,1,electronics,29.94,12.46,1,1,tiktok,camp_a9bfc811,us,mobile,True,very_long_replacement_cycle,193,193,0,0,0.0,0.41616566466265864,0.03333333333333333,1,4,healthy,1,one_time_buyer,1,0,0,411,一般发展用户
cust_d9f79b5c,2024-10-30 18:29:39,2024-10-30 18:29:39,1,137.14,137.14,0.0,0,1,direct,direct,2,128.02,78.86000000000001,1,1,beauty,128.02,78.86000000000001,2,1,direct,,us,tablet,False,short_consumption_cycle,62,62,0,0,0.0,0.615997500390564,0.8880778588807786,5,4,healthy,1,one_time_buyer,1,0,1,415,重要发展用户
cust_da0402b3,2024-07-12 19:35:54,2024-07-12 19:35:54,1,152.01,152.01,0.0,0,1,direct,direct,2,152.02,97.78,1,1,fashion,152.02,97.78,2,1,google,camp_ed6e7538,us,desktop,True,seasonal_cycle,172,172,0,0,0.0,0.6432048414682279,0.8068181818181818,5,3,cooling,1,one_time_buyer,0,0,1,315,重要唤回用户
cust_da67d496,2024-04-13 20:24:20,2024-04-13 20:24:20,1,109.13,109.13,0.0,0,1,organic,organic,2,109.14,77.58,1,1,beauty,109.14,77.58,2,1,organic,,uk,tablet,True,short_consumption_cycle,262,262,0,0,0.0,0.7108301264431006,0.8199513381995134,5,1,dormant,1,one_time_buyer,0,0,1,115,重要唤回用户
cust_da8ba973,2024-01-08 01:10:38,2024-01-08 01:10:38,1,79.1,79.1,8.79,1,1,organic,organic,1,87.89,43.11,1,1,home,87.89,43.11,1,1,organic,,us,mobile,False,long_replacement_cycle,358,358,0,0,1.0,0.49049948799635906,0.2823529411764706,2,3,cooling,1,one_time_buyer,0,0,0,312,低价值流失用户
cust_daa4643d,2024-11-02 13:56:45,2024-11-02 13:56:45,1,34.44,34.44,6.95,1,1,direct,direct,1,34.75,26.86,1,1,beauty,34.75,26.86,1,1,meta,camp_9e4ea431,us,mobile,True,short_consumption_cycle,59,59,0,0,1.0,0.7729496402877698,0.13138686131386862,1,4,healthy,1,one_time_buyer,1,0,0,411,一般发展用户
cust_dad22ca1,2024-01-10 18:51:03,2024-01-10 18:51:03,1,170.18,170.18,0.0,0,1,google,google,2,163.28,59.5,1,1,sports,163.28,59.5,2,1,google,camp_b7499c58,us,desktop,False,medium_replacement_cycle,356,356,0,0,0.0,0.3644047035766781,0.8604651162790697,5,2,at_risk,1,one_time_buyer,0,0,1,215,重要唤回用户
cust_db472036,2024-07-18 08:59:42,2024-07-18 08:59:42,1,82.6,82.6,0.0,0,1,direct,direct,1,75.82,37.82999999999999,1,1,fashion,75.82,37.82999999999999,1,1,email,,us,desktop,True,seasonal_cycle,166,166,0,0,0.0,0.4989448694275916,0.39090909090909093,2,3,cooling,1,one_time_buyer,0,0,0,312,低价值流失用户
cust_db4b3c10,2024-04-19 09:38:49,2024-04-19 09:38:49,1,73.17,73.17,10.74,1,1,organic,organic,1,71.6,41.56999999999999,1,1,beauty,71.6,41.56999999999999,1,1,organic,,fr,desktop,False,short_consumption_cycle,256,256,0,0,1.0,0.580586592178771,0.5766423357664233,3,1,dormant,1,one_time_buyer,0,0,0,113,低价值流失用户
cust_db61ac13,2024-03-24 08:34:36,2024-08-29 09:10:50,2,274.39,137.195,0.0,0,1,google,direct,3,265.59,93.70999999999998,2,2,electronics,201.54,68.63999999999999,2,1,google,camp_52a6c8cc,us,tablet,False,very_long_replacement_cycle,124,282,158,1,0.0,0.3528370797093264,0.88,5,5,fresh,3,early_repeat_buyer,1,1,1,535,重要价值用户
cust_db8bf979,2024-03-26 20:45:16,2024-03-26 20:45:16,1,83.63,83.63,0.0,0,1,tiktok,tiktok,2,76.42999999999999,42.3,2,2,beauty,46.87,26.769999999999996,1,1,tiktok,camp_29fddf33,us,mobile,False,short_consumption_cycle,280,280,0,0,0.0,0.5534475991102971,0.6909975669099757,4,1,dormant,1,one_time_buyer,0,0,1,114,重要唤回用户
cust_db974a19,2024-09-07 07:19:14,2024-09-07 07:19:14,1,127.01,127.01,0.0,0,1,meta,meta,2,127.0,40.620000000000005,1,1,electronics,127.0,40.620000000000005,2,1,meta,camp_cd02c4be,us,mobile,False,very_long_replacement_cycle,115,115,0,0,0.0,0.3198425196850394,0.5366666666666666,3,5,fresh,1,one_time_buyer,1,0,0,513,一般发展用户
cust_db9e2944,2024-06-12 08:22:02,2024-06-12 08:22:02,1,172.18,172.18,0.0,0,1,google,google,2,172.18,79.22000000000001,1,1,home,172.18,79.22000000000001,2,1,google,camp_b33e28cf,us,mobile,True,long_replacement_cycle,202,202,0,0,0.0,0.4600998954582414,0.7694117647058824,4,4,healthy,1,one_time_buyer,1,0,1,414,重要发展用户
cust_dba36f2f,2024-04-03 16:30:42,2024-04-03 16:30:42,1,79.24,79.24,10.0,1,1,google,google,1,79.04,30.67000000000001,1,1,electronics,79.04,30.67000000000001,1,1,google,camp_7f60635e,de,tablet,True,very_long_replacement_cycle,272,272,0,0,1.0,0.38803137651821873,0.24666666666666667,2,4,healthy,1,one_time_buyer,1,0,0,412,一般发展用户
cust_dbff0cff,2024-11-28 22:54:45,2024-11-28 22:54:45,1,146.09,146.09,0.0,0,1,direct,direct,3,146.10000000000002,91.95,1,1,beauty,146.10000000000002,91.95,3,1,email,,ca,mobile,False,short_consumption_cycle,33,33,0,0,0.0,0.6293634496919918,0.9075425790754258,5,5,fresh,1,one_time_buyer,1,0,1,515,重要发展用户
cust_dc1b6ad9,2024-07-14 20:53:03,2024-07-14 20:53:03,1,90.31,90.31,0.0,0,1,google,google,2,90.3,30.119999999999997,1,1,electronics,90.3,30.119999999999997,2,1,google,camp_b2d3e567,de,desktop,True,very_long_replacement_cycle,170,170,0,0,0.0,0.3335548172757475,0.33666666666666667,2,5,fresh,1,one_time_buyer,1,0,0,512,一般发展用户
cust_dc421c22,2024-07-19 02:34:32,2024-07-19 02:34:32,1,124.24,124.24,0.0,0,1,direct,direct,1,113.01,56.46000000000001,1,1,sports,113.01,56.46000000000001,1,1,direct,,de,tablet,False,medium_replacement_cycle,165,165,0,0,0.0,0.49960180514998676,0.7574750830564784,4,4,healthy,1,one_time_buyer,1,0,1,414,重要发展用户
cust_dc8bcc80,2024-12-09 07:28:18,2024-12-09 07:28:18,1,167.68,167.68,0.0,0,1,direct,direct,2,167.68,63.900000000000006,1,1,sports,167.68,63.900000000000006,2,1,google,camp_0853f374,fr,mobile,True,medium_replacement_cycle,22,22,0,0,0.0,0.3810830152671756,0.8538205980066446,5,5,fresh,1,one_time_buyer,1,0,1,515,重要发展用户
cust_dc9b18e0,2024-02-23 09:25:00,2024-02-23 09:25:00,1,46.35,46.35,8.01,1,1,direct,direct,1,40.05,10.579999999999998,1,1,electronics,40.05,10.579999999999998,1,1,direct,,uk,desktop,True,very_long_replacement_cycle,312,312,0,0,1.0,0.2641697877652934,0.07666666666666666,1,4,healthy,1,one_time_buyer,1,0,0,411,一般发展用户
cust_dd0aa9e8,2024-02-28 12:03:25,2024-02-28 12:03:25,1,67.95,67.95,5.0,1,1,google,google,1,63.57,35.510000000000005,1,1,fashion,63.57,35.510000000000005,1,1,google,camp_ada32d46,us,mobile,False,seasonal_cycle,307,307,0,0,1.0,0.5585968224005035,0.24772727272727274,2,1,dormant,1,one_time_buyer,0,0,0,112,低价值流失用户
cust_dd1e7735,2024-03-10 19:54:22,2024-03-10 19:54:22,1,86.39,86.39,15.0,1,1,meta,meta,1,101.39,67.74000000000001,1,1,fashion,101.39,67.74000000000001,1,1,meta,camp_c1c1da0d,ca,tablet,True,seasonal_cycle,296,296,0,0,1.0,0.6681132261564258,0.45227272727272727,3,2,at_risk,1,one_time_buyer,0,0,0,213,低价值流失用户
cust_dd38bca7,2024-04-05 14:42:42,2024-04-05 14:42:42,1,85.13,85.13,0.0,0,1,direct,direct,1,85.13,51.949999999999996,1,1,fashion,85.13,51.949999999999996,1,1,tiktok,camp_c6da92f7,fr,mobile,False,seasonal_cycle,270,270,0,0,0.0,0.6102431575237871,0.42727272727272725,3,2,at_risk,1,one_time_buyer,0,0,0,213,低价值流失用户
cust_dd5a7a6b,2024-07-07 08:47:38,2024-07-07 08:47:38,1,391.57,391.57,0.0,0,1,tiktok,tiktok,3,391.56000000000006,218.58000000000004,1,1,home,391.56000000000006,218.58000000000004,3,1,tiktok,camp_b9f98665,ca,mobile,False,long_replacement_cycle,177,177,0,0,0.0,0.5582286239656757,0.9764705882352941,5,4,healthy,1,one_time_buyer,1,0,1,415,重要发展用户
cust_dd838a53,2024-10-03 19:23:28,2024-10-03 19:23:28,1,213.0,213.0,0.0,0,1,google,google,4,203.37,136.86,2,2,beauty,140.76,96.78000000000002,3,1,google,camp_19eb3831,ca,desktop,False,short_consumption_cycle,89,89,0,0,0.0,0.6729606136598318,0.9781021897810219,5,4,healthy,1,one_time_buyer,1,0,1,415,重要发展用户
cust_dd98e4e6,2024-08-01 08:37:30,2024-08-01 08:37:30,1,63.45,63.45,0.0,0,1,google,google,1,51.86,15.71,1,1,electronics,51.86,15.71,1,1,google,camp_831705ba,fr,desktop,False,very_long_replacement_cycle,152,152,0,0,0.0,0.3029309679907443,0.19666666666666666,1,5,fresh,1,one_time_buyer,1,0,0,511,一般发展用户
cust_dd9d8def,2024-03-26 13:26:19,2024-03-26 13:26:19,1,55.86,55.86,0.0,0,1,meta,meta,1,41.1,19.860000000000003,1,1,fashion,41.1,19.860000000000003,1,1,meta,camp_6542803d,uk,mobile,False,seasonal_cycle,280,280,0,0,0.0,0.48321167883211685,0.18409090909090908,1,2,at_risk,1,one_time_buyer,0,0,0,211,低价值流失用户
cust_dda49058,2024-03-26 20:22:47,2024-03-26 20:22:47,1,227.86,227.86,0.0,0,1,google,google,3,227.87,127.63999999999999,2,2,sports,158.98,81.27999999999999,2,1,google,camp_3987f892,us,desktop,False,medium_replacement_cycle,280,280,0,0,0.0,0.5601439417211568,0.9169435215946844,5,3,cooling,1,one_time_buyer,0,0,1,315,重要唤回用户
cust_ddbcd3b4,2024-09-07 19:18:43,2024-09-07 19:18:43,1,122.98,122.98,0.0,0,1,organic,organic,2,113.64,87.4,1,1,beauty,113.64,87.4,2,1,organic,,us,mobile,True,short_consumption_cycle,115,115,0,0,0.0,0.7690953889475537,0.8540145985401459,5,3,cooling,1,one_time_buyer,0,0,1,315,重要唤回用户
cust_ddc9ea68,2024-03-10 00:28:31,2024-03-10 00:28:31,1,190.34,190.34,0.0,0,1,google,google,2,181.35000000000002,70.88000000000001,2,2,electronics,151.68,55.24000000000001,1,1,google,camp_6347c518,ca,mobile,True,very_long_replacement_cycle,296,296,0,0,0.0,0.390846429556107,0.79,4,4,healthy,1,one_time_buyer,1,0,1,414,重要发展用户
cust_ddd72138,2024-11-24 08:38:01,2024-11-24 08:38:01,1,51.58,51.58,0.0,0,1,google,google,2,42.42,14.580000000000002,1,1,sports,42.42,14.580000000000002,2,1,google,camp_bf7d6994,us,mobile,True,medium_replacement_cycle,37,37,0,0,0.0,0.34370579915134375,0.18272425249169436,1,5,fresh,1,one_time_buyer,1,0,0,511,一般发展用户
cust_de356c92,2024-09-25 18:58:38,2024-09-25 18:58:38,1,80.47,80.47,0.0,0,1,organic,organic,1,66.65,39.78,1,1,beauty,66.65,39.78,1,1,organic,,fr,mobile,False,short_consumption_cycle,97,97,0,0,0.0,0.5968492123030757,0.656934306569343,4,3,cooling,1,one_time_buyer,0,0,1,314,重要唤回用户
cust_de39a899,2024-05-17 12:30:27,2024-05-17 12:30:27,1,150.46,150.46,0.0,0,1,direct,direct,2,150.45999999999998,60.64,2,2,electronics,121.57,47.16,1,1,direct,,de,mobile,True,very_long_replacement_cycle,228,228,0,0,0.0,0.40303070583543804,0.67,4,4,healthy,1,one_time_buyer,1,0,1,414,重要发展用户
cust_de77069e,2024-01-08 23:08:06,2024-01-08 23:08:06,1,106.52,106.52,0.0,0,1,google,google,2,106.52000000000001,36.730000000000004,2,2,sports,75.62,23.310000000000002,1,1,google,camp_c71b80d1,uk,desktop,False,medium_replacement_cycle,358,358,0,0,0.0,0.34481787457754415,0.6843853820598007,4,2,at_risk,1,one_time_buyer,0,0,1,214,重要唤回用户
cust_de93e817,2024-05-14 08:44:49,2024-05-14 08:44:49,1,78.48,78.48,7.61,1,1,google,google,3,76.14,46.949999999999996,1,1,beauty,76.14,46.949999999999996,3,1,google,camp_e960eca2,us,mobile,False,short_consumption_cycle,231,231,0,0,1.0,0.6166272655634357,0.6374695863746959,4,2,at_risk,1,one_time_buyer,0,0,1,214,重要唤回用户
cust_de9462d1,2024-12-09 10:31:44,2024-12-09 10:31:44,1,147.27,147.27,0.0,0,1,email,email,3,147.27,101.43,1,2,beauty,147.27,101.43,3,1,email,,us,mobile,False,short_consumption_cycle,22,22,0,0,0.0,0.6887349765736402,0.9172749391727494,5,5,fresh,1,one_time_buyer,1,0,1,515,重要发展用户
cust_dea9e483,2024-09-26 19:54:23,2024-09-26 19:54:23,1,51.79,51.79,0.0,0,1,organic,organic,1,44.85,30.39,1,1,beauty,44.85,30.39,1,1,organic,,us,mobile,False,short_consumption_cycle,96,96,0,0,0.0,0.6775919732441471,0.30413625304136255,2,3,cooling,1,one_time_buyer,0,0,0,312,低价值流失用户
cust_deacdbf2,2024-11-18 14:18:15,2024-11-18 14:18:15,1,63.53,63.53,0.0,0,1,direct,direct,2,51.96,34.31,2,2,beauty,27.23,20.22,1,1,direct,,uk,mobile,True,short_consumption_cycle,43,43,0,0,0.0,0.6603156274056967,0.4768856447688564,3,5,fresh,1,one_time_buyer,1,0,0,513,一般发展用户
cust_deadb70a,2024-04-09 20:26:42,2024-04-09 20:26:42,1,246.44,246.44,27.38,1,1,meta,meta,2,273.82,153.66,1,1,home,273.82,153.66,2,1,meta,camp_a64c3c89,de,mobile,False,long_replacement_cycle,266,266,0,0,1.0,0.5611715725659192,0.8941176470588236,5,3,cooling,1,one_time_buyer,0,0,1,315,重要唤回用户
cust_deafcf85,2024-04-06 01:12:44,2024-04-06 01:12:44,1,96.98,96.98,10.78,1,1,organic,organic,1,107.76,72.59,1,1,fashion,107.76,72.59,1,1,organic,,de,desktop,False,seasonal_cycle,269,269,0,0,1.0,0.6736265775798069,0.5659090909090909,3,2,at_risk,1,one_time_buyer,0,0,0,213,低价值流失用户
cust_def81dc8,2024-11-13 12:16:19,2024-11-13 12:16:19,1,77.68,77.68,11.96,1,1,direct,direct,1,79.7,31.330000000000005,1,1,electronics,79.7,31.330000000000005,1,1,organic,,ca,desktop,True,very_long_replacement_cycle,48,48,0,0,1.0,0.39309912170639905,0.24,2,5,fresh,1,one_time_buyer,1,0,0,512,一般发展用户
cust_df00ae3d,2024-01-03 08:44:59,2024-01-03 08:44:59,1,115.91,115.91,0.0,0,1,direct,direct,1,115.91,38.06999999999999,1,1,sports,115.91,38.06999999999999,1,1,google,camp_89cf2206,de,mobile,False,medium_replacement_cycle,363,363,0,0,0.0,0.32844448278837024,0.7159468438538206,4,2,at_risk,1,one_time_buyer,0,0,1,214,重要唤回用户
cust_df093174,2024-08-15 11:36:30,2024-08-15 11:36:30,1,125.18,125.18,0.0,0,1,direct,direct,3,125.19,93.33,1,1,beauty,125.19,93.33,3,1,tiktok,camp_717a6dce,de,tablet,False,short_consumption_cycle,138,138,0,0,0.0,0.7455068296189792,0.8564476885644768,5,3,cooling,1,one_time_buyer,0,0,1,315,重要唤回用户
cust_df14faac,2024-08-06 09:33:25,2024-08-06 09:33:25,1,118.24,118.24,0.0,0,1,google,google,2,107.94,41.91,2,2,electronics,64.11,20.92,1,1,google,camp_508252c2,fr,tablet,False,very_long_replacement_cycle,147,147,0,0,0.0,0.3882712618121178,0.48333333333333334,3,5,fresh,1,one_time_buyer,1,0,0,513,一般发展用户
cust_df22a46a,2024-04-16 08:52:48,2024-04-16 08:52:48,1,34.26,34.26,0.0,0,1,meta,meta,1,24.99,16.259999999999998,1,1,beauty,24.99,16.259999999999998,1,1,meta,camp_627fa083,us,mobile,False,short_consumption_cycle,259,259,0,0,0.0,0.6506602641056423,0.12895377128953772,1,1,dormant,1,one_time_buyer,0,0,0,111,低价值流失用户
cust_df3333f5,2024-11-25 22:08:46,2024-11-25 22:08:46,1,92.3,92.3,0.0,0,1,tiktok,tiktok,1,84.25,42.32,1,1,fashion,84.25,42.32,1,1,tiktok,camp_134bd8a6,us,desktop,False,seasonal_cycle,36,36,0,0,0.0,0.5023145400593472,0.5204545454545455,3,5,fresh,1,one_time_buyer,1,0,0,513,一般发展用户
cust_df3da92e,2024-06-20 13:37:37,2024-06-20 13:37:37,1,304.35,304.35,15.0,1,1,organic,organic,4,319.34,142.01,2,2,electronics,226.82999999999998,81.72,3,1,organic,,us,mobile,True,very_long_replacement_cycle,194,194,0,0,1.0,0.4446984405336006,0.9033333333333333,5,4,healthy,1,one_time_buyer,1,0,1,415,重要发展用户
cust_df6f585b,2024-03-06 16:08:16,2024-03-06 16:08:16,1,239.58,239.58,0.0,0,1,direct,direct,2,239.58,117.54,1,1,home,239.58,117.54,2,1,direct,,uk,desktop,False,long_replacement_cycle,300,300,0,0,0.0,0.4906085649887303,0.8752941176470588,5,3,cooling,1,one_time_buyer,0,0,1,315,重要唤回用户
cust_dff1198c,2024-02-04 18:40:35,2024-02-04 18:40:35,1,39.46,39.46,0.0,0,1,organic,organic,1,29.66,11.219999999999999,1,1,electronics,29.66,11.219999999999999,1,1,organic,,uk,mobile,True,very_long_replacement_cycle,331,331,0,0,0.0,0.3782872555630478,0.03,1,4,healthy,1,one_time_buyer,1,0,0,411,一般发展用户
cust_e014465b,2024-12-10 23:00:46,2024-12-10 23:00:46,1,84.25,84.25,0.0,0,1,direct,direct,1,67.48,40.61,1,1,beauty,67.48,40.61,1,1,meta,camp_3bec5e5e,de,mobile,True,short_consumption_cycle,21,21,0,0,0.0,0.6018079430942501,0.7007299270072993,4,5,fresh,1,one_time_buyer,1,0,1,514,重要发展用户
cust_e038ca71,2024-07-21 19:20:08,2024-07-21 19:20:08,1,82.01,82.01,0.0,0,1,direct,direct,1,75.65,37.17000000000001,1,1,fashion,75.65,37.17000000000001,1,1,google,camp_e03fae78,us,desktop,True,seasonal_cycle,163,163,0,0,0.0,0.4913417052214145,0.37272727272727274,2,3,cooling,1,one_time_buyer,0,0,0,312,低价值流失用户
cust_e0427a91,2024-11-17 11:12:58,2024-11-17 11:12:58,1,44.27,44.27,0.0,0,1,google,google,1,32.84,18.430000000000003,1,1,fashion,32.84,18.430000000000003,1,1,google,camp_58876cc7,de,desktop,False,seasonal_cycle,44,44,0,0,0.0,0.5612058465286237,0.10681818181818181,1,5,fresh,1,one_time_buyer,1,0,0,511,一般发展用户
cust_e0594ab4,2024-09-22 16:38:57,2024-09-22 16:38:57,1,314.32,314.32,34.92,1,1,google,google,3,349.23,132.48000000000005,2,2,electronics,327.22,118.80000000000004,2,1,google,camp_4252ea14,us,mobile,False,very_long_replacement_cycle,100,100,0,0,1.0,0.3793488531913067,0.9166666666666666,5,5,fresh,1,one_time_buyer,1,0,1,515,重要发展用户
cust_e0773e20,2024-12-07 16:32:17,2024-12-07 16:32:17,1,44.35,44.35,0.0,0,1,direct,direct,1,32.15,17.74,1,1,fashion,32.15,17.74,1,1,tiktok,camp_942fcb52,de,desktop,True,seasonal_cycle,24,24,0,0,0.0,0.5517884914463452,0.10909090909090909,1,5,fresh,1,one_time_buyer,1,0,0,511,一般发展用户
cust_e08a9c89,2024-04-17 09:10:56,2024-04-17 09:10:56,1,71.54,71.54,0.0,0,1,meta,meta,1,61.44,18.339999999999996,1,1,sports,61.44,18.339999999999996,1,1,meta,camp_51476a68,de,mobile,False,medium_replacement_cycle,258,258,0,0,0.0,0.29850260416666663,0.3554817275747508,2,3,cooling,1,one_time_buyer,0,0,0,312,低价值流失用户
cust_e0aa1729,2024-01-10 19:52:50,2024-01-10 19:52:50,1,255.23,255.23,0.0,0,1,meta,meta,3,255.24,115.80000000000001,1,1,home,255.24,115.80000000000001,3,1,meta,camp_5ff3ed7b,de,desktop,False,long_replacement_cycle,356,356,0,0,0.0,0.4536906440996709,0.8988235294117647,5,3,cooling,1,one_time_buyer,0,0,1,315,重要唤回用户
cust_e0ba17fd,2024-05-27 18:33:27,2024-05-27 18:33:27,1,71.15,71.15,0.0,0,1,direct,direct,1,59.64,31.580000000000002,1,1,fashion,59.64,31.580000000000002,1,1,direct,,ca,tablet,False,seasonal_cycle,218,218,0,0,0.0,0.5295103957075789,0.26590909090909093,2,2,at_risk,1,one_time_buyer,0,0,0,212,低价值流失用户
cust_e0cafa2f,2024-04-11 09:06:25,2024-04-11 09:06:25,1,69.24,69.24,0.0,0,1,direct,direct,1,60.86,32.8,1,1,fashion,60.86,32.8,1,1,tiktok,camp_f52c4df2,us,desktop,False,seasonal_cycle,264,264,0,0,0.0,0.5389418337167269,0.2545454545454545,2,2,at_risk,1,one_time_buyer,0,0,0,212,低价值流失用户
cust_e0f63514,2024-11-05 20:40:38,2024-11-05 20:40:38,1,117.6,117.6,0.0,0,1,meta,meta,1,117.6,48.64,1,1,home,117.6,48.64,1,1,meta,camp_2623c1d4,de,mobile,False,long_replacement_cycle,56,56,0,0,0.0,0.4136054421768708,0.5623529411764706,3,5,fresh,1,one_time_buyer,1,0,0,513,一般发展用户
cust_e11b4b22,2024-04-25 16:11:45,2024-04-25 16:11:45,1,107.06,107.06,0.0,0,1,google,google,2,107.07000000000001,64.16,2,2,fashion,82.26,49.080000000000005,1,1,google,camp_54da1c33,us,mobile,False,seasonal_cycle,250,250,0,0,0.0,0.599234145885869,0.634090909090909,4,2,at_risk,1,one_time_buyer,0,0,1,214,重要唤回用户
cust_e11c681a,2024-05-17 16:49:34,2024-05-17 16:49:34,1,51.92,51.92,0.0,0,1,google,google,1,35.38,14.940000000000001,1,1,home,35.38,14.940000000000001,1,1,google,camp_fbeec3b6,de,mobile,False,long_replacement_cycle,228,228,0,0,0.0,0.42227247032221593,0.18352941176470589,1,4,healthy,1,one_time_buyer,1,0,0,411,一般发展用户
cust_e132a78b,2024-04-10 11:58:01,2024-04-10 11:58:01,1,269.9,269.9,0.0,0,1,google,google,4,269.89,156.67000000000002,2,2,fashion,245.01,140.52,3,1,google,camp_5d5ff486,uk,mobile,False,seasonal_cycle,265,265,0,0,0.0,0.580495757530846,0.9613636363636363,5,2,at_risk,1,one_time_buyer,0,0,1,215,重要唤回用户
cust_e1ca02a0,2024-11-06 11:21:49,2024-11-06 11:21:49,1,82.17,82.17,0.0,0,1,direct,direct,2,82.17,39.730000000000004,2,2,beauty,44.25,27.07,1,1,email,,us,mobile,False,short_consumption_cycle,55,55,0,0,0.0,0.48350979676280886,0.6751824817518248,4,4,healthy,1,one_time_buyer,1,0,1,414,重要发展用户
cust_e1fb33f0,2024-11-25 19:01:35,2024-11-25 19:01:35,1,29.85,29.85,0.0,0,1,tiktok,tiktok,1,23.25,15.36,1,1,beauty,23.25,15.36,1,1,tiktok,camp_5ae0afab,us,mobile,False,short_consumption_cycle,36,36,0,0,0.0,0.6606451612903226,0.0681265206812652,1,5,fresh,1,one_time_buyer,1,0,0,511,一般发展用户
cust_e2217215,2024-06-05 20:46:25,2024-06-05 20:46:25,1,71.18,71.18,0.0,0,1,direct,direct,1,62.26,37.68,1,1,beauty,62.26,37.68,1,1,direct,,us,mobile,False,short_consumption_cycle,209,209,0,0,0.0,0.6052039832958561,0.5620437956204379,3,2,at_risk,1,one_time_buyer,0,0,0,213,低价值流失用户
cust_e25c1345,2024-12-20 22:13:09,2024-12-20 22:13:09,1,68.79,68.79,15.0,1,1,tiktok,tiktok,1,83.79,53.45,1,1,fashion,83.79,53.45,1,1,tiktok,camp_d2116372,fr,mobile,False,seasonal_cycle,11,11,0,0,1.0,0.6379042845208258,0.25227272727272726,2,5,fresh,1,one_time_buyer,1,0,0,512,一般发展用户
cust_e25e2dba,2024-12-03 11:42:25,2024-12-03 11:42:25,1,235.38,235.38,10.0,1,1,direct,direct,3,233.41,89.42999999999999,2,2,sports,204.54,72.75999999999999,2,1,direct,,ca,mobile,False,medium_replacement_cycle,28,28,0,0,1.0,0.38314553789469175,0.9302325581395349,5,5,fresh,1,one_time_buyer,1,0,1,515,重要发展用户
cust_e2924719,2024-07-25 20:54:57,2024-07-25 20:54:57,1,108.94,108.94,0.0,0,1,google,google,1,108.94,56.98,1,1,fashion,108.94,56.98,1,1,google,camp_c0807015,us,desktop,True,seasonal_cycle,159,159,0,0,0.0,0.5230402056177712,0.65,4,3,cooling,1,one_time_buyer,0,0,1,314,重要唤回用户
cust_e2c21248,2024-12-10 16:13:04,2024-12-10 16:13:04,1,56.83,56.83,0.0,0,1,direct,direct,1,41.19,14.559999999999999,1,1,home,41.19,14.559999999999999,1,1,direct,,de,mobile,True,long_replacement_cycle,21,21,0,0,0.0,0.35348385530468557,0.20470588235294118,2,5,fresh,1,one_time_buyer,1,0,0,512,一般发展用户
cust_e2d3b6f4,2024-12-12 07:58:22,2024-12-12 07:58:22,1,489.07,489.07,0.0,0,1,google,google,5,481.52,169.91999999999996,2,2,electronics,331.32,106.97999999999999,3,1,google,camp_941fcfe2,us,desktop,True,very_long_replacement_cycle,19,19,0,0,0.0,0.35288253862767893,0.9933333333333333,5,5,fresh,1,one_time_buyer,1,0,1,515,重要发展用户
cust_e3519269,2024-03-15 11:01:39,2024-03-15 11:01:39,1,80.67,80.67,0.0,0,1,google,google,1,80.67,42.5,1,1,home,80.67,42.5,1,1,google,camp_b090eba8,ca,mobile,True,long_replacement_cycle,291,291,0,0,0.0,0.5268377339779348,0.29411764705882354,2,3,cooling,1,one_time_buyer,0,0,0,312,低价值流失用户
cust_e36ba53e,2024-11-21 20:18:17,2024-11-21 20:18:17,1,147.24,147.24,0.0,0,1,meta,meta,1,138.8,69.84000000000002,1,1,home,138.8,69.84000000000002,1,1,meta,camp_e1d3b59d,us,mobile,False,long_replacement_cycle,40,40,0,0,0.0,0.5031700288184439,0.7294117647058823,4,5,fresh,1,one_time_buyer,1,0,1,514,重要发展用户
cust_e38473df,2024-04-07 17:46:49,2024-04-07 17:46:49,1,43.14,43.14,14.33,1,1,google,google,1,47.78,31.1,1,1,fashion,47.78,31.1,1,1,google,camp_46e17b0f,us,mobile,True,seasonal_cycle,268,268,0,0,1.0,0.6508999581414818,0.10227272727272728,1,2,at_risk,1,one_time_buyer,0,0,0,211,低价值流失用户
cust_e3945d49,2024-02-10 08:00:01,2024-02-10 08:00:01,1,82.07,82.07,14.48,1,1,email,email,1,96.55,62.9,1,1,fashion,96.55,62.9,1,1,email,,us,tablet,True,seasonal_cycle,325,325,0,0,1.0,0.6514759192128431,0.37727272727272726,2,1,dormant,1,one_time_buyer,0,0,0,112,低价值流失用户
cust_e3ca6578,2024-11-26 21:21:52,2024-11-26 21:21:52,1,99.57,99.57,0.0,0,1,google,google,2,89.94,57.98,1,1,beauty,89.94,57.98,2,1,google,camp_862d0495,us,mobile,True,short_consumption_cycle,35,35,0,0,0.0,0.6446519902156993,0.7834549878345499,4,5,fresh,1,one_time_buyer,1,0,1,514,重要发展用户
cust_e3ce4bcd,2024-04-21 18:23:11,2024-04-21 18:23:11,1,92.22,92.22,20.23,1,1,direct,direct,1,101.15,40.230000000000004,1,1,electronics,101.15,40.230000000000004,1,1,google,camp_f2e841c5,ca,desktop,True,very_long_replacement_cycle,254,254,0,0,1.0,0.39772614928324274,0.36,2,4,healthy,1,one_time_buyer,1,0,0,412,一般发展用户
cust_e3cfe2d1,2024-11-20 15:50:26,2024-11-20 15:50:26,1,147.37,147.37,23.43,1,1,organic,organic,2,156.22,79.26,1,1,fashion,156.22,79.26,2,1,organic,,de,mobile,True,seasonal_cycle,41,41,0,0,1.0,0.5073614133913712,0.7909090909090909,4,5,fresh,1,one_time_buyer,1,0,1,514,重要发展用户
cust_e3eb1b7e,2024-09-15 03:57:39,2024-09-15 03:57:39,1,432.37,432.37,0.0,0,1,direct,direct,5,422.68,187.73000000000002,2,2,sports,231.36,84.57000000000002,3,1,direct,,uk,desktop,False,medium_replacement_cycle,107,107,0,0,0.0,0.4441421406264787,1.0,5,4,healthy,1,one_time_buyer,1,0,1,415,重要发展用户
cust_e4261836,2024-10-19 22:55:17,2024-10-19 22:55:17,1,82.41,82.41,0.0,0,1,google,google,2,82.4,51.42,1,1,fashion,82.4,51.42,2,1,google,camp_87176405,us,desktop,False,seasonal_cycle,73,73,0,0,0.0,0.6240291262135922,0.38522727272727275,2,4,healthy,1,one_time_buyer,1,0,0,412,一般发展用户
cust_e42d9a92,2024-11-07 20:36:05,2024-11-07 20:36:05,1,36.46,36.46,0.0,0,1,organic,organic,1,28.17,21.160000000000004,1,1,beauty,28.17,21.160000000000004,1,1,organic,,us,mobile,True,short_consumption_cycle,54,54,0,0,0.0,0.7511537096201634,0.15571776155717762,1,4,healthy,1,one_time_buyer,1,0,0,411,一般发展用户
cust_e44941a2,2024-05-07 10:22:46,2024-05-07 10:22:46,1,68.24,68.24,15.0,1,1,direct,direct,1,74.62,47.5,1,1,fashion,74.62,47.5,1,1,meta,camp_e1f4b35b,ca,desktop,True,seasonal_cycle,238,238,0,0,1.0,0.6365585633878317,0.25,2,2,at_risk,1,one_time_buyer,0,0,0,212,低价值流失用户
cust_e4ee5a86,2024-06-18 17:20:04,2024-06-18 17:20:04,1,57.96,57.96,0.0,0,1,meta,meta,1,47.85,31.17,1,1,fashion,47.85,31.17,1,1,meta,camp_3ec12c73,de,mobile,False,seasonal_cycle,196,196,0,0,0.0,0.65141065830721,0.19772727272727272,1,3,cooling,1,one_time_buyer,0,0,0,311,低价值流失用户
cust_e530b2d0,2024-02-09 07:51:43,2024-02-09 07:51:43,1,118.78,118.78,0.0,0,1,tiktok,tiktok,1,118.78,49.82000000000001,1,1,home,118.78,49.82000000000001,1,1,tiktok,camp_45f64f08,us,mobile,False,long_replacement_cycle,326,326,0,0,0.0,0.419430880619633,0.5741176470588235,3,3,cooling,1,one_time_buyer,0,0,0,313,低价值流失用户
cust_e58eee4b,2024-01-18 18:21:14,2024-01-18 18:21:14,1,101.64,101.64,5.0,1,1,organic,organic,1,91.95,33.42,1,1,sports,91.95,33.42,1,1,organic,,de,desktop,False,medium_replacement_cycle,348,348,0,0,1.0,0.3634584013050571,0.6478405315614618,4,2,at_risk,1,one_time_buyer,0,0,1,214,重要唤回用户
cust_e6359434,2024-10-23 17:19:22,2024-10-23 17:19:22,1,38.85,38.85,0.0,0,1,meta,meta,1,28.42,16.1,1,1,home,28.42,16.1,1,1,meta,camp_780091e7,ca,tablet,True,long_replacement_cycle,69,69,0,0,0.0,0.5665024630541872,0.09176470588235294,1,5,fresh,1,one_time_buyer,1,0,0,511,一般发展用户
cust_e640240d,2024-01-17 16:02:06,2024-01-17 16:02:06,1,28.01,28.01,0.0,0,1,meta,meta,1,17.47,11.129999999999999,1,1,fashion,17.47,11.129999999999999,1,1,meta,camp_0c25c531,uk,mobile,False,seasonal_cycle,349,349,0,0,0.0,0.6370921579851173,0.015909090909090907,1,1,dormant,1,one_time_buyer,0,0,0,111,低价值流失用户
cust_e65b9d3f,2024-08-29 13:49:51,2024-08-29 13:49:51,1,139.93,139.93,0.0,0,1,direct,direct,1,139.93,79.85000000000001,1,1,home,139.93,79.85000000000001,1,1,google,camp_8f6ae71b,us,mobile,False,long_replacement_cycle,124,124,0,0,0.0,0.5706424640891875,0.691764705882353,4,4,healthy,1,one_time_buyer,1,0,1,414,重要发展用户
cust_e67bfb37,2024-05-20 19:15:39,2024-05-20 19:15:39,1,77.72,77.72,0.0,0,1,direct,direct,1,64.11,25.64,1,1,sports,64.11,25.64,1,1,direct,,uk,mobile,True,medium_replacement_cycle,225,225,0,0,0.0,0.39993760723756044,0.42524916943521596,3,3,cooling,1,one_time_buyer,0,0,0,313,低价值流失用户
cust_e68a4261,2024-11-28 23:31:32,2024-11-28 23:31:32,1,158.58,158.58,0.0,0,1,meta,meta,2,142.54,58.519999999999996,1,1,home,142.54,58.519999999999996,2,1,meta,camp_f76237ee,de,desktop,False,long_replacement_cycle,33,33,0,0,0.0,0.4105514241616388,0.7529411764705882,4,5,fresh,1,one_time_buyer,1,0,1,514,重要发展用户
cust_e6befadb,2024-03-15 21:23:28,2024-03-15 21:23:28,1,64.54,64.54,5.0,1,1,meta,meta,1,57.95,41.540000000000006,1,1,beauty,57.95,41.540000000000006,1,1,meta,camp_fa0c437a,de,mobile,True,short_consumption_cycle,291,291,0,0,1.0,0.7168248490077654,0.49148418491484186,3,1,dormant,1,one_time_buyer,0,0,0,113,低价值流失用户
cust_e6d0dcde,2024-10-14 21:24:19,2024-10-14 21:24:19,1,90.37,90.37,15.95,1,1,google,google,2,106.32,74.75999999999999,1,1,beauty,106.32,74.75999999999999,2,1,google,camp_6f1045d3,ca,desktop,False,short_consumption_cycle,78,78,0,0,1.0,0.7031602708803611,0.7469586374695864,4,4,healthy,1,one_time_buyer,1,0,1,414,重要发展用户
cust_e6f375d1,2024-12-13 22:09:38,2024-12-13 22:09:38,1,237.69,237.69,0.0,0,1,meta,meta,4,229.83999999999997,121.02,2,2,sports,131.2,54.25999999999999,2,1,meta,camp_961ec8a5,us,desktop,True,medium_replacement_cycle,18,18,0,0,0.0,0.5265402018795684,0.9335548172757475,5,5,fresh,1,one_time_buyer,1,0,1,515,重要发展用户
cust_e77a1627,2024-04-06 10:38:17,2024-04-06 10:38:17,1,95.2,95.2,0.0,0,1,direct,direct,1,82.46,44.28999999999999,1,1,home,82.46,44.28999999999999,1,1,direct,,ca,desktop,False,long_replacement_cycle,269,269,0,0,0.0,0.5371089012854717,0.4329411764705882,3,3,cooling,1,one_time_buyer,0,0,0,313,低价值流失用户
cust_e7960a6b,2024-09-16 08:05:04,2024-09-16 08:05:04,1,61.55,61.55,15.0,1,1,direct,direct,1,67.83,39.599999999999994,1,1,home,67.83,39.599999999999994,1,1,direct,,us,mobile,True,long_replacement_cycle,106,106,0,0,1.0,0.5838124723573639,0.2188235294117647,2,5,fresh,1,one_time_buyer,1,0,0,512,一般发展用户
cust_e7a20c39,2024-02-18 10:29:24,2024-02-18 10:29:24,1,162.16,162.16,0.0,0,1,direct,direct,1,155.33,43.76000000000002,1,1,electronics,155.33,43.76000000000002,1,1,organic,,us,mobile,True,very_long_replacement_cycle,317,317,0,0,0.0,0.28172278375072435,0.72,4,4,healthy,1,one_time_buyer,1,0,1,414,重要发展用户
cust_e7d91724,2024-02-26 18:10:34,2024-02-26 18:10:34,1,77.81,77.81,0.0,0,1,direct,direct,3,71.69999999999999,28.919999999999995,1,1,home,71.69999999999999,28.919999999999995,3,1,organic,,us,desktop,False,long_replacement_cycle,309,309,0,0,0.0,0.403347280334728,0.27058823529411763,2,3,cooling,1,one_time_buyer,0,0,0,312,低价值流失用户
cust_e7faa90d,2024-11-07 10:07:29,2024-11-07 10:07:29,1,36.39,36.39,0.0,0,1,direct,direct,1,28.22,16.02,1,1,home,28.22,16.02,1,1,direct,,us,mobile,False,long_replacement_cycle,54,54,0,0,0.0,0.5676824946846208,0.058823529411764705,1,5,fresh,1,one_time_buyer,1,0,0,511,一般发展用户
cust_e7fbae8d,2024-08-26 18:23:27,2024-08-26 18:23:27,1,106.47,106.47,0.0,0,1,email,email,1,99.43,65.78,1,1,fashion,99.43,65.78,1,1,email,,us,desktop,True,seasonal_cycle,127,127,0,0,0.0,0.6615709544403098,0.6318181818181818,4,3,cooling,1,one_time_buyer,0,0,1,314,重要唤回用户
cust_e8150eaa,2024-12-14 23:40:35,2024-12-14 23:40:35,1,42.01,42.01,0.0,0,1,direct,direct,1,32.74,12.3,1,1,home,32.74,12.3,1,1,direct,,us,desktop,False,long_replacement_cycle,17,17,0,0,0.0,0.37568723274282223,0.12941176470588237,1,5,fresh,1,one_time_buyer,1,0,0,511,一般发展用户
cust_e81d458d,2024-09-03 20:45:42,2024-09-03 20:45:42,1,88.94,88.94,0.0,0,1,organic,organic,2,88.94,29.22,1,1,electronics,88.94,29.22,2,1,organic,,us,mobile,False,very_long_replacement_cycle,119,119,0,0,0.0,0.32853609174724535,0.32666666666666666,2,5,fresh,1,one_time_buyer,1,0,0,512,一般发展用户
cust_e81fa4e3,2024-07-23 13:09:11,2024-07-23 13:09:11,1,39.29,39.29,12.93,1,1,meta,meta,1,43.1,28.64,1,1,beauty,43.1,28.64,1,1,meta,camp_4586c662,us,tablet,False,short_consumption_cycle,161,161,0,0,1.0,0.6645011600928075,0.18004866180048662,1,2,at_risk,1,one_time_buyer,0,0,0,211,低价值流失用户
cust_e83964f6,2024-04-17 17:56:10,2024-04-17 17:56:10,1,88.37,88.37,0.0,0,1,direct,direct,1,73.85,24.919999999999995,1,1,sports,73.85,24.919999999999995,1,1,direct,,uk,tablet,False,medium_replacement_cycle,258,258,0,0,0.0,0.3374407582938388,0.5514950166112956,3,3,cooling,1,one_time_buyer,0,0,0,313,低价值流失用户
cust_e84c8051,2024-11-30 18:53:51,2024-11-30 18:53:51,1,128.16,128.16,0.0,0,1,organic,organic,2,128.16,71.69999999999999,1,1,home,128.16,71.69999999999999,2,1,organic,,us,mobile,False,long_replacement_cycle,31,31,0,0,0.0,0.5594569288389513,0.6235294117647059,4,5,fresh,1,one_time_buyer,1,0,1,514,重要发展用户
cust_e84f8a8c,2024-04-22 12:26:03,2024-04-22 12:26:03,1,231.31,231.31,0.0,0,1,email,email,2,231.32,118.22,1,1,sports,231.32,118.22,2,1,email,,uk,mobile,False,medium_replacement_cycle,253,253,0,0,0.0,0.5110669202835898,0.920265780730897,5,3,cooling,1,one_time_buyer,0,0,1,315,重要唤回用户
cust_e8513636,2024-04-28 13:38:32,2024-04-28 13:38:32,1,82.97,82.97,0.0,0,1,email,email,1,82.97,52.629999999999995,1,1,fashion,82.97,52.629999999999995,1,1,email,,uk,mobile,True,seasonal_cycle,247,247,0,0,0.0,0.6343256598770639,0.3931818181818182,2,2,at_risk,1,one_time_buyer,0,0,0,212,低价值流失用户
cust_e89a2bd8,2024-10-30 07:14:37,2024-10-30 07:14:37,1,114.94,114.94,0.0,0,1,meta,meta,1,114.94,65.02,1,1,fashion,114.94,65.02,1,1,meta,camp_5aead68e,de,desktop,False,seasonal_cycle,62,62,0,0,0.0,0.5656864451017922,0.6863636363636364,4,4,healthy,1,one_time_buyer,1,0,1,414,重要发展用户
cust_e8c30062,2024-12-12 20:43:43,2024-12-12 20:43:43,1,36.98,36.98,0.0,0,1,meta,meta,1,28.8,11.32,1,1,electronics,28.8,11.32,1,1,meta,camp_43b4e274,us,mobile,False,very_long_replacement_cycle,19,19,0,0,0.0,0.39305555555555555,0.016666666666666666,1,5,fresh,1,one_time_buyer,1,0,0,511,一般发展用户
cust_e8c79f21,2024-12-06 15:23:46,2024-12-06 15:23:46,1,349.91,349.91,0.0,0,1,meta,meta,6,349.89,194.13,1,2,fashion,349.89,194.13,6,1,meta,camp_01deb470,us,mobile,True,seasonal_cycle,25,25,0,0,0.0,0.5548315184772357,0.9931818181818182,5,5,fresh,1,one_time_buyer,1,0,1,515,重要发展用户
cust_e8f5d0ac,2024-04-15 07:52:39,2024-04-15 07:52:39,1,118.29,118.29,0.0,0,1,organic,organic,1,118.29,59.03000000000001,1,1,home,118.29,59.03000000000001,1,1,organic,,uk,desktop,False,long_replacement_cycle,260,260,0,0,0.0,0.49902781300194443,0.5694117647058824,3,3,cooling,1,one_time_buyer,0,0,0,313,低价值流失用户
cust_e95b6c3f,2024-08-22 15:24:33,2024-08-22 15:24:33,1,110.01,110.01,0.0,0,1,direct,direct,2,110.01,64.01,2,2,fashion,71.18,43.53000000000001,1,1,direct,,de,mobile,True,seasonal_cycle,131,131,0,0,0.0,0.5818561948913735,0.6590909090909091,4,3,cooling,1,one_time_buyer,0,0,1,314,重要唤回用户
cust_e96f324e,2024-04-11 23:16:51,2024-04-11 23:16:51,1,170.34,170.34,0.0,0,1,direct,direct,2,170.34,77.38000000000001,1,1,home,170.34,77.38000000000001,2,1,meta,camp_d66cf3e5,ca,mobile,True,long_replacement_cycle,264,264,0,0,0.0,0.45426793471879773,0.7670588235294118,4,3,cooling,1,one_time_buyer,0,0,1,314,重要唤回用户
cust_e9c62fb0,2024-03-28 10:32:02,2024-03-28 10:32:02,1,265.17,265.17,46.8,1,1,google,google,3,311.96999999999997,114.29999999999998,1,1,sports,311.96999999999997,114.29999999999998,3,1,google,camp_3164763a,us,desktop,True,medium_replacement_cycle,278,278,0,0,1.0,0.36638138282527166,0.9601328903654485,5,3,cooling,1,one_time_buyer,0,0,1,315,重要唤回用户
cust_e9e1a03a,2024-03-08 17:28:51,2024-03-08 17:28:51,1,220.4,220.4,36.87,1,1,email,email,2,245.8,107.88000000000002,1,1,home,245.8,107.88000000000002,2,1,email,,uk,mobile,True,long_replacement_cycle,298,298,0,0,1.0,0.4388934092758341,0.8541176470588235,5,3,cooling,1,one_time_buyer,0,0,1,315,重要唤回用户
cust_ea046f93,2024-02-17 08:09:18,2024-02-17 08:09:18,1,477.93,477.93,0.0,0,1,tiktok,tiktok,3,477.93,143.22000000000003,1,1,electronics,477.93,143.22000000000003,3,1,tiktok,camp_b836f3ee,de,desktop,False,very_long_replacement_cycle,318,318,0,0,0.0,0.2996673152972193,0.9833333333333333,5,4,healthy,1,one_time_buyer,1,0,1,415,重要发展用户
cust_ea083d8b,2024-12-05 11:00:09,2024-12-05 11:00:09,1,41.81,41.81,0.0,0,1,meta,meta,1,30.2,14.229999999999999,1,1,home,30.2,14.229999999999999,1,1,meta,camp_72a13526,de,mobile,False,long_replacement_cycle,26,26,0,0,0.0,0.4711920529801324,0.12470588235294118,1,5,fresh,1,one_time_buyer,1,0,0,511,一般发展用户
cust_ea1de3a9,2024-08-28 09:07:31,2024-08-28 09:07:31,1,153.88,153.88,0.0,0,1,direct,direct,3,153.87,45.42,1,1,electronics,153.87,45.42,3,1,meta,camp_720900d9,us,mobile,True,very_long_replacement_cycle,125,125,0,0,0.0,0.2951842464418015,0.68,4,5,fresh,1,one_time_buyer,1,0,1,514,重要发展用户
cust_ea322f94,2024-12-14 04:26:02,2024-12-14 04:26:02,1,90.31,90.31,0.0,0,1,meta,meta,1,73.51,43.480000000000004,1,1,beauty,73.51,43.480000000000004,1,1,meta,camp_3ee5d50c,de,mobile,False,short_consumption_cycle,17,17,0,0,0.0,0.5914841518160795,0.7445255474452555,4,5,fresh,1,one_time_buyer,1,0,1,514,重要发展用户
cust_ea639cca,2024-08-24 16:54:41,2024-08-24 16:54:41,1,29.9,29.9,0.0,0,1,direct,direct,1,20.99,7.0699999999999985,1,1,sports,20.99,7.0699999999999985,1,1,direct,,us,mobile,False,medium_replacement_cycle,129,129,0,0,0.0,0.33682706050500233,0.009966777408637873,1,4,healthy,1,one_time_buyer,1,0,0,411,一般发展用户
cust_ea6bf2e0,2024-03-10 10:19:41,2024-03-10 10:19:41,1,106.14,106.14,0.0,0,1,direct,direct,1,98.67,46.39,1,1,sports,98.67,46.39,1,1,organic,,us,desktop,False,medium_replacement_cycle,296,296,0,0,0.0,0.4701530353704267,0.6744186046511628,4,3,cooling,1,one_time_buyer,0,0,1,314,重要唤回用户
cust_ea7aa99a,2024-10-06 14:03:26,2024-10-06 14:03:26,1,311.39,311.39,0.0,0,1,organic,organic,3,311.38,146.98000000000002,2,2,home,229.08,110.88000000000001,2,1,organic,,uk,tablet,False,long_replacement_cycle,86,86,0,0,0.0,0.47202774744684955,0.9435294117647058,5,5,fresh,1,one_time_buyer,1,0,1,515,重要发展用户
cust_ea7b1d11,2024-08-05 13:33:34,2024-08-05 13:33:34,1,162.78,162.78,0.0,0,1,email,email,2,162.78,92.34,1,1,fashion,162.78,92.34,2,1,email,,us,mobile,False,seasonal_cycle,148,148,0,0,0.0,0.5672687062292665,0.8454545454545455,5,3,cooling,1,one_time_buyer,0,0,1,315,重要唤回用户
cust_eab34b1d,2024-11-21 11:21:52,2024-11-21 11:21:52,1,160.83,160.83,0.0,0,1,direct,direct,2,160.82999999999998,71.1,2,2,electronics,104.78,43.76,1,1,email,,uk,mobile,True,very_long_replacement_cycle,40,40,0,0,0.0,0.4420817011751539,0.715,4,5,fresh,1,one_time_buyer,1,0,1,514,重要发展用户
cust_eaf56ce8,2024-09-02 07:32:44,2024-09-02 07:32:44,1,81.98,81.98,0.0,0,1,meta,meta,1,72.67,30.660000000000004,1,1,home,72.67,30.660000000000004,1,1,meta,camp_f19e65f3,uk,mobile,True,long_replacement_cycle,120,120,0,0,0.0,0.42190725196091927,0.3058823529411765,2,5,fresh,1,one_time_buyer,1,0,0,512,一般发展用户
cust_eb36df2e,2024-11-13 16:39:22,2024-11-13 16:39:22,1,109.57,109.57,0.0,0,1,direct,direct,2,109.56,56.89,2,2,home,85.76,40.980000000000004,1,1,direct,,uk,mobile,True,long_replacement_cycle,48,48,0,0,0.0,0.5192588535962029,0.5035294117647059,3,5,fresh,1,one_time_buyer,1,0,0,513,一般发展用户
cust_eb3cfec4,2024-02-08 21:49:35,2024-02-08 21:49:35,1,42.03,42.03,0.0,0,1,organic,organic,1,33.16,17.599999999999994,1,1,fashion,33.16,17.599999999999994,1,1,organic,,ca,mobile,True,seasonal_cycle,327,327,0,0,0.0,0.5307599517490952,0.09545454545454546,1,1,dormant,1,one_time_buyer,0,0,0,111,低价值流失用户
cust_eb4b6285,2024-06-22 22:41:47,2024-06-22 22:41:47,1,150.03,150.03,16.67,1,1,tiktok,tiktok,2,166.7,80.2,2,2,home,120.78,61.52,1,1,tiktok,camp_905a7f1c,ca,mobile,False,long_replacement_cycle,192,192,0,0,1.0,0.4811037792441512,0.7388235294117647,4,4,healthy,1,one_time_buyer,1,0,1,414,重要发展用户
cust_eb4e1778,2024-06-23 20:06:32,2024-06-23 20:06:32,1,211.94,211.94,0.0,0,1,meta,meta,2,211.93,106.48000000000002,1,2,home,211.93,106.48000000000002,2,1,meta,camp_06aecde4,de,desktop,True,long_replacement_cycle,191,191,0,0,0.0,0.5024300476572454,0.84,5,4,healthy,1,one_time_buyer,1,0,1,415,重要发展用户
cust_eb4e3ec1,2024-10-18 11:58:37,2024-10-18 11:58:37,1,93.8,93.8,14.95,1,1,direct,direct,2,99.64,59.44,1,1,beauty,99.64,59.44,2,1,google,camp_b220c798,us,mobile,False,short_consumption_cycle,74,74,0,0,1.0,0.5965475712565235,0.7688564476885644,4,4,healthy,1,one_time_buyer,1,0,1,414,重要发展用户
cust_eb5285dd,2024-08-18 21:29:45,2024-08-18 21:29:45,1,88.1,88.1,0.0,0,1,google,google,1,79.46,46.279999999999994,1,1,fashion,79.46,46.279999999999994,1,1,google,camp_0eaed263,us,tablet,True,seasonal_cycle,135,135,0,0,0.0,0.5824314120312106,0.48409090909090907,3,3,cooling,1,one_time_buyer,0,0,0,313,低价值流失用户
cust_eb9437b6,2024-01-17 10:46:54,2024-01-17 10:46:54,1,140.77,140.77,0.0,0,1,tiktok,tiktok,2,140.77,95.41000000000001,2,2,fashion,103.67,70.02000000000001,1,1,tiktok,camp_937e000e,fr,desktop,False,seasonal_cycle,349,349,0,0,0.0,0.6777722526106414,0.7568181818181818,4,1,dormant,1,one_time_buyer,0,0,1,114,重要唤回用户
cust_ebbc3d19,2024-01-31 11:33:05,2024-01-31 11:33:05,1,248.99,248.99,0.0,0,1,meta,meta,2,240.62,102.70000000000002,1,1,home,240.62,102.70000000000002,2,1,meta,camp_7de7e57c,ca,mobile,False,long_replacement_cycle,335,335,0,0,0.0,0.4268140636688555,0.8964705882352941,5,3,cooling,1,one_time_buyer,0,0,1,315,重要唤回用户
cust_ebf88823,2024-01-13 11:29:09,2024-01-13 11:29:09,1,75.76,75.76,17.01,1,1,meta,meta,1,85.04,38.56000000000001,1,1,home,85.04,38.56000000000001,1,1,meta,camp_e17c6228,us,mobile,False,long_replacement_cycle,353,353,0,0,1.0,0.45343367826904996,0.26588235294117646,2,3,cooling,1,one_time_buyer,0,0,0,312,低价值流失用户
cust_ec163b27,2024-05-04 16:59:37,2024-05-04 16:59:37,1,87.91,87.91,0.0,0,1,tiktok,tiktok,2,87.9,28.960000000000008,1,1,electronics,87.9,28.960000000000008,2,1,tiktok,camp_06f71f04,us,mobile,False,very_long_replacement_cycle,241,241,0,0,0.0,0.3294653014789534,0.32,2,4,healthy,1,one_time_buyer,1,0,0,412,一般发展用户
cust_ec2e14ea,2024-11-06 21:15:45,2024-11-06 21:15:45,1,68.61,68.61,0.0,0,1,meta,meta,1,61.34,18.240000000000002,1,1,sports,61.34,18.240000000000002,1,1,meta,camp_4313b073,us,desktop,True,medium_replacement_cycle,55,55,0,0,0.0,0.29735898271926964,0.2956810631229236,2,5,fresh,1,one_time_buyer,1,0,0,512,一般发展用户
cust_ec6d9b5d,2024-08-07 09:35:05,2024-08-07 09:35:05,1,69.65,69.65,0.0,0,1,direct,direct,1,59.77,46.650000000000006,1,1,beauty,59.77,46.650000000000006,1,1,tiktok,camp_721c2fc4,ca,mobile,True,short_consumption_cycle,146,146,0,0,0.0,0.7804918855613184,0.5523114355231143,3,3,cooling,1,one_time_buyer,0,0,0,313,低价值流失用户
cust_ec744841,2024-08-02 19:54:45,2024-08-02 19:54:45,1,31.29,31.29,0.0,0,1,direct,direct,1,21.68,13.35,1,1,fashion,21.68,13.35,1,1,meta,camp_db9c2728,uk,desktop,False,seasonal_cycle,151,151,0,0,0.0,0.6157749077490775,0.031818181818181815,1,3,cooling,1,one_time_buyer,0,0,0,311,低价值流失用户
cust_ec7e2551,2024-02-04 19:36:56,2024-02-04 19:36:56,1,127.5,127.5,0.0,0,1,direct,direct,2,119.5,63.38,1,1,fashion,119.5,63.38,2,1,google,camp_44d09fb2,us,tablet,False,seasonal_cycle,331,331,0,0,0.0,0.530376569037657,0.7340909090909091,4,1,dormant,1,one_time_buyer,0,0,1,114,重要唤回用户
cust_ec88d812,2024-02-07 17:23:01,2024-02-07 17:23:01,1,81.81,81.81,16.79,1,1,organic,organic,3,83.94,62.91,1,1,beauty,83.94,62.91,3,1,organic,,de,mobile,True,short_consumption_cycle,328,328,0,0,1.0,0.7494639027877055,0.6690997566909975,4,1,dormant,1,one_time_buyer,0,0,1,114,重要唤回用户
cust_ec89f0a3,2024-03-26 17:35:02,2024-03-26 17:35:02,1,34.8,34.8,5.68,1,1,meta,meta,1,28.38,18.88,1,1,fashion,28.38,18.88,1,1,meta,camp_2dba03d6,ca,mobile,True,seasonal_cycle,280,280,0,0,1.0,0.6652572233967583,0.05227272727272727,1,2,at_risk,1,one_time_buyer,0,0,0,211,低价值流失用户
cust_eca970c1,2024-03-17 20:45:58,2024-03-17 20:45:58,1,46.2,46.2,0.0,0,1,direct,direct,1,37.11,12.530000000000001,1,1,sports,37.11,12.530000000000001,1,1,direct,,uk,mobile,True,medium_replacement_cycle,289,289,0,0,0.0,0.3376448396658583,0.14285714285714285,1,3,cooling,1,one_time_buyer,0,0,0,311,低价值流失用户
cust_ecac66be,2024-06-02 12:51:56,2024-06-02 12:51:56,1,87.46,87.46,0.0,0,1,direct,direct,1,87.46,40.98,1,1,home,87.46,40.98,1,1,google,camp_89749060,us,mobile,False,long_replacement_cycle,212,212,0,0,0.0,0.4685570546535559,0.3811764705882353,2,4,healthy,1,one_time_buyer,1,0,0,412,一般发展用户
cust_ecbd8b98,2024-04-20 12:35:16,2024-04-20 12:35:16,1,47.74,47.74,8.21,1,1,tiktok,tiktok,1,41.07,28.939999999999998,1,1,beauty,41.07,28.939999999999998,1,1,tiktok,camp_a1fbb8e8,uk,desktop,True,short_consumption_cycle,255,255,0,0,1.0,0.7046505965424884,0.26034063260340634,2,1,dormant,1,one_time_buyer,0,0,0,112,低价值流失用户
cust_ece4271e,2024-09-07 10:20:41,2024-09-07 10:20:41,1,97.29,97.29,0.0,0,1,direct,direct,1,97.29,31.400000000000006,1,1,sports,97.29,31.400000000000006,1,1,tiktok,camp_774ca795,us,mobile,False,medium_replacement_cycle,115,115,0,0,0.0,0.3227464282043376,0.627906976744186,4,4,healthy,1,one_time_buyer,1,0,1,414,重要发展用户
cust_ed1c686a,2024-07-02 15:30:51,2024-07-02 15:30:51,1,81.96,81.96,0.0,0,1,google,google,1,81.96,30.069999999999993,1,1,sports,81.96,30.069999999999993,1,1,google,camp_2ede46bd,de,desktop,True,medium_replacement_cycle,182,182,0,0,0.0,0.36688628599316736,0.4684385382059801,3,3,cooling,1,one_time_buyer,0,0,0,313,低价值流失用户
cust_ed3bb868,2024-02-24 21:29:04,2024-02-24 21:29:04,1,85.57,85.57,5.0,1,1,direct,direct,1,75.2,48.08,1,1,fashion,75.2,48.08,1,1,email,,de,desktop,False,seasonal_cycle,311,311,0,0,1.0,0.6393617021276595,0.4340909090909091,3,1,dormant,1,one_time_buyer,0,0,0,113,低价值流失用户
cust_ed9659e1,2024-01-04 23:30:48,2024-01-04 23:30:48,1,31.2,31.2,4.13,1,1,meta,meta,1,20.65,12.319999999999999,1,1,fashion,20.65,12.319999999999999,1,1,meta,camp_89cbc531,fr,tablet,False,seasonal_cycle,362,362,0,0,1.0,0.5966101694915253,0.029545454545454545,1,1,dormant,1,one_time_buyer,0,0,0,111,低价值流失用户
cust_eddf92eb,2024-03-26 03:00:40,2024-03-26 03:00:40,1,56.59,56.59,0.0,0,1,organic,organic,1,47.39,32.93,1,1,beauty,47.39,32.93,1,1,organic,,us,desktop,True,short_consumption_cycle,280,280,0,0,0.0,0.6948723359358514,0.38686131386861317,2,1,dormant,1,one_time_buyer,0,0,0,112,低价值流失用户
cust_edf7ecf0,2024-05-10 07:53:39,2024-05-10 07:53:39,1,45.92,45.92,0.0,0,1,direct,direct,1,37.72,12.459999999999997,1,1,electronics,37.72,12.459999999999997,1,1,email,,us,mobile,False,very_long_replacement_cycle,235,235,0,0,0.0,0.33032873806998936,0.07,1,4,healthy,1,one_time_buyer,1,0,0,411,一般发展用户
cust_ee0ea426,2024-11-15 19:53:41,2024-11-15 19:53:41,1,51.94,51.94,0.0,0,1,direct,direct,1,45.83,35.78,1,1,beauty,45.83,35.78,1,1,email,,us,desktop,True,short_consumption_cycle,46,46,0,0,0.0,0.7807113244599608,0.31143552311435524,2,4,healthy,1,one_time_buyer,1,0,0,412,一般发展用户
cust_ee33cd9f,2024-04-15 22:36:57,2024-04-15 22:36:57,1,120.01,120.01,30.0,1,1,tiktok,tiktok,3,150.01,48.4,2,2,electronics,88.94,29.22,2,1,tiktok,camp_8d953d34,uk,mobile,False,very_long_replacement_cycle,260,260,0,0,1.0,0.32264515698953405,0.49666666666666665,3,4,healthy,1,one_time_buyer,1,0,0,413,一般发展用户
cust_ee52727f,2024-01-25 09:49:34,2024-01-25 09:49:34,1,139.8,139.8,0.0,0,1,tiktok,tiktok,1,139.8,67.47000000000001,1,1,home,139.8,67.47000000000001,1,1,tiktok,camp_66c9f817,us,mobile,True,long_replacement_cycle,341,341,0,0,0.0,0.48261802575107304,0.6894117647058824,4,3,cooling,1,one_time_buyer,0,0,1,314,重要唤回用户
cust_ee69ffad,2024-12-13 02:12:56,2024-12-13 02:12:56,1,109.76,109.76,0.0,0,1,direct,direct,1,109.76,74.59,1,1,fashion,109.76,74.59,1,1,direct,,ca,desktop,True,seasonal_cycle,18,18,0,0,0.0,0.6795736151603499,0.6568181818181819,4,5,fresh,1,one_time_buyer,1,0,1,514,重要发展用户
cust_ee786324,2024-12-22 15:27:07,2024-12-22 15:27:07,1,40.92,40.92,5.79,1,1,google,google,1,38.62,18.83,1,1,home,38.62,18.83,1,1,google,camp_2aa89103,us,mobile,False,long_replacement_cycle,9,9,0,0,1.0,0.4875712066286898,0.11529411764705882,1,5,fresh,1,one_time_buyer,1,0,0,511,一般发展用户
cust_ee9aef31,2024-07-17 09:45:58,2024-07-17 09:45:58,1,52.3,52.3,0.0,0,1,direct,direct,1,44.22,22.98,1,1,fashion,44.22,22.98,1,1,direct,,us,mobile,False,seasonal_cycle,167,167,0,0,0.0,0.5196743554952511,0.15681818181818183,1,3,cooling,1,one_time_buyer,0,0,0,311,低价值流失用户
cust_ef01bc5c,2024-12-05 15:45:03,2024-12-05 15:45:03,1,48.32,48.32,0.0,0,1,direct,direct,1,40.0,27.25,1,1,fashion,40.0,27.25,1,1,direct,,ca,mobile,False,seasonal_cycle,26,26,0,0,0.0,0.68125,0.13636363636363635,1,5,fresh,1,one_time_buyer,1,0,0,511,一般发展用户
cust_ef20fff8,2024-05-19 16:18:27,2024-05-19 16:18:27,1,86.06,86.06,21.51,1,1,direct,direct,2,107.57,45.120000000000005,1,2,home,107.57,45.120000000000005,2,1,google,camp_d6a723df,us,mobile,False,long_replacement_cycle,226,226,0,0,1.0,0.41944780143162597,0.35294117647058826,2,4,healthy,1,one_time_buyer,1,0,0,412,一般发展用户
cust_ef8025cf,2024-11-15 11:55:38,2024-11-15 11:55:38,1,99.48,99.48,0.0,0,1,google,google,2,84.63,37.599999999999994,2,2,electronics,43.58,16.34,1,1,google,camp_19be6608,fr,mobile,False,very_long_replacement_cycle,46,46,0,0,0.0,0.4442868958997991,0.4066666666666667,3,5,fresh,1,one_time_buyer,1,0,0,513,一般发展用户
cust_efb69061,2024-09-08 13:43:13,2024-09-08 13:43:13,1,125.18,125.18,0.0,0,1,organic,organic,2,125.17999999999999,56.269999999999996,2,2,electronics,103.24,42.21999999999999,1,1,organic,,us,mobile,True,very_long_replacement_cycle,114,114,0,0,0.0,0.4495127017095383,0.5266666666666666,3,5,fresh,1,one_time_buyer,1,0,0,513,一般发展用户
cust_efc1d9ff,2024-11-26 19:13:20,2024-11-26 19:13:20,1,121.6,121.6,0.0,0,1,google,google,2,114.85999999999999,56.08,2,2,fashion,70.57,34.629999999999995,1,1,google,camp_4b8f4b33,us,mobile,False,seasonal_cycle,35,35,0,0,0.0,0.4882465610308202,0.7159090909090909,4,5,fresh,1,one_time_buyer,1,0,1,514,重要发展用户
cust_efc798f0,2024-06-06 09:41:38,2024-06-06 09:41:38,1,180.43,180.43,0.0,0,1,direct,direct,4,167.14000000000001,74.85,2,2,sports,129.99,49.41,3,1,direct,,fr,mobile,True,medium_replacement_cycle,208,208,0,0,0.0,0.4478281680028718,0.867109634551495,5,3,cooling,1,one_time_buyer,0,0,1,315,重要唤回用户
cust_efcd0821,2024-12-14 15:05:58,2024-12-14 15:05:58,1,81.14,81.14,0.0,0,1,google,google,1,81.14,26.72,1,1,sports,81.14,26.72,1,1,google,camp_602529c0,de,desktop,False,medium_replacement_cycle,17,17,0,0,0.0,0.3293073699778161,0.4485049833887043,3,5,fresh,1,one_time_buyer,1,0,0,513,一般发展用户
cust_f03196e5,2024-06-08 19:08:11,2024-06-08 19:08:11,1,32.42,32.42,0.0,0,1,direct,direct,1,23.07,11.24,1,1,home,23.07,11.24,1,1,direct,,us,mobile,False,long_replacement_cycle,206,206,0,0,0.0,0.4872128305158214,0.02588235294117647,1,4,healthy,1,one_time_buyer,1,0,0,411,一般发展用户
cust_f0650676,2024-08-19 15:57:30,2024-08-19 15:57:30,1,198.02,198.02,0.0,0,1,organic,organic,4,198.0,139.17000000000002,2,2,beauty,112.35000000000001,85.74000000000001,3,1,organic,,us,mobile,False,short_consumption_cycle,134,134,0,0,0.0,0.702878787878788,0.9683698296836983,5,3,cooling,1,one_time_buyer,0,0,1,315,重要唤回用户
cust_f097df50,2024-05-31 20:19:42,2024-05-31 20:19:42,1,121.18,121.18,0.0,0,1,direct,direct,2,121.18,37.400000000000006,1,1,sports,121.18,37.400000000000006,2,1,tiktok,camp_a0fc8332,us,desktop,True,medium_replacement_cycle,214,214,0,0,0.0,0.3086317874236673,0.7342192691029901,4,3,cooling,1,one_time_buyer,0,0,1,314,重要唤回用户
cust_f0eec516,2024-06-04 13:00:00,2024-06-04 13:00:00,1,152.51,152.51,0.0,0,1,direct,direct,2,152.5,82.06,1,1,fashion,152.5,82.06,2,1,direct,,ca,mobile,True,seasonal_cycle,210,210,0,0,0.0,0.5380983606557377,0.8090909090909091,5,3,cooling,1,one_time_buyer,0,0,1,315,重要唤回用户
cust_f0f4000b,2024-06-07 12:21:13,2024-06-07 12:21:13,1,56.78,56.78,0.0,0,1,google,google,1,44.28,34.05,1,1,beauty,44.28,34.05,1,1,google,camp_6b1c1892,uk,tablet,True,short_consumption_cycle,207,207,0,0,0.0,0.7689701897018969,0.39172749391727496,2,2,at_risk,1,one_time_buyer,0,0,0,212,低价值流失用户
cust_f0f4c944,2024-03-17 18:56:07,2024-03-17 18:56:07,1,40.09,40.09,0.0,0,1,direct,direct,1,30.42,15.010000000000002,1,1,sports,30.42,15.010000000000002,1,1,direct,,us,mobile,False,medium_replacement_cycle,289,289,0,0,0.0,0.4934253780407627,0.09302325581395349,1,3,cooling,1,one_time_buyer,0,0,0,311,低价值流失用户
cust_f0f6b3af,2024-03-04 08:19:15,2024-03-04 08:19:15,1,331.76,331.76,0.0,0,1,organic,organic,3,325.38,219.86999999999998,1,1,fashion,325.38,219.86999999999998,3,1,organic,,us,mobile,False,seasonal_cycle,302,302,0,0,0.0,0.675732989120413,0.9863636363636363,5,1,dormant,1,one_time_buyer,0,0,1,115,重要唤回用户
cust_f12457c3,2024-12-09 11:19:53,2024-12-09 11:19:53,1,110.38,110.38,0.0,0,1,tiktok,tiktok,1,110.38,65.19999999999999,1,1,fashion,110.38,65.19999999999999,1,1,tiktok,camp_9fd0fdc6,fr,mobile,False,seasonal_cycle,22,22,0,0,0.0,0.5906867186084435,0.6636363636363637,4,5,fresh,1,one_time_buyer,1,0,1,514,重要发展用户
cust_f13b0548,2024-02-11 10:43:00,2024-02-11 10:43:00,1,50.95,50.95,0.0,0,1,direct,direct,1,34.53,13.650000000000002,1,1,home,34.53,13.650000000000002,1,1,direct,,de,desktop,False,long_replacement_cycle,324,324,0,0,0.0,0.39530842745438755,0.17411764705882352,1,3,cooling,1,one_time_buyer,0,0,0,311,低价值流失用户
cust_f14da9f1,2024-11-28 20:48:33,2024-11-28 20:48:33,1,111.31,111.31,0.0,0,1,google,google,1,111.31,76.14,1,1,fashion,111.31,76.14,1,1,google,camp_64a48902,uk,desktop,False,seasonal_cycle,33,33,0,0,0.0,0.6840355763183901,0.6659090909090909,4,5,fresh,1,one_time_buyer,1,0,1,514,重要发展用户
cust_f171921d,2024-11-01 14:05:29,2024-11-01 14:05:29,1,158.8,158.8,0.0,0,1,direct,direct,2,149.01,89.1,1,2,fashion,149.01,89.1,2,1,direct,,us,mobile,True,seasonal_cycle,60,60,0,0,0.0,0.5979464465472116,0.8295454545454546,5,5,fresh,1,one_time_buyer,1,0,1,515,重要发展用户
cust_f17de9ce,2024-11-19 10:09:48,2024-11-19 10:09:48,1,82.17,82.17,5.0,1,1,organic,organic,1,75.16,45.129999999999995,1,1,beauty,75.16,45.129999999999995,1,1,organic,,uk,mobile,True,short_consumption_cycle,42,42,0,0,1.0,0.6004523682810005,0.6751824817518248,4,5,fresh,1,one_time_buyer,1,0,1,514,重要发展用户
cust_f217fb93,2024-12-31 10:48:31,2024-12-31 10:48:31,1,114.66,114.66,0.0,0,1,google,google,1,114.66,64.74,1,1,fashion,114.66,64.74,1,1,google,camp_fe8f3b85,fr,mobile,False,seasonal_cycle,0,0,0,0,0.0,0.564625850340136,0.6818181818181818,4,5,fresh,1,one_time_buyer,1,0,1,514,重要发展用户
cust_f21caf09,2024-12-23 18:22:52,2024-12-23 18:22:52,1,355.68,355.68,0.0,0,1,meta,meta,3,355.68,149.16,1,1,home,355.68,149.16,3,1,meta,camp_0a8bdcfc,us,desktop,False,long_replacement_cycle,8,8,0,0,0.0,0.41936572199730093,0.96,5,5,fresh,1,one_time_buyer,1,0,1,515,重要发展用户
cust_f21ccd55,2024-12-29 16:24:34,2024-12-29 16:24:34,1,41.95,41.95,3.54,1,1,direct,direct,1,35.4,14.959999999999997,1,1,home,35.4,14.959999999999997,1,1,meta,camp_ba8d39fe,de,mobile,False,long_replacement_cycle,2,2,0,0,1.0,0.4225988700564971,0.12705882352941175,1,5,fresh,1,one_time_buyer,1,0,0,511,一般发展用户
cust_f229ec4b,2024-06-01 17:23:52,2024-06-01 17:23:52,1,217.42,217.42,0.0,0,1,organic,organic,4,217.4,115.46000000000001,2,2,fashion,159.9,82.94000000000001,2,1,organic,,us,tablet,False,seasonal_cycle,213,213,0,0,0.0,0.5310947562097517,0.9318181818181818,5,2,at_risk,1,one_time_buyer,0,0,1,215,重要唤回用户
cust_f22e1cab,2024-10-26 11:26:04,2024-10-26 11:26:04,1,33.61,33.61,0.0,0,1,google,google,1,27.61,9.169999999999998,1,1,electronics,27.61,9.169999999999998,1,1,google,camp_02f78bad,us,tablet,False,very_long_replacement_cycle,66,66,0,0,0.0,0.33212604128938783,0.006666666666666667,1,5,fresh,1,one_time_buyer,1,0,0,511,一般发展用户
cust_f231b5b2,2024-10-14 12:22:20,2024-10-14 12:22:20,1,126.99,126.99,0.0,0,1,tiktok,tiktok,2,126.99,79.65,2,2,fashion,94.58,55.25,1,1,tiktok,camp_52c17394,de,mobile,True,seasonal_cycle,78,78,0,0,0.0,0.6272147413182141,0.7318181818181818,4,4,healthy,1,one_time_buyer,1,0,1,414,重要发展用户
cust_f235577d,2024-02-12 09:01:10,2024-02-12 09:01:10,1,83.97,83.97,0.0,0,1,tiktok,tiktok,2,76.38,45.39999999999999,1,1,fashion,76.38,45.39999999999999,2,1,tiktok,camp_4217b17c,us,mobile,False,seasonal_cycle,323,323,0,0,0.0,0.5943964388583398,0.4068181818181818,3,1,dormant,1,one_time_buyer,0,0,0,113,低价值流失用户
cust_f23bc1bb,2024-06-24 21:41:42,2024-06-24 21:41:42,1,77.07,77.07,0.0,0,1,tiktok,tiktok,2,64.98,33.86,1,1,fashion,64.98,33.86,2,1,tiktok,camp_7d652460,uk,desktop,False,seasonal_cycle,190,190,0,0,0.0,0.5210834102800861,0.3090909090909091,2,3,cooling,1,one_time_buyer,0,0,0,312,低价值流失用户
cust_f245fa85,2024-10-24 18:28:40,2024-10-24 18:28:40,1,77.44,77.44,0.0,0,1,tiktok,tiktok,1,63.65,20.549999999999997,1,1,sports,63.65,20.549999999999997,1,1,tiktok,camp_d5a21747,de,desktop,False,medium_replacement_cycle,68,68,0,0,0.0,0.3228593872741555,0.4219269102990033,3,5,fresh,1,one_time_buyer,1,0,0,513,一般发展用户
cust_f257377e,2024-08-03 19:57:05,2024-08-03 19:57:05,1,108.95,108.95,0.0,0,1,meta,meta,1,108.95,52.11,1,1,home,108.95,52.11,1,1,meta,camp_0834f6e1,us,desktop,False,long_replacement_cycle,150,150,0,0,0.0,0.4782927948600275,0.4976470588235294,3,4,healthy,1,one_time_buyer,1,0,0,413,一般发展用户
cust_f26250a9,2024-12-20 18:16:12,2024-12-20 18:16:12,1,83.37,83.37,0.0,0,1,meta,meta,1,77.07,38.89999999999999,1,1,home,77.07,38.89999999999999,1,1,meta,camp_953b85f1,us,mobile,False,long_replacement_cycle,11,11,0,0,0.0,0.504735954327235,0.32235294117647056,2,5,fresh,1,one_time_buyer,1,0,0,512,一般发展用户
cust_f26d7bf8,2024-04-14 20:43:14,2024-04-14 20:43:14,1,140.21,140.21,35.05,1,1,meta,meta,2,175.26,82.85999999999999,1,1,sports,175.26,82.85999999999999,2,1,meta,camp_c624d38c,us,desktop,False,medium_replacement_cycle,261,261,0,0,1.0,0.47278329339267366,0.8106312292358804,5,3,cooling,1,one_time_buyer,0,0,1,315,重要唤回用户
cust_f270fd11,2024-12-17 12:12:25,2024-12-17 12:12:25,1,107.87,107.87,26.97,1,1,direct,direct,2,134.82999999999998,72.87,2,2,home,90.08,45.3,1,1,meta,camp_bdd404e3,us,desktop,False,long_replacement_cycle,14,14,0,0,1.0,0.5404583549655122,0.48705882352941177,3,5,fresh,1,one_time_buyer,1,0,0,513,一般发展用户
cust_f2ad2d58,2024-12-13 18:14:57,2024-12-13 18:14:57,1,139.87,139.87,0.0,0,1,organic,organic,2,125.80000000000001,54.2,2,2,sports,84.37,29.950000000000003,1,1,organic,,uk,mobile,False,medium_replacement_cycle,18,18,0,0,0.0,0.4308426073131955,0.8073089700996677,5,5,fresh,1,one_time_buyer,1,0,1,515,重要发展用户
cust_f360c601,2024-09-03 11:55:09,2024-09-03 11:55:09,1,104.09,104.09,0.0,0,1,direct,direct,2,104.09,66.07,1,2,fashion,104.09,66.07,2,1,tiktok,camp_36379a14,us,desktop,True,seasonal_cycle,119,119,0,0,0.0,0.6347391680276683,0.6136363636363636,4,4,healthy,1,one_time_buyer,1,0,1,414,重要发展用户
cust_f37099ac,2024-03-08 21:25:52,2024-03-08 21:25:52,1,65.47,65.47,0.0,0,1,direct,direct,2,54.56,26.500000000000004,1,1,sports,54.56,26.500000000000004,2,1,meta,camp_b96b6b01,ca,mobile,False,medium_replacement_cycle,298,298,0,0,0.0,0.4857038123167156,0.24584717607973422,2,3,cooling,1,one_time_buyer,0,0,0,312,低价值流失用户
cust_f3c0ad4a,2024-02-22 11:27:49,2024-02-22 11:27:49,1,55.57,55.57,0.0,0,1,google,google,1,44.16,17.299999999999997,1,1,sports,44.16,17.299999999999997,1,1,google,camp_76977d84,ca,desktop,False,medium_replacement_cycle,313,313,0,0,0.0,0.3917572463768116,0.20930232558139536,2,2,at_risk,1,one_time_buyer,0,0,0,212,低价值流失用户
cust_f3db8551,2024-12-11 17:26:09,2024-12-11 17:26:09,1,53.19,53.19,0.0,0,1,google,google,1,44.6,27.92,1,1,fashion,44.6,27.92,1,1,google,camp_bd7515c4,ca,mobile,True,seasonal_cycle,20,20,0,0,0.0,0.6260089686098654,0.16363636363636364,1,5,fresh,1,one_time_buyer,1,0,0,511,一般发展用户
cust_f413dc84,2024-12-15 04:50:48,2024-12-15 04:50:48,1,192.5,192.5,0.0,0,1,direct,direct,2,182.72,80.17999999999999,1,1,home,182.72,80.17999999999999,2,1,organic,,us,mobile,False,long_replacement_cycle,16,16,0,0,0.0,0.43881348511383533,0.8094117647058824,5,5,fresh,1,one_time_buyer,1,0,1,515,重要发展用户
cust_f433e202,2024-09-05 20:50:53,2024-09-05 20:50:53,1,86.19,86.19,10.0,1,1,direct,direct,1,96.19,62.54,1,1,fashion,96.19,62.54,1,1,direct,,de,mobile,True,seasonal_cycle,117,117,0,0,1.0,0.650171535502651,0.44772727272727275,3,4,healthy,1,one_time_buyer,1,0,0,413,一般发展用户
cust_f4345659,2024-05-01 07:31:38,2024-05-01 07:31:38,1,74.69,74.69,15.0,1,1,google,google,1,79.95,38.17,1,1,fashion,79.95,38.17,1,1,google,camp_b65854fb,us,desktop,False,seasonal_cycle,244,244,0,0,1.0,0.47742338961851155,0.30227272727272725,2,2,at_risk,1,one_time_buyer,0,0,0,212,低价值流失用户
cust_f4347260,2024-02-22 14:00:16,2024-02-22 14:00:16,1,203.02,203.02,0.0,0,1,direct,direct,2,192.66,59.75999999999999,1,1,electronics,192.66,59.75999999999999,2,1,meta,camp_6874e87b,uk,mobile,True,very_long_replacement_cycle,313,313,0,0,0.0,0.3101837433821239,0.8,4,4,healthy,1,one_time_buyer,1,0,1,414,重要发展用户
cust_f43b2057,2024-06-01 21:38:17,2024-06-01 21:38:17,1,206.92,206.92,0.0,0,1,google,google,2,206.92,114.65999999999998,1,1,fashion,206.92,114.65999999999998,2,1,google,camp_6c0274b3,us,desktop,False,seasonal_cycle,213,213,0,0,0.0,0.554127198917456,0.9136363636363637,5,2,at_risk,1,one_time_buyer,0,0,1,215,重要唤回用户
cust_f4495334,2024-02-13 10:12:14,2024-02-13 10:12:14,1,74.32,74.32,0.0,0,1,tiktok,tiktok,2,61.98,30.859999999999996,1,1,fashion,61.98,30.859999999999996,2,1,tiktok,camp_87f204df,fr,desktop,False,seasonal_cycle,322,322,0,0,0.0,0.49790254920942234,0.29772727272727273,2,1,dormant,1,one_time_buyer,0,0,0,112,低价值流失用户
cust_f45b1cd4,2024-09-12 21:44:08,2024-09-12 21:44:08,1,276.34,276.34,48.77,1,1,direct,direct,3,325.1,155.18,2,2,home,289.42,144.76000000000002,2,1,meta,camp_2e8e3e0a,us,tablet,False,long_replacement_cycle,110,110,0,0,1.0,0.4773300522916026,0.9223529411764706,5,5,fresh,1,one_time_buyer,1,0,1,515,重要发展用户
cust_f4625c57,2024-04-30 22:27:00,2024-04-30 22:27:00,1,35.84,35.84,0.0,0,1,email,email,1,22.11,14.219999999999999,1,1,beauty,22.11,14.219999999999999,1,1,email,,de,mobile,False,short_consumption_cycle,245,245,0,0,0.0,0.6431478968792401,0.145985401459854,1,1,dormant,1,one_time_buyer,0,0,0,111,低价值流失用户
cust_f472a8dc,2024-11-19 19:33:25,2024-11-19 19:33:25,1,86.33,86.33,0.0,0,1,organic,organic,3,77.31,42.17,2,2,fashion,60.84,29.720000000000002,2,1,organic,,ca,mobile,False,seasonal_cycle,42,42,0,0,0.0,0.5454663044884233,0.45,3,5,fresh,1,one_time_buyer,1,0,0,513,一般发展用户
cust_f4806876,2024-11-21 08:36:39,2024-11-21 08:36:39,1,50.46,50.46,0.0,0,1,direct,direct,1,37.57,18.46,1,1,sports,37.57,18.46,1,1,tiktok,camp_581a2801,de,mobile,False,medium_replacement_cycle,40,40,0,0,0.0,0.49134948096885817,0.16943521594684385,1,5,fresh,1,one_time_buyer,1,0,0,511,一般发展用户
cust_f48c1272,2024-01-08 14:38:37,2024-01-08 14:38:37,1,91.26,91.26,0.0,0,1,meta,meta,1,83.6,50.419999999999995,1,1,fashion,83.6,50.419999999999995,1,1,meta,camp_0d98816a,us,mobile,True,seasonal_cycle,358,358,0,0,0.0,0.6031100478468899,0.509090909090909,3,1,dormant,1,one_time_buyer,0,0,0,113,低价值流失用户
cust_f4b59f6a,2024-10-21 21:54:49,2024-10-21 21:54:49,1,77.02,77.02,0.0,0,1,meta,meta,1,69.75,48.75,1,1,beauty,69.75,48.75,1,1,meta,camp_c92a99b9,us,desktop,False,short_consumption_cycle,71,71,0,0,0.0,0.6989247311827957,0.6131386861313869,4,4,healthy,1,one_time_buyer,1,0,1,414,重要发展用户
cust_f5068344,2024-09-12 18:24:50,2024-09-12 18:24:50,1,54.77,54.77,7.08,1,1,direct,direct,1,47.21,11.060000000000002,1,1,electronics,47.21,11.060000000000002,1,1,direct,,uk,tablet,False,very_long_replacement_cycle,110,110,0,0,1.0,0.23427239991527224,0.13,1,5,fresh,1,one_time_buyer,1,0,0,511,一般发展用户
cust_f53b1542,2024-06-08 07:57:17,2024-06-08 07:57:17,1,233.64,233.64,0.0,0,1,direct,direct,3,233.64000000000001,121.24000000000001,1,2,home,233.64000000000001,121.24000000000001,3,1,direct,,us,desktop,True,long_replacement_cycle,206,206,0,0,0.0,0.5189179934942647,0.8682352941176471,5,4,healthy,1,one_time_buyer,1,0,1,415,重要发展用户
cust_f53f5ae7,2024-12-28 15:06:59,2024-12-28 15:06:59,1,68.49,68.49,0.0,0,1,direct,direct,2,52.36,34.9,1,1,beauty,52.36,34.9,2,1,direct,,de,tablet,False,short_consumption_cycle,3,3,0,0,0.0,0.6665393430099312,0.5401459854014599,3,5,fresh,1,one_time_buyer,1,0,0,513,一般发展用户
cust_f552bc96,2024-11-29 17:43:22,2024-11-29 17:43:22,1,33.52,33.52,0.0,0,1,tiktok,tiktok,1,21.37,7.450000000000001,1,1,sports,21.37,7.450000000000001,1,1,tiktok,camp_6e9a51c0,de,mobile,True,medium_replacement_cycle,32,32,0,0,0.0,0.34861956013102485,0.026578073089700997,1,5,fresh,1,one_time_buyer,1,0,0,511,一般发展用户
cust_f5556efc,2024-06-04 15:12:48,2024-06-04 15:12:48,1,192.73,192.73,0.0,0,1,organic,organic,2,192.72,75.66,1,1,sports,192.72,75.66,2,1,organic,,de,mobile,False,medium_replacement_cycle,210,210,0,0,0.0,0.3925902864259028,0.8970099667774086,5,3,cooling,1,one_time_buyer,0,0,1,315,重要唤回用户
cust_f55e5440,2024-04-04 07:48:49,2024-04-04 07:48:49,1,82.1,82.1,0.0,0,1,tiktok,tiktok,1,73.99,35.13999999999999,1,1,sports,73.99,35.13999999999999,1,1,tiktok,camp_dedd4ad4,us,desktop,True,medium_replacement_cycle,271,271,0,0,0.0,0.47492904446546824,0.4750830564784053,3,3,cooling,1,one_time_buyer,0,0,0,313,低价值流失用户
cust_f5776b68,2024-10-02 06:28:10,2024-10-02 06:28:10,1,30.75,30.75,7.85,1,1,organic,organic,1,26.16,16.43,1,1,beauty,26.16,16.43,1,1,organic,,de,mobile,False,short_consumption_cycle,90,90,0,0,1.0,0.6280581039755352,0.08029197080291971,1,4,healthy,1,one_time_buyer,1,0,0,411,一般发展用户
cust_f5c1e989,2024-03-04 08:47:41,2024-03-04 08:47:41,1,269.4,269.4,0.0,0,1,direct,direct,3,269.4,130.79999999999998,1,1,sports,269.4,130.79999999999998,3,1,organic,,us,desktop,True,medium_replacement_cycle,302,302,0,0,0.0,0.48552338530066813,0.9667774086378738,5,2,at_risk,1,one_time_buyer,0,0,1,215,重要唤回用户
cust_f609c378,2024-10-02 09:39:14,2024-10-02 09:39:14,1,148.89,148.89,0.0,0,1,meta,meta,1,139.53,52.61,1,1,electronics,139.53,52.61,1,1,meta,camp_38a4c95a,us,mobile,False,very_long_replacement_cycle,90,90,0,0,0.0,0.37705153013688814,0.65,4,5,fresh,1,one_time_buyer,1,0,1,514,重要发展用户
cust_f61a93d2,2024-12-18 08:40:01,2024-12-18 08:40:01,1,140.84,140.84,5.0,1,1,direct,direct,1,145.84,49.400000000000006,1,1,electronics,145.84,49.400000000000006,1,1,email,,us,mobile,False,very_long_replacement_cycle,13,13,0,0,1.0,0.33872737246297313,0.6133333333333333,4,5,fresh,1,one_time_buyer,1,0,1,514,重要发展用户
cust_f6a6b392,2024-11-16 09:55:59,2024-11-16 09:55:59,1,84.58,84.58,0.0,0,1,direct,direct,1,74.69,38.71,1,1,fashion,74.69,38.71,1,1,organic,,uk,desktop,False,seasonal_cycle,45,45,0,0,0.0,0.5182755388940956,0.42272727272727273,3,5,fresh,1,one_time_buyer,1,0,0,513,一般发展用户
cust_f6b533f6,2024-07-18 16:42:18,2024-07-18 16:42:18,1,64.48,64.48,0.0,0,1,tiktok,tiktok,1,58.41,45.29,1,1,beauty,58.41,45.29,1,1,tiktok,camp_5db2386d,us,mobile,False,short_consumption_cycle,166,166,0,0,0.0,0.7753809279233008,0.48905109489051096,3,2,at_risk,1,one_time_buyer,0,0,0,213,低价值流失用户
cust_f6f48d6c,2024-12-23 17:37:53,2024-12-23 17:37:53,1,68.12,68.12,0.0,0,1,direct,direct,1,54.79,39.01,1,1,beauty,54.79,39.01,1,1,organic,,uk,mobile,False,short_consumption_cycle,8,8,0,0,0.0,0.7119912392772404,0.5352798053527981,3,5,fresh,1,one_time_buyer,1,0,0,513,一般发展用户
cust_f70d6d4c,2024-03-10 11:22:55,2024-03-10 11:22:55,1,49.29,49.29,0.0,0,1,tiktok,tiktok,1,40.73,19.49,1,1,fashion,40.73,19.49,1,1,tiktok,camp_c2cdd424,us,mobile,True,seasonal_cycle,296,296,0,0,0.0,0.47851706358949175,0.1431818181818182,1,2,at_risk,1,one_time_buyer,0,0,0,211,低价值流失用户
cust_f7115d74,2024-03-06 07:48:11,2024-03-06 07:48:11,1,38.41,38.41,5.64,1,1,direct,direct,1,28.22,16.02,1,1,home,28.22,16.02,1,1,meta,camp_a3cdd5a7,de,mobile,False,long_replacement_cycle,300,300,0,0,1.0,0.5676824946846208,0.08705882352941176,1,3,cooling,1,one_time_buyer,0,0,0,311,低价值流失用户
cust_f71b94cd,2024-02-14 17:59:32,2024-02-14 17:59:32,1,37.43,37.43,0.0,0,1,google,google,1,28.1,14.070000000000002,1,1,sports,28.1,14.070000000000002,1,1,google,camp_3362902b,us,desktop,True,medium_replacement_cycle,321,321,0,0,0.0,0.500711743772242,0.06312292358803986,1,2,at_risk,1,one_time_buyer,0,0,0,211,低价值流失用户
cust_f733fd75,2024-06-06 22:36:32,2024-06-06 22:36:32,1,84.9,84.9,0.0,0,1,tiktok,tiktok,1,78.23,25.92,1,1,sports,78.23,25.92,1,1,tiktok,camp_15528dde,us,mobile,False,medium_replacement_cycle,208,208,0,0,0.0,0.33133069155055606,0.521594684385382,3,3,cooling,1,one_time_buyer,0,0,0,313,低价值流失用户
cust_f792829c,2024-10-30 22:17:52,2024-10-30 22:17:52,1,52.53,52.53,0.0,0,1,direct,direct,2,42.82,26.16,1,1,fashion,42.82,26.16,2,1,direct,,us,mobile,False,seasonal_cycle,62,62,0,0,0.0,0.610929472209248,0.16136363636363638,1,4,healthy,1,one_time_buyer,1,0,0,411,一般发展用户
cust_f7bf74c6,2024-07-26 16:40:11,2024-07-26 16:40:11,1,104.88,104.88,0.0,0,1,google,google,2,104.88,73.32,1,1,beauty,104.88,73.32,2,1,google,camp_f67aa150,us,desktop,False,short_consumption_cycle,158,158,0,0,0.0,0.6990846681922196,0.8102189781021898,5,2,at_risk,1,one_time_buyer,0,0,1,215,重要唤回用户
cust_f8228440,2024-05-20 13:43:44,2024-05-20 13:43:44,1,153.59,153.59,0.0,0,1,tiktok,tiktok,2,140.28,54.78000000000001,2,2,electronics,105.04,44.120000000000005,1,1,tiktok,camp_0d06e081,uk,desktop,False,very_long_replacement_cycle,225,225,0,0,0.0,0.3905047048759624,0.6766666666666666,4,4,healthy,1,one_time_buyer,1,0,1,414,重要发展用户
cust_f822b81c,2024-12-10 21:33:01,2024-12-10 21:33:01,1,69.07,69.07,9.39,1,1,organic,organic,1,62.57,23.590000000000003,1,1,sports,62.57,23.590000000000003,1,1,organic,,de,desktop,False,medium_replacement_cycle,21,21,0,0,1.0,0.37701774013105327,0.3222591362126246,2,5,fresh,1,one_time_buyer,1,0,0,512,一般发展用户
cust_f822c644,2024-02-05 15:30:48,2024-02-05 15:30:48,1,131.31,131.31,0.0,0,1,email,email,3,123.87,43.29,1,1,sports,123.87,43.29,3,1,email,,us,desktop,True,medium_replacement_cycle,330,330,0,0,0.0,0.34947929280697504,0.7740863787375415,4,2,at_risk,1,one_time_buyer,0,0,1,214,重要唤回用户
cust_f87dde39,2024-11-30 08:13:12,2024-11-30 08:13:12,1,126.85,126.85,22.39,1,1,meta,meta,2,149.24,78.80000000000001,1,1,fashion,149.24,78.80000000000001,2,1,meta,camp_d1d154b4,fr,mobile,False,seasonal_cycle,31,31,0,0,1.0,0.5280085767890647,0.7295454545454545,4,5,fresh,1,one_time_buyer,1,0,1,514,重要发展用户
cust_f88e11bf,2024-06-22 18:44:24,2024-06-22 18:44:24,1,104.31,104.31,0.0,0,1,direct,direct,1,104.31,54.39,1,1,fashion,104.31,54.39,1,1,meta,camp_12a4afbf,uk,desktop,False,seasonal_cycle,192,192,0,0,0.0,0.5214265171124532,0.615909090909091,4,3,cooling,1,one_time_buyer,0,0,1,314,重要唤回用户
cust_f8d6ddc1,2024-06-01 18:43:20,2024-06-01 18:43:20,1,177.75,177.75,0.0,0,1,direct,direct,1,166.07,43.91999999999999,1,1,electronics,166.07,43.91999999999999,1,1,organic,,uk,desktop,True,very_long_replacement_cycle,213,213,0,0,0.0,0.2644667911121815,0.7666666666666667,4,4,healthy,1,one_time_buyer,1,0,1,414,重要发展用户
cust_f8e0b6d0,2024-11-25 20:42:30,2024-11-25 20:42:30,1,35.46,35.46,0.0,0,1,meta,meta,1,25.9,17.169999999999998,1,1,beauty,25.9,17.169999999999998,1,1,meta,camp_d6463d33,us,mobile,True,short_consumption_cycle,36,36,0,0,0.0,0.6629343629343629,0.1411192214111922,1,5,fresh,1,one_time_buyer,1,0,0,511,一般发展用户
cust_f8e71147,2024-04-28 23:38:59,2024-04-28 23:38:59,1,225.26,225.26,5.0,1,1,meta,meta,2,230.26,75.59,2,2,electronics,164.37,52.80000000000001,1,1,meta,camp_2a86fa98,de,mobile,False,very_long_replacement_cycle,247,247,0,0,1.0,0.328281073569009,0.8433333333333334,5,4,healthy,1,one_time_buyer,1,0,1,415,重要发展用户
cust_f8f801bd,2024-01-22 11:33:15,2024-01-22 11:33:15,1,241.52,241.52,0.0,0,1,direct,direct,4,241.51999999999998,128.47999999999996,2,2,home,164.42,88.07999999999998,2,1,meta,camp_6064e715,us,mobile,False,long_replacement_cycle,344,344,0,0,0.0,0.5319642265650877,0.8823529411764706,5,3,cooling,1,one_time_buyer,0,0,1,315,重要唤回用户
cust_f8ff5fe1,2024-10-21 15:25:58,2024-10-21 15:25:58,1,81.55,81.55,0.0,0,1,google,google,1,69.72,48.72,1,1,beauty,69.72,48.72,1,1,google,camp_bd312ddd,de,mobile,True,short_consumption_cycle,71,71,0,0,0.0,0.6987951807228916,0.6666666666666666,4,4,healthy,1,one_time_buyer,1,0,1,414,重要发展用户
cust_f90c05af,2024-06-13 16:38:40,2024-06-13 16:38:40,1,100.21,100.21,0.0,0,1,direct,direct,1,85.71,39.23,1,1,home,85.71,39.23,1,1,meta,camp_6da5d179,uk,desktop,False,long_replacement_cycle,201,201,0,0,0.0,0.45770621864426553,0.44941176470588234,3,4,healthy,1,one_time_buyer,1,0,0,413,一般发展用户
cust_f927baad,2024-07-29 17:28:35,2024-07-29 17:28:35,1,60.31,60.31,0.0,0,1,organic,organic,3,53.97,31.469999999999995,1,1,beauty,53.97,31.469999999999995,3,1,organic,,us,mobile,True,short_consumption_cycle,155,155,0,0,0.0,0.5831017231795441,0.43795620437956206,3,2,at_risk,1,one_time_buyer,0,0,0,213,低价值流失用户
cust_f92c82ca,2024-12-16 10:10:44,2024-12-16 10:10:44,1,82.24,82.24,0.0,0,1,meta,meta,1,82.24,40.459999999999994,1,1,fashion,82.24,40.459999999999994,1,1,meta,camp_246ed875,us,tablet,True,seasonal_cycle,15,15,0,0,0.0,0.4919747081712062,0.38181818181818183,2,5,fresh,1,one_time_buyer,1,0,0,512,一般发展用户
cust_f93e24af,2024-09-20 19:42:06,2024-09-20 19:42:06,1,46.16,46.16,0.0,0,1,google,google,1,38.54,19.43,1,1,sports,38.54,19.43,1,1,google,camp_dfc72415,us,mobile,True,medium_replacement_cycle,102,102,0,0,0.0,0.5041515308770109,0.13953488372093023,1,4,healthy,1,one_time_buyer,1,0,0,411,一般发展用户
cust_f99d4317,2024-03-04 18:42:11,2024-03-04 18:42:11,1,93.74,93.74,0.0,0,1,meta,meta,2,83.08,61.84,1,1,beauty,83.08,61.84,2,1,meta,camp_1273213f,fr,mobile,False,short_consumption_cycle,302,302,0,0,0.0,0.7443428021184401,0.7664233576642335,4,1,dormant,1,one_time_buyer,0,0,1,114,重要唤回用户
cust_f9cc7558,2024-12-06 15:02:54,2024-12-06 15:02:54,1,85.26,85.26,0.0,0,1,direct,direct,2,76.4,58.66000000000001,1,1,beauty,76.4,58.66000000000001,2,1,tiktok,camp_a80211da,ca,desktop,True,short_consumption_cycle,25,25,0,0,0.0,0.767801047120419,0.708029197080292,4,5,fresh,1,one_time_buyer,1,0,1,514,重要发展用户
cust_f9d4dcdc,2024-05-14 21:44:48,2024-05-14 21:44:48,1,90.58,90.58,0.0,0,1,meta,meta,1,79.19,46.01,1,1,fashion,79.19,46.01,1,1,meta,camp_57cd401a,de,mobile,True,seasonal_cycle,231,231,0,0,0.0,0.5810077029928021,0.5045454545454545,3,2,at_risk,1,one_time_buyer,0,0,0,213,低价值流失用户
cust_fa1106ec,2024-06-16 15:11:04,2024-06-16 15:11:04,1,133.46,133.46,0.0,0,1,meta,meta,3,133.47,43.2,1,1,electronics,133.47,43.2,3,1,meta,camp_1f83d180,uk,desktop,True,very_long_replacement_cycle,198,198,0,0,0.0,0.32366824005394473,0.5733333333333334,3,4,healthy,1,one_time_buyer,1,0,0,413,一般发展用户
cust_fa110b88,2024-09-18 23:26:25,2024-09-18 23:26:25,1,136.67,136.67,0.0,0,1,organic,organic,2,130.46,79.16000000000001,1,1,beauty,130.46,79.16000000000001,2,1,organic,,us,desktop,False,short_consumption_cycle,104,104,0,0,0.0,0.6067760233021616,0.8856447688564477,5,3,cooling,1,one_time_buyer,0,0,1,315,重要唤回用户
cust_fa68db2b,2024-11-06 09:22:14,2024-11-06 09:22:14,1,36.21,36.21,0.0,0,1,direct,direct,1,28.47,13.059999999999999,1,1,sports,28.47,13.059999999999999,1,1,direct,,us,mobile,False,medium_replacement_cycle,55,55,0,0,0.0,0.45872848612574635,0.054817275747508304,1,5,fresh,1,one_time_buyer,1,0,0,511,一般发展用户
cust_faa61396,2024-11-28 23:24:53,2024-11-28 23:24:53,1,27.13,27.13,0.0,0,1,google,google,1,18.89,12.670000000000002,1,1,fashion,18.89,12.670000000000002,1,1,google,camp_d452352d,us,mobile,True,seasonal_cycle,33,33,0,0,0.0,0.6707252514557968,0.013636363636363636,1,5,fresh,1,one_time_buyer,1,0,0,511,一般发展用户
cust_fb27cf84,2024-07-20 17:44:21,2024-07-20 17:44:21,1,86.01,86.01,0.0,0,1,meta,meta,1,77.99,25.089999999999996,1,1,electronics,77.99,25.089999999999996,1,1,meta,camp_9e0f032a,ca,mobile,True,very_long_replacement_cycle,164,164,0,0,0.0,0.3217079112706757,0.3,2,5,fresh,1,one_time_buyer,1,0,0,512,一般发展用户
cust_fb3007b2,2024-08-01 20:01:07,2024-08-01 20:01:07,1,474.97,474.97,0.0,0,1,tiktok,tiktok,4,474.98,200.99999999999997,2,2,home,281.02,139.93999999999997,2,1,tiktok,camp_898cf297,us,desktop,False,long_replacement_cycle,152,152,0,0,0.0,0.42317571266158566,1.0,5,4,healthy,1,one_time_buyer,1,0,1,415,重要发展用户
cust_fb3c6e52,2024-10-24 01:19:22,2024-10-24 01:19:22,1,104.37,104.37,0.0,0,1,tiktok,tiktok,2,94.56,70.2,1,1,beauty,94.56,70.2,2,1,tiktok,camp_42ce86e1,us,mobile,False,short_consumption_cycle,68,68,0,0,0.0,0.7423857868020305,0.8077858880778589,5,4,healthy,1,one_time_buyer,1,0,1,415,重要发展用户
cust_fb6b9947,2024-07-28 23:00:12,2024-07-28 23:00:12,1,33.2,33.2,0.0,0,1,direct,direct,1,25.58,15.319999999999999,1,1,beauty,25.58,15.319999999999999,1,1,meta,camp_9ff8efd1,us,desktop,False,short_consumption_cycle,156,156,0,0,0.0,0.5989053948397185,0.11435523114355231,1,2,at_risk,1,one_time_buyer,0,0,0,211,低价值流失用户
cust_fb745c9b,2024-11-04 19:50:28,2024-11-04 19:50:28,1,153.97,153.97,0.0,0,1,google,google,2,153.98,99.73999999999998,1,1,fashion,153.98,99.73999999999998,2,1,google,camp_352283ed,us,mobile,False,seasonal_cycle,57,57,0,0,0.0,0.647746460579296,0.8159090909090909,5,5,fresh,1,one_time_buyer,1,0,1,515,重要发展用户
cust_fb7ed4d6,2024-01-27 12:06:29,2024-01-27 12:06:29,1,54.44,54.44,4.43,1,1,direct,direct,1,44.32,23.080000000000002,1,1,fashion,44.32,23.080000000000002,1,1,email,,fr,desktop,False,seasonal_cycle,339,339,0,0,1.0,0.5207581227436824,0.16818181818181818,1,1,dormant,1,one_time_buyer,0,0,0,111,低价值流失用户
cust_fbcc124f,2024-12-26 19:30:40,2024-12-26 19:30:40,1,244.48,244.48,10.0,1,1,organic,organic,3,254.49,91.22999999999999,1,1,sports,254.49,91.22999999999999,3,1,organic,,de,mobile,False,medium_replacement_cycle,5,5,0,0,1.0,0.3584816692207945,0.9435215946843853,5,5,fresh,1,one_time_buyer,1,0,1,515,重要发展用户
cust_fbd74170,2024-10-22 06:16:16,2024-10-22 06:16:16,1,71.55,71.55,10.0,1,1,direct,direct,1,81.55,39.769999999999996,1,1,fashion,81.55,39.769999999999996,1,1,direct,,uk,tablet,True,seasonal_cycle,70,70,0,0,1.0,0.4876762722256284,0.27045454545454545,2,4,healthy,1,one_time_buyer,1,0,0,412,一般发展用户
cust_fc489818,2024-12-02 14:25:42,2024-12-02 14:25:42,1,82.79,82.79,0.0,0,1,tiktok,tiktok,1,72.74,20.239999999999995,1,1,electronics,72.74,20.239999999999995,1,1,tiktok,camp_c19e02e9,fr,mobile,False,very_long_replacement_cycle,29,29,0,0,0.0,0.2782513060214462,0.26666666666666666,2,5,fresh,1,one_time_buyer,1,0,0,512,一般发展用户
cust_fc5013f7,2024-06-26 19:01:12,2024-06-26 19:01:12,1,90.17,90.17,0.0,0,1,google,google,1,90.17,57.95,1,1,fashion,90.17,57.95,1,1,google,camp_b54a174b,fr,mobile,True,seasonal_cycle,188,188,0,0,0.0,0.6426749473217257,0.5022727272727273,3,3,cooling,1,one_time_buyer,0,0,0,313,低价值流失用户
cust_fc87c322,2024-04-16 13:07:45,2024-04-16 13:07:45,1,101.72,101.72,0.0,0,1,direct,direct,2,95.38,62.019999999999996,1,1,fashion,95.38,62.019999999999996,2,1,organic,,us,desktop,True,seasonal_cycle,259,259,0,0,0.0,0.6502411407003564,0.5977272727272728,3,2,at_risk,1,one_time_buyer,0,0,0,213,低价值流失用户
cust_fc8cddd7,2024-12-26 17:28:35,2024-12-26 17:28:35,1,85.51,85.51,0.0,0,1,meta,meta,1,72.78,46.17,1,1,beauty,72.78,46.17,1,1,meta,camp_b999ee36,uk,desktop,True,short_consumption_cycle,5,5,0,0,0.0,0.6343775762572136,0.7128953771289538,4,5,fresh,1,one_time_buyer,1,0,1,514,重要发展用户
cust_fc90bc86,2024-05-15 17:33:02,2024-05-15 17:33:02,1,93.45,93.45,0.0,0,1,direct,direct,2,83.74000000000001,60.0,1,2,beauty,83.74000000000001,60.0,2,1,google,camp_008da42a,us,mobile,True,short_consumption_cycle,230,230,0,0,0.0,0.7165034631000716,0.7591240875912408,4,2,at_risk,1,one_time_buyer,0,0,1,214,重要唤回用户
cust_fcba3f04,2024-09-28 09:43:51,2024-09-28 09:43:51,1,68.05,68.05,10.0,1,1,email,email,1,67.39,24.200000000000003,1,1,electronics,67.39,24.200000000000003,1,1,email,,ca,mobile,True,very_long_replacement_cycle,94,94,0,0,1.0,0.3591037245882179,0.20666666666666667,2,5,fresh,1,one_time_buyer,1,0,0,512,一般发展用户
cust_fd19c8fb,2024-02-08 08:25:47,2024-02-08 08:25:47,1,208.82,208.82,0.0,0,1,email,email,3,208.83,85.62000000000002,2,2,electronics,150.83,46.62000000000002,1,1,email,,uk,mobile,False,very_long_replacement_cycle,327,327,0,0,0.0,0.40999856342479535,0.8166666666666667,5,4,healthy,1,one_time_buyer,1,0,1,415,重要发展用户
cust_fd236a69,2024-06-11 16:31:27,2024-06-11 16:31:27,1,159.85,159.85,0.0,0,1,direct,direct,2,159.85000000000002,90.27000000000001,1,2,fashion,159.85000000000002,90.27000000000001,2,1,meta,camp_b0d97502,fr,mobile,True,seasonal_cycle,203,203,0,0,0.0,0.5647169221144823,0.8340909090909091,5,3,cooling,1,one_time_buyer,0,0,1,315,重要唤回用户
cust_fd2b38c5,2024-08-18 10:39:43,2024-08-18 10:39:43,1,88.51,88.51,9.84,1,1,organic,organic,1,98.35,37.42999999999999,1,1,electronics,98.35,37.42999999999999,1,1,organic,,us,desktop,False,very_long_replacement_cycle,135,135,0,0,1.0,0.38057956278596844,0.3233333333333333,2,5,fresh,1,one_time_buyer,1,0,0,512,一般发展用户
cust_fd38c4b5,2024-09-25 21:06:39,2024-09-25 21:06:39,1,28.52,28.52,0.0,0,1,direct,direct,1,18.02,10.52,1,1,beauty,18.02,10.52,1,1,meta,camp_00150376,ca,mobile,False,short_consumption_cycle,97,97,0,0,0.0,0.5837957824639289,0.046228710462287104,1,3,cooling,1,one_time_buyer,0,0,0,311,低价值流失用户
cust_fd70cf10,2024-10-16 02:11:54,2024-10-16 02:11:54,1,39.29,39.29,0.0,0,1,meta,meta,1,28.22,9.779999999999998,1,1,electronics,28.22,9.779999999999998,1,1,meta,camp_f208a8d6,de,tablet,True,very_long_replacement_cycle,76,76,0,0,0.0,0.34656272147413175,0.02666666666666667,1,5,fresh,1,one_time_buyer,1,0,0,511,一般发展用户
cust_fd77e2ee,2024-11-22 11:21:44,2024-11-22 11:21:44,1,143.03,143.03,0.0,0,1,direct,direct,2,143.03,64.92999999999999,2,2,electronics,102.27,41.349999999999994,1,1,direct,,us,mobile,False,very_long_replacement_cycle,39,39,0,0,0.0,0.45396070754387186,0.625,4,5,fresh,1,one_time_buyer,1,0,1,514,重要发展用户
cust_fd9e16a1,2024-04-10 16:40:04,2024-04-10 16:40:04,1,140.43,140.43,5.0,1,1,organic,organic,2,145.44,105.02,1,1,beauty,145.44,105.02,2,1,organic,,fr,desktop,False,short_consumption_cycle,265,265,0,0,1.0,0.722084708470847,0.9002433090024331,5,1,dormant,1,one_time_buyer,0,0,1,115,重要唤回用户
cust_fdc73b68,2024-11-26 19:37:58,2024-11-26 19:37:58,1,73.53,73.53,11.87,1,1,meta,meta,1,79.14,41.15,1,1,fashion,79.14,41.15,1,1,meta,camp_5505069f,us,mobile,False,seasonal_cycle,35,35,0,0,1.0,0.5199646196613595,0.29318181818181815,2,5,fresh,1,one_time_buyer,1,0,0,512,一般发展用户
cust_fdcbd2ad,2024-11-21 09:43:15,2024-11-21 09:43:15,1,52.41,52.41,0.0,0,1,google,google,1,41.66,12.189999999999998,1,1,electronics,41.66,12.189999999999998,1,1,google,camp_dbc0ebf4,ca,desktop,False,very_long_replacement_cycle,40,40,0,0,0.0,0.2926068170907345,0.11,1,5,fresh,1,one_time_buyer,1,0,0,511,一般发展用户
cust_fde87f8d,2024-05-21 19:59:37,2024-05-21 19:59:37,1,73.37,73.37,0.0,0,1,google,google,1,64.98,39.330000000000005,1,1,beauty,64.98,39.330000000000005,1,1,google,camp_24cb3c4d,us,desktop,True,short_consumption_cycle,224,224,0,0,0.0,0.6052631578947368,0.5790754257907542,3,2,at_risk,1,one_time_buyer,0,0,0,213,低价值流失用户
cust_fe011c1b,2024-12-01 18:00:37,2024-12-01 18:00:37,1,88.96,88.96,0.0,0,1,direct,direct,1,88.96,44.17999999999999,1,1,home,88.96,44.17999999999999,1,1,meta,camp_cfd25f08,us,tablet,True,long_replacement_cycle,30,30,0,0,0.0,0.49662769784172656,0.39294117647058824,2,5,fresh,1,one_time_buyer,1,0,0,512,一般发展用户
cust_fe18ada7,2024-04-20 21:21:14,2024-04-20 21:21:14,1,81.74,81.74,0.0,0,1,meta,meta,1,81.74,43.26,1,1,fashion,81.74,43.26,1,1,meta,camp_0ea8d173,de,mobile,False,seasonal_cycle,255,255,0,0,0.0,0.5292390506483974,0.35909090909090907,2,2,at_risk,1,one_time_buyer,0,0,0,212,低价值流失用户
cust_fe36a915,2024-11-13 22:51:48,2024-11-13 22:51:48,1,107.48,107.48,0.0,0,1,organic,organic,2,99.50999999999999,64.27,2,2,fashion,76.74,53.33,1,1,organic,,us,mobile,False,seasonal_cycle,48,48,0,0,0.0,0.6458647372123405,0.6386363636363637,4,5,fresh,1,one_time_buyer,1,0,1,514,重要发展用户
cust_fe57713e,2024-05-28 16:16:08,2024-05-28 16:16:08,1,61.42,61.42,0.0,0,1,organic,organic,1,49.27,33.330000000000005,1,1,fashion,49.27,33.330000000000005,1,1,organic,,de,mobile,True,seasonal_cycle,217,217,0,0,0.0,0.6764765577430486,0.22386363636363638,2,2,at_risk,1,one_time_buyer,0,0,0,212,低价值流失用户
cust_fe825cc1,2024-11-02 15:37:26,2024-11-02 15:37:26,1,84.99,84.99,0.0,0,1,organic,organic,1,73.47,37.49,1,1,fashion,73.47,37.49,1,1,organic,,de,desktop,True,seasonal_cycle,59,59,0,0,0.0,0.5102763032530285,0.425,3,5,fresh,1,one_time_buyer,1,0,0,513,一般发展用户
cust_fe8953b5,2024-10-19 21:25:38,2024-10-19 21:25:38,1,80.91,80.91,0.0,0,1,direct,direct,1,80.91,42.43,1,1,fashion,80.91,42.43,1,1,direct,,us,desktop,False,seasonal_cycle,73,73,0,0,0.0,0.5244098380917068,0.35,2,4,healthy,1,one_time_buyer,1,0,0,412,一般发展用户
cust_fe98a708,2024-03-11 12:36:57,2024-03-11 12:36:57,1,99.23,99.23,0.0,0,1,tiktok,tiktok,1,99.23,38.21,1,1,electronics,99.23,38.21,1,1,tiktok,camp_ec76dbd0,ca,desktop,False,very_long_replacement_cycle,295,295,0,0,0.0,0.3850650005038799,0.4033333333333333,3,4,healthy,1,one_time_buyer,1,0,0,413,一般发展用户
cust_fe9e4795,2024-01-22 11:53:45,2024-01-22 11:53:45,1,114.58,114.58,0.0,0,1,google,google,1,105.73,72.08000000000001,1,1,fashion,105.73,72.08000000000001,1,1,google,camp_e43c651b,ca,mobile,False,seasonal_cycle,344,344,0,0,0.0,0.6817364986285823,0.6795454545454546,4,1,dormant,1,one_time_buyer,0,0,1,114,重要唤回用户
cust_ff06b6c8,2024-04-10 20:33:42,2024-04-10 20:33:42,1,92.16,92.16,0.0,0,1,direct,direct,2,92.16,53.410000000000004,2,2,fashion,80.25,45.03,1,1,google,camp_4dc90be5,us,desktop,False,seasonal_cycle,265,265,0,0,0.0,0.5795355902777778,0.5159090909090909,3,2,at_risk,1,one_time_buyer,0,0,0,213,低价值流失用户
cust_ff140cfe,2024-08-12 10:07:19,2024-08-12 10:07:19,1,112.42,112.42,0.0,0,1,direct,direct,3,112.43,84.05,1,2,beauty,112.43,84.05,3,1,direct,,us,mobile,True,short_consumption_cycle,141,141,0,0,0.0,0.7475762696789112,0.8248175182481752,5,3,cooling,1,one_time_buyer,0,0,1,315,重要唤回用户
cust_ff32de69,2024-05-24 07:29:23,2024-05-24 07:29:23,1,72.85,72.85,8.09,1,1,direct,direct,1,80.94,45.72,1,1,fashion,80.94,45.72,1,1,meta,camp_3f7fdc55,uk,mobile,False,seasonal_cycle,221,221,0,0,1.0,0.5648628613787992,0.2818181818181818,2,2,at_risk,1,one_time_buyer,0,0,0,212,低价值流失用户
cust_ff5fbd14,2024-05-31 22:48:39,2024-05-31 22:48:39,1,244.89,244.89,0.0,0,1,direct,direct,5,244.9,148.95000000000002,2,2,beauty,186.3,109.35000000000001,3,1,direct,,uk,mobile,True,short_consumption_cycle,214,214,0,0,0.0,0.6082074316047367,0.9902676399026764,5,2,at_risk,1,one_time_buyer,0,0,1,215,重要唤回用户
cust_ffb53345,2024-07-12 20:40:20,2024-07-12 20:40:20,1,41.16,41.16,0.0,0,1,direct,direct,1,28.18,15.86,1,1,home,28.18,15.86,1,1,meta,camp_e1d15fe1,uk,mobile,True,long_replacement_cycle,172,172,0,0,0.0,0.5628105039034776,0.1223529411764706,1,4,healthy,1,one_time_buyer,1,0,0,411,一般发展用户
cust_ffceacd0,2024-08-03 18:54:24,2024-08-03 18:54:24,1,37.52,37.52,0.0,0,1,organic,organic,1,31.12,20.41,1,1,fashion,31.12,20.41,1,1,organic,,us,tablet,False,seasonal_cycle,150,150,0,0,0.0,0.6558483290488432,0.06818181818181818,1,3,cooling,1,one_time_buyer,0,0,0,311,低价值流失用户
cust_fff6e558,2024-11-29 13:54:06,2024-11-29 13:54:06,1,42.06,42.06,0.0,0,1,google,google,1,33.11,18.7,1,1,fashion,33.11,18.7,1,1,google,camp_bfa37cd1,us,mobile,True,seasonal_cycle,32,32,0,0,0.0,0.5647840531561462,0.09772727272727273,1,5,fresh,1,one_time_buyer,1,0,0,511,一般发展用户
